ticker,almost_up_cond_date,trender_up_at_almost,previous_swing_high_price,breakout_price
A,2007-07-26,24.3069,25.6418,25.6418
A,2008-06-24,23.0068,24.1066,24.1066
A,2008-06-25,22.8486,24.1066,24.1066
A,2008-06-26,22.6433,24.1066,24.1066
A,2008-08-01,22.4128,24.1066,24.1066
A,2008-08-19,22.3349,24.1066,24.1066
A,2009-02-17,11.0493,12.713,12.713
A,2010-05-04,22.3697,23.745,23.745
A,2010-05-05,22.0343,23.745,23.745
A,2011-07-08,31.3568,35.1004,35.1004
A,2011-07-18,28.683,35.1004,35.1004
A,2012-03-22,27.593,29.1816,29.1816
A,2014-07-09,36.825,38.6612,38.6612
A,2014-07-10,36.5957,38.6612,38.6612
A,2015-04-28,38.2614,39.9209,39.9209
A,2015-04-29,38.0315,39.9209,39.9209
A,2015-04-30,37.8371,39.9209,39.9209
A,2015-05-29,37.4527,39.9209,39.9209
A,2015-07-27,35.5529,39.9209,39.9209
A,2022-12-15,147.0472,156.5124,156.5124
A,2025-02-10,141.0506,152.6115,152.6115
A,2025-02-11,140.213,152.6115,152.6115
AAPL,2020-09-04,112.2393,133.9603,133.9603
AAPL,2021-01-29,127.7157,141.1061,141.1061
AAPL,2021-02-18,124.2192,141.1061,141.1061
AAPL,2022-01-06,167.9691,179.0137,179.0137
AAPL,2022-01-07,167.9691,179.0137,179.0137
AAPL,2022-01-10,166.5548,179.0137,179.0137
AAPL,2022-08-22,164.476,173.0827,173.0827
AAPL,2024-07-18,221.4387,235.4093,235.4093
AAPL,2025-02-28,233.8922,248.9151,248.9151
AAPL,2025-03-10,225.4388,248.9151,248.9151
AAPL,2025-03-11,219.8574,248.9151,248.9151
AAPL,2025-03-12,215.437,248.9151,248.9151
AAPL,2025-12-18,268.0544,288.3502,288.3502
ABBV,2014-12-11,42.2918,44.8417,44.8417
ABBV,2016-08-23,44.5715,45.8872,45.8872
ABBV,2018-03-01,80.3058,89.3223,89.3223
ABBV,2018-05-24,73.7642,76.9032,76.9032
ABBV,2018-12-10,62.4103,69.5366,69.5366
ABBV,2018-12-18,60.7625,69.5366,69.5366
ABBV,2023-01-10,141.0659,149.4154,149.4154
ABBV,2025-10-28,222.7721,241.1178,241.1178
ABNB,2021-11-22,176.7746,212.584,212.584
ABNB,2022-01-10,153.6259,212.584,212.584
ABNB,2022-01-24,147.8194,212.584,212.584
ABNB,2022-02-22,165.1833,212.584,212.584
ABNB,2022-04-21,157.0974,179.09,179.09
ABNB,2022-05-03,143.2326,179.09,179.09
ABNB,2022-05-06,135.8171,179.09,179.09
ABNB,2024-04-02,159.6649,170.1,170.1
ABNB,2024-04-15,154.4535,170.1,170.1
ABNB,2024-05-02,153.6858,170.1,170.1
ABNB,2025-07-29,136.619,143.88,143.88
ABNB,2025-07-30,134.5708,143.88,143.88
ABNB,2026-01-14,132.7253,141.4,141.4
ABT,2010-01-27,18.1533,19.2454,19.2454
ABT,2010-03-12,18.2971,19.2454,19.2454
ABT,2010-03-26,17.8324,19.2454,19.2454
ABT,2010-04-21,17.6799,19.2454,19.2454
ABT,2010-04-22,17.4634,19.2454,19.2454
ABT,2010-04-23,17.31,19.2454,19.2454
ABT,2010-04-26,17.1471,19.2454,19.2454
ABT,2010-05-06,16.7391,19.2454,19.2454
ABT,2010-06-29,15.8081,19.2454,19.2454
ABT,2010-07-01,15.702,19.2454,19.2454
ABT,2010-08-19,16.9824,19.2454,19.2454
ABT,2010-10-20,18.1196,19.2454,19.2454
ABT,2010-10-27,17.9239,19.2454,19.2454
ABT,2010-11-01,17.539,19.2454,19.2454
ABT,2015-08-12,40.4954,42.3947,42.3947
ABT,2016-08-19,36.8143,38.4427,38.4427
ABT,2022-01-04,125.0461,131.6322,131.6322
ABT,2022-08-18,101.8397,105.122,105.122
ABT,2023-01-25,103.6038,108.5839,108.5839
ABT,2023-08-08,99.6543,110.2797,110.2797
ABT,2025-03-06,131.8142,138.6288,138.6288
ACGL,2006-11-28,7.28,7.4582,7.4582
ACGL,2008-04-29,7.3891,7.7361,7.7361
ACGL,2011-05-25,10.5322,11.1583,11.1583
ACGL,2011-06-09,10.4108,11.1583,11.1583
ACGL,2011-06-10,10.3543,11.1583,11.1583
ACGL,2011-06-13,10.3066,11.1583,11.1583
ACGL,2014-07-10,17.9511,18.5489,18.5489
ACGL,2018-08-31,28.912,29.7821,29.7821
ACGL,2018-09-07,28.7526,29.7821,29.7821
ACN,2006-03-07,22.3714,23.3806,23.3806
ACN,2006-03-08,22.1471,23.3806,23.3806
ACN,2006-03-27,21.6882,23.3806,23.3806
ACN,2007-07-26,29.491,31.494,31.494
ACN,2007-07-27,29.2904,31.494,31.494
ACN,2007-08-09,28.3469,31.494,31.494
ACN,2007-11-06,26.1591,30.5898,30.5898
ACN,2007-11-08,25.3152,30.5898,30.5898
ACN,2007-12-14,23.9686,30.5898,30.5898
ACN,2008-01-07,24.2525,30.5898,30.5898
ACN,2008-01-22,23.2643,30.5898,30.5898
ACN,2008-11-06,21.5291,31.1102,31.1102
ACN,2008-11-13,20.043,31.1102,31.1102
ACN,2008-12-05,20.0583,31.1102,31.1102
ACN,2009-02-12,22.7369,31.1102,31.1102
ACN,2009-02-17,22.1862,31.1102,31.1102
ACN,2009-02-20,21.7839,31.1102,31.1102
ACN,2010-05-04,32.2962,33.7319,33.7319
ACN,2011-08-01,44.8546,48.9442,48.9442
ACN,2012-04-16,48.6454,51.2655,51.2655
ACN,2022-08-22,294.4196,307.0336,307.0336
ACN,2025-06-13,309.7911,324.0891,324.0891
ADBE,2006-02-10,37.7409,40.85,40.85
ADBE,2006-03-10,37.1172,40.85,40.85
ADBE,2010-01-11,36.1963,38.2,38.2
ADBE,2010-04-16,33.929,37.3,37.3
ADBE,2010-04-19,33.5656,37.3,37.3
ADBE,2012-05-08,32.0774,34.78,34.78
ADBE,2019-07-29,303.0404,313.11,313.11
ADBE,2019-07-31,298.434,313.11,313.11
ADBE,2019-08-02,292.8274,313.11,313.11
ADBE,2020-10-22,481.1184,536.88,536.88
ADBE,2026-01-05,330.7979,362.71,362.71
ADI,2010-01-11,21.2646,22.1879,22.1879
ADI,2010-05-04,20.0678,21.8599,21.8599
ADI,2010-05-05,19.9208,21.8599,21.8599
ADI,2011-06-10,27.1073,30.859,30.859
ADI,2011-06-13,26.8195,30.859,30.859
ADI,2011-06-15,26.494,30.859,30.859
ADI,2011-06-16,26.2794,30.859,30.859
ADI,2012-02-23,28.6379,29.7422,29.7422
ADI,2014-07-09,42.124,44.1011,44.1011
ADI,2015-06-26,52.7945,55.6115,55.6115
ADI,2018-06-25,84.966,89.9293,89.9293
ADI,2019-07-31,103.2598,110.6111,110.6111
ADI,2024-07-24,218.0816,237.4859,237.4859
ADI,2026-03-03,337.955,362.0663,362.0663
ADM,2006-05-18,24.1634,28.4513,28.4513
ADM,2006-05-19,23.948,28.4513,28.4513
ADM,2006-06-08,23.933,28.4513,28.4513
ADM,2017-09-27,33.269,34.3957,34.3957
ADM,2017-09-28,33.0873,34.3957,34.3957
ADM,2017-09-29,32.9152,34.3957,34.3957
ADM,2020-01-08,37.127,39.4198,39.4198
ADP,2005-12-13,22.5581,23.4945,23.4945
ADP,2005-12-19,22.55,23.4945,23.4945
ADP,2005-12-30,22.4817,23.4945,23.4945
ADP,2006-01-12,22.2669,23.4945,23.4945
ADP,2006-01-18,22.0317,23.4945,23.4945
ADP,2006-03-31,22.421,23.6042,23.6042
ADP,2007-11-20,25.542,27.9004,27.9004
ADP,2008-09-16,24.7876,26.2805,26.2805
ADP,2009-03-03,18.9836,23.7866,23.7866
ADP,2009-03-06,18.6168,23.7866,23.7866
ADP,2009-03-25,20.5031,23.7866,23.7866
ADP,2010-04-27,26.8829,27.6964,27.6964
ADP,2010-04-28,26.68,27.6964,27.6964
ADP,2010-04-29,26.542,27.6964,27.6964
ADP,2023-09-05,237.7503,243.1743,243.1743
ADP,2024-03-01,238.132,245.6142,245.6142
ADP,2025-09-02,294.9046,312.3284,312.3284
ADP,2025-09-03,293.446,312.3284,312.3284
ADP,2025-09-05,290.8809,312.3284,312.3284
ADP,2025-09-10,287.2058,312.3284,312.3284
ADP,2025-09-16,283.5224,312.3284,312.3284
ADSK,2007-10-17,48.3409,51.32,51.32
ADSK,2008-09-05,33.1354,39.0,39.0
ADSK,2008-09-17,32.1234,39.0,39.0
ADSK,2008-09-18,31.6044,39.0,39.0
ADSK,2015-03-26,58.7169,65.0,65.0
ADSK,2015-04-01,57.7729,65.0,65.0
ADSK,2015-04-17,60.0729,65.0,65.0
ADSK,2015-04-27,60.4694,65.0,65.0
ADSK,2015-04-29,59.4858,65.0,65.0
ADSK,2015-12-14,60.2468,65.78,65.78
ADSK,2016-01-04,59.9949,65.78,65.78
ADSK,2016-01-06,59.2616,65.78,65.78
ADSK,2019-05-06,170.0504,178.95,178.95
ADSK,2021-01-25,292.6411,321.13,321.13
ADSK,2022-08-19,221.8403,235.01,235.01
ADSK,2024-02-20,251.8492,269.53,269.53
ADSK,2024-02-21,250.2119,269.53,269.53
ADSK,2025-09-30,315.4779,329.09,329.09
ADSK,2025-10-01,313.6838,329.09,329.09
ADSK,2025-10-07,312.0069,329.09,329.09
AEE,2005-10-06,22.5671,24.859,24.859
AEE,2005-10-12,22.3073,24.859,24.859
AEE,2005-12-07,22.749,23.5999,23.5999
AEE,2005-12-30,22.7592,23.6149,23.6149
AEE,2006-03-02,22.2467,23.6149,23.6149
AEE,2006-03-08,21.9237,23.6149,23.6149
AEE,2010-01-05,15.3907,16.012,16.012
AEE,2010-01-06,15.2893,16.012,16.012
AEE,2010-11-29,16.6958,17.4546,17.4546
AEE,2010-12-16,16.5805,17.4546,17.4546
AEE,2012-01-06,19.9977,21.016,21.016
AEE,2012-01-09,19.8727,21.016,21.016
AEE,2012-01-25,19.327,21.016,21.016
AEE,2012-08-23,21.1096,22.5713,22.5713
AEE,2012-09-28,20.9488,22.5713,22.5713
AEE,2012-10-15,21.0149,22.5713,22.5713
AEE,2015-02-02,32.0227,34.4312,34.4312
AEE,2016-07-14,38.9735,41.0264,41.0264
AEE,2017-12-05,49.263,51.2748,51.2748
AEE,2020-02-24,71.1813,73.5265,73.5265
AEE,2020-10-29,69.0913,73.2921,73.2921
AEE,2021-08-23,76.6206,79.4827,79.4827
AEE,2021-08-24,76.1821,79.4827,79.4827
AEE,2022-04-25,85.0863,88.5564,88.5564
AEE,2022-04-27,83.9884,88.5564,88.5564
AEE,2022-08-29,84.4385,87.6206,87.6206
AEE,2022-12-16,78.9241,84.1474,84.1474
AEP,2008-05-15,21.259,22.563,22.563
AEP,2008-05-22,21.0541,22.563,22.563
AEP,2008-05-23,20.8713,22.563,22.563
AEP,2008-06-02,20.7004,22.563,22.563
AEP,2012-01-25,23.8315,24.8236,24.8236
AEP,2016-07-27,48.546,50.5799,50.5799
AEP,2016-08-05,48.0135,50.5799,50.5799
AEP,2020-11-17,71.4917,77.833,77.833
AEP,2022-08-29,88.4648,92.4991,92.4991
AEP,2022-12-16,83.668,88.7999,88.7999
AEP,2023-05-04,80.3232,85.8083,85.8083
AEP,2025-03-06,99.1574,105.9838,105.9838
AES,2008-01-04,13.4552,14.9113,14.9113
AES,2008-06-24,12.2806,13.4325,13.4325
AES,2014-07-15,9.9672,10.3492,10.3492
AES,2017-01-20,8.13,8.9299,8.9299
AES,2019-04-17,13.8607,14.54,14.54
AES,2019-04-18,13.8003,14.54,14.54
AES,2019-04-26,13.657,14.54,14.54
AES,2024-06-04,18.6764,20.504,20.504
AES,2024-06-17,17.3748,20.504,20.504
AFL,2005-11-23,14.8679,15.4778,15.4778
AFL,2005-12-07,14.6502,15.4778,15.4778
AFL,2005-12-08,14.5566,15.4778,15.4778
AFL,2008-06-02,21.2232,22.1219,22.1219
AFL,2008-06-03,21.1404,22.1219,22.1219
AFL,2012-02-27,16.6016,17.8509,17.8509
AFL,2012-02-28,16.4866,17.8509,17.8509
AFL,2013-12-03,24.4763,25.2458,25.2458
AFL,2014-03-27,23.3887,24.8468,24.8468
AFL,2024-10-07,107.7162,111.9142,111.9142
AFL,2024-10-25,105.9275,111.9142,111.9142
AFL,2026-03-05,110.2801,118.6894,118.6894
AIG,2006-01-25,790.0006,857.6803,857.6803
AIG,2006-03-17,811.1683,857.6803,857.6803
AIG,2007-01-22,854.2221,888.9465,888.9465
AIG,2007-06-07,873.435,893.0763,893.0763
AIG,2007-06-08,870.0411,893.0763,893.0763
AIG,2007-06-25,867.0454,893.0763,893.0763
AIG,2007-06-26,863.239,893.0763,893.0763
AIG,2007-06-27,861.1702,893.0763,893.0763
AIG,2007-06-29,854.3343,893.0763,893.0763
AIG,2007-10-15,815.6283,861.0225,861.0225
AIG,2007-10-17,800.2329,861.0225,861.0225
AIG,2008-01-04,680.3431,767.6481,767.6481
AIG,2008-01-09,669.4003,767.6481,767.6481
AIG,2011-01-14,33.3989,39.5165,39.5165
AIG,2011-01-18,33.2249,39.5165,39.5165
AIG,2015-07-27,48.3909,50.0776,50.0776
AIG,2015-12-10,47.4533,49.9808,49.9808
AIG,2017-01-30,51.4962,53.7023,53.7023
AIG,2017-01-31,51.1016,53.7023,53.7023
AIG,2017-02-02,50.7535,53.7023,53.7023
AIG,2017-09-05,47.8189,54.11,54.11
AIG,2018-07-23,43.5023,45.8813,45.8813
AIG,2018-08-03,43.9606,46.3334,46.3334
AIG,2018-09-10,43.1207,46.3334,46.3334
AIG,2018-09-11,42.7798,46.3334,46.3334
AIG,2018-09-28,43.8668,46.3334,46.3334
AIG,2019-09-26,47.398,49.875,49.875
AIG,2024-06-05,72.9161,77.8494,77.8494
AIZ,2007-06-06,40.9316,43.3123,43.3123
AIZ,2011-03-08,28.6518,31.0907,31.0907
AIZ,2011-03-15,27.4761,31.0907,31.0907
AIZ,2011-05-25,27.5944,31.0907,31.0907
AIZ,2012-03-08,31.6163,33.6777,33.6777
AIZ,2014-06-12,53.619,55.3639,55.3639
AIZ,2014-06-13,53.4103,55.3639,55.3639
AIZ,2018-08-02,93.1632,96.421,96.421
AIZ,2025-03-28,201.3185,217.1581,217.1581
AJG,2007-01-05,16.7185,17.3168,17.3168
AJG,2007-10-01,16.9519,18.6862,18.6862
AJG,2007-10-17,16.7964,18.6862,18.6862
AJG,2011-03-15,21.1668,22.4677,22.4677
AJG,2015-06-26,39.838,40.9778,40.9778
AJG,2026-01-21,245.7069,266.87,266.87
AJG,2026-01-27,241.8575,266.87,266.87
AKAM,2008-05-22,36.027,40.9,40.9
AKAM,2015-06-01,75.2161,78.44,78.44
AKAM,2020-09-03,113.015,120.0,120.0
AKAM,2022-09-01,89.1077,98.81,98.81
AKAM,2022-09-02,88.1029,98.81,98.81
ALB,2007-11-12,32.4328,37.3742,37.3742
ALB,2007-11-13,32.4328,37.3742,37.3742
ALB,2007-11-15,31.8434,37.3742,37.3742
ALB,2007-11-16,31.5143,37.3742,37.3742
ALB,2008-01-04,30.4009,34.6193,34.6193
ALB,2008-06-10,33.0501,35.3247,35.3247
ALB,2011-06-02,54.3579,57.8914,57.8914
ALB,2011-06-03,54.0004,57.8914,57.8914
ALB,2013-06-24,50.7573,57.1772,57.1772
ALB,2015-06-12,51.3712,55.6603,55.6603
ALB,2018-12-06,82.4307,98.3834,98.3834
ALB,2019-03-25,74.3069,84.5884,84.5884
ALB,2019-03-26,73.3843,84.5884,84.5884
ALB,2019-04-11,75.3846,84.5884,84.5884
ALB,2020-02-28,71.7565,92.1283,92.1283
ALB,2021-01-27,154.4736,177.5216,177.5216
ALB,2021-11-26,249.6884,276.5061,276.5061
ALB,2021-12-02,242.4108,276.5061,276.5061
ALB,2023-02-10,250.9995,279.2432,279.2432
ALB,2024-06-06,112.3917,133.0691,133.0691
ALB,2024-06-07,110.8921,133.0691,133.0691
ALB,2024-06-10,109.9147,133.0691,133.0691
ALB,2024-12-04,98.738,109.0003,109.0003
ALGN,2007-08-16,24.7624,29.71,29.71
ALGN,2007-08-24,22.8226,29.71,29.71
ALGN,2008-01-07,15.9717,19.88,19.88
ALGN,2011-05-23,23.0518,25.94,25.94
ALGN,2011-05-24,22.8011,25.94,25.94
ALGN,2011-05-25,22.5876,25.94,25.94
ALGN,2011-06-27,21.7813,25.94,25.94
ALGN,2011-07-18,22.8386,25.94,25.94
ALGN,2012-10-09,36.8269,39.82,39.82
ALGN,2012-10-10,36.4487,39.82,39.82
ALGN,2012-10-11,36.1047,39.82,39.82
ALGN,2014-04-10,50.3929,57.5,57.5
ALGN,2021-09-13,702.7567,735.17,735.17
ALGN,2021-09-27,694.1051,737.45,737.45
ALGN,2024-04-02,307.4859,335.4,335.4
ALGN,2024-04-15,303.4488,335.4,335.4
ALGN,2024-04-16,298.8479,335.4,335.4
ALGN,2024-10-02,237.2378,262.87,262.87
ALGN,2024-10-11,221.2814,262.87,262.87
ALGN,2024-10-23,206.8517,262.87,262.87
ALL,2005-12-02,33.8229,35.1433,35.1433
ALL,2005-12-05,33.6288,35.1433,35.1433
ALL,2007-01-08,40.2755,41.3567,41.3567
ALL,2007-01-11,39.9369,41.3567,41.3567
ALL,2007-01-22,39.3983,41.3567,41.3567
ALL,2007-10-16,36.5978,37.7671,37.7671
ALL,2007-10-17,36.3894,37.7671,37.7671
ALL,2008-05-08,31.5733,33.7954,33.7954
ALL,2008-06-18,31.8474,33.7954,33.7954
ALL,2008-06-19,31.6793,33.7954,33.7954
ALL,2015-04-30,54.6843,57.0551,57.0551
ALL,2020-02-24,103.5181,108.4303,108.4303
ALL,2021-06-14,115.5315,124.0839,124.0839
ALLE,2014-07-08,48.9364,51.5677,51.5677
ALLE,2014-07-10,48.5022,51.5677,51.5677
ALLE,2015-12-03,58.6864,60.7127,60.7127
ALLE,2015-12-14,57.0921,60.7127,60.7127
ALLE,2015-12-18,57.237,60.7127,60.7127
ALLE,2017-10-25,77.8978,81.2982,81.2982
ALLE,2020-02-18,123.5388,128.8801,128.8801
ALLE,2020-02-20,118.2392,128.8801,128.8801
ALLE,2021-09-14,131.0245,140.1093,140.1093
ALLE,2021-09-20,128.4309,140.1093,140.1093
ALLE,2021-10-01,124.0175,140.1093,140.1093
ALLE,2021-10-04,122.5222,140.1093,140.1093
ALLE,2021-10-06,120.7516,140.1093,140.1093
ALLE,2021-10-21,123.3741,140.1093,140.1093
ALLE,2021-11-23,124.3578,140.1093,140.1093
ALLE,2021-11-24,123.7055,140.1093,140.1093
ALNY,2005-10-06,10.2638,15.22,15.22
ALNY,2006-04-07,15.6543,18.39,18.39
ALNY,2007-01-05,20.5355,24.46,24.46
ALNY,2008-02-21,30.3117,35.19,35.19
ALNY,2009-01-09,22.8005,26.36,26.36
ALNY,2009-01-12,22.3095,26.36,26.36
ALNY,2009-01-15,21.5074,26.36,26.36
ALNY,2009-09-24,22.3194,24.75,24.75
ALNY,2009-09-25,22.1582,24.75,24.75
ALNY,2011-03-28,9.0977,12.34,12.34
ALNY,2011-06-06,9.5964,12.34,12.34
ALNY,2014-02-05,74.6982,112.57,112.57
ALNY,2014-02-28,78.7009,112.57,112.57
ALNY,2014-03-07,72.0426,112.57,112.57
ALNY,2018-10-08,82.9041,124.22,124.22
ALNY,2020-07-31,143.759,167.33,167.33
ALNY,2020-08-06,142.4491,167.33,167.33
ALNY,2023-02-10,212.9337,242.39,242.39
AMAT,2006-02-21,13.9399,15.3169,15.3169
AMAT,2006-05-15,12.8532,13.9852,13.9852
AMAT,2009-08-17,10.0056,10.8276,10.8276
AMAT,2011-05-25,10.7925,12.6314,12.6314
AMAT,2021-05-04,122.578,139.907,139.907
AMCR,2020-01-03,40.2489,43.0851,43.0851
AMCR,2020-02-12,40.0217,43.0851,43.0851
AMCR,2020-12-21,44.9867,49.3346,49.3346
AMCR,2022-09-20,49.1269,56.9986,56.9986
AMD,2006-02-13,38.74,42.42,42.42
AMD,2006-02-14,38.3344,42.42,42.42
AMD,2006-03-08,36.5637,42.7,42.7
AMD,2006-09-22,25.6494,27.9,27.9
AMD,2006-09-28,25.0535,27.9,27.9
AMD,2006-10-03,24.0457,27.9,27.9
AMD,2007-05-25,14.5942,15.95,15.95
AMD,2007-05-29,14.4597,15.95,15.95
AMD,2007-05-30,14.3527,15.95,15.95
AMD,2007-06-05,13.9329,15.95,15.95
AMD,2007-07-26,14.6322,16.19,16.19
AMD,2007-10-24,13.0453,14.73,14.73
AMD,2008-09-05,5.6208,6.47,6.47
AMD,2011-02-23,8.4063,9.58,9.58
AMD,2011-03-10,8.4054,9.58,9.58
AMD,2011-03-11,8.2628,9.58,9.58
AMD,2011-03-15,8.1004,9.58,9.58
AMD,2011-04-01,8.2737,9.58,9.58
AMD,2013-07-19,3.9595,4.65,4.65
AMD,2018-10-03,27.3728,34.14,34.14
AMD,2018-10-08,26.0465,34.14,34.14
AMD,2020-02-21,53.2278,59.27,59.27
AMD,2021-01-27,87.7625,99.23,99.23
AMD,2021-02-18,87.668,99.23,99.23
AMD,2021-12-03,142.8187,164.46,164.46
AMD,2025-11-06,236.8834,267.08,267.08
AMD,2025-11-07,231.1602,267.08,267.08
AME,2007-11-08,18.0164,18.9633,18.9633
AME,2007-11-16,17.613,18.9633,18.9633
AME,2008-05-20,19.5504,21.0437,21.0437
AME,2011-05-16,25.95,28.4557,28.4557
AME,2011-08-02,24.6584,28.2486,28.2486
AME,2011-08-03,24.2777,28.2486,28.2486
AME,2018-09-26,75.6228,78.0373,78.0373
AME,2023-08-01,153.8059,160.0692,160.0692
AME,2024-04-30,172.4364,184.2109,184.2109
AME,2024-05-01,171.7085,184.2109,184.2109
AME,2025-03-04,181.006,190.5473,190.5473
AME,2025-03-11,176.1551,190.5473,190.5473
AME,2026-03-05,225.7377,242.05,242.05
AMGN,2006-11-14,48.6515,52.0819,52.0819
AMGN,2007-10-17,37.5426,39.961,39.961
AMGN,2009-08-07,40.599,43.6271,43.6271
AMGN,2009-09-03,39.1152,43.8029,43.8029
AMGN,2010-11-29,35.6348,39.7311,39.7311
AMGN,2011-06-23,38.7696,41.6182,41.6182
AMGN,2011-06-24,38.5254,41.6182,41.6182
AMGN,2011-07-11,38.3368,41.6182,41.6182
AMGN,2014-12-10,119.4974,125.2179,125.2179
AMGN,2014-12-12,118.6006,125.2179,125.2179
AMGN,2018-10-04,161.7791,167.2497,167.2497
AMGN,2020-01-13,193.9339,202.2711,202.2711
AMGN,2020-01-23,193.6793,202.2711,202.2711
AMGN,2021-08-02,206.0307,215.5282,215.5282
AMGN,2022-12-12,247.9014,265.8623,265.8623
AMGN,2022-12-13,245.5291,265.8623,265.8623
AMGN,2022-12-14,242.7562,265.8623,265.8623
AMGN,2022-12-15,240.1049,265.8623,265.8623
AMGN,2023-01-19,235.7285,265.8623,265.8623
AMGN,2023-01-26,228.5737,265.8623,265.8623
AMGN,2023-01-30,226.3786,265.8623,265.8623
AMGN,2024-08-05,305.1566,328.6691,328.6691
AMGN,2025-03-12,300.2942,325.6631,325.6631
AMGN,2026-03-05,366.6551,391.29,391.29
AMP,2007-07-20,42.7596,45.7924,45.7924
AMP,2018-01-25,147.3115,156.9149,156.9149
AMP,2025-02-25,513.6018,572.9949,572.9949
AMP,2026-02-10,500.6009,548.5588,548.5588
AMP,2026-02-11,484.3878,548.5588,548.5588
AMT,2007-11-01,31.5442,34.0217,34.0217
AMT,2007-11-08,31.2465,34.0217,34.0217
AMT,2007-11-09,30.8432,34.0217,34.0217
AMT,2007-11-12,30.4664,34.0217,34.0217
AMT,2008-05-21,31.8152,33.7073,33.7073
AMT,2014-12-02,77.9019,81.2948,81.2948
AMT,2015-11-06,76.2201,81.0649,81.0649
AMT,2020-08-11,210.0461,232.6039,232.6039
AMT,2020-09-21,205.2907,232.6039,232.6039
AMT,2020-09-23,201.0261,232.6039,232.6039
AMT,2021-09-20,252.4387,264.8791,264.8791
AMT,2021-09-23,250.1677,264.8791,264.8791
AMT,2023-01-20,198.4632,212.872,212.872
AMT,2024-01-10,195.0153,204.7381,204.7381
AMT,2024-01-11,193.9554,204.7381,204.7381
AMT,2024-09-19,220.0902,231.5455,231.5455
AMT,2025-07-28,219.8623,230.044,230.044
AMZN,2005-12-20,2.3928,2.5,2.5
AMZN,2006-01-03,2.3416,2.5,2.5
AMZN,2018-09-06,97.0576,102.525,102.525
AMZN,2018-09-17,95.1296,102.525,102.525
AMZN,2018-09-24,93.3178,102.525,102.525
AMZN,2019-07-18,97.9066,101.79,101.79
AMZN,2020-09-03,166.6021,177.6125,177.6125
AMZN,2020-09-04,162.047,177.6125,177.6125
AMZN,2020-10-16,158.8152,177.6125,177.6125
AMZN,2020-11-02,148.2188,177.6125,177.6125
AMZN,2021-01-04,157.743,177.6125,177.6125
AMZN,2021-02-23,158.0702,177.6125,177.6125
AMZN,2021-12-03,168.471,188.1075,188.1075
AMZN,2022-01-06,162.2231,188.1075,188.1075
AMZN,2022-01-10,160.6633,188.1075,188.1075
AMZN,2022-10-11,110.452,136.49,136.49
AMZN,2022-10-13,108.3188,136.49,136.49
AMZN,2025-12-15,222.5218,258.6,258.6
ANET,2014-12-02,4.337,5.6181,5.6181
ANET,2018-10-05,15.6102,19.5854,19.5854
ANET,2019-04-30,19.3665,20.7044,20.7044
ANET,2019-07-25,16.6677,18.0906,18.0906
ANET,2025-10-14,137.6126,162.68,162.68
ANET,2026-02-23,126.6259,151.8,151.8
AON,2008-09-05,38.2844,40.2275,40.2275
AON,2008-12-12,32.7938,38.3684,38.3684
AON,2009-01-08,35.5725,38.7854,38.7854
AON,2009-01-13,35.0865,38.7854,38.7854
AON,2015-03-25,86.599,96.6488,96.6488
AON,2015-03-26,86.0709,96.6488,96.6488
AON,2015-06-02,90.8271,96.6488,96.6488
AON,2021-10-29,301.6823,312.6038,312.6038
AON,2024-04-03,320.4809,331.944,331.944
AON,2025-03-17,386.5056,411.2397,411.2397
AOS,2007-08-09,5.6124,6.4835,6.4835
AOS,2008-10-10,3.6233,6.4717,6.4717
AOS,2008-11-13,3.5946,6.4717,6.4717
AOS,2009-02-02,3.4441,4.2179,4.2179
AOS,2009-02-17,3.3449,4.2179,4.2179
AOS,2009-02-18,3.2889,4.2179,4.2179
AOS,2011-01-20,7.666,9.1025,9.1025
AOS,2013-12-03,21.955,22.8399,22.8399
AOS,2013-12-04,21.8123,22.8399,22.8399
AOS,2014-06-16,20.4528,21.3174,21.3174
AOS,2018-01-30,57.0058,59.2748,59.2748
AOS,2026-02-25,75.7016,81.87,81.87
AOS,2026-03-03,75.1803,81.87,81.87
APA,2006-02-28,46.6434,54.1662,54.1662
APA,2006-03-07,46.6697,54.1662,54.1662
APA,2006-08-29,46.9053,51.5834,51.5834
APA,2006-08-30,46.5517,51.5834,51.5834
APA,2006-09-08,45.6952,51.5834,51.5834
APA,2009-02-11,51.9636,63.8086,63.8086
APA,2011-07-29,89.9929,95.2826,95.2826
APA,2012-02-29,79.5585,82.8936,82.8936
APA,2013-12-03,67.6747,71.2176,71.2176
APA,2013-12-04,67.3606,71.2176,71.2176
APA,2013-12-05,67.0788,71.2176,71.2176
APA,2013-12-09,66.5574,71.2176,71.2176
APA,2016-12-28,50.8065,54.454,54.454
APA,2016-12-29,50.3281,54.454,54.454
APA,2017-01-03,49.287,54.454,54.454
APA,2018-07-18,36.0104,40.3871,40.3871
APA,2018-08-02,35.6488,40.3871,40.3871
APA,2020-07-09,10.4092,15.435,15.435
APA,2020-07-10,10.2047,15.435,15.435
APA,2021-03-18,16.639,20.7215,20.7215
APA,2023-01-04,37.1509,44.8979,44.8979
APA,2023-02-01,38.1121,44.8979,44.8979
APA,2023-02-02,37.3403,44.8979,44.8979
APD,2015-03-06,107.9209,111.91,111.91
APD,2015-04-17,106.2882,111.91,111.91
APD,2018-01-26,136.2257,144.1932,144.1932
APD,2021-06-17,262.5214,271.8259,271.8259
APD,2021-11-26,261.8482,284.1079,284.1079
APD,2022-01-18,258.0511,279.1099,279.1099
APD,2022-01-24,252.4617,279.1099,279.1099
APD,2022-01-25,249.1515,279.1099,279.1099
APD,2023-08-02,279.9029,287.2647,287.2647
APD,2025-07-30,285.8029,296.3841,296.3841
APD,2025-07-31,283.8444,296.3841,296.3841
APD,2026-02-13,275.1161,296.46,296.46
APH,2008-09-03,4.9591,5.7194,5.7194
APH,2011-02-22,6.1631,6.4607,6.4607
APH,2011-03-11,6.091,6.4936,6.4936
APH,2011-03-15,6.0089,6.4936,6.4936
APH,2011-03-24,5.8715,6.4936,6.4936
APH,2011-05-23,5.8529,6.3008,6.3008
APH,2011-05-24,5.7946,6.3008,6.3008
APH,2018-09-19,22.1495,22.7618,22.7618
APH,2018-09-24,22.0736,22.7618,22.7618
APH,2019-04-24,24.0323,24.7432,24.7432
APH,2022-12-19,36.8742,40.2553,40.2553
APO,2011-05-16,6.85,7.3545,7.3545
APO,2018-02-05,25.3015,27.9565,27.9565
APO,2018-02-06,24.7071,27.9565,27.9565
APO,2018-02-09,23.3751,27.9565,27.9565
APO,2018-03-01,24.0612,27.9565,27.9565
APO,2018-03-02,23.8505,27.9565,27.9565
APO,2025-01-10,152.4863,186.1003,186.1003
APO,2025-01-13,151.545,186.1003,186.1003
APO,2025-02-04,158.7939,186.1003,186.1003
APO,2025-02-11,154.7769,186.1003,186.1003
APO,2025-02-12,152.9065,186.1003,186.1003
APP,2022-04-18,46.341,58.27,58.27
APP,2022-09-14,24.7336,40.555,40.555
APP,2025-02-26,301.0625,525.15,525.15
APTV,2012-03-06,22.8683,25.263,25.263
APTV,2018-06-19,98.9432,101.8833,101.8833
APTV,2020-01-06,91.8584,98.7887,98.7887
APTV,2021-11-11,167.7087,180.81,180.81
APTV,2021-11-24,169.5023,180.81,180.81
APTV,2024-06-10,79.5693,85.56,85.56
ARE,2006-04-10,46.5743,49.5425,49.5425
ARE,2007-02-27,53.4908,60.5675,60.5675
ARE,2007-10-17,53.2025,57.2987,57.2987
ARE,2007-11-02,51.1647,57.2987,57.2987
ARE,2007-11-20,48.7384,57.2987,57.2987
ARE,2009-02-12,27.8797,37.1662,37.1662
ARE,2012-09-20,45.9777,47.8317,47.8317
ARE,2012-10-22,45.3548,47.8317,47.8317
ARE,2015-04-17,63.1145,70.0678,70.0678
ARE,2024-02-01,105.5217,120.3435,120.3435
ARE,2024-02-13,100.9352,120.3435,120.3435
ARE,2024-03-14,108.9596,120.3435,120.3435
ARE,2024-04-16,105.3435,120.3435,120.3435
ARE,2024-10-22,109.0086,115.1773,115.1773
ARE,2025-03-31,87.4826,98.7719,98.7719
ARE,2025-04-01,86.8102,98.7719,98.7719
ARE,2025-09-26,80.8693,85.5961,85.5961
ARES,2015-08-03,11.8037,14.01,14.01
ARES,2015-11-10,10.2697,12.6743,12.6743
ARES,2017-02-27,14.5353,16.1397,16.1397
ARES,2017-03-02,13.7243,16.1397,16.1397
ARES,2018-03-28,15.5509,19.4972,19.4972
ARES,2018-05-23,16.024,19.4972,19.4972
ARES,2021-11-23,75.1432,79.3663,79.3663
ARES,2021-11-24,74.1786,79.3663,79.3663
ARES,2025-08-19,177.1647,192.7927,192.7927
ARES,2025-08-20,174.375,192.7927,192.7927
ARM,2025-02-24,139.1384,182.88,182.88
ARM,2025-02-25,135.4012,182.88,182.88
ASML,2006-02-21,20.3188,22.2642,22.2642
ASML,2007-11-16,29.4496,32.6185,32.6185
ASML,2008-05-23,26.5352,27.954,27.954
ASML,2010-04-14,32.7375,34.2284,34.2284
ASML,2015-06-08,96.7744,103.0891,103.0891
ASML,2021-09-17,818.1384,857.7649,857.7649
ASML,2026-02-26,1434.0679,1547.22,1547.22
ATO,2012-07-24,25.0094,26.177,26.177
ATO,2012-07-25,24.8761,26.177,26.177
ATO,2020-08-21,86.9023,92.7211,92.7211
ATO,2020-09-01,84.8411,92.7211,92.7211
ATO,2020-09-08,83.5229,92.7211,92.7211
ATO,2022-08-04,105.5594,111.173,111.173
ATO,2022-12-16,105.4503,111.7438,111.7438
ATO,2022-12-30,103.0244,111.7438,111.7438
ATO,2023-01-03,102.2967,111.7438,111.7438
AVB,2007-02-09,72.6703,75.632,75.632
AVB,2007-02-26,69.8187,75.632,75.632
AVB,2015-01-29,121.2543,125.9892,125.9892
AVB,2016-07-27,130.5301,136.5157,136.5157
AVB,2016-08-17,128.6088,136.5157,136.5157
AVB,2016-08-19,127.5559,136.5157,136.5157
AVB,2016-08-22,126.8775,136.5157,136.5157
AVB,2016-08-24,125.7821,136.5157,136.5157
AVB,2020-07-20,123.2659,145.8999,145.8999
AVB,2020-07-22,120.9769,145.8999,145.8999
AVB,2020-07-27,119.1989,145.8999,145.8999
AVGO,2012-09-20,2.4396,2.7305,2.7305
AVGO,2012-11-15,2.3343,2.7305,2.7305
AVGO,2012-11-16,2.3091,2.7305,2.7305
AVGO,2017-11-29,21.1084,22.4595,22.4595
AVGO,2018-01-24,20.3237,22.4595,22.4595
AVGO,2018-06-25,20.5107,21.826,21.826
AVGO,2018-06-28,19.9062,21.826,21.826
AVGO,2019-04-25,25.9154,26.9537,26.9537
AVGO,2019-04-26,25.6427,26.9537,26.9537
AVGO,2019-05-06,25.7697,27.0164,27.0164
AVGO,2019-05-07,25.4146,27.0164,27.0164
AVGO,2019-05-09,25.0916,27.0164,27.0164
AVGO,2019-05-10,24.8313,27.0164,27.0164
AVGO,2020-01-09,26.3397,28.2078,28.2078
AVGO,2020-02-21,26.0918,28.5262,28.5262
AVY,2010-05-06,24.8862,30.5723,30.5723
AVY,2014-07-10,40.0884,41.3039,41.3039
AVY,2022-08-19,182.4246,191.034,191.034
AVY,2022-08-22,181.2827,191.034,191.034
AVY,2026-03-03,188.5825,198.5561,198.5561
AWK,2008-06-30,13.7791,15.3102,15.3102
AWK,2008-07-11,12.7341,15.3102,15.3102
AWK,2008-07-15,12.011,15.3102,15.3102
AWK,2008-10-10,11.427,15.3102,15.3102
AWK,2008-12-02,12.1264,15.3102,15.3102
AWK,2008-12-29,13.47,15.3102,15.3102
AWK,2010-01-22,15.0759,16.3616,16.3616
AWK,2010-01-26,14.862,16.3616,16.3616
AWK,2010-02-05,14.7399,16.3616,16.3616
AWK,2010-02-25,15.2017,16.3616,16.3616
AWK,2016-08-04,66.5116,70.5348,70.5348
AWK,2018-01-02,75.7718,78.7711,78.7711
AWK,2018-01-03,75.0934,78.7711,78.7711
AWK,2020-12-04,134.0208,155.3886,155.3886
AWK,2022-12-16,141.4463,150.4674,150.4674
AXON,2006-02-22,9.5698,11.31,11.31
AXON,2006-04-10,10.1526,11.38,11.38
AXON,2006-11-01,8.7569,10.2,10.2
AXON,2006-11-28,8.4092,10.2,10.2
AXON,2006-12-11,8.0588,10.2,10.2
AXON,2007-08-16,13.1224,19.36,19.36
AXON,2007-10-22,15.1567,19.36,19.36
AXON,2008-01-02,13.9975,19.36,19.36
AXON,2008-10-08,5.7067,7.63,7.63
AXON,2010-03-22,6.2934,7.88,7.88
AXON,2014-04-04,17.586,20.83,20.83
AXON,2017-07-07,23.883,28.17,28.17
AXON,2017-07-31,24.5017,28.17,28.17
AXON,2017-08-01,24.32,28.17,28.17
AXON,2018-07-30,65.5812,76.45,76.45
AXON,2021-03-04,143.9391,212.37,212.37
AXON,2021-03-05,140.2352,212.37,212.37
AXON,2021-03-25,127.2591,212.37,212.37
AXON,2021-04-19,146.1318,212.37,212.37
AXON,2021-08-10,183.6504,198.0,198.0
AXON,2021-08-11,181.4852,198.0,198.0
AXON,2025-09-03,713.5418,885.92,885.92
AXP,2006-03-23,39.111,40.737,40.737
AXP,2006-03-31,38.382,40.737,40.737
AXP,2006-04-07,38.3468,40.737,40.737
AXP,2014-07-08,79.7101,81.5663,81.5663
AXP,2014-07-10,79.2919,81.5663,81.5663
AXP,2014-07-17,79.0277,81.5663,81.5663
AXP,2014-07-25,77.982,81.5663,81.5663
AXP,2014-07-28,77.6561,81.5663,81.5663
AXP,2014-07-30,77.1125,81.5663,81.5663
AXP,2022-02-23,179.4984,189.8372,189.8372
AXP,2022-02-24,178.2891,189.8372,189.8372
AXP,2025-02-20,297.3322,322.8345,322.8345
AZO,2008-09-16,131.7357,143.8,143.8
AZO,2017-01-18,773.6418,813.7,813.7
AZO,2023-05-17,2670.8327,2750.0,2750.0
AZO,2025-09-23,4021.6845,4388.1099,4388.1099
AZO,2025-10-09,3949.2779,4388.1099,4388.1099
AZO,2026-03-03,3596.6164,3887.03,3887.03
BA,2006-05-15,61.3045,64.2256,64.2256
BA,2011-05-17,61.8863,64.7904,64.7904
BA,2011-05-23,61.4502,64.7904,64.7904
BA,2011-05-24,60.9658,64.7904,64.7904
BA,2016-05-18,118.9793,124.8087,124.8087
BA,2019-03-07,406.9188,435.5638,435.5638
BA,2020-06-11,168.671,234.2,234.2
BA,2020-07-27,169.3357,234.2,234.2
BA,2021-03-25,233.9467,278.57,278.57
BA,2021-04-19,243.2601,278.57,278.57
BA,2025-08-19,224.7828,242.69,242.69
BA,2026-01-27,241.8728,254.14,254.14
BA,2026-01-29,233.5231,254.35,254.35
BA,2026-01-30,230.3931,254.35,254.35
BA,2026-02-20,231.5827,254.35,254.35
BA,2026-02-23,229.6356,254.35,254.35
BA,2026-03-03,221.2819,254.35,254.35
BA,2026-03-05,218.7324,254.35,254.35
BAC,2006-11-27,36.2416,37.0385,37.0385
BAC,2006-12-01,36.0261,37.0385,37.0385
BAC,2007-10-15,36.1166,37.2546,37.2546
BAC,2008-01-04,28.3832,33.5422,33.5422
BAC,2008-01-07,28.1481,33.5422,33.5422
BAC,2010-04-16,14.2773,15.4128,15.4128
BAC,2012-04-09,6.9868,7.9042,7.9042
BAC,2015-08-12,13.9726,14.7538,14.7538
BAC,2015-12-09,13.5984,14.489,14.489
BAC,2015-12-11,13.4259,14.489,14.489
BAC,2015-12-14,13.2753,14.489,14.489
BAC,2018-08-10,25.8155,26.65,26.65
BAC,2020-01-24,28.9183,30.8295,30.8295
BAC,2022-02-17,41.6062,45.2642,45.2642
BAC,2023-02-10,32.4468,34.2002,34.2002
BAC,2023-02-21,31.7667,34.2002,34.2002
BAC,2023-03-02,30.892,34.2002,34.2002
BAC,2024-12-04,44.8974,46.7317,46.7317
BAC,2024-12-10,44.6383,46.7317,46.7317
BAC,2024-12-16,44.1817,46.7317,46.7317
BAC,2024-12-17,43.9743,46.7317,46.7317
BALL,2006-03-29,8.9946,9.279,9.279
BALL,2006-04-06,8.7983,9.279,9.279
BALL,2006-04-07,8.7256,9.279,9.279
BALL,2008-05-21,11.1221,11.797,11.797
BALL,2015-03-26,30.919,34.4088,34.4088
BALL,2015-04-30,32.0982,34.4088,34.4088
BALL,2015-06-04,31.456,34.4088,34.4088
BALL,2015-06-05,31.3308,34.4088,34.4088
BALL,2017-07-28,37.9984,39.113,39.113
BALL,2017-07-31,37.888,39.113,39.113
BALL,2018-03-20,36.2852,38.4319,38.4319
BALL,2020-12-02,87.5282,96.1005,96.1005
BALL,2020-12-03,86.5923,96.1005,96.1005
BALL,2021-01-04,83.708,96.1005,96.1005
BALL,2026-03-03,64.7705,68.0865,68.0865
BAX,2008-01-22,23.0793,24.9468,24.9468
BAX,2008-02-15,22.6772,24.9468,24.9468
BAX,2010-01-28,22.7883,24.5383,24.5383
BAX,2010-03-11,22.9792,24.5383,24.5383
BAX,2015-09-22,29.6261,36.7346,36.7346
BAX,2015-09-25,29.1792,36.7346,36.7346
BAX,2024-04-10,39.7602,42.2895,42.2895
BAX,2024-09-30,36.8329,39.5481,39.5481
BBY,2006-05-09,31.6774,33.5954,33.5954
BBY,2006-11-03,29.3546,33.1832,33.1832
BBY,2006-12-12,28.9978,33.1832,33.1832
BBY,2006-12-19,27.238,33.1832,33.1832
BBY,2007-02-23,27.9945,33.1832,33.1832
BBY,2008-07-10,22.1497,27.6483,27.6483
BBY,2008-09-16,24.4379,27.4332,27.4332
BBY,2010-05-03,26.5289,28.9726,28.9726
BBY,2010-05-04,26.1173,28.9726,28.9726
BBY,2010-11-30,25.5401,27.2865,27.2865
BBY,2012-09-18,11.0287,14.7159,14.7159
BBY,2015-09-22,25.3722,26.984,26.984
BBY,2015-09-24,25.1075,26.984,26.984
BBY,2020-10-22,93.3886,99.3505,99.3505
BBY,2020-10-23,92.5568,99.3505,99.3505
BBY,2021-05-19,91.7954,104.4995,104.4995
BBY,2023-08-02,71.8246,75.7389,75.7389
BBY,2023-08-04,70.796,75.7389,75.7389
BBY,2023-08-08,69.9821,75.7389,75.7389
BBY,2023-08-15,68.6786,75.7389,75.7389
BBY,2024-10-03,91.9682,97.158,97.158
BBY,2025-03-03,82.1499,87.0024,87.0024
BBY,2026-02-20,63.0471,73.42,73.42
BBY,2026-02-23,61.7421,73.42,73.42
BDX,2008-05-16,47.6046,51.4806,51.4806
BDX,2008-05-19,47.3193,51.4806,51.4806
BDX,2026-03-05,169.3736,187.35,187.35
BEN,2006-03-07,17.3105,18.0566,18.0566
BEN,2007-10-26,22.7085,24.9983,24.9983
BEN,2007-11-02,20.9991,24.9983,24.9983
BEN,2008-09-05,17.346,19.1515,19.1515
BEN,2008-09-10,16.758,19.1515,19.1515
BEN,2008-09-11,16.4456,19.1515,19.1515
BEN,2009-10-27,19.3941,20.7511,20.7511
BEN,2009-10-28,18.5944,20.7511,20.7511
BEN,2011-07-18,23.6929,25.6112,25.6112
BEN,2014-07-10,33.9868,34.9693,34.9693
BEN,2015-03-04,32.3248,33.2741,33.2741
BEN,2016-04-27,24.0578,25.5697,25.5697
BEN,2020-07-28,15.3866,18.4086,18.4086
BEN,2021-06-16,26.4525,28.5016,28.5016
BEN,2023-03-10,23.3523,29.3035,29.3035
BEN,2023-03-13,23.0521,29.3035,29.3035
BEN,2026-02-27,26.397,28.32,28.32
BEN,2026-03-02,26.066,28.32,28.32
BF.B,2006-10-10,10.7682,11.5124,11.5124
BF.B,2008-09-19,10.5606,12.1354,12.1354
BF.B,2008-10-09,9.7134,12.1354,12.1354
BF.B,2009-02-02,8.6588,10.424,10.424
BF.B,2014-07-10,30.5902,31.8935,31.8935
BF.B,2015-08-19,35.3472,36.9476,36.9476
BF.B,2017-07-05,32.8074,40.7162,40.7162
BF.B,2018-08-23,46.1725,48.601,48.601
BF.B,2018-08-28,45.9744,48.601,48.601
BF.B,2018-08-29,45.8116,48.601,48.601
BF.B,2018-09-10,44.8552,48.601,48.601
BF.B,2022-08-29,70.2321,73.0536,73.0536
BF.B,2023-03-01,60.1675,64.7203,64.7203
BF.B,2025-04-04,31.2011,37.9387,37.9387
BF.B,2025-07-31,28.052,30.8442,30.8442
BG,2008-06-12,76.2616,83.8211,83.8211
BG,2010-04-22,39.1323,49.7881,49.7881
BG,2015-01-05,64.692,67.6636,67.6636
BG,2015-06-05,65.5492,68.075,68.075
BG,2015-06-25,65.9857,68.075,68.075
BG,2017-06-29,56.1833,64.3922,64.3922
BG,2017-06-30,56.1833,64.3922,64.3922
BG,2017-08-31,56.5611,64.3922,64.3922
BG,2020-01-23,45.6969,48.4337,48.4337
BG,2021-05-19,75.1112,80.776,80.776
BG,2022-12-01,89.7859,96.6585,96.6585
BG,2022-12-02,86.2972,96.6585,96.6585
BG,2022-12-05,84.3724,96.6585,96.6585
BIIB,2006-02-28,46.3167,50.72,50.72
BIIB,2006-04-26,43.2322,50.72,50.72
BIIB,2006-05-19,44.806,50.72,50.72
BIIB,2007-11-07,71.0701,84.75,84.75
BIIB,2009-06-22,48.7428,55.34,55.34
BIIB,2009-06-29,47.2506,55.34,55.34
BIIB,2010-04-08,56.4136,60.28,60.28
BIIB,2014-03-07,324.224,353.47,353.47
BIIB,2016-08-24,307.5768,333.65,333.65
BIIB,2016-08-25,302.5267,333.65,333.65
BIIB,2017-01-11,286.6706,329.83,329.83
BIIB,2018-10-05,337.5444,388.67,388.67
BIIB,2022-02-03,214.2761,265.54,265.54
BIIB,2022-02-14,211.5462,265.54,265.54
BIIB,2022-02-24,201.2793,265.54,265.54
BIIB,2022-03-10,195.3012,265.54,265.54
BIIB,2022-11-28,291.3251,307.53,307.53
BIIB,2024-01-11,247.0784,268.3,268.3
BIIB,2024-07-15,221.4607,238.0,238.0
BK,2006-05-17,22.2828,25.4319,25.4319
BK,2008-01-09,30.2087,33.0517,33.0517
BK,2008-01-15,29.3776,33.0517,33.0517
BK,2008-01-16,28.8456,33.0517,33.0517
BK,2008-01-18,28.3131,33.0517,33.0517
BK,2008-01-22,27.555,33.0517,33.0517
BK,2009-04-21,18.1455,22.4481,22.4481
BK,2009-10-14,18.8198,21.7168,21.7168
BK,2010-04-16,21.6944,22.6011,22.6011
BK,2011-02-23,21.2469,22.7227,22.7227
BK,2012-04-09,16.66,17.721,17.721
BK,2012-04-19,16.2573,17.721,17.721
BK,2015-12-09,32.5462,34.4599,34.4599
BK,2016-12-19,36.9601,38.8645,38.8645
BK,2019-03-21,42.035,44.4282,44.4282
BK,2023-03-02,45.6883,48.087,48.087
BKNG,2014-03-13,1276.6331,1356.7597,1356.7597
BKNG,2018-03-27,2029.3655,2193.1052,2193.1052
BKNG,2018-03-28,2008.7331,2193.1052,2193.1052
BKNG,2018-04-02,1977.933,2193.1052,2193.1052
BKNG,2018-04-24,2032.1635,2193.1052,2193.1052
BKNG,2018-04-25,2004.1429,2193.1052,2193.1052
BKNG,2020-01-16,2008.868,2060.288,2060.288
BKNG,2025-07-30,5486.0693,5818.2422,5818.2422
BKNG,2025-08-01,5353.7302,5818.2422,5818.2422
BKR,2008-06-03,41.7422,44.1008,44.1008
BKR,2008-07-03,40.2741,44.5422,44.5422
BKR,2008-07-08,39.3477,44.5422,44.5422
BKR,2008-07-16,38.0448,44.5422,44.5422
BKR,2008-08-11,36.8555,44.5422,44.5422
BKR,2010-04-30,24.4457,27.565,27.565
BKR,2010-05-06,23.0618,27.565,27.565
BKR,2010-05-20,20.4956,27.565,27.565
BKR,2010-05-28,19.1659,27.565,27.565
BKR,2015-05-07,35.0921,37.5313,37.5313
BKR,2015-11-11,25.5954,31.2002,31.2002
BKR,2017-08-18,25.8419,32.1309,32.1309
BKR,2018-01-19,27.2781,29.6188,29.6188
BKR,2019-04-03,21.7115,23.5166,23.5166
BKR,2020-01-14,20.0915,21.846,21.846
BKR,2022-06-10,32.2268,35.3729,35.3729
BKR,2025-02-28,42.3025,48.1843,48.1843
BKR,2025-03-04,41.4231,48.1843,48.1843
BKR,2025-03-10,39.8059,48.1843,48.1843
BKR,2025-03-31,41.7843,48.1843,48.1843
BKR,2026-03-03,62.0701,67.0,67.0
BLDR,2008-06-23,5.2231,7.4348,7.4348
BLDR,2008-09-29,4.413,5.4668,5.4668
BLDR,2008-10-10,2.7783,5.4668,5.4668
BLDR,2008-11-13,2.397,5.4668,5.4668
BLDR,2010-05-07,3.391,4.3,4.3
BLDR,2014-07-08,7.1303,7.92,7.92
BLDR,2015-09-18,15.2743,16.69,16.69
BLDR,2015-09-22,14.8555,16.69,16.69
BLDR,2015-12-11,11.8012,15.72,15.72
BLDR,2018-01-30,21.3755,23.28,23.28
BLDR,2022-08-26,61.9237,74.48,74.48
BLDR,2024-04-02,198.8906,214.7,214.7
BLDR,2024-04-09,193.726,214.7,214.7
BLK,2006-06-12,79.9663,99.261,99.261
BLK,2007-02-26,105.182,113.3467,113.3467
BLK,2008-02-19,117.7272,148.2709,148.2709
BLK,2008-03-17,108.958,148.2709,148.2709
BLK,2008-04-22,124.0476,148.8096,148.8096
BLK,2008-05-20,131.9705,148.8096,148.8096
BLK,2008-08-19,132.7145,150.6293,150.6293
BLK,2008-09-05,133.5151,150.6293,150.6293
BLK,2008-09-17,120.8448,150.6293,150.6293
BLK,2008-09-18,113.1323,150.6293,150.6293
BLK,2008-10-09,98.6363,161.1822,161.1822
BLK,2008-10-10,98.6363,161.1822,161.1822
BLK,2012-04-10,139.6526,147.7885,147.7885
BLK,2012-04-18,137.5631,147.7885,147.7885
BLK,2015-12-03,273.2202,284.3824,284.3824
BLK,2017-01-12,298.8065,319.433,319.433
BLK,2019-05-07,391.5337,412.2403,412.2403
BLK,2019-05-09,384.4466,412.2403,412.2403
BLK,2021-11-16,847.7275,876.1592,876.1592
BLK,2023-02-07,677.9087,727.2325,727.2325
BLK,2026-02-03,1058.7455,1181.36,1181.36
BLK,2026-02-12,1025.0813,1181.36,1181.36
BMY,2007-07-25,15.5736,16.2083,16.2083
BMY,2007-11-02,14.4736,15.3539,15.3539
BMY,2007-11-05,14.3565,15.3539,15.3539
BMY,2007-12-28,13.7185,15.3539,15.3539
BMY,2009-01-06,12.0507,13.0033,13.0033
BMY,2012-01-05,21.2996,22.0733,22.0733
BMY,2014-01-23,36.0331,38.3688,38.3688
BMY,2021-08-25,56.1104,58.0676,58.0676
BMY,2024-04-05,46.6821,49.8996,49.8996
BR,2007-06-06,13.2834,15.7652,15.7652
BR,2007-12-18,15.5734,16.7773,16.7773
BR,2008-01-18,15.2499,16.7773,16.7773
BR,2008-01-22,15.0928,16.7773,16.7773
BR,2008-01-23,14.4596,16.7773,16.7773
BR,2008-06-25,15.3376,16.0735,16.0735
BR,2010-05-06,16.6108,17.4089,17.4089
BR,2010-05-10,16.0784,17.4089,17.4089
BR,2012-09-24,18.2265,18.8679,18.8679
BR,2014-01-07,31.1983,32.3366,32.3366
BR,2014-01-08,30.9271,32.3366,32.3366
BR,2018-09-19,117.0795,121.8805,121.8805
BR,2018-10-02,113.289,121.8805,121.8805
BR,2018-10-05,111.3605,121.8805,121.8805
BR,2018-10-08,110.5166,121.8805,121.8805
BR,2018-10-09,109.4508,121.8805,121.8805
BR,2019-07-30,117.4093,122.6742,122.6742
BRK.B,2006-01-03,58.4267,60.63,60.63
BRK.B,2007-12-12,95.7746,101.18,101.18
BRK.B,2008-01-09,86.2924,101.18,101.18
BRK.B,2008-01-10,85.1393,101.18,101.18
BRK.B,2008-03-03,89.9934,101.18,101.18
BRK.B,2008-03-10,87.1209,101.18,101.18
BRK.B,2020-01-24,226.4503,231.61,231.61
BRK.B,2021-06-08,285.7848,295.08,295.08
BRK.B,2021-06-14,282.1567,295.08,295.08
BRK.B,2025-12-08,496.4284,516.85,516.85
BRK.B,2026-01-02,493.2309,516.85,516.85
BRK.B,2026-01-20,485.3203,516.85,516.85
BRK.B,2026-01-28,472.5673,516.85,516.85
BRO,2006-10-02,12.0,13.0581,13.0581
BRO,2006-10-11,11.8133,13.0581,13.0581
BRO,2007-10-22,10.4435,11.8347,11.8347
BRO,2008-10-10,7.4062,11.2798,11.2798
BRO,2009-06-23,7.992,8.451,8.451
BRO,2011-04-18,11.061,11.5793,11.5793
BRO,2012-07-20,11.2499,12.2643,12.2643
BRO,2012-07-23,11.1251,12.2643,12.2643
BRO,2013-11-04,13.9596,14.9013,14.9013
BRO,2017-01-12,20.2823,21.1782,21.1782
BRO,2017-01-24,19.9563,21.1782,21.1782
BRO,2017-01-30,19.5506,21.1782,21.1782
BRO,2020-02-24,45.1858,46.6759,46.6759
BSX,2005-12-05,25.6535,27.82,27.82
BSX,2005-12-29,24.5309,27.82,27.82
BSX,2005-12-30,24.3511,27.82,27.82
BSX,2006-01-03,24.144,27.82,27.82
BSX,2007-02-06,17.4742,18.69,18.69
BSX,2009-09-02,10.9757,11.67,11.67
BSX,2010-01-28,8.6914,9.79,9.79
BSX,2011-09-06,6.1996,7.55,7.55
BSX,2011-09-09,6.1935,7.55,7.55
BSX,2011-09-12,6.1074,7.55,7.55
BSX,2012-03-05,5.8382,6.41,6.41
BSX,2014-02-03,12.9816,14.08,14.08
BSX,2014-02-04,12.8409,14.08,14.08
BSX,2014-02-05,12.4935,14.08,14.08
BSX,2014-03-03,12.8146,14.08,14.08
BSX,2019-07-24,41.5912,43.66,43.66
BSX,2020-09-17,39.526,42.37,42.37
BSX,2025-09-10,104.9963,109.5,109.5
BSX,2025-09-12,102.4806,109.5,109.5
BX,2010-04-16,6.6736,7.0604,7.0604
BX,2010-04-28,6.4028,7.0604,7.0604
BX,2010-05-04,6.1933,7.0604,7.0604
BX,2010-05-05,6.034,7.0604,7.0604
BX,2012-03-02,7.3892,8.4277,8.4277
BX,2015-11-09,20.0135,21.6883,21.6883
BX,2015-11-10,19.6823,21.6883,21.6883
BX,2015-11-13,19.0753,21.6883,21.6883
BX,2015-12-08,18.335,21.6883,21.6883
BX,2016-05-13,16.5546,18.9227,18.9227
BX,2018-02-02,24.837,26.8343,26.8343
BX,2018-02-05,24.4632,26.8343,26.8343
BX,2018-02-06,23.9627,26.8343,26.8343
BX,2018-03-02,23.8065,26.8343,26.8343
BX,2022-02-24,99.6026,120.6279,120.6279
BX,2022-08-22,88.4996,99.1587,99.1587
BX,2022-09-01,82.4159,99.1587,99.1587
BX,2024-01-03,114.2148,124.845,124.845
BX,2026-01-07,151.0726,162.0071,162.0071
BXP,2007-02-09,57.7772,61.7027,61.7027
BXP,2007-02-26,55.6977,61.7027,61.7027
BXP,2008-05-09,49.5493,54.2991,54.2991
BXP,2008-06-02,48.2833,54.2991,54.2991
BXP,2008-06-10,47.293,54.2991,54.2991
BXP,2008-06-24,47.2931,54.2991,54.2991
BXP,2013-05-29,64.2685,68.2647,68.2647
BXP,2016-08-24,94.8152,97.3515,97.3515
BXP,2018-01-10,87.1666,91.8247,91.8247
BXP,2018-01-11,86.6673,91.8247,91.8247
BXP,2023-02-24,55.8349,66.8131,66.8131
BXP,2024-01-17,59.8752,65.6021,65.6021
BXP,2025-10-08,72.2249,77.799,77.799
BXP,2026-01-28,62.9248,72.4306,72.4306
C,2008-05-07,174.7007,194.0562,194.0562
C,2008-11-06,85.0759,171.8006,171.8006
C,2013-06-05,37.106,39.8437,39.8437
C,2014-03-12,35.6352,37.5229,37.5229
C,2015-08-12,42.3283,45.4482,45.4482
C,2015-12-09,39.1137,42.1745,42.1745
C,2023-02-10,44.6299,47.7295,47.7295
C,2023-02-21,45.0572,47.7295,47.7295
C,2023-07-06,41.3908,45.2408,45.2408
CAG,2005-11-15,8.7552,9.4356,9.4356
CAG,2007-01-18,10.5936,11.244,11.244
CAG,2007-01-26,10.3642,11.244,11.244
CAG,2007-01-30,10.2715,11.244,11.244
CAG,2008-01-15,9.265,10.7071,10.7071
CAG,2008-06-13,9.4617,10.17,10.17
CAG,2012-02-16,12.6827,12.9763,12.9763
CAG,2015-08-20,23.4324,24.2679,24.2679
CAG,2017-03-08,28.561,29.563,29.563
CAG,2017-03-21,28.736,29.563,29.563
CAG,2017-06-29,25.7211,28.6875,28.6875
CAG,2019-05-02,22.3613,23.3557,23.3557
CAG,2020-08-28,29.343,30.5603,30.5603
CAG,2020-09-03,28.9597,30.5603,30.5603
CAG,2020-09-04,28.4713,30.5603,30.5603
CAG,2023-01-18,32.2975,34.6958,34.6958
CAG,2023-03-01,30.2137,34.6958,34.6958
CAG,2023-03-09,29.6016,34.6958,34.6958
CAH,2008-06-10,25.1406,26.5271,26.5271
CAH,2010-07-01,22.3583,24.2296,24.2296
CAH,2015-04-28,65.8671,68.197,68.197
CAH,2017-07-27,59.1842,62.1904,62.1904
CAH,2018-01-30,56.6594,59.8142,59.8142
CAH,2018-12-10,42.0429,47.2441,47.2441
CAH,2021-04-27,53.0824,55.7986,55.7986
CAH,2021-05-05,53.3012,55.7986,55.7986
CAH,2022-11-11,69.5924,76.8101,76.8101
CAH,2024-03-13,107.279,111.8125,111.8125
CAH,2024-04-09,104.7764,112.5008,112.5008
CARR,2021-09-13,52.1928,55.2564,55.2564
CAT,2007-08-15,46.3353,54.0855,54.0855
CAT,2007-10-15,48.3865,51.4372,51.4372
CAT,2007-10-17,47.704,51.4372,51.4372
CAT,2007-10-18,47.2983,51.4372,51.4372
CAT,2008-05-23,51.1237,54.2391,54.2391
CAT,2010-05-05,43.8801,49.3981,49.3981
CAT,2012-03-02,78.8467,82.1629,82.1629
CAT,2013-02-07,68.7997,71.6274,71.6274
CAT,2018-01-25,138.4642,145.1137,145.1137
CAT,2018-10-09,126.9144,135.6169,135.6169
CAT,2026-03-03,710.0125,789.81,789.81
CAT,2026-03-05,696.579,789.81,789.81
CB,2006-03-23,36.3184,38.1118,38.1118
CB,2007-10-16,42.0255,44.0969,44.0969
CB,2007-10-17,41.8654,44.0969,44.0969
CBOE,2012-04-09,22.4687,24.3144,24.3144
CBOE,2014-04-02,46.8946,50.7102,50.7102
CBOE,2014-04-03,46.4774,50.7102,50.7102
CBOE,2015-12-01,61.5725,63.4001,63.4001
CBOE,2018-12-03,94.1047,104.4179,104.4179
CBRE,2006-05-12,27.5141,29.83,29.83
CBRE,2013-06-19,22.1473,25.37,25.37
CBRE,2015-05-06,36.659,39.77,39.77
CBRE,2015-07-27,37.2221,38.76,38.76
CBRE,2015-07-29,36.9056,38.76,38.76
CBRE,2016-04-29,29.5538,31.31,31.31
CBRE,2016-05-03,28.9283,31.31,31.31
CBRE,2016-05-19,27.426,31.31,31.31
CBRE,2023-03-02,82.1923,89.58,89.58
CBRE,2023-03-09,81.3296,89.58,89.58
CBRE,2025-02-21,135.78,147.75,147.75
CCEP,2008-10-06,4.8,6.3062,6.3062
CCEP,2011-07-18,13.7453,14.7527,14.7527
CCEP,2014-07-28,25.0505,25.8931,25.8931
CCEP,2015-08-24,26.804,28.9997,28.9997
CCEP,2015-09-28,25.3473,28.9997,28.9997
CCEP,2016-10-10,29.1806,31.6905,31.6905
CCEP,2016-10-11,28.9405,31.6905,31.6905
CCEP,2021-06-24,52.6471,54.3105,54.3105
CCEP,2021-06-25,52.452,54.3105,54.3105
CCEP,2023-08-01,58.2656,61.6711,61.6711
CCEP,2024-09-25,75.5674,78.8406,78.8406
CCEP,2026-03-04,103.0943,110.9,110.9
CCI,2008-06-04,24.9941,26.7485,26.7485
CCI,2008-06-05,24.6648,26.7485,26.7485
CCI,2008-06-06,24.4312,26.7485,26.7485
CCI,2008-06-24,24.6378,26.7485,26.7485
CCI,2008-08-26,22.3562,24.0699,24.0699
CCI,2010-01-12,23.6035,25.0473,25.0473
CCI,2011-08-08,23.9391,27.7135,27.7135
CCI,2013-11-08,45.1774,47.7687,47.7687
CCI,2016-07-19,66.1198,69.2622,69.2622
CCI,2016-07-26,64.8843,69.2622,69.2622
CCI,2022-04-26,155.4321,164.8039,164.8039
CCI,2022-04-27,154.4945,164.8039,164.8039
CCI,2022-04-28,153.8769,164.8039,164.8039
CCI,2023-02-27,111.2696,130.5672,130.5672
CCI,2024-01-16,99.1688,105.6637,105.6637
CCI,2025-08-26,98.0384,113.1323,113.1323
CCL,2005-12-15,36.2201,37.4081,37.4081
CCL,2006-02-21,34.5729,37.4816,37.4816
CCL,2006-03-21,33.1207,37.4816,37.4816
CCL,2006-03-22,32.9633,37.4816,37.4816
CCL,2007-10-15,34.4064,36.3461,36.3461
CCL,2008-04-23,27.8911,30.9494,30.9494
CCL,2008-04-24,27.5195,30.9494,30.9494
CCL,2011-01-20,34.3189,36.1105,36.1105
CCL,2020-01-23,48.0746,51.1046,51.1046
CCL,2021-06-10,29.3337,31.375,31.375
CCL,2021-10-18,22.7224,27.264,27.264
CCL,2023-08-18,15.3553,19.46,19.46
CCL,2023-09-05,15.0834,19.46,19.46
CCL,2023-09-21,14.3662,19.46,19.46
CDNS,2006-05-22,18.0854,19.65,19.65
CDNS,2006-05-23,18.0013,19.65,19.65
CDNS,2007-06-18,21.9162,24.9,24.9
CDNS,2007-07-26,21.896,24.9,24.9
CDNS,2008-09-12,7.4636,8.48,8.48
CDNS,2012-04-09,11.5072,12.6,12.6
CDNS,2022-01-04,175.6272,192.7,192.7
CDNS,2025-01-13,291.3467,326.19,326.19
CDW,2015-12-18,37.2476,41.4161,41.4161
CDW,2024-04-02,244.4727,252.0099,252.0099
CDW,2024-04-15,233.2228,255.8865,255.8865
CDW,2024-04-17,229.7324,255.8865,255.8865
CDW,2025-02-28,173.3655,218.5065,218.5065
CDW,2025-06-02,171.1828,189.1259,189.1259
CDW,2025-10-09,149.592,169.9313,169.9313
CF,2006-03-21,2.2188,2.6316,2.6316
CF,2006-04-05,2.2476,2.6316,2.6316
CF,2006-04-28,2.3225,2.6316,2.6316
CF,2006-06-06,2.1415,2.6316,2.6316
CF,2006-06-07,2.1137,2.6316,2.6316
CF,2006-06-08,2.0825,2.6316,2.6316
CF,2006-06-09,2.046,2.6316,2.6316
CF,2008-09-02,19.0277,23.238,23.238
CF,2008-09-03,18.3448,23.238,23.238
CF,2010-04-13,12.3605,15.3426,15.3426
CF,2010-04-19,12.0845,15.3426,15.3426
CF,2023-10-03,77.138,82.8218,82.8218
CF,2023-10-04,76.3839,82.8218,82.8218
CF,2023-10-06,75.5642,82.8218,82.8218
CFG,2015-06-25,18.6009,19.5404,19.5404
CFG,2015-06-26,18.5582,19.5404,19.5404
CFG,2015-12-09,17.7333,18.6399,18.6399
CFG,2015-12-11,17.55,18.6399,18.6399
CFG,2019-03-05,26.6245,27.7927,27.7927
CFG,2020-01-15,29.4385,31.0131,31.0131
CFG,2025-02-13,43.9597,46.7463,46.7463
CFG,2025-02-21,43.1896,46.7463,46.7463
CFG,2025-02-24,42.7049,46.7463,46.7463
CFG,2025-03-04,41.9732,46.7463,46.7463
CFG,2026-02-12,64.7563,68.79,68.79
CFG,2026-02-27,60.103,68.79,68.79
CHD,2005-10-12,6.626,7.6305,7.6305
CHD,2005-11-03,6.5569,7.6305,7.6305
CHD,2007-05-08,9.8191,10.2971,10.2971
CHD,2008-09-19,12.0352,12.8466,12.8466
CHD,2012-07-23,23.2371,24.3706,24.3706
CHD,2012-07-24,23.0685,24.3706,24.3706
CHD,2016-06-17,43.1329,47.2981,47.2981
CHD,2020-10-05,84.7233,92.721,92.721
CHD,2021-04-26,80.9582,85.0434,85.0434
CHD,2022-01-24,95.9816,99.6669,99.6669
CHD,2022-07-21,88.1926,92.2339,92.2339
CHD,2025-04-04,104.6644,114.9643,114.9643
CHD,2026-03-05,99.8503,106.04,106.04
CHRW,2007-05-24,33.541,38.4435,38.4435
CHRW,2007-06-06,33.8541,38.4435,38.4435
CHRW,2011-07-14,55.9865,58.8781,58.8781
CHRW,2011-07-15,55.7234,58.8781,58.8781
CHRW,2011-07-18,55.3928,58.8781,58.8781
CHRW,2013-01-31,48.0456,49.9366,49.9366
CHRW,2017-03-24,62.8911,66.0382,66.0382
CHRW,2019-02-27,76.0744,78.4587,78.4587
CHRW,2019-03-04,75.359,78.4587,78.4587
CHRW,2019-03-07,73.9397,78.4587,78.4587
CHRW,2019-03-08,73.4635,78.4587,78.4587
CHRW,2023-08-11,89.2023,94.737,94.737
CHRW,2023-08-14,88.2879,94.737,94.737
CHRW,2024-01-30,80.4973,85.4327,85.4327
CHTR,2010-07-16,34.6207,39.99,39.99
CHTR,2014-01-16,132.6996,144.02,144.02
CHTR,2015-08-06,176.7817,199.0,199.0
CHTR,2015-08-24,170.116,199.0,199.0
CHTR,2025-05-29,392.1348,437.06,437.06
CI,2006-04-06,38.9434,40.3444,40.3444
CI,2007-06-13,48.2673,52.1728,52.1728
CI,2008-01-17,47.8112,51.628,51.628
CI,2008-01-18,46.4829,51.628,51.628
CI,2008-01-22,45.2464,51.628,51.628
CI,2008-01-23,44.1386,51.628,51.628
CI,2012-04-26,43.032,45.5167,45.5167
CI,2015-07-07,138.6182,155.954,155.954
CI,2015-07-24,132.4409,155.954,155.954
CI,2025-04-07,307.4558,338.6392,338.6392
CI,2025-07-29,283.9898,335.3035,335.3035
CI,2026-03-03,276.2359,297.8,297.8
CIEN,2006-04-05,33.6446,39.34,39.34
CIEN,2006-09-27,26.881,30.87,30.87
CIEN,2007-11-09,44.2618,49.55,49.55
CIEN,2007-11-12,43.5467,49.55,49.55
CIEN,2010-05-06,16.7599,19.48,19.48
CIEN,2010-05-07,15.7994,19.48,19.48
CIEN,2010-05-20,14.6909,19.48,19.48
CIEN,2011-03-07,25.6404,29.24,29.24
CIEN,2015-12-03,24.3458,25.46,25.46
CIEN,2015-12-08,24.1605,25.46,25.46
CIEN,2015-12-09,23.9766,25.46,25.46
CIEN,2017-07-27,25.4381,27.98,27.98
CIEN,2018-03-28,25.3043,27.73,27.73
CIEN,2018-04-04,24.7075,27.73,27.73
CIEN,2020-08-18,58.6436,61.52,61.52
CIEN,2021-07-07,56.3001,61.09,61.09
CIEN,2023-01-20,49.0189,53.16,53.16
CIEN,2023-02-03,49.8157,53.16,53.16
CIEN,2023-02-06,49.3962,53.16,53.16
CIEN,2023-02-07,48.9551,53.16,53.16
CINF,2006-01-03,21.626,22.4487,22.4487
CINF,2007-05-31,23.1264,24.7382,24.7382
CINF,2007-10-17,22.4567,23.364,23.364
CINF,2007-10-18,22.185,23.364,23.364
CINF,2008-10-10,9.3718,19.0129,19.0129
CINF,2008-11-21,12.1015,19.0129,19.0129
CINF,2009-05-04,12.5453,15.0866,15.0866
CINF,2013-12-03,36.2257,37.3036,37.3036
CINF,2013-12-04,36.0389,37.3036,37.3036
CINF,2022-04-25,122.761,130.053,130.053
CINF,2023-03-01,109.9787,120.9604,120.9604
CINF,2023-08-21,97.1978,104.9496,104.9496
CINF,2024-12-09,149.2762,157.2091,157.2091
CL,2008-09-17,25.177,26.5781,26.5781
CL,2008-09-18,24.9476,26.5781,26.5781
CL,2009-12-18,27.7029,29.7819,29.7819
CL,2010-01-08,27.5203,29.7819,29.7819
CL,2010-01-11,27.1159,29.7819,29.7819
CL,2010-04-19,28.5368,29.7819,29.7819
CL,2010-04-23,28.5414,29.7819,29.7819
CL,2013-12-02,49.0687,50.0281,50.0281
CL,2013-12-03,48.9322,50.0281,50.0281
CL,2021-01-04,74.0404,76.3452,76.3452
CL,2021-06-01,73.5884,75.8634,75.8634
CL,2022-01-11,74.8806,77.3665,77.3665
CL,2022-01-13,74.1653,77.3665,77.3665
CL,2022-01-26,73.3153,77.3665,77.3665
CL,2022-02-14,70.9496,77.3665,77.3665
CL,2022-08-24,74.0096,77.065,77.065
CL,2023-05-18,74.0608,76.9476,76.9476
CL,2025-04-07,86.5777,97.7708,97.7708
CL,2025-06-05,87.8066,97.7708,97.7708
CL,2026-03-03,94.6892,99.33,99.33
CLX,2008-04-09,32.3491,37.1333,37.1333
CLX,2008-04-10,32.1759,37.1333,37.1333
CLX,2008-09-19,35.9205,38.3032,38.3032
CLX,2008-10-08,34.2778,38.3149,38.3149
CLX,2008-10-10,32.919,38.3149,38.3149
CLX,2008-11-21,33.138,38.3149,38.3149
CLX,2013-04-30,59.1179,62.1713,62.1713
CLX,2015-03-11,78.2153,82.0364,82.0364
CLX,2021-03-18,154.4638,196.219,196.219
CLX,2021-04-14,157.562,196.219,196.219
CLX,2021-04-30,155.0096,196.219,196.219
CLX,2021-05-03,151.3434,196.219,196.219
CLX,2021-06-14,148.4729,196.219,196.219
CLX,2024-12-18,153.4046,163.3606,163.3606
CMCSA,2005-11-30,5.5617,6.1476,6.1476
CMCSA,2008-06-11,6.8403,7.2932,7.2932
CMCSA,2008-06-12,6.7932,7.2932,7.2932
CMCSA,2008-06-16,6.7312,7.2932,7.2932
CMCSA,2008-09-05,6.5747,7.2159,7.2159
CMCSA,2008-09-16,6.5079,7.2159,7.2159
CMCSA,2011-05-25,8.1486,9.1522,9.1522
CMCSA,2014-02-19,18.2085,19.6186,19.6186
CMCSA,2017-06-08,30.6111,31.6335,31.6335
CMCSA,2017-06-09,30.4067,31.6335,31.6335
CMCSA,2017-06-20,30.1661,31.6335,31.6335
CMCSA,2017-06-29,28.7232,31.6335,31.6335
CMCSA,2023-09-01,39.2199,40.8597,40.8597
CMCSA,2024-04-09,35.2131,38.1041,38.1041
CMCSA,2025-07-16,31.458,33.3649,33.3649
CME,2006-04-25,47.4884,50.773,50.773
CME,2006-05-17,44.5139,50.773,50.773
CME,2006-05-22,43.1506,50.773,50.773
CME,2006-05-24,42.3657,50.773,50.773
CME,2010-01-20,35.0571,37.5636,37.5636
CME,2012-04-17,31.2569,34.2811,34.2811
CME,2012-04-18,31.1159,34.2811,34.2811
CME,2013-12-30,48.8898,51.4002,51.4002
CME,2014-01-02,48.471,51.4002,51.4002
CME,2014-01-08,48.0763,51.4002,51.4002
CME,2014-01-10,47.7421,51.4002,51.4002
CME,2015-08-12,63.1626,66.864,66.864
CME,2015-08-20,63.3736,66.864,66.864
CME,2018-11-28,143.3588,151.5851,151.5851
CME,2024-04-09,197.2507,208.7374,208.7374
CMG,2006-05-31,1.1446,1.3554,1.3554
CMG,2006-06-08,1.1223,1.3554,1.3554
CMG,2009-08-14,1.7456,1.9442,1.9442
CMG,2009-08-17,1.7192,1.9442,1.9442
CMG,2015-08-20,14.7014,15.1722,15.1722
CMG,2016-10-11,8.3611,8.8826,8.8826
CMG,2021-02-17,29.1332,31.2982,31.2982
CMG,2021-02-23,28.0477,31.2982,31.2982
CMG,2025-07-17,52.5487,58.42,58.42
CMG,2025-07-22,51.5926,58.42,58.42
CMI,2012-04-11,77.3097,90.9097,90.9097
CMI,2015-05-28,103.7859,106.5863,106.5863
CMI,2024-12-11,361.5618,379.016,379.016
CMS,2006-02-01,7.7587,8.267,8.267
CMS,2006-02-02,7.7069,8.267,8.267
CMS,2006-02-03,7.6197,8.267,8.267
CMS,2006-02-14,7.525,8.267,8.267
CMS,2006-02-27,7.6341,8.267,8.267
CMS,2006-02-28,7.607,8.267,8.267
CMS,2007-05-25,9.7012,10.6224,10.6224
CMS,2007-06-06,9.5666,10.6224,10.6224
CMS,2008-01-02,9.3613,9.9042,9.9042
CMS,2013-05-06,19.5519,20.2647,20.2647
CMS,2016-08-03,33.171,34.6477,34.6477
CMS,2016-08-05,32.9238,34.6477,34.6477
CMS,2016-08-08,32.7808,34.6477,34.6477
CMS,2022-04-25,62.2631,65.089,65.089
CMS,2022-08-24,61.5592,63.6661,63.6661
CMS,2022-08-29,61.0823,63.6661,63.6661
CNC,2006-03-17,7.021,7.3575,7.3575
CNC,2006-04-21,6.9657,7.565,7.565
CNC,2007-02-06,6.065,6.7375,6.7375
CNC,2007-02-07,5.9628,6.7375,6.7375
CNC,2007-03-14,5.4717,6.7375,6.7375
CNC,2007-03-28,5.2218,6.7375,6.7375
CNC,2008-01-09,6.7059,7.1225,7.1225
CNC,2008-01-22,6.1572,7.1225,7.1225
CNC,2008-09-16,5.6225,6.11,6.11
CNC,2009-02-23,4.9622,5.625,5.625
CNC,2009-07-17,4.4504,5.25,5.25
CNC,2010-04-28,5.8694,6.4875,6.4875
CNC,2011-06-10,8.2175,9.8125,9.8125
CNC,2011-07-29,8.1809,9.8375,9.8375
CNC,2018-09-17,70.7255,74.12,74.12
CNC,2018-10-08,70.635,74.12,74.12
CNC,2019-02-27,61.6135,69.245,69.245
CNC,2020-05-27,62.6644,74.7,74.7
CNC,2025-05-23,56.2762,66.03,66.03
CNC,2025-06-23,53.1182,66.03,66.03
CNP,2006-01-23,5.795,6.0877,6.0877
CNP,2008-06-26,7.9444,8.672,8.672
CNP,2009-02-10,6.9516,7.4981,7.4981
CNP,2009-02-11,6.8806,7.4981,7.4981
CNP,2009-02-12,6.8002,7.4981,7.4981
CNP,2013-09-04,14.5878,16.4631,16.4631
CNP,2020-12-02,19.703,22.0576,22.0576
CNP,2022-09-29,26.2737,30.5815,30.5815
CNP,2022-12-16,27.4896,28.9529,28.9529
CNP,2023-01-03,27.1147,28.9529,28.9529
CNP,2023-09-01,25.7806,29.2602,29.2602
CNP,2023-09-05,25.5919,29.2602,29.2602
CNP,2023-09-25,26.38,29.2602,29.2602
COF,2007-06-21,58.3238,60.193,60.193
COF,2008-04-14,34.7174,42.3922,42.3922
COF,2008-04-15,33.9094,42.3922,42.3922
COF,2008-05-20,36.7803,42.5693,42.5693
COF,2008-10-09,24.1281,47.5876,47.5876
COF,2008-11-21,17.8285,47.5876,47.5876
COF,2010-05-06,32.8286,37.3452,37.3452
COF,2010-06-08,29.8585,37.3452,37.3452
COF,2011-05-24,41.5696,44.2622,44.2622
COF,2014-07-17,66.7532,69.1577,69.1577
COF,2015-11-12,64.247,67.8606,67.8606
COF,2017-03-15,76.5461,82.8914,82.8914
COF,2018-09-26,84.5051,88.9748,88.9748
COF,2021-08-19,154.2599,164.2298,164.2298
COF,2021-08-20,152.845,164.2298,164.2298
COF,2023-03-02,100.6817,116.9425,116.9425
COIN,2021-05-19,219.7503,306.98,306.98
COIN,2021-11-10,322.1796,368.9,368.9
COIN,2022-09-19,68.4347,116.3,116.3
COIN,2022-09-20,66.1814,116.3,116.3
COIN,2024-04-02,237.2045,283.48,283.48
COO,2007-07-26,12.8456,13.9827,13.9827
COO,2007-07-30,12.6473,13.9827,13.9827
COO,2009-05-28,6.4338,7.5725,7.5725
COO,2013-10-07,31.1976,33.7642,33.7642
COO,2019-08-02,82.9593,85.7669,85.7669
COO,2021-09-13,109.5078,115.8585,115.8585
COO,2021-09-20,107.0409,115.8585,115.8585
COO,2021-09-28,105.4205,115.8585,115.8585
COO,2022-01-06,101.1952,107.3714,107.3714
COO,2022-04-18,98.6079,107.4445,107.4445
COO,2022-08-19,80.6174,84.3786,84.3786
COO,2023-08-08,95.4862,99.8972,99.8972
COO,2023-08-11,93.5481,99.8972,99.8972
COO,2023-08-18,91.1221,99.8972,99.8972
COO,2023-09-01,91.122,99.8972,99.8972
COO,2024-04-01,98.9952,104.07,104.07
COO,2024-10-02,107.3845,112.38,112.38
COO,2024-10-03,106.7436,112.38,112.38
COO,2026-03-05,80.0021,89.83,89.83
COP,2007-08-06,30.5045,36.4365,36.4365
COP,2007-08-16,30.3614,36.4365,36.4365
COP,2009-11-20,22.4076,23.4632,23.4632
COP,2010-05-06,23.8146,26.5062,26.5062
COP,2011-08-03,32.3582,36.791,36.791
COP,2013-11-01,48.3905,49.9377,49.9377
COP,2016-05-03,32.9796,36.3099,36.3099
COP,2017-04-27,35.4708,38.103,38.103
COP,2017-05-02,34.9981,38.103,38.103
COP,2017-05-04,34.5052,38.103,38.103
COP,2019-07-25,46.5981,49.8051,49.8051
COP,2019-07-26,46.2794,49.8051,49.8051
COP,2019-07-29,45.9915,49.8051,49.8051
COP,2019-07-30,45.5541,49.8051,49.8051
COP,2019-08-02,44.5598,49.8051,49.8051
COP,2020-01-23,49.6295,53.4885,53.4885
COP,2023-11-07,106.1891,118.2177,118.2177
COR,2008-09-02,13.6114,14.9544,14.9544
COR,2011-11-21,25.4064,29.542,29.542
COR,2012-01-26,26.9132,29.542,29.542
COR,2012-02-13,26.0607,29.542,29.542
COR,2012-04-09,26.6018,29.542,29.542
COR,2015-06-05,81.3936,88.6311,88.6311
COR,2017-07-06,70.2316,74.3448,74.3448
COR,2017-08-02,69.0019,74.3448,74.3448
COR,2018-01-30,77.9749,81.4977,81.4977
COR,2018-01-31,76.1346,81.4977,81.4977
COR,2018-02-01,75.2022,81.4977,81.4977
COR,2019-07-17,68.9401,76.4112,76.4112
COST,2007-12-13,47.2461,50.3466,50.3466
COST,2009-01-07,34.7892,39.3694,39.3694
COST,2009-01-14,33.3073,39.3694,39.3694
COST,2009-01-21,32.6383,39.3694,39.3694
COST,2013-12-02,98.4023,100.5013,100.5013
COST,2013-12-03,98.015,100.5013,100.5013
COST,2013-12-04,97.6053,100.5013,100.5013
COST,2015-03-26,124.5232,128.7343,128.7343
COST,2021-01-07,347.9225,367.1822,367.1822
COST,2021-01-08,346.3695,367.1822,367.1822
COST,2022-08-23,516.3622,541.0555,541.0555
CPAY,2011-05-04,33.2088,38.0,38.0
CPAY,2014-12-01,146.4883,160.4,160.4
CPAY,2015-06-04,150.6848,165.67,165.67
CPAY,2015-07-07,152.6901,165.67,165.67
CPAY,2015-12-03,148.2581,157.97,157.97
CPAY,2015-12-07,146.7064,157.97,157.97
CPAY,2015-12-08,145.5037,157.97,157.97
CPAY,2017-03-22,157.1172,171.78,171.78
CPAY,2017-03-27,155.3173,171.78,171.78
CPAY,2018-10-04,220.6606,230.24,230.24
CPAY,2021-05-06,282.3418,295.36,295.36
CPAY,2021-05-11,275.2985,295.36,295.36
CPB,2005-10-07,15.5664,16.8264,16.8264
CPB,2016-08-24,43.7204,49.3737,49.3737
CPB,2017-02-16,45.9011,47.3667,47.3667
CPB,2018-08-28,30.5881,33.912,33.912
CPB,2018-08-30,30.1673,33.912,33.912
CPB,2018-09-25,30.1158,33.912,33.912
CPB,2018-09-26,29.9881,33.912,33.912
CPB,2021-03-10,37.8101,44.9796,44.9796
CPB,2021-04-09,40.2128,44.9796,44.9796
CPB,2023-04-19,48.6422,50.2668,50.2668
CPB,2023-04-21,48.0452,50.2668,50.2668
CPB,2023-04-24,47.7374,50.2668,50.2668
CPB,2025-04-07,36.3803,41.7337,41.7337
CPRT,2006-04-06,1.6677,1.7413,1.7413
CPRT,2007-01-18,1.8641,1.9638,1.9638
CPRT,2008-01-15,2.4749,2.7044,2.7044
CPRT,2008-06-26,2.8199,3.0838,3.0838
CPRT,2010-07-01,2.1964,2.3606,2.3606
CPRT,2010-07-02,2.1741,2.3606,2.3606
CPRT,2010-07-06,2.157,2.3606,2.3606
CPRT,2010-07-19,2.1893,2.3606,2.3606
CPRT,2015-02-25,4.6182,4.7787,4.7787
CPRT,2015-03-26,4.5382,4.8125,4.8125
CPRT,2025-05-20,61.4662,63.85,63.85
CPRT,2025-05-21,61.0621,63.85,63.85
CPRT,2025-05-22,60.5977,63.85,63.85
CPRT,2025-10-16,43.4602,50.11,50.11
CPT,2007-10-12,29.6714,31.1676,31.1676
CPT,2008-05-05,24.2679,26.454,26.454
CPT,2008-05-06,23.9826,26.454,26.454
CPT,2009-01-12,13.7289,16.9707,16.9707
CPT,2011-07-28,38.0885,39.8328,39.8328
CPT,2011-07-29,37.8216,39.8328,39.8328
CPT,2011-08-03,36.4321,39.8328,39.8328
CPT,2013-05-22,44.4422,46.3339,46.3339
CPT,2015-01-29,51.3091,53.0853,53.0853
CPT,2015-08-20,52.0301,54.1057,54.1057
CPT,2017-01-11,60.6079,63.4379,63.4379
CPT,2017-01-12,60.2113,63.4379,63.4379
CPT,2017-10-18,69.8462,72.4298,72.4298
CPT,2017-10-24,69.0254,72.4298,72.4298
CPT,2017-10-26,68.462,72.4298,72.4298
CPT,2017-10-27,68.1033,72.4298,72.4298
CPT,2017-12-19,69.4393,72.4298,72.4298
CPT,2020-06-24,72.5159,83.7141,83.7141
CPT,2022-04-28,139.5919,153.054,153.054
CPT,2025-03-11,115.0805,121.8545,121.8545
CRH,2007-07-20,25.9357,28.3252,28.3252
CRH,2007-07-23,25.5848,28.3252,28.3252
CRH,2008-04-24,20.0118,21.9808,21.9808
CRH,2018-01-31,29.8746,31.4289,31.4289
CRH,2022-01-18,46.3325,48.3997,48.3997
CRH,2024-04-02,82.2679,86.2874,86.2874
CRH,2024-04-09,81.6357,86.2874,86.2874
CRH,2024-04-10,80.7736,86.2874,86.2874
CRH,2025-02-21,99.1805,110.1062,110.1062
CRH,2025-02-24,97.9285,110.1062,110.1062
CRL,2008-01-17,65.8776,69.04,69.04
CRL,2008-09-11,63.6611,69.19,69.19
CRL,2008-10-06,51.1471,69.19,69.19
CRL,2010-07-01,33.3256,37.13,37.13
CRL,2011-05-03,41.4279,42.84,42.84
CRL,2011-05-04,40.3996,42.84,42.84
CRL,2011-05-25,37.6458,42.84,42.84
CRL,2011-06-02,37.5543,42.84,42.84
CRL,2011-06-03,37.3603,42.84,42.84
CRL,2019-07-11,136.4586,144.39,144.39
CRL,2024-08-02,227.9304,254.15,254.15
CRL,2024-08-05,223.2453,254.15,254.15
CRL,2024-12-19,180.3052,230.02,230.02
CRL,2025-03-20,164.6555,181.44,181.44
CRL,2025-03-21,162.705,181.44,181.44
CRM,2006-02-08,9.1381,10.6185,10.6185
CRM,2012-04-23,37.3895,40.6931,40.6931
CRM,2012-04-24,36.9118,40.6931,40.6931
CRM,2014-02-28,60.305,63.8739,63.8739
CRM,2016-06-13,79.928,83.4659,83.4659
CRM,2020-02-24,181.4537,193.3705,193.3705
CRM,2020-10-22,244.8525,281.0847,281.0847
CRM,2021-02-23,232.3522,248.2141,248.2141
CRM,2022-06-30,160.4237,190.367,190.367
CRM,2024-04-04,289.3269,314.8841,314.8841
CRWD,2024-07-10,371.7577,398.327,398.327
CRWD,2025-11-14,518.0279,566.9,566.9
CRWD,2025-11-21,487.753,566.9,566.9
CSCO,2010-05-04,17.0935,17.9492,17.9492
CSCO,2015-03-13,19.867,21.6376,21.6376
CSCO,2015-11-12,20.2607,21.5492,21.5492
CSCO,2022-03-24,47.8629,51.2662,51.2662
CSCO,2023-09-15,52.0439,54.2546,54.2546
CSCO,2023-09-19,51.7146,54.2546,54.2546
CSGP,2006-07-11,5.5697,6.26,6.26
CSGP,2006-07-13,5.4918,6.26,6.26
CSGP,2006-07-14,5.427,6.26,6.26
CSGP,2006-07-18,5.2923,6.26,6.26
CSGP,2008-10-16,3.5704,6.115,6.115
CSGP,2008-10-23,3.2162,6.115,6.115
CSGP,2008-10-24,3.0694,6.115,6.115
CSGP,2015-12-22,20.0199,21.175,21.175
CSGP,2021-02-16,87.897,95.276,95.276
CSGP,2021-02-23,84.7587,95.276,95.276
CSGP,2021-02-24,83.4514,95.276,95.276
CSGP,2021-02-25,81.9694,95.276,95.276
CSX,2008-06-03,5.2751,5.6989,5.6989
CSX,2008-06-11,5.1074,5.6989,5.6989
CSX,2008-06-24,5.0132,5.6989,5.6989
CSX,2008-07-01,4.8569,5.6989,5.6989
CSX,2015-06-24,9.557,10.5905,10.5905
CSX,2018-09-05,22.1423,22.9187,22.9187
CSX,2018-09-13,22.0565,22.9187,22.9187
CSX,2022-12-20,29.1861,31.8008,31.8008
CSX,2023-01-25,29.2954,31.8008,31.8008
CSX,2023-01-26,28.6683,31.8008,31.8008
CSX,2023-07-17,31.6399,33.0383,33.0383
CSX,2024-03-14,35.7484,38.826,38.826
CSX,2024-12-04,34.5639,36.2758,36.2758
CSX,2025-02-19,31.741,33.4521,33.4521
CTAS,2006-11-27,7.9943,8.3794,8.3794
CTAS,2008-09-19,5.8487,6.6008,6.6008
CTAS,2015-11-16,20.0036,21.0304,21.0304
CTAS,2018-09-19,48.4996,50.1768,50.1768
CTAS,2020-02-21,69.0909,71.8668,71.8668
CTAS,2022-12-15,107.9203,114.2249,114.2249
CTAS,2022-12-16,106.7941,114.2249,114.2249
CTAS,2025-06-09,221.7606,227.7024,227.7024
CTAS,2025-06-10,220.3999,227.7024,227.7024
CTAS,2025-06-11,219.2965,227.7024,227.7024
CTAS,2025-06-20,216.8719,227.7024,227.7024
CTRA,2008-07-03,11.0719,12.9873,12.9873
CTRA,2008-07-07,10.8764,12.9873,12.9873
CTRA,2008-07-08,10.6316,12.9873,12.9873
CTRA,2010-03-18,7.0819,7.6868,7.6868
CTRA,2016-10-07,17.8562,19.4912,19.4912
CTRA,2020-09-01,13.9385,17.3073,17.3073
CTRA,2020-09-08,13.5869,17.3073,17.3073
CTRA,2024-04-15,25.6219,27.2424,27.2424
CTRA,2024-04-16,25.4196,27.2424,27.2424
CTSH,2007-10-24,16.9814,18.9644,18.9644
CTSH,2015-11-04,57.9414,61.5683,61.5683
CTSH,2020-02-27,56.0667,64.9413,64.9413
CTSH,2025-02-28,81.3656,88.9223,88.9223
CTSH,2026-01-02,80.8485,86.4998,86.4998
CTSH,2026-01-29,81.4232,86.5894,86.5894
CTVA,2019-10-02,24.7009,30.2139,30.2139
CTVA,2019-10-03,24.4555,30.2139,30.2139
CTVA,2022-11-04,61.9828,65.8769,65.8769
CTVA,2022-12-15,58.1062,65.8769,65.8769
CTVA,2022-12-16,57.4916,65.8769,65.8769
CTVA,2026-03-05,76.4073,80.905,80.905
CVNA,2017-07-31,19.4428,23.7,23.7
CVNA,2018-10-02,53.1785,72.59,72.59
CVNA,2022-08-22,35.515,58.05,58.05
CVNA,2023-08-10,38.534,57.19,57.19
CVS,2018-01-30,61.6696,64.8602,64.8602
CVS,2019-12-10,59.7677,62.9739,62.9739
CVS,2020-01-08,58.9998,62.9739,62.9739
CVS,2020-01-23,59.6963,62.9739,62.9739
CVS,2021-05-26,73.169,77.4463,77.4463
CVS,2022-08-24,88.2361,94.2929,94.2929
CVS,2022-08-29,87.2545,94.2929,94.2929
CVS,2022-08-30,86.7577,94.2929,94.2929
CVS,2024-01-12,69.2989,76.0051,76.0051
CVS,2024-01-18,67.2702,76.0051,76.0051
CVS,2024-02-29,68.4672,76.0051,76.0051
CVS,2024-03-01,67.7197,76.0051,76.0051
CVX,2008-05-27,49.2504,51.7581,51.7581
CVX,2008-05-28,48.8381,51.7581,51.7581
CVX,2009-04-20,32.3724,37.9867,37.9867
CVX,2009-04-21,32.0828,37.9867,37.9867
CVX,2010-04-27,42.2159,43.8103,43.8103
CVX,2013-08-21,69.3381,74.9754,74.9754
CVX,2015-03-13,63.3143,70.4308,70.4308
CVX,2015-05-01,67.6566,70.4308,70.4308
CVX,2017-01-09,77.9324,80.2482,80.2482
CVX,2022-11-21,154.1918,164.3282,164.3282
CVX,2022-12-05,153.7187,164.3282,164.3282
CVX,2023-10-02,149.247,154.1757,154.1757
CVX,2024-05-03,144.5284,153.2816,153.2816
CVX,2024-05-22,145.756,153.2816,153.2816
D,2006-01-25,16.6791,17.745,17.745
D,2012-01-13,27.8114,29.673,29.673
D,2012-08-23,29.8952,31.381,31.381
D,2012-08-30,29.9217,31.381,31.381
D,2012-08-31,29.8292,31.381,31.381
D,2012-09-04,29.7394,31.381,31.381
D,2016-07-27,50.0037,51.7457,51.7457
D,2017-06-08,53.8453,55.5605,55.5605
D,2017-06-09,53.6225,55.5605,55.5605
D,2017-06-21,53.7635,55.5605,55.5605
D,2021-05-05,62.4343,64.9829,64.9829
D,2021-05-12,61.802,64.9829,64.9829
D,2021-05-25,60.755,64.9829,64.9829
D,2022-08-29,68.9057,72.088,72.088
DAL,2007-07-25,17.6491,18.7868,18.7868
DAL,2009-01-14,8.7999,10.9015,10.9015
DAL,2009-01-21,8.4945,10.9015,10.9015
DAL,2009-04-27,5.6526,7.1269,7.1269
DAL,2010-12-07,11.2631,12.5303,12.5303
DAL,2010-12-08,11.1336,12.5303,12.5303
DAL,2010-12-17,10.6908,12.5303,12.5303
DAL,2014-06-11,34.9891,37.0829,37.0829
DAL,2015-02-02,39.9438,44.5901,44.5901
DAL,2017-07-19,48.0943,50.3785,50.3785
DAL,2018-01-24,51.9369,55.6317,55.6317
DAL,2018-02-06,47.1162,55.6317,55.6317
DAL,2018-02-09,45.4996,55.6317,55.6317
DAL,2019-08-01,57.1739,60.6765,60.6765
DAL,2023-07-25,44.6568,48.3258,48.3258
DAL,2024-05-22,50.4028,52.7367,52.7367
DAL,2024-05-23,50.0405,52.7367,52.7367
DAL,2026-03-02,62.5795,76.183,76.183
DAL,2026-03-05,60.368,76.183,76.183
DASH,2022-08-09,70.5271,87.0,87.0
DASH,2024-04-19,125.8328,143.34,143.34
DASH,2026-01-12,209.0385,239.0,239.0
DASH,2026-02-03,200.1988,239.0,239.0
DD,2005-12-01,14.5755,15.5397,15.5397
DD,2005-12-16,14.3637,15.5397,15.5397
DD,2006-03-22,14.0234,14.6932,14.6932
DD,2006-03-29,13.7468,14.6932,14.6932
DD,2007-11-08,15.1695,16.7845,16.7845
DD,2008-01-07,13.2216,16.1016,16.1016
DD,2008-01-09,13.0583,16.1016,16.1016
DD,2008-05-21,14.8942,15.7028,15.7028
DD,2018-09-19,34.7083,36.725,36.725
DD,2018-12-06,28.5145,31.1121,31.1121
DD,2019-07-08,26.4119,28.2638,28.2638
DD,2019-12-03,23.1344,27.076,27.076
DD,2021-06-11,31.3979,32.9216,32.9216
DD,2023-10-02,29.0098,31.3173,31.3173
DD,2024-11-04,33.1133,36.5716,36.5716
DD,2024-12-04,33.5056,36.5716,36.5716
DD,2024-12-05,33.3339,36.5716,36.5716
DD,2025-03-13,30.4238,34.6738,34.6738
DD,2025-03-28,30.287,34.6738,34.6738
DD,2025-03-31,30.0665,34.6738,34.6738
DDOG,2020-10-21,101.4875,118.13,118.13
DDOG,2020-11-02,88.1954,118.13,118.13
DDOG,2021-11-23,168.3873,199.675,199.675
DDOG,2024-04-02,119.1209,138.61,138.61
DDOG,2025-01-16,135.5789,170.08,170.08
DDOG,2025-02-13,134.8628,170.08,170.08
DDOG,2025-02-24,114.7449,170.08,170.08
DDOG,2025-03-07,108.1903,170.08,170.08
DE,2006-05-15,29.3886,31.4733,31.4733
DE,2011-07-29,58.9581,65.8934,65.8934
DE,2011-08-01,58.7576,65.8934,65.8934
DE,2013-02-07,72.0553,74.7936,74.7936
DE,2013-06-11,66.6722,73.8817,73.8817
DE,2013-06-12,66.3374,73.8817,73.8817
DE,2018-02-01,146.0861,152.6285,152.6285
DE,2019-11-13,159.2041,165.5029,165.5029
DE,2019-11-20,156.6271,165.5029,165.5029
DE,2022-12-15,409.6083,428.7852,428.7852
DE,2022-12-16,406.4539,428.7852,428.7852
DE,2023-07-27,410.3714,434.2085,434.2085
DECK,2008-01-02,8.3443,9.25,9.25
DECK,2009-01-08,4.0951,4.7722,4.7722
DECK,2011-12-07,16.7777,19.8167,19.8167
DECK,2011-12-08,16.514,19.8167,19.8167
DECK,2011-12-14,15.8479,19.8167,19.8167
DECK,2016-09-01,10.6254,11.6567,11.6567
DECK,2016-09-02,10.5156,11.6567,11.6567
DECK,2021-09-02,67.4767,74.08,74.08
DECK,2021-09-03,66.7052,74.08,74.08
DECK,2021-09-08,66.746,74.08,74.08
DECK,2025-09-08,116.5054,126.5,126.5
DECK,2025-09-09,115.2091,126.5,126.5
DECK,2025-09-10,113.9395,126.5,126.5
DECK,2026-03-02,113.5294,122.29,122.29
DELL,2025-11-04,153.6562,167.3479,167.3479
DELL,2025-11-05,151.5316,167.3479,167.3479
DG,2011-01-05,25.9611,29.2107,29.2107
DG,2014-01-31,47.789,54.4984,54.4984
DG,2014-06-30,49.0219,57.1484,57.1484
DG,2016-08-02,82.032,85.3945,85.3945
DG,2016-08-03,81.6604,85.3945,85.3945
DG,2016-08-09,81.0958,85.3945,85.3945
DG,2023-05-22,199.6315,210.3627,210.3627
DG,2024-03-14,143.1787,155.2908,155.2908
DG,2024-04-09,146.1127,160.6927,160.6927
DG,2024-04-10,144.7032,160.6927,160.6927
DGX,2006-09-01,45.5395,46.9585,46.9585
DGX,2008-10-06,34.8058,44.1932,44.1932
DGX,2010-01-05,44.4846,46.7725,46.7725
DGX,2010-05-06,40.8488,45.0249,45.0249
DGX,2011-07-20,42.856,46.0668,46.0668
DGX,2013-06-05,47.2735,48.8798,48.8798
DGX,2017-07-25,91.0566,94.8279,94.8279
DGX,2018-06-27,92.4674,99.611,99.611
DGX,2020-08-10,108.6833,118.3559,118.3559
DGX,2020-08-11,107.657,118.3559,118.3559
DHI,2006-04-13,24.9626,26.9677,26.9677
DHI,2006-04-18,24.6503,26.9677,26.9677
DHI,2007-02-23,20.9928,24.3325,24.3325
DHI,2007-02-26,20.8188,24.3325,24.3325
DHI,2008-04-24,12.5227,14.5683,14.5683
DHI,2008-10-06,8.0182,12.6952,12.6952
DHI,2010-06-04,9.5402,12.9832,12.9832
DHI,2011-02-03,10.0233,11.4659,11.4659
DHI,2011-02-04,9.8831,11.4659,11.4659
DHI,2013-05-21,22.8712,24.2979,24.2979
DHI,2013-05-23,22.322,24.2979,24.2979
DHI,2015-12-18,27.3716,29.5229,29.5229
DHI,2018-01-25,45.7109,48.6829,48.6829
DHI,2021-12-20,96.6134,105.7108,105.7108
DHI,2022-01-06,97.0909,105.7108,105.7108
DHI,2025-09-15,169.5725,183.458,183.458
DHI,2025-09-16,167.4381,183.458,183.458
DHI,2025-09-22,162.0025,183.458,183.458
DHI,2026-02-25,155.8458,169.17,169.17
DHI,2026-03-03,149.0845,169.17,169.17
DHR,2006-05-15,13.1047,13.7288,13.7288
DHR,2008-08-20,16.2815,17.0949,17.0949
DHR,2011-05-25,21.3623,22.6813,22.6813
DHR,2012-04-09,21.9983,22.8707,22.8707
DHR,2014-06-25,32.0183,33.0144,33.0144
DHR,2016-08-16,68.2036,69.5267,69.5267
DHR,2016-08-18,67.9619,69.5267,69.5267
DHR,2022-08-18,253.0698,264.8094,264.8094
DHR,2022-12-19,225.3293,245.6208,245.6208
DHR,2022-12-20,222.7159,245.6208,245.6208
DHR,2024-09-03,261.4562,279.342,279.342
DHR,2024-09-04,259.4571,279.342,279.342
DIS,2007-05-30,28.5354,29.7607,29.7607
DIS,2007-06-06,28.2142,29.7607,29.7607
DIS,2008-06-02,27.5527,29.0268,29.0268
DIS,2008-06-03,27.4549,29.0268,29.0268
DIS,2008-06-30,25.8518,29.0268,29.0268
DIS,2011-03-14,35.9264,38.1456,38.1456
DIS,2011-03-15,35.6343,38.1456,38.1456
DIS,2013-05-23,57.2993,60.2983,60.2983
DIS,2020-01-24,136.6453,148.9878,148.9878
DIS,2022-09-06,106.0884,123.57,123.57
DIS,2024-04-25,108.3684,121.287,121.287
DIS,2025-01-13,106.4311,116.8148,116.8148
DIS,2025-01-16,105.1155,116.8148,116.8148
DIS,2025-07-15,118.1118,123.852,123.852
DIS,2026-01-20,109.0244,116.03,116.03
DLR,2007-11-27,17.1805,21.6604,21.6604
DLR,2008-10-06,19.3097,25.9285,25.9285
DLR,2008-10-10,17.407,25.9285,25.9285
DLR,2010-08-20,31.19,34.5655,34.5655
DLR,2010-08-24,30.8234,34.5655,34.5655
DLR,2010-09-22,32.7683,34.5754,34.5754
DLR,2010-10-06,32.321,34.5754,34.5754
DLR,2016-07-14,76.8499,81.4441,81.4441
DLR,2016-07-15,76.1665,81.4441,81.4441
DLR,2024-12-09,180.2671,190.827,190.827
DLTR,2013-10-30,58.332,60.19,60.19
DLTR,2015-03-24,81.2218,84.22,84.22
DLTR,2018-02-01,112.0389,116.65,116.65
DLTR,2018-05-04,93.5656,101.75,101.75
DLTR,2019-10-30,111.816,119.71,119.71
DLTR,2023-08-04,149.0857,154.96,154.96
DLTR,2026-01-21,130.1129,142.4,142.4
DOC,2007-02-09,13.197,13.7165,13.7165
DOC,2008-10-10,9.8644,14.9282,14.9282
DOC,2008-11-06,8.5892,14.9282,14.9282
DOC,2008-11-11,8.0883,14.9282,14.9282
DOC,2009-01-09,8.0544,10.2481,10.2481
DOC,2009-03-03,5.8307,9.5204,9.5204
DOC,2015-02-02,23.3001,24.8194,24.8194
DOC,2015-10-30,19.3959,20.7772,20.7772
DOC,2015-11-03,19.08,20.7772,20.7772
DOC,2022-04-25,26.866,28.3724,28.3724
DOC,2022-04-28,26.6681,28.3724,28.3724
DOC,2023-02-16,21.1083,23.3486,23.3486
DOC,2023-02-22,20.7508,23.3486,23.3486
DOC,2023-02-23,20.5803,23.3486,23.3486
DOC,2023-08-03,17.8039,18.8491,18.8491
DOC,2024-10-10,19.5006,21.0845,21.0845
DOV,2006-05-15,22.7402,23.788,23.788
DOV,2007-10-15,22.8993,24.296,24.296
DOV,2007-10-16,22.7238,24.296,24.296
DOV,2007-10-22,22.3229,24.296,24.296
DOV,2010-05-06,23.8958,27.736,27.736
DOV,2014-09-10,56.9541,59.5212,59.5212
DOV,2018-04-06,66.1964,74.8646,74.8646
DOV,2022-01-24,162.634,174.4597,174.4597
DOV,2022-01-25,159.7019,174.4597,174.4597
DOV,2022-01-27,156.2592,174.4597,174.4597
DOV,2022-02-04,150.7188,174.4597,174.4597
DOV,2022-02-24,144.3953,174.4597,174.4597
DOV,2024-12-10,196.3012,204.965,204.965
DOV,2025-07-24,183.7345,190.8852,190.8852
DOV,2026-03-02,218.8948,236.9962,236.9962
DOW,2019-11-20,36.498,39.3051,39.3051
DOW,2024-10-22,46.7963,50.3889,50.3889
DOW,2024-10-23,46.4895,50.3889,50.3889
DOW,2024-10-24,46.1514,50.3889,50.3889
DOW,2026-02-20,29.1792,34.363,34.363
DPZ,2006-04-10,12.495,13.254,13.254
DPZ,2007-09-10,13.4177,17.2223,17.2223
DPZ,2007-09-14,13.0703,17.2223,17.2223
DPZ,2008-04-29,9.6409,12.1147,12.1147
DPZ,2008-06-18,9.7631,12.1147,12.1147
DPZ,2008-06-20,9.5582,12.1147,12.1147
DPZ,2008-09-18,9.6901,11.3325,11.3325
DPZ,2009-06-08,6.651,8.0365,8.0365
DPZ,2009-06-12,6.1113,8.0365,8.0365
DPZ,2009-06-22,5.7397,8.0365,8.0365
DPZ,2009-07-22,5.9273,8.0365,8.0365
DPZ,2009-08-17,5.8349,8.0365,8.0365
DPZ,2019-02-19,255.5265,273.8965,273.8965
DPZ,2019-06-24,252.3261,279.1432,279.1432
DPZ,2019-07-15,249.6411,279.1432,279.1432
DPZ,2022-07-25,368.5698,405.931,405.931
DPZ,2022-07-26,363.0798,405.931,405.931
DPZ,2022-12-06,350.6734,377.1873,377.1873
DPZ,2023-01-03,320.5651,377.1873,377.1873
DPZ,2023-01-13,312.5051,377.1873,377.1873
DRI,2006-03-02,20.4972,21.3388,21.3388
DRI,2006-10-17,21.1444,22.1887,22.1887
DRI,2006-10-18,20.9685,22.1887,22.1887
DRI,2007-09-25,21.1591,22.9212,22.9212
DRI,2007-10-15,21.4273,22.9212,22.9212
DRI,2018-01-31,76.2594,79.41,79.41
DRI,2018-02-01,75.9097,79.41,79.41
DRI,2018-09-20,93.9103,97.9072,97.9072
DRI,2020-02-24,99.2137,104.8077,104.8077
DRI,2021-10-19,126.598,141.5765,141.5765
DTE,2007-10-17,20.3742,21.4985,21.4985
DTE,2008-10-06,16.4894,19.4894,19.4894
DTE,2011-05-25,25.7935,26.7428,26.7428
DTE,2011-05-26,25.6899,26.7428,26.7428
DTE,2011-06-02,25.6135,26.7428,26.7428
DTE,2013-04-26,39.3662,40.4856,40.4856
DTE,2016-08-03,59.81,62.4053,62.4053
DTE,2017-12-18,72.3854,75.479,75.479
DTE,2021-05-19,99.5021,105.8991,105.8991
DTE,2022-04-25,118.9794,123.5712,123.5712
DTE,2022-04-27,117.7903,123.5712,123.5712
DTE,2022-08-29,117.0401,121.4237,121.4237
DTE,2022-08-30,116.6821,121.4237,121.4237
DTE,2022-12-16,103.7368,109.4164,109.4164
DUK,2008-05-27,24.5633,25.7154,25.7154
DUK,2008-05-29,24.3712,25.7154,25.7154
DUK,2008-06-20,23.8626,25.7154,25.7154
DUK,2009-02-12,20.7631,22.233,22.233
DUK,2010-01-04,25.1427,26.5919,26.5919
DUK,2013-11-08,42.5675,43.8675,43.8675
DUK,2013-11-20,42.2349,43.8675,43.8675
DUK,2021-08-24,87.9367,90.9543,90.9543
DUK,2022-04-25,96.2354,99.5639,99.5639
DUK,2022-08-25,95.5677,99.0717,99.0717
DUK,2023-05-15,86.514,89.3086,89.3086
DVA,2006-03-22,29.1343,30.225,30.225
DVA,2006-04-03,29.2337,30.35,30.35
DVA,2006-04-04,28.895,30.35,30.35
DVA,2007-10-26,32.0115,33.72,33.72
DVA,2008-08-21,27.9112,30.1,30.1
DVA,2010-04-28,31.6709,33.405,33.405
DVA,2010-05-06,30.258,33.405,33.405
DVA,2018-12-06,61.7161,79.11,79.11
DVA,2020-02-28,75.8738,90.15,90.15
DVA,2021-09-01,128.9273,136.48,136.48
DVN,2006-09-25,36.8293,46.4397,46.4397
DVN,2012-10-22,39.8592,42.129,42.129
DVN,2013-11-06,40.8005,44.7585,44.7585
DVN,2014-07-15,51.4642,54.4866,54.4866
DVN,2015-06-01,43.8268,48.1941,48.1941
DVN,2017-01-30,31.6623,35.7317,35.7317
DVN,2017-02-07,31.1061,35.7317,35.7317
DVN,2017-02-08,30.7969,35.7317,35.7317
DVN,2020-01-08,18.3908,19.5512,19.5512
DVN,2024-04-16,49.2365,52.2625,52.2625
DVN,2024-04-17,48.8708,52.2625,52.2625
DVN,2024-07-23,43.8687,47.1779,47.1779
DVN,2024-08-01,42.8174,47.1779,47.1779
DXCM,2006-05-09,5.7829,6.675,6.675
DXCM,2006-05-11,5.5631,6.675,6.675
DXCM,2006-05-12,5.4427,6.675,6.675
DXCM,2006-05-15,5.3055,6.675,6.675
DXCM,2006-05-16,5.2124,6.675,6.675
DXCM,2006-05-26,4.8008,6.675,6.675
DXCM,2006-06-08,4.7142,6.675,6.675
DXCM,2006-12-14,2.6408,3.0375,3.0375
DXCM,2006-12-22,2.483,3.0375,3.0375
DXCM,2007-01-11,2.2354,3.0375,3.0375
DXCM,2007-01-16,2.1433,3.0375,3.0375
DXCM,2007-01-17,2.1324,3.0375,3.0375
DXCM,2007-01-19,2.0768,3.0375,3.0375
DXCM,2007-02-27,2.0968,3.0375,3.0375
DXCM,2007-02-28,2.0194,3.0375,3.0375
DXCM,2007-03-01,1.9695,3.0375,3.0375
DXCM,2008-01-24,2.0277,2.505,2.505
DXCM,2008-05-09,1.5803,2.05,2.05
DXCM,2008-06-04,1.7804,2.0675,2.0675
DXCM,2008-06-26,1.6559,2.0675,2.0675
DXCM,2008-06-27,1.5869,2.0675,2.0675
DXCM,2008-09-05,1.5088,1.9725,1.9725
DXCM,2008-10-06,1.2944,1.975,1.975
DXCM,2011-04-19,3.845,4.2125,4.2125
DXCM,2015-09-25,22.8692,25.8225,25.8225
DXCM,2017-04-13,18.3157,22.2,22.2
DXCM,2017-07-13,17.165,19.8275,19.8275
DXCM,2017-09-18,17.2301,19.73,19.73
DXCM,2017-09-19,17.0267,19.73,19.73
DXCM,2020-10-02,95.5791,112.495,112.495
DXCM,2022-04-18,119.958,134.765,134.765
DXCM,2022-12-19,110.784,125.55,125.55
DXCM,2023-01-09,108.7262,125.55,125.55
DXCM,2023-07-24,127.578,138.92,138.92
DXCM,2024-04-19,129.3471,142.0,142.0
EA,2006-02-02,51.6241,56.9129,56.9129
EA,2006-03-07,48.754,56.9129,56.9129
EA,2007-10-24,54.4334,59.8561,59.8561
EA,2009-06-18,19.7966,23.0799,23.0799
EA,2009-10-27,18.3865,20.4474,20.4474
EA,2013-09-27,24.9456,27.3248,27.3248
EA,2013-09-30,24.7213,27.3248,27.3248
EA,2013-10-02,24.361,27.3248,27.3248
EA,2017-09-05,113.0709,119.2751,119.2751
EA,2018-07-24,139.552,146.9301,146.9301
EA,2019-04-15,94.3902,105.6856,105.6856
EA,2022-12-07,123.7503,131.0796,131.0796
EA,2026-01-30,203.147,204.6963,204.6963
EBAY,2005-12-20,16.4232,17.8292,17.8292
EBAY,2006-02-10,14.5724,17.9266,17.9266
EBAY,2006-02-28,14.8992,17.9266,17.9266
EBAY,2007-11-02,12.5646,15.256,15.256
EBAY,2008-05-28,10.9875,12.5366,12.5366
EBAY,2011-03-07,11.7434,13.2408,13.2408
EBAY,2011-03-09,11.4912,13.2408,13.2408
EBAY,2011-05-23,11.8407,13.2408,13.2408
EBAY,2014-03-27,20.6071,22.3614,22.3614
EBAY,2014-04-03,20.4124,22.3614,22.3614
EBAY,2015-12-03,25.2098,26.5476,26.5476
EBAY,2020-07-21,50.7447,55.6161,55.6161
ECL,2006-11-28,36.0406,37.1293,37.1293
ECL,2008-01-09,39.8796,42.791,42.791
ECL,2008-10-06,34.3945,42.6481,42.6481
ECL,2008-10-10,30.7977,42.6481,42.6481
ECL,2010-10-19,42.6731,44.1573,44.1573
ECL,2011-07-18,46.7169,48.6378,48.6378
ECL,2015-11-02,104.3427,109.3276,109.3276
ECL,2019-09-09,187.1958,195.8941,195.8941
ECL,2019-09-10,183.9949,195.8941,195.8941
ECL,2019-09-16,179.3785,195.8941,195.8941
ECL,2019-10-02,179.0202,195.8941,195.8941
ECL,2019-10-03,177.4832,195.8941,195.8941
ECL,2021-04-27,206.6789,217.3521,217.3521
ECL,2022-09-01,154.7279,171.2272,171.2272
ED,2008-10-06,20.3109,22.9205,22.9205
ED,2013-11-08,36.0329,37.2681,37.2681
ED,2013-11-21,35.7533,37.2681,37.2681
ED,2015-02-02,45.6186,48.0086,48.0086
ED,2016-07-27,55.3489,57.7253,57.7253
ED,2017-12-14,64.6371,66.6299,66.6299
ED,2020-10-20,65.6144,68.3054,68.3054
ED,2020-10-28,65.7965,68.9545,68.9545
ED,2020-10-29,65.068,68.9545,68.9545
ED,2022-09-26,82.5813,90.597,90.597
EFX,2006-01-24,31.3241,32.3509,32.3509
EFX,2007-07-23,36.8204,38.2811,38.2811
EFX,2009-05-14,22.8708,24.7127,24.7127
EFX,2016-07-28,122.1059,125.3431,125.3431
EFX,2016-08-02,119.6956,125.3431,125.3431
EFX,2016-08-03,118.8879,125.3431,125.3431
EFX,2017-07-27,131.4379,136.0387,136.0387
EFX,2018-10-04,120.5683,130.373,130.373
EFX,2021-12-17,268.2669,291.4874,291.4874
EFX,2021-12-20,263.9045,291.4874,291.4874
EFX,2022-08-19,203.38,217.4519,217.4519
EFX,2022-08-22,201.3847,217.4519,217.4519
EFX,2022-08-24,198.0417,217.4519,217.4519
EFX,2023-07-06,219.4411,233.8509,233.8509
EFX,2024-10-17,274.6013,306.7222,306.7222
EFX,2024-11-06,254.1034,306.7222,306.7222
EFX,2025-05-20,265.7707,279.2723,279.2723
EG,2005-12-05,66.8206,72.004,72.004
EG,2006-11-21,66.7781,68.6483,68.6483
EG,2009-01-13,50.0062,65.7788,65.7788
EG,2009-10-23,63.2739,66.3829,66.3829
EG,2018-04-12,212.6475,225.8607,225.8607
EIX,2007-05-24,29.0022,30.5404,30.5404
EIX,2007-05-25,28.738,30.5404,30.5404
EIX,2010-01-05,18.9736,20.0638,20.0638
EIX,2013-08-06,29.8141,31.0774,31.0774
EIX,2015-04-16,39.8523,42.4149,42.4149
EIX,2016-07-13,50.2084,52.7659,52.7659
EIX,2016-08-05,50.2508,52.7659,52.7659
EIX,2016-08-08,50.018,52.7659,52.7659
EIX,2018-10-11,48.9392,51.165,51.165
EIX,2018-10-26,48.9678,51.165,51.165
EIX,2020-02-25,56.4637,59.5656,59.5656
EIX,2020-11-30,47.6385,52.1426,52.1426
EIX,2020-12-21,47.962,52.1426,52.1426
EIX,2021-01-04,47.4925,52.1426,52.1426
EIX,2022-04-25,59.0807,61.2047,61.2047
EIX,2022-04-27,58.3256,61.2047,61.2047
EIX,2022-08-24,57.9938,61.2567,61.2567
EIX,2022-09-01,56.8585,61.2567,61.2567
EL,2006-06-02,15.4574,16.1759,16.1759
EL,2008-09-29,19.2031,21.7627,21.7627
EL,2010-04-27,27.3798,29.2619,29.2619
EL,2013-12-04,62.1915,64.9165,64.9165
EL,2013-12-12,61.9919,64.9165,64.9165
EL,2013-12-13,61.6557,64.9165,64.9165
EL,2014-06-13,65.2886,66.6349,66.6349
EL,2022-09-19,223.287,266.9599,266.9599
EL,2022-09-22,219.6113,266.9599,266.9599
EL,2023-02-02,250.9823,262.0051,262.0051
EL,2023-02-10,233.138,267.6098,267.6098
EL,2024-10-22,84.8155,100.8498,100.8498
ELV,2008-08-20,42.4948,46.2333,46.2333
ELV,2008-08-21,41.9331,46.2333,46.2333
ELV,2010-01-22,50.9061,55.9338,55.9338
ELV,2010-02-16,45.9269,55.9338,55.9338
ELV,2010-04-08,49.2568,55.9338,55.9338
ELV,2012-04-26,55.6885,60.8697,60.8697
ELV,2012-06-04,53.2283,60.8697,60.8697
ELV,2012-06-21,56.8106,60.8697,60.8697
ELV,2012-06-22,56.5651,60.8697,60.8697
ELV,2012-06-26,56.0331,60.8697,60.8697
ELV,2015-07-24,129.9948,149.8213,149.8213
ELV,2016-04-27,124.5939,129.5248,129.5248
ELV,2016-04-29,122.435,129.5248,129.5248
ELV,2016-05-04,119.7424,129.5248,129.5248
ELV,2019-02-27,278.5189,289.8237,289.8237
ELV,2021-06-08,362.6811,380.6378,380.6378
ELV,2021-06-10,360.4235,380.6378,380.6378
ELV,2022-11-10,487.4782,523.8999,523.8999
ELV,2023-02-28,447.1094,486.2441,486.2441
ELV,2023-03-01,443.4648,486.2441,486.2441
ELV,2024-09-04,529.8083,552.5626,552.5626
ELV,2025-04-17,394.7095,451.9286,451.9286
EME,2007-11-08,26.7853,32.4881,32.4881
EME,2007-11-09,26.0963,32.4881,32.4881
EME,2007-11-15,24.7877,32.4881,32.4881
EME,2009-01-08,18.5664,21.8125,21.8125
EME,2012-05-31,24.9864,28.3308,28.3308
EME,2013-07-25,39.3068,41.4682,41.4682
EME,2015-12-04,47.7588,50.1788,50.1788
EME,2018-01-30,78.2222,82.5189,82.5189
EME,2019-11-21,85.2498,91.3939,91.3939
EME,2019-12-02,85.2068,91.3939,91.3939
EME,2023-09-05,216.9595,226.098,226.098
EME,2023-09-15,209.9821,226.098,226.098
EMR,2008-01-02,33.1511,35.6276,35.6276
EMR,2012-03-07,33.457,36.5399,36.5399
EMR,2014-05-15,48.2763,50.7488,50.7488
EMR,2017-03-14,46.9537,51.275,51.275
EMR,2017-03-27,46.1459,51.275,51.275
EMR,2017-05-02,47.2872,51.275,51.275
EMR,2018-09-26,64.1937,66.0916,66.0916
EMR,2023-09-13,93.1219,96.157,96.157
EOG,2006-02-02,27.1935,29.9465,29.9465
EOG,2006-04-25,25.1181,27.3258,27.3258
EOG,2010-05-04,37.9149,40.5353,40.5353
EOG,2010-05-06,35.9642,40.5353,40.5353
EOG,2010-05-21,33.0704,40.5353,40.5353
EOG,2011-04-07,40.3149,43.0224,43.0224
EOG,2011-04-11,39.8177,43.0224,43.0224
EOG,2013-02-15,46.2988,49.6038,49.6038
EOG,2014-06-24,81.1432,85.8758,85.8758
EOG,2015-11-12,59.5544,65.3626,65.3626
EOG,2015-12-04,57.5827,65.3626,65.3626
EOG,2020-01-23,61.5921,67.6122,67.6122
EOG,2023-11-16,109.0201,125.6481,125.6481
EPAM,2014-02-19,41.6619,46.7,46.7
EPAM,2022-08-29,414.988,462.99,462.99
EPAM,2022-09-01,406.7494,462.99,462.99
EPAM,2022-09-16,400.0373,462.99,462.99
EPAM,2023-02-17,329.5631,385.96,385.96
EPAM,2023-02-21,321.7764,385.96,385.96
EPAM,2024-03-14,298.6493,317.5,317.5
EPAM,2026-01-29,207.946,222.53,222.53
EQIX,2008-09-05,55.746,70.3853,70.3853
EQIX,2008-09-10,53.0851,70.3853,70.3853
EQIX,2017-11-29,397.4091,420.6105,420.6105
EQIX,2017-11-30,394.1393,420.6105,420.6105
EQIX,2018-09-05,366.9261,395.1117,395.1117
EQR,2007-06-21,19.3999,22.2555,22.2555
EQR,2012-08-08,32.2695,34.9768,34.9768
EQR,2012-09-11,31.4812,34.9768,34.9768
EQR,2013-06-19,29.9202,33.3268,33.3268
EQR,2019-10-23,68.3956,70.1812,70.1812
EQR,2020-07-27,42.8395,54.8793,54.8793
EQR,2020-09-10,44.7884,54.8793,54.8793
EQR,2022-04-25,76.8591,80.9637,80.9637
EQR,2025-10-02,62.4281,65.6762,65.6762
EQT,2014-09-08,47.1871,52.529,52.529
EQT,2014-09-11,46.8534,52.529,52.529
EQT,2014-12-05,42.79,50.1493,50.1493
EQT,2016-08-01,35.3129,40.2767,40.2767
EQT,2016-08-02,34.9231,40.2767,40.2767
EQT,2021-06-16,19.8898,21.7687,21.7687
EQT,2022-09-16,43.0078,49.3053,49.3053
EQT,2023-08-23,40.255,43.2806,43.2806
EQT,2023-09-15,39.9695,43.2806,43.2806
EQT,2023-09-18,39.6428,43.2806,43.2806
ERIE,2006-01-18,28.7746,29.7326,29.7326
ERIE,2007-01-08,31.8488,33.0028,33.0028
ERIE,2007-01-26,30.4813,33.0028,33.0028
ERIE,2007-02-27,31.0905,33.0028,33.0028
ERIE,2007-10-11,33.9234,35.8321,35.8321
ERIE,2008-05-28,29.5608,33.0645,33.0645
ERIE,2008-06-09,28.8921,33.0645,33.0645
ERIE,2008-06-10,28.6932,33.0645,33.0645
ERIE,2008-06-24,27.7002,33.0645,33.0645
ERIE,2008-06-26,27.399,33.0645,33.0645
ERIE,2012-03-02,51.5544,55.139,55.139
ERIE,2012-03-05,51.3707,55.139,55.139
ERIE,2013-05-22,58.6339,61.2228,61.2228
ERIE,2013-05-23,58.103,61.2228,61.2228
ERIE,2013-05-28,57.397,61.2228,61.2228
ERIE,2015-01-05,66.6934,72.3981,72.3981
ERIE,2015-04-17,65.81,70.9122,70.9122
ERIE,2015-12-18,74.6081,80.9308,80.9308
ERIE,2021-01-14,225.8522,238.464,238.464
ERIE,2021-01-15,224.7484,238.464,238.464
ERIE,2021-01-19,220.8593,238.464,238.464
ERIE,2021-01-22,214.8649,238.464,238.464
ERIE,2021-02-24,222.692,243.5491,243.5491
ERIE,2021-02-26,216.9866,243.5491,243.5491
ERIE,2021-11-18,203.5582,217.8966,217.8966
ERIE,2024-10-07,510.2739,534.7391,534.7391
ES,2007-05-01,16.8122,17.6468,17.6468
ES,2008-01-04,16.3378,17.7678,17.7678
ES,2008-01-09,16.2324,17.7678,17.7678
ES,2008-01-16,16.0573,17.7678,17.7678
ES,2008-09-05,14.1853,15.3291,15.3291
ES,2008-09-10,13.7619,15.3291,15.3291
ES,2012-07-24,24.6068,25.5408,25.5408
ES,2012-08-02,24.3042,25.679,25.679
ES,2012-08-22,23.913,25.679,25.679
ES,2013-05-08,28.5845,29.4807,29.4807
ES,2016-08-03,41.4685,43.6077,43.6077
ES,2021-02-08,70.5525,76.1441,76.1441
ES,2021-02-09,69.9812,76.1441,76.1441
ES,2022-08-29,78.2611,81.4162,81.4162
ES,2022-12-16,71.6669,76.1908,76.1908
ES,2023-01-13,72.8339,76.1908,76.1908
ES,2023-05-04,66.822,71.8474,71.8474
ES,2024-09-19,62.245,64.3554,64.3554
ES,2024-10-04,61.3121,64.3554,64.3554
ESS,2007-02-09,74.3509,77.7624,77.7624
ESS,2007-02-13,73.2352,77.7624,77.7624
ESS,2007-02-26,72.3826,77.7624,77.7624
ESS,2007-02-27,71.5299,77.7624,77.7624
ESS,2007-03-01,70.4377,77.7624,77.7624
ESS,2010-05-06,62.4114,68.3398,68.3398
ESS,2013-05-24,108.6849,114.1483,114.1483
ESS,2013-05-28,107.9379,114.1483,114.1483
ESS,2013-05-29,107.2893,114.1483,114.1483
ESS,2015-03-26,161.0531,170.8737,170.8737
ESS,2019-10-24,259.6569,268.285,268.285
ESS,2019-11-05,254.9462,268.285,268.285
ESS,2019-11-07,250.8575,268.285,268.285
ESS,2019-11-12,248.0321,268.285,268.285
ESS,2022-04-25,297.8025,315.0198,315.0198
ESS,2022-08-19,252.7179,262.5629,262.5629
ESS,2025-03-06,287.8383,304.786,304.786
ESS,2025-03-11,283.5366,304.786,304.786
ESS,2025-03-12,280.7989,304.786,304.786
ESS,2026-02-12,250.7189,266.49,266.49
ETN,2010-04-19,26.1747,27.3654,27.3654
ETN,2010-05-04,25.2038,27.5609,27.5609
ETN,2010-05-05,24.779,27.5609,27.5609
ETN,2012-03-05,36.0717,37.8138,37.8138
ETN,2015-06-15,55.3985,57.809,57.809
ETN,2015-06-16,55.0795,57.809,57.809
ETN,2015-06-17,54.7342,57.809,57.809
ETN,2018-02-06,68.1194,76.7965,76.7965
ETN,2018-03-01,67.9711,76.7965,76.7965
ETN,2018-03-02,67.6359,76.7965,76.7965
ETN,2018-03-05,67.2202,76.7965,76.7965
ETN,2024-05-31,322.4956,339.6397,339.6397
ETN,2024-06-03,317.728,339.6397,339.6397
ETN,2024-12-09,358.7124,376.1939,376.1939
ETN,2024-12-11,351.2683,376.1939,376.1939
ETN,2025-08-01,373.7389,398.3998,398.3998
ETR,2008-01-16,27.8392,30.0604,30.0604
ETR,2008-06-03,27.9812,29.4667,29.4667
ETR,2010-09-14,20.3516,21.0931,21.0931
ETR,2012-01-05,19.7871,20.5238,20.5238
ETR,2012-01-20,19.3312,20.5238,20.5238
ETR,2012-01-31,18.9668,20.5238,20.5238
ETR,2012-08-15,20.0423,21.1856,21.1856
ETR,2012-09-12,19.3564,21.1856,21.1856
ETR,2012-10-15,19.9406,21.1856,21.1856
ETR,2013-07-24,20.9722,21.6792,21.6792
ETR,2013-07-25,20.7866,21.6792,21.6792
ETR,2013-10-29,19.837,20.7487,20.7487
ETR,2013-10-31,19.4863,20.7487,20.7487
ETR,2015-02-05,27.574,29.5054,29.5054
ETR,2017-12-04,30.99,32.3653,32.3653
ETR,2020-02-20,52.6662,54.4714,54.4714
ETR,2020-12-02,44.0238,46.8268,46.8268
ETR,2020-12-09,42.9223,46.8268,46.8268
ETR,2022-04-25,52.5963,54.8756,54.8756
ETR,2022-04-27,51.7591,54.8756,54.8756
ETR,2022-05-02,50.6102,54.8756,54.8756
ETR,2022-08-24,52.0738,53.903,53.903
EVRG,2008-06-20,11.0543,11.8546,11.8546
EVRG,2017-12-14,40.7497,42.2223,42.2223
EVRG,2022-08-29,59.7415,62.1826,62.1826
EVRG,2022-09-15,58.7391,62.1826,62.1826
EVRG,2022-09-16,58.3069,62.1826,62.1826
EVRG,2022-09-23,56.2081,62.1826,62.1826
EW,2006-03-30,3.5957,3.9433,3.9433
EW,2006-04-13,3.5245,3.9433,3.9433
EW,2011-04-04,13.9411,15.3033,15.3033
EW,2011-04-05,13.6453,15.3033,15.3033
EW,2011-06-02,14.3636,15.3033,15.3033
EW,2011-06-06,14.2154,15.3033,15.3033
EW,2016-10-17,38.3275,40.5833,40.5833
EW,2017-07-25,38.3741,40.2467,40.2467
EW,2017-09-06,36.8695,40.4833,40.4833
EW,2019-12-05,79.5937,82.5467,82.5467
EW,2022-07-29,99.6679,107.92,107.92
EW,2022-08-19,97.8669,107.92,107.92
EW,2025-12-15,81.894,87.89,87.89
EW,2026-01-12,82.5827,87.89,87.89
EW,2026-01-29,80.8594,87.89,87.89
EXC,2006-02-03,18.3562,19.9214,19.9214
EXC,2009-02-12,19.3909,21.2783,21.2783
EXC,2010-01-05,17.9996,19.5439,19.5439
EXC,2013-05-01,16.4003,16.9045,16.9045
EXC,2016-08-10,17.9618,19.0987,19.0987
EXC,2017-12-07,21.6967,22.8314,22.8314
EXC,2022-04-25,41.29,43.9223,43.9223
EXC,2023-01-18,37.3488,39.334,39.334
EXC,2023-01-19,37.1352,39.334,39.334
EXC,2023-01-20,36.7836,39.334,39.334
EXE,2025-12-12,112.6519,126.621,126.621
EXPD,2006-11-02,36.089,38.7907,38.7907
EXPD,2006-12-01,35.0901,38.7907,38.7907
EXPD,2006-12-11,34.0841,38.7907,38.7907
EXPD,2006-12-12,33.6564,38.7907,38.7907
EXPD,2006-12-18,33.2253,38.7907,38.7907
EXPD,2006-12-19,32.9404,38.7907,38.7907
EXPD,2007-03-14,33.4251,38.5193,38.5193
EXPD,2007-03-28,32.5214,38.5193,38.5193
EXPD,2008-12-12,24.6552,32.945,32.945
EXPD,2009-01-12,24.9391,32.945,32.945
EXPD,2011-11-02,35.4818,39.4492,39.4492
EXPD,2013-01-31,35.8948,36.9649,36.9649
EXPD,2013-02-14,35.6464,36.9649,36.9649
EXPD,2015-03-26,41.5069,42.9976,42.9976
EXPD,2015-04-06,40.5267,42.9976,42.9976
EXPD,2015-11-13,41.9489,45.3338,45.3338
EXPD,2015-11-16,41.8031,45.3338,45.3338
EXPD,2019-05-01,70.9121,74.2087,74.2087
EXPD,2020-01-17,71.0291,76.1227,76.1227
EXPD,2020-02-24,67.4659,76.1227,76.1227
EXPD,2021-12-20,119.8621,131.3447,131.3447
EXPD,2023-08-03,119.8633,124.259,124.259
EXPE,2005-12-22,30.9515,34.3929,34.3929
EXPE,2005-12-27,30.343,34.3929,34.3929
EXPE,2006-02-10,31.4371,36.0002,36.0002
EXPE,2007-10-22,42.1973,46.1012,46.1012
EXPE,2007-10-23,41.7086,46.1012,46.1012
EXPE,2010-10-01,36.1818,39.3688,39.3688
EXPE,2010-10-04,35.8122,39.3688,39.3688
EXPE,2010-10-19,35.2402,39.3688,39.3688
EXPE,2011-09-12,38.0465,43.7494,43.7494
EXPE,2016-01-04,114.3168,133.2192,133.2192
EXPE,2016-01-06,110.8606,133.2192,133.2192
EXPE,2016-11-14,112.4367,127.7273,127.7273
EXPE,2018-02-05,120.8223,129.2644,129.2644
EXPE,2018-02-06,120.0353,129.2644,129.2644
EXPE,2018-02-08,118.3444,129.2644,129.2644
EXPE,2019-07-30,131.3876,141.4433,141.4433
EXPE,2019-07-31,129.577,141.4433,141.4433
EXPE,2021-04-20,166.8196,186.4252,186.4252
EXPE,2022-03-04,173.0528,215.9766,215.9766
EXPE,2022-08-22,104.6964,116.3707,116.3707
EXPE,2022-08-29,100.7437,116.3707,116.3707
EXPE,2022-09-01,98.3813,116.3707,116.3707
EXPE,2025-03-10,175.3036,206.0666,206.0666
EXR,2005-10-11,6.3432,7.0447,7.0447
EXR,2007-02-26,9.0168,9.7441,9.7441
EXR,2007-05-04,8.7352,9.7679,9.7679
EXR,2007-05-07,8.7352,9.7679,9.7679
EXR,2009-01-15,4.4846,6.04,6.04
EXR,2009-02-12,3.6802,6.04,6.04
EXR,2016-07-26,63.1166,66.1231,66.1231
EXR,2016-07-27,62.7311,66.1231,66.1231
EXR,2018-07-13,73.2051,77.1699,77.1699
EXR,2018-07-16,72.7488,77.1699,77.1699
EXR,2022-01-03,185.1629,194.0958,194.0958
EXR,2022-04-25,178.073,190.0504,190.0504
EXR,2022-08-23,176.5877,186.8162,186.8162
EXR,2024-09-26,166.4325,174.8639,174.8639
F,2006-11-21,4.339,4.6761,4.6761
F,2007-07-18,4.3316,4.9356,4.9356
F,2007-11-08,4.1421,4.7016,4.7016
F,2010-03-31,6.372,7.3983,7.3983
F,2010-04-27,6.859,7.4136,7.4136
F,2010-05-05,6.2,7.4136,7.4136
F,2010-05-06,5.8866,7.4136,7.4136
F,2011-01-20,8.9017,9.6525,9.6525
F,2015-03-03,8.9409,9.2222,9.2222
F,2015-03-10,8.7145,9.2222,9.2222
F,2015-03-26,8.8756,9.2888,9.2888
F,2015-03-27,8.8069,9.2888,9.2888
F,2015-04-17,8.7288,9.2888,9.2888
F,2016-05-03,7.859,8.4949,8.4949
F,2016-06-01,7.8146,8.4949,8.4949
F,2017-02-24,7.7025,8.1142,8.1142
F,2018-12-06,6.208,6.8174,6.8174
F,2020-01-23,6.6347,7.0633,7.0633
F,2022-01-20,16.3309,19.5164,19.5164
FANG,2014-07-08,65.31,72.1709,72.1709
FANG,2014-07-10,64.4979,72.1709,72.1709
FANG,2014-07-31,63.4026,72.1709,72.1709
FANG,2015-04-24,61.6591,66.3635,66.3635
FANG,2015-04-27,61.1528,66.3635,66.3635
FANG,2015-12-07,56.2703,63.5565,63.5565
FANG,2017-01-18,76.6619,87.5593,87.5593
FANG,2017-01-30,79.2193,87.5593,87.5593
FANG,2020-01-21,68.7716,75.7359,75.7359
FANG,2022-11-18,135.7204,147.0093,147.0093
FAST,2006-04-12,3.5444,3.8485,3.8485
FAST,2007-09-10,3.4087,4.1987,4.1987
FAST,2008-09-19,4.0552,4.5022,4.5022
FAST,2008-10-02,3.4454,4.553,4.553
FAST,2008-10-06,3.2115,4.553,4.553
FAST,2008-12-03,2.4982,3.4244,3.4244
FAST,2009-01-09,2.6159,3.4244,3.4244
FAST,2014-04-11,9.0312,9.5255,9.5255
FAST,2014-05-06,8.8725,9.5273,9.5273
FAST,2014-05-09,8.7661,9.5273,9.5273
FAST,2015-05-29,7.7927,8.1588,8.1588
FAST,2016-04-12,8.704,9.604,9.604
FAST,2017-03-27,9.8291,10.3998,10.3998
FAST,2018-09-07,11.7578,12.5977,12.5977
FAST,2022-01-03,27.8973,29.1583,29.1583
FAST,2022-01-10,26.9519,29.1583,29.1583
FAST,2022-01-11,26.6679,29.1583,29.1583
FAST,2022-01-18,26.2561,29.1583,29.1583
FAST,2024-04-04,35.9829,37.8503,37.8503
FCX,2006-04-27,20.238,23.5179,23.5179
FCX,2007-10-22,36.9234,42.0051,42.0051
FCX,2008-05-22,41.1864,44.8466,44.8466
FCX,2008-05-23,40.7538,44.8466,44.8466
FCX,2008-06-20,41.14,44.8466,44.8466
FCX,2008-06-25,39.9636,44.8466,44.8466
FCX,2011-01-04,42.648,44.8327,44.8327
FCX,2012-02-14,32.591,37.1655,37.1655
FCX,2012-10-22,31.4114,33.7394,33.7394
FCX,2013-02-15,27.4414,28.4976,28.4976
FCX,2013-11-13,29.7701,32.1775,32.1775
FCX,2013-11-27,29.3322,32.1775,32.1775
FCX,2013-12-02,28.9939,32.1775,32.1775
FCX,2013-12-03,28.7566,32.1775,32.1775
FCX,2015-11-06,9.7138,12.7987,12.7987
FCX,2015-11-09,9.4011,12.7987,12.7987
FCX,2016-05-05,10.1032,12.7216,12.7216
FCX,2019-04-22,12.2571,13.5171,13.5171
FCX,2022-04-06,44.8411,49.0131,49.0131
FCX,2023-02-23,38.8299,44.8252,44.8252
FCX,2023-08-08,39.4055,43.1941,43.1941
FCX,2023-08-14,38.9324,43.1941,43.1941
FCX,2024-11-12,42.4521,51.5324,51.5324
FCX,2026-03-03,63.0087,69.75,69.75
FDS,2007-10-22,54.8247,59.9358,59.9358
FDS,2007-10-24,54.1946,59.9358,59.9358
FDS,2007-11-07,53.0261,59.9358,59.9358
FDS,2012-09-25,83.7833,90.3194,90.3194
FDS,2023-03-01,397.9782,422.196,422.196
FDX,2007-07-26,88.9712,97.0857,97.0857
FDX,2008-07-15,58.7423,76.6045,76.6045
FDX,2016-04-29,140.7907,145.2723,145.2723
FDX,2016-05-03,140.3361,145.2723,145.2723
FDX,2018-06-19,224.5351,232.9613,232.9613
FDX,2021-06-04,273.5586,291.3423,291.3423
FDX,2022-08-09,208.3082,230.3932,230.3932
FE,2010-01-05,21.8942,22.8153,22.8153
FE,2015-05-06,22.0552,23.3859,23.3859
FE,2016-07-27,23.4186,24.3843,24.3843
FE,2016-07-29,23.0623,24.3843,24.3843
FE,2016-08-01,22.855,24.3843,24.3843
FE,2023-01-18,36.6731,37.8412,37.8412
FE,2023-01-19,36.4469,37.8412,37.8412
FE,2023-01-20,36.2152,37.8412,37.8412
FE,2023-01-23,35.8841,37.8412,37.8412
FE,2023-07-27,34.872,36.029,36.029
FE,2023-08-02,34.3856,36.029,36.029
FFIV,2012-10-09,101.0229,111.58,111.58
FFIV,2013-02-21,99.446,107.99,107.99
FFIV,2013-08-15,88.2753,94.33,94.33
FFIV,2013-08-27,82.7388,94.33,94.33
FFIV,2019-05-31,131.5377,168.94,168.94
FFIV,2019-12-03,141.8508,153.0,153.0
FFIV,2022-08-22,165.952,174.38,174.38
FFIV,2024-03-15,187.2522,199.49,199.49
FFIV,2025-10-15,323.7261,346.0,346.0
FICO,2006-12-19,40.1594,41.9372,41.9372
FICO,2006-12-22,39.871,41.9372,41.9372
FICO,2006-12-29,39.4363,41.9372,41.9372
FICO,2007-01-03,39.2696,41.9372,41.9372
FICO,2007-01-25,39.5309,41.9372,41.9372
FICO,2007-01-31,38.2948,41.9372,41.9372
FICO,2009-08-31,21.7472,24.1247,24.1247
FICO,2009-09-01,21.3162,24.1247,24.1247
FICO,2009-09-02,20.907,24.1247,24.1247
FICO,2009-09-03,20.4689,24.1247,24.1247
FICO,2012-04-09,41.3026,44.1989,44.1989
FICO,2015-07-21,93.057,97.4321,97.4321
FICO,2016-09-21,125.3758,132.8863,132.8863
FICO,2016-10-04,122.7491,132.8863,132.8863
FICO,2016-10-05,121.911,132.8863,132.8863
FICO,2016-10-11,119.327,132.8863,132.8863
FICO,2020-02-21,404.2551,436.69,436.69
FICO,2020-02-24,400.0899,436.69,436.69
FIS,2006-04-04,16.2935,17.2811,17.2811
FIS,2006-04-10,16.0444,17.2811,17.2811
FIS,2006-04-11,15.9379,17.2811,17.2811
FIS,2006-04-12,15.8276,17.2811,17.2811
FIS,2006-04-13,15.7355,17.2811,17.2811
FIS,2006-04-27,15.7539,17.2811,17.2811
FIS,2006-05-22,15.1335,17.2811,17.2811
FIS,2006-06-08,14.9561,17.2811,17.2811
FIS,2007-07-25,22.9251,24.2452,24.2452
FIS,2007-11-02,18.2185,20.3628,20.3628
FIS,2007-11-08,17.3709,20.3628,20.3628
FIS,2010-07-01,20.453,23.6919,23.6919
FIS,2010-07-02,20.3348,23.6919,23.6919
FIS,2011-05-25,24.0946,26.1698,26.1698
FIS,2020-09-21,126.3442,139.6036,139.6036
FIS,2020-09-24,124.8087,139.6036,139.6036
FIS,2020-10-15,126.6182,139.6036,139.6036
FIS,2021-04-30,135.5927,139.9523,139.9523
FIS,2021-05-04,134.4471,139.9523,139.9523
FIS,2024-11-01,86.1103,89.1283,89.1283
FIS,2024-11-04,85.6653,89.1283,89.1283
FIS,2024-11-05,84.0797,89.5567,89.5567
FIS,2024-11-06,82.8736,89.5567,89.5567
FIS,2024-12-17,80.4967,89.5567,89.5567
FISV,2008-05-23,12.4988,13.5925,13.5925
FISV,2008-06-09,12.2876,13.5925,13.5925
FISV,2009-09-30,11.9224,12.7275,12.7275
FITB,2008-04-11,12.5284,14.6642,14.6642
FITB,2011-02-22,9.0256,9.8131,9.8131
FITB,2011-02-23,8.9353,9.8131,9.8131
FITB,2011-02-24,8.8288,9.8131,9.8131
FITB,2011-03-01,8.6776,9.8131,9.8131
FITB,2011-03-24,8.3733,9.8131,9.8131
FITB,2011-04-14,8.4167,9.8131,9.8131
FITB,2011-04-19,8.3457,9.8131,9.8131
FITB,2011-04-21,8.2161,9.8131,9.8131
FITB,2011-05-24,7.708,9.8131,9.8131
FITB,2023-03-02,31.3078,33.6933,33.6933
FITB,2024-12-04,44.6007,46.9327,46.9327
FITB,2026-02-23,50.6388,55.44,55.44
FITB,2026-02-27,48.7966,55.44,55.44
FIX,2006-05-04,11.8203,12.6755,12.6755
FIX,2006-05-12,11.4003,12.6755,12.6755
FIX,2006-08-04,10.2543,11.7232,11.7232
FIX,2007-09-10,11.374,14.9541,14.9541
FIX,2008-09-16,11.392,13.1385,13.1385
FIX,2008-09-18,10.9016,13.1385,13.1385
FIX,2008-10-06,9.3733,13.1385,13.1385
FIX,2009-02-17,8.6212,9.6495,9.6495
FIX,2011-09-06,7.6924,10.9515,10.9515
FIX,2014-01-13,16.584,19.1314,19.1314
FIX,2014-07-28,14.0747,15.8432,15.8432
FIX,2015-12-14,28.7475,32.703,32.703
FIX,2017-03-27,32.5214,37.4871,37.4871
FIX,2017-05-31,32.2653,37.4871,37.4871
FIX,2019-12-03,47.4423,51.4218,51.4218
FIX,2020-01-27,46.9358,51.4218,51.4218
FIX,2021-05-11,82.0517,86.6103,86.6103
FIX,2021-11-26,96.2775,101.9266,101.9266
FIX,2026-03-05,1309.99,1500.0,1500.0
FOX,2019-07-31,33.3361,34.496,34.496
FOX,2019-08-02,33.0038,34.496,34.496
FOX,2020-01-23,33.5628,35.4515,35.4515
FOX,2025-03-06,50.8112,54.1513,54.1513
FOX,2025-03-07,50.4216,54.1513,54.1513
FOXA,2020-01-23,34.3279,36.4831,36.4831
FOXA,2025-03-07,54.0297,57.9057,57.9057
FRT,2006-04-03,36.2242,38.0488,38.0488
FRT,2007-02-13,46.378,50.9,50.9
FRT,2007-02-27,45.0518,50.9,50.9
FRT,2007-03-28,45.1058,50.9,50.9
FRT,2007-04-12,46.0338,50.9,50.9
FRT,2007-05-01,46.1582,50.9,50.9
FRT,2010-11-04,47.8438,50.1666,50.1666
FRT,2016-08-05,113.879,118.7504,118.7504
FRT,2022-01-11,110.3509,118.2219,118.2219
FRT,2022-01-18,109.3511,118.2219,118.2219
FRT,2024-01-18,90.3317,97.6766,97.6766
FRT,2024-02-05,91.4002,97.6766,97.6766
FRT,2024-02-13,90.289,97.6766,97.6766
FSLR,2009-05-26,176.4373,207.51,207.51
FSLR,2010-05-06,119.7796,152.53,152.53
FSLR,2010-06-08,101.8211,152.53,152.53
FSLR,2011-04-11,144.3217,163.0,163.0
FSLR,2011-04-12,142.7642,163.0,163.0
FSLR,2011-04-14,140.7163,163.0,163.0
FSLR,2014-04-15,64.2409,74.84,74.84
FSLR,2014-04-28,64.7381,74.84,74.84
FSLR,2021-01-05,91.3203,109.09,109.09
FSLR,2021-02-17,92.0054,112.5,112.5
FSLR,2021-02-18,90.2844,112.5,112.5
FSLR,2023-08-18,179.9275,224.5,224.5
FSLR,2023-09-07,174.1469,224.5,224.5
FTNT,2010-01-22,1.7864,2.059,2.059
FTNT,2010-01-29,1.6754,2.059,2.059
FTNT,2010-04-08,1.6804,2.059,2.059
FTNT,2010-04-09,1.6699,2.059,2.059
FTNT,2010-04-14,1.6206,2.059,2.059
FTNT,2010-04-16,1.5907,2.059,2.059
FTNT,2013-03-19,4.6683,5.07,5.07
FTNT,2013-03-22,4.5275,5.07,5.07
FTNT,2013-04-03,4.401,5.07,5.07
FTNT,2013-04-05,4.3121,5.07,5.07
FTNT,2020-06-12,25.6568,29.938,29.938
FTNT,2024-02-21,63.6156,73.91,73.91
FTNT,2024-03-14,67.6682,73.91,73.91
FTV,2018-09-26,51.8887,54.0689,54.0689
FTV,2018-09-28,51.2833,54.0689,54.0689
FTV,2020-12-03,50.6733,54.7339,54.7339
FTV,2021-11-24,57.2377,59.1035,59.1035
FTV,2024-03-05,62.7351,64.7697,64.7697
FTV,2024-03-26,62.7561,65.1361,65.1361
FTV,2024-04-04,62.4438,65.1361,65.1361
FTV,2024-04-15,60.851,65.1361,65.1361
FTV,2024-04-17,59.8931,65.1361,65.1361
FTV,2025-06-30,51.4588,56.0751,56.0751
FTV,2025-07-24,49.5568,56.0751,56.0751
FTV,2025-07-30,49.4235,56.0751,56.0751
GD,2008-06-04,58.6054,62.9461,62.9461
GD,2010-05-04,52.1197,54.8236,54.8236
GD,2011-02-23,53.2596,55.3949,55.3949
GD,2011-03-02,52.5106,55.3949,55.3949
GD,2018-03-22,182.0051,191.7949,191.7949
GD,2018-04-25,178.877,192.4053,192.4053
GD,2018-04-27,170.5178,192.4053,192.4053
GD,2018-05-01,164.3827,192.4053,192.4053
GD,2020-09-09,128.3225,142.144,142.144
GD,2022-12-15,226.989,240.0435,240.0435
GD,2026-01-28,345.059,369.7,369.7
GDDY,2015-12-31,31.7343,35.35,35.35
GDDY,2016-01-08,29.9457,35.35,35.35
GDDY,2016-01-11,29.4896,35.35,35.35
GDDY,2016-01-20,27.7025,35.35,35.35
GDDY,2018-09-24,79.2412,84.67,84.67
GDDY,2019-05-03,78.9725,82.3,82.3
GDDY,2020-09-04,78.7566,89.0,89.0
GDDY,2021-07-15,83.9735,90.43,90.43
GDDY,2021-07-27,83.1207,90.43,90.43
GDDY,2023-02-17,77.5974,85.32,85.32
GE,2005-12-20,103.8708,106.4914,106.4914
GE,2007-10-12,127.3813,130.9312,130.9312
GE,2008-08-19,91.0817,97.1423,97.1423
GE,2008-08-20,90.2702,97.1423,97.1423
GE,2008-09-11,86.4875,97.1423,97.1423
GE,2008-09-12,85.0466,97.1423,97.1423
GE,2010-05-05,62.6393,68.7745,68.7745
GE,2014-01-17,104.8485,111.0619,111.0619
GE,2014-01-21,103.2834,111.0619,111.0619
GE,2014-01-23,101.6714,111.0619,111.0619
GE,2014-07-10,104.984,109.7989,109.7989
GE,2017-04-21,129.8997,134.441,134.441
GE,2021-12-20,54.2137,70.9113,70.9113
GEHC,2023-07-24,80.2029,82.8055,82.8055
GEHC,2023-07-25,79.6009,82.8055,82.8055
GEHC,2024-10-22,88.7622,94.3075,94.3075
GEHC,2026-03-05,75.7784,87.12,87.12
GEN,2007-10-19,7.1414,7.62,7.62
GEN,2008-09-05,7.6048,8.149,8.149
GEN,2010-04-30,5.976,6.2797,6.2797
GEN,2010-05-03,5.9472,6.2797,6.2797
GEN,2013-08-21,9.3424,9.7513,9.7513
GEN,2015-03-03,9.2841,10.2185,10.2185
GEN,2020-09-03,20.2599,21.7227,21.7227
GEN,2020-09-04,19.8198,21.7227,21.7227
GEN,2021-06-16,25.0011,26.1919,26.1919
GEN,2021-06-17,24.8654,26.1919,26.1919
GEN,2022-08-29,20.8622,24.7759,24.7759
GEN,2022-09-01,20.6231,24.7759,24.7759
GEN,2022-09-06,20.5149,24.7759,24.7759
GILD,2007-05-10,14.0572,14.6367,14.6367
GILD,2009-02-10,17.094,18.5082,18.5082
GILD,2009-08-04,16.4702,17.3688,17.3688
GILD,2011-08-01,14.3905,15.1074,15.1074
GILD,2014-02-05,53.4409,58.637,58.637
GILD,2016-12-08,50.8767,57.1763,57.1763
GILD,2019-07-19,50.58,54.4775,54.4775
GILD,2019-07-31,50.3351,54.4775,54.4775
GILD,2019-08-05,49.1356,54.4775,54.4775
GILD,2019-09-24,50.6328,54.4775,54.4775
GILD,2019-09-25,50.3077,54.4775,54.4775
GILD,2022-01-07,61.0685,63.7864,63.7864
GILD,2022-12-20,75.5492,80.3478,80.3478
GILD,2023-05-25,69.933,79.3687,79.3687
GILD,2023-06-26,69.3533,79.3687,79.3687
GILD,2025-03-14,108.6644,116.6975,116.6975
GILD,2025-03-17,108.0309,116.6975,116.6975
GIS,2012-01-27,24.5737,25.3295,25.3295
GIS,2012-02-07,24.2692,25.3295,25.3295
GIS,2015-08-19,39.9457,41.214,41.214
GIS,2016-07-27,49.9943,51.5967,51.5967
GIS,2016-12-20,43.6499,45.7694,45.7694
GIS,2023-05-17,79.3861,81.2931,81.2931
GIS,2023-05-18,79.0787,81.2931,81.2931
GL,2007-11-02,23.3142,24.4147,24.4147
GL,2007-11-16,23.0505,24.4371,24.4371
GL,2008-06-03,23.2806,24.7312,24.7312
GL,2008-06-04,23.1816,24.7312,24.7312
GL,2011-04-14,25.54,26.481,26.481
GL,2011-04-18,25.3442,26.481,26.481
GL,2011-04-27,25.2965,26.481,26.481
GL,2011-05-23,25.65,26.481,26.481
GL,2014-07-24,48.9119,51.2293,51.2293
GL,2021-05-13,98.1635,103.9814,103.9814
GL,2022-05-19,90.5468,103.3675,103.3675
GL,2022-05-20,89.6912,103.3675,103.3675
GL,2025-10-01,139.5894,147.256,147.256
GLW,2006-10-17,15.9926,16.8025,16.8025
GLW,2011-03-09,14.9246,16.0615,16.0615
GLW,2011-05-20,13.6304,15.1493,15.1493
GLW,2011-11-21,10.0663,10.9405,10.9405
GLW,2011-11-23,9.7427,10.9405,10.9405
GLW,2012-04-04,9.5187,10.1554,10.1554
GLW,2013-06-13,10.5506,11.7976,11.7976
GLW,2015-03-06,18.006,18.7836,18.7836
GLW,2019-03-07,28.0341,29.1073,29.1073
GLW,2019-03-08,27.8363,29.1073,29.1073
GLW,2019-11-20,24.0544,26.0479,26.0479
GLW,2019-11-21,24.0322,26.0479,26.0479
GLW,2022-08-17,32.4594,34.1049,34.1049
GLW,2022-08-22,31.7083,34.1049,34.1049
GLW,2022-09-02,30.0447,34.1049,34.1049
GLW,2022-09-22,27.915,34.1049,34.1049
GLW,2022-09-23,27.582,34.1049,34.1049
GM,2011-01-20,27.3968,29.4407,29.4407
GM,2012-03-06,18.2852,20.6413,20.6413
GM,2012-04-10,17.5007,20.6413,20.6413
GM,2012-05-03,16.5863,20.6413,20.6413
GM,2012-05-04,16.4176,20.6413,20.6413
GM,2012-06-22,15.2699,20.6413,20.6413
GM,2014-01-03,29.2942,31.2081,31.2081
GM,2017-02-02,29.9375,32.39,32.39
GM,2018-06-21,36.5778,40.2962,40.2962
GM,2019-03-01,35.7495,37.2664,37.2664
GM,2021-07-08,53.4695,62.0387,62.0387
GM,2026-02-23,78.5479,87.62,87.62
GM,2026-02-27,78.2696,87.62,87.62
GM,2026-03-02,77.3814,87.62,87.62
GM,2026-03-03,75.8881,87.62,87.62
GNRC,2010-05-04,9.715,10.4045,10.4045
GNRC,2014-04-04,57.2093,62.5,62.5
GNRC,2016-12-13,41.1787,43.68,43.68
GNRC,2022-04-06,296.3664,329.5,329.5
GNRC,2022-06-10,260.4871,299.85,299.85
GNRC,2024-12-04,182.0612,195.94,195.94
GNRC,2025-08-21,187.6753,203.25,203.25
GNRC,2025-09-02,179.4481,203.25,203.25
GOOG,2006-05-02,9.6339,11.1424,11.1424
GOOG,2011-08-05,14.2295,15.5126,15.5126
GOOG,2014-03-03,29.5299,30.3794,30.3794
GOOG,2014-03-12,29.4127,30.3794,30.3794
GOOG,2014-07-31,28.2264,29.6778,29.6778
GOOG,2014-08-01,27.9329,29.6778,29.6778
GOOG,2014-09-15,28.33,29.6778,29.6778
GOOG,2016-01-04,36.8094,38.7087,38.7087
GOOG,2016-01-07,35.8536,38.7087,38.7087
GOOG,2018-08-17,59.3831,63.2203,63.2203
GOOG,2021-11-23,144.4626,150.7196,150.7196
GOOGL,2006-05-02,9.6792,11.1947,11.1947
GOOGL,2011-08-05,14.2964,15.5854,15.5854
GOOGL,2014-03-03,29.6686,30.5221,30.5221
GOOGL,2014-03-12,29.5509,30.5221,30.5221
GOOGL,2014-08-01,28.355,30.2172,30.2172
GOOGL,2014-09-15,28.8543,30.2172,30.2172
GOOGL,2014-10-02,28.5414,30.2172,30.2172
GOOGL,2016-01-04,37.5738,39.635,39.635
GOOGL,2016-01-07,36.6242,39.635,39.635
GOOGL,2018-08-31,60.8374,64.0878,64.0878
GOOGL,2021-11-23,143.4584,149.8344,149.8344
GPC,2005-10-06,22.311,24.6922,24.6922
GPC,2006-05-17,23.0939,25.0148,25.0148
GPC,2007-10-17,27.3004,29.3127,29.3127
GPC,2008-09-18,23.55,25.5987,25.5987
GPC,2010-05-06,25.3322,28.5896,28.5896
GPC,2017-02-21,75.0072,77.3312,77.3312
GPC,2017-03-27,71.4523,77.7163,77.7163
GPC,2018-01-31,82.1009,85.5003,85.5003
GPC,2022-12-12,163.9704,172.2646,172.2646
GPC,2023-01-03,155.0713,172.2646,172.2646
GPC,2023-01-05,154.5107,172.2646,172.2646
GPC,2024-05-21,142.3592,155.8103,155.8103
GPC,2024-05-22,141.4666,155.8103,155.8103
GPN,2006-03-27,24.1331,25.6217,25.6217
GPN,2006-07-06,21.7008,23.3215,23.3215
GPN,2007-11-08,20.9204,22.6022,22.6022
GPN,2011-05-25,23.9714,25.3465,25.3465
GPN,2020-02-24,189.9338,199.8249,199.8249
GPN,2021-05-03,203.4596,211.6047,211.6047
GPN,2022-01-24,133.9923,148.0055,148.0055
GPN,2022-01-25,131.3438,148.0055,148.0055
GPN,2022-02-08,135.5592,148.0055,148.0055
GPN,2022-02-24,124.3692,148.0055,148.0055
GPN,2023-03-08,104.9092,115.6249,115.6249
GPN,2024-02-14,129.5791,135.4756,135.4756
GPN,2024-12-05,113.9833,118.3292,118.3292
GPN,2025-09-16,82.8386,90.1028,90.1028
GPN,2025-09-26,83.813,90.1028,90.1028
GRMN,2010-11-03,18.4626,21.3367,21.3367
GRMN,2012-04-04,29.885,31.9238,31.9238
GRMN,2014-12-11,38.2622,43.0782,43.0782
GRMN,2017-03-22,40.8867,44.2503,44.2503
GRMN,2017-03-27,40.4976,44.2503,44.2503
GS,2006-04-28,116.0796,122.885,122.885
GS,2007-11-02,167.9906,184.3436,184.3436
GS,2007-12-18,144.9264,176.5125,176.5125
GS,2008-01-04,146.4085,176.5125,176.5125
GS,2014-01-21,136.7707,143.0489,143.0489
GS,2014-01-23,134.8202,143.0489,143.0489
GS,2017-03-20,199.5118,210.6136,210.6136
GS,2020-01-27,204.607,216.0409,216.0409
GS,2020-02-21,197.5973,216.0409,216.0409
GS,2021-11-18,346.31,381.0466,381.0466
GS,2021-11-19,343.1605,381.0466,381.0466
GS,2021-11-26,344.7362,381.0466,381.0466
GS,2026-02-13,870.3707,979.5449,979.5449
GWW,2016-05-19,190.6153,205.5209,205.5209
GWW,2018-08-30,319.5009,336.8927,336.8927
GWW,2018-10-04,316.3154,336.8927,336.8927
GWW,2018-10-08,311.6885,336.8927,336.8927
GWW,2018-12-06,269.0912,292.0642,292.0642
GWW,2019-03-01,276.0556,289.5613,289.5613
GWW,2020-01-21,308.6801,321.4925,321.4925
GWW,2020-01-23,304.4116,321.4925,321.4925
GWW,2021-06-14,431.8651,456.7965,456.7965
GWW,2021-06-15,429.5767,456.7965,456.7965
HAL,2006-04-25,28.6745,30.6493,30.6493
HAL,2011-07-29,41.9955,44.7789,44.7789
HAL,2011-08-01,41.6347,44.7789,44.7789
HAL,2011-11-21,27.0395,31.4043,31.4043
HAL,2015-11-11,30.5943,33.6985,33.6985
HAL,2015-11-12,30.3782,33.6985,33.6985
HAL,2015-11-13,30.13,33.6985,33.6985
HAL,2015-12-03,30.9573,33.6985,33.6985
HAL,2015-12-04,30.5677,33.6985,33.6985
HAL,2017-02-22,44.2338,49.0402,49.0402
HAL,2017-02-24,43.7301,49.0402,49.0402
HAL,2019-02-08,25.5768,27.9857,27.9857
HAL,2019-02-28,26.2105,28.236,28.236
HAL,2019-04-22,26.5991,28.045,28.045
HAL,2020-01-08,21.2628,22.7124,22.7124
HAL,2020-01-09,21.0126,22.7124,22.7124
HAL,2024-12-04,29.4423,31.309,31.309
HAS,2005-10-17,9.8187,11.8487,11.8487
HAS,2006-01-03,10.7367,11.8487,11.8487
HAS,2006-01-05,10.5526,11.8487,11.8487
HAS,2006-02-06,11.0277,11.8487,11.8487
HAS,2006-04-24,11.0388,11.8487,11.8487
HAS,2012-09-19,24.2573,25.6965,25.6965
HAS,2014-04-04,37.1786,38.3981,38.3981
HAS,2016-06-16,60.9284,63.3836,63.3836
HAS,2018-03-09,68.4076,77.6337,77.6337
HAS,2021-01-26,75.9195,82.3401,82.3401
HAS,2021-01-27,75.2023,82.3401,82.3401
HAS,2021-02-08,75.999,82.3401,82.3401
HAS,2022-08-29,67.9255,73.4702,73.4702
HAS,2022-09-06,65.7016,73.4702,73.4702
HBAN,2010-05-06,3.5453,4.3713,4.3713
HBAN,2010-06-08,3.2036,4.3713,4.3713
HBAN,2010-06-29,3.3247,4.3713,4.3713
HBAN,2020-01-03,11.0918,11.6761,11.6761
HBAN,2023-03-02,12.9629,13.6186,13.6186
HBAN,2024-12-03,16.6854,17.5981,17.5981
HBAN,2026-02-11,17.7762,19.46,19.46
HCA,2015-08-05,85.0497,88.7633,88.7633
HCA,2015-08-21,78.4674,88.7633,88.7633
HCA,2015-08-24,77.0808,88.7633,88.7633
HCA,2015-09-21,75.7882,88.7633,88.7633
HCA,2016-05-03,72.4873,77.7945,77.7945
HCA,2016-06-14,72.0051,77.7945,77.7945
HCA,2016-06-16,71.4464,77.7945,77.7945
HCA,2017-05-17,75.7733,84.6174,84.6174
HCA,2018-12-10,125.3597,138.6725,138.6725
HCA,2023-07-19,279.567,298.8752,298.8752
HD,2006-04-10,25.2993,26.7436,26.7436
HD,2006-04-11,25.1991,26.7436,26.7436
HD,2007-07-19,24.7357,25.7207,25.7207
HD,2011-03-15,25.4215,27.7182,27.7182
HD,2011-04-26,26.2378,27.2909,27.2909
HD,2016-09-07,106.2978,110.7142,110.7142
HD,2018-01-30,165.7776,170.943,170.943
HD,2021-05-11,293.074,307.968,307.968
HD,2021-12-14,361.1229,380.1583,380.1583
HD,2026-02-23,370.552,397.63,397.63
HD,2026-03-03,361.1789,397.63,397.63
HIG,2005-12-07,54.8678,57.342,57.342
HIG,2007-10-16,62.8812,65.45,65.45
HIG,2007-10-17,62.5927,65.45,65.45
HIG,2007-10-18,62.0191,65.45,65.45
HIG,2011-02-23,21.1906,22.7835,22.7835
HIG,2011-02-24,20.9366,22.7835,22.7835
HIG,2021-04-28,59.8606,63.2192,63.2192
HIG,2021-11-19,63.4441,71.4094,71.4094
HIG,2022-05-19,62.1149,70.201,70.201
HIG,2023-01-19,69.4147,74.6266,74.6266
HII,2011-05-26,28.9155,34.0534,34.0534
HII,2011-06-02,28.6156,34.0534,34.0534
HII,2011-06-03,28.4129,34.0534,34.0534
HII,2011-06-24,28.2244,34.0534,34.0534
HII,2014-04-08,79.0956,85.9898,85.9898
HII,2017-03-09,177.7908,184.8332,184.8332
HII,2024-04-02,274.907,286.9359,286.9359
HII,2024-04-03,273.8576,286.9359,286.9359
HII,2024-04-04,272.9018,286.9359,286.9359
HII,2024-09-05,260.9249,275.2445,275.2445
HLT,2015-06-08,55.7412,61.2913,61.2913
HOLX,2006-04-10,26.0849,28.355,28.355
HOLX,2007-05-01,28.4221,31.59,31.59
HOLX,2007-05-21,26.1369,31.59,31.59
HOLX,2009-09-24,15.9173,17.83,17.83
HOLX,2013-04-03,22.0695,22.97,22.97
HOLX,2013-04-04,21.8703,22.97,22.97
HOLX,2017-07-28,44.0958,46.8,46.8
HOLX,2017-08-02,43.5134,46.8,46.8
HOLX,2021-09-13,78.4119,81.04,81.04
HOLX,2021-09-15,77.3069,81.04,81.04
HOLX,2021-09-16,76.8401,81.04,81.04
HOLX,2023-05-02,83.3078,87.88,87.88
HOLX,2023-07-06,77.7221,87.88,87.88
HOLX,2023-07-18,77.7083,87.88,87.88
HOLX,2024-09-11,79.738,84.67,84.67
HON,2006-05-17,24.1383,25.4927,25.4927
HON,2008-05-22,35.5558,37.7341,37.7341
HON,2010-05-05,29.0406,30.9148,30.9148
HON,2018-10-04,127.3134,131.0881,131.0881
HON,2022-12-06,185.8978,194.2701,194.2701
HON,2022-12-15,182.966,194.2701,194.2701
HON,2022-12-16,181.3602,194.2701,194.2701
HON,2023-01-04,182.2914,194.2701,194.2701
HOOD,2022-04-21,10.2275,16.49,16.49
HOOD,2022-04-27,9.5084,16.49,16.49
HOOD,2022-04-28,9.2864,16.49,16.49
HOOD,2022-04-29,9.1658,16.49,16.49
HOOD,2025-10-22,122.9217,153.86,153.86
HPE,2019-03-04,12.7828,13.5937,13.5937
HPE,2019-03-07,12.4983,13.5937,13.5937
HPE,2019-03-08,12.3786,13.5937,13.5937
HPE,2019-03-12,12.2344,13.5937,13.5937
HPE,2022-03-31,14.975,15.8372,15.8372
HPE,2023-01-19,14.4774,15.8592,15.8592
HPE,2025-01-27,21.9915,24.0127,24.0127
HPQ,2006-03-22,9.2475,9.6863,9.6863
HPQ,2008-04-25,13.3993,14.1716,14.1716
HPQ,2008-07-03,12.2973,13.9242,13.9242
HPQ,2010-04-22,15.2562,15.8882,15.8882
HPQ,2018-10-05,19.7617,21.1493,21.1493
HPQ,2022-03-31,31.2844,35.2082,35.2082
HPQ,2022-05-12,30.8567,36.1675,36.1675
HPQ,2022-05-19,30.7614,36.1675,36.1675
HRL,2017-05-18,26.8816,28.1305,28.1305
HRL,2018-01-03,28.8363,30.4812,30.4812
HRL,2018-11-20,36.1733,37.8678,37.8678
HRL,2018-11-27,35.8751,37.8678,37.8678
HRL,2021-04-01,40.4499,43.5646,43.5646
HRL,2021-06-17,41.1157,43.0513,43.0513
HRL,2022-04-25,46.4703,48.4614,48.4614
HSIC,2008-09-05,22.4271,23.6941,23.6941
HSIC,2009-10-02,21.1259,22.1569,22.1569
HSIC,2017-07-26,71.1406,73.3294,73.3294
HSIC,2017-08-01,69.8371,73.3294,73.3294
HSIC,2021-08-26,74.1236,81.58,81.58
HSIC,2021-09-20,75.5293,81.58,81.58
HSIC,2022-04-19,88.8117,92.68,92.68
HSIC,2022-06-01,81.7844,87.28,87.28
HSIC,2023-05-04,78.3284,85.75,85.75
HSIC,2023-07-19,77.9518,82.62,82.62
HSIC,2024-03-22,72.6355,82.63,82.63
HSIC,2024-04-12,70.3778,82.63,82.63
HSIC,2024-04-18,69.6371,82.63,82.63
HSIC,2025-02-25,75.2668,82.49,82.49
HST,2007-02-27,13.3299,15.0784,15.0784
HST,2007-05-16,12.6322,14.5012,14.5012
HST,2011-02-15,11.0267,11.6822,11.6822
HST,2011-07-29,9.286,10.4973,10.4973
HST,2011-08-01,9.1529,10.4973,10.4973
HST,2012-02-14,9.6883,10.2437,10.2437
HST,2012-04-09,9.4133,10.2437,10.2437
HST,2012-10-23,9.1135,10.5144,10.5144
HST,2012-10-25,8.949,10.5144,10.5144
HST,2012-10-26,8.8659,10.5144,10.5144
HST,2019-03-22,14.5494,15.762,15.762
HST,2019-03-25,14.3809,15.762,15.762
HST,2019-04-22,14.4961,15.762,15.762
HST,2019-05-10,14.6972,15.762,15.762
HST,2020-01-02,14.7493,15.1909,15.1909
HST,2020-01-03,14.6157,15.1909,15.1909
HST,2022-05-20,15.2477,17.9058,17.9058
HST,2022-08-29,14.8742,16.4189,16.4189
HST,2023-02-10,15.4581,16.5894,16.5894
HSY,2009-09-30,25.9301,28.2523,28.2523
HSY,2009-10-22,26.2266,28.2523,28.2523
HSY,2010-07-01,32.5606,35.922,35.922
HSY,2010-07-20,34.3489,35.922,35.922
HSY,2010-07-21,34.1652,35.922,35.922
HSY,2023-05-17,244.6376,254.7978,254.7978
HSY,2023-05-18,244.6376,254.7978,254.7978
HSY,2026-03-05,225.3973,239.48,239.48
HUBB,2008-06-03,29.6987,32.3433,32.3433
HUBB,2008-09-05,28.3374,30.2026,30.2026
HUBB,2008-09-09,27.6367,30.2026,30.2026
HUBB,2008-09-15,27.1985,30.2026,30.2026
HUBB,2008-09-18,26.6641,30.2026,30.2026
HUBB,2014-10-07,93.6893,99.6612,99.6612
HUBB,2015-07-06,84.9542,89.1918,89.1918
HUBB,2016-04-25,86.5561,89.1875,89.1875
HUBB,2016-05-19,83.0545,90.3162,90.3162
HUBB,2018-03-01,109.7101,126.2407,126.2407
HUBB,2018-03-02,109.1015,126.2407,126.2407
HUBB,2018-03-05,108.3838,126.2407,126.2407
HUBB,2018-10-03,112.8125,118.8491,118.8491
HUBB,2018-10-04,112.8125,118.8491,118.8491
HUBB,2020-01-27,129.8473,133.9851,133.9851
HUBB,2024-12-09,440.0837,472.3847,472.3847
HUBB,2026-02-27,505.426,532.354,532.354
HUM,2008-06-17,39.3157,45.4996,45.4996
HUM,2008-09-05,37.4032,45.096,45.096
HUM,2008-09-18,36.3746,45.096,45.096
HUM,2010-02-01,40.782,46.2104,46.2104
HUM,2010-04-09,39.4152,46.2104,46.2104
HUM,2010-04-12,38.9129,46.2104,46.2104
HUM,2012-01-20,81.281,85.4142,85.4142
HUM,2012-01-25,79.1808,85.4142,85.4142
HUM,2012-04-26,77.0603,82.9044,82.9044
HUM,2018-12-06,289.9272,334.4144,334.4144
HUM,2018-12-10,281.1667,334.4144,334.4144
HUM,2021-06-02,409.7436,454.8979,454.8979
HUM,2021-11-03,424.6598,450.942,450.942
HUM,2021-11-26,406.9366,450.942,450.942
HUM,2021-11-30,400.7709,450.942,450.942
HUM,2025-02-10,261.4743,303.0449,303.0449
HUM,2025-11-03,271.9695,301.7564,301.7564
HWM,2017-03-03,20.5181,22.6416,22.6416
HWM,2018-01-30,22.0018,23.1572,23.1572
IBKR,2008-07-02,5.9256,6.7487,6.7487
IBKR,2016-04-29,8.8157,9.6617,9.6617
IBKR,2016-05-04,8.6003,9.6617,9.6617
IBKR,2016-12-16,8.9243,9.3352,9.3352
IBKR,2019-03-06,12.6918,14.9455,14.9455
IBKR,2019-03-21,12.3365,14.9455,14.9455
IBKR,2019-05-31,12.1666,14.2038,14.2038
IBKR,2019-06-03,11.9881,14.2038,14.2038
IBKR,2019-06-24,12.5515,14.2038,14.2038
IBKR,2020-03-06,11.2516,14.0941,14.0941
IBKR,2021-03-26,17.6311,19.592,19.592
IBKR,2021-03-29,17.4595,19.592,19.592
IBKR,2021-04-21,17.5684,19.592,19.592
IBKR,2025-02-24,53.0037,58.7588,58.7588
IBKR,2026-02-05,68.9865,78.7155,78.7155
IBM,2006-04-10,42.2213,43.7093,43.7093
IBM,2008-08-11,67.274,69.5731,69.5731
IBM,2013-04-05,120.6947,125.0079,125.0079
IBM,2013-04-18,119.6351,125.0079,125.0079
IBM,2015-06-05,102.1936,106.8844,106.8844
IBM,2018-10-05,102.8433,106.8072,106.8072
IBM,2018-10-08,101.9366,106.8072,106.8072
IBM,2020-10-20,89.1455,103.2271,103.2271
IBM,2022-01-11,110.2868,120.7416,120.7416
IBM,2025-11-14,297.364,323.0581,323.0581
ICE,2006-05-17,11.934,14.1085,14.1085
ICE,2006-05-18,11.5912,14.1085,14.1085
ICE,2008-01-03,30.775,33.3742,33.3742
ICE,2011-03-15,21.0261,23.1798,23.1798
ICE,2011-03-31,21.032,23.1798,23.1798
ICE,2012-03-28,23.2035,24.4417,24.4417
ICE,2012-03-29,23.1268,24.4417,24.4417
ICE,2012-04-04,23.0174,24.4417,24.4417
ICE,2012-08-01,22.0816,24.2739,24.2739
ICE,2012-09-20,23.2001,24.2739,24.2739
ICE,2018-12-06,71.2748,75.322,75.322
ICE,2018-12-10,70.3474,75.322,75.322
IDXX,2010-06-29,30.4877,34.285,34.285
IDXX,2010-07-01,29.9022,34.285,34.285
IDXX,2010-07-19,29.8164,34.285,34.285
IDXX,2010-07-20,29.4141,34.285,34.285
IDXX,2011-08-04,37.8452,43.645,43.645
IDXX,2011-08-05,37.2158,43.645,43.645
IDXX,2013-03-04,45.1057,50.405,50.405
IDXX,2013-04-01,45.2944,50.405,50.405
IDXX,2015-03-06,76.9964,84.255,84.255
IDXX,2021-07-30,672.9477,706.95,706.95
IDXX,2023-08-01,530.5386,564.74,564.74
IDXX,2023-08-02,517.074,564.74,564.74
IDXX,2023-08-03,507.5669,564.74,564.74
IDXX,2024-03-11,545.0692,583.39,583.39
IDXX,2024-03-14,532.4649,583.39,583.39
IDXX,2024-03-15,527.6116,583.39,583.39
IDXX,2024-06-13,488.8283,548.88,548.88
IEX,2008-06-20,29.5533,31.3836,31.3836
IEX,2008-08-20,29.496,31.1861,31.1861
IEX,2008-08-21,29.283,31.1861,31.1861
IEX,2008-08-25,28.7669,31.1861,31.1861
IEX,2009-02-05,16.4991,20.3858,20.3858
IEX,2010-05-04,26.3953,28.3882,28.3882
IEX,2015-07-21,66.5026,69.8179,69.8179
IEX,2018-09-26,139.6339,143.8548,143.8548
IEX,2019-07-11,153.4724,159.9611,159.9611
IEX,2021-05-19,203.6873,221.4491,221.4491
IEX,2021-06-11,206.178,221.4491,221.4491
IEX,2021-06-14,205.4281,221.4491,221.4491
IEX,2024-04-02,232.1118,239.4447,239.4447
IFF,2007-10-15,34.1169,35.9993,35.9993
IFF,2007-10-16,33.8099,35.9993,35.9993
IFF,2007-10-22,33.1283,35.9993,35.9993
IFF,2008-09-29,26.1215,30.3878,30.3878
IFF,2008-10-10,22.8623,30.3878,30.3878
IFF,2010-05-04,34.6708,36.3139,36.3139
IFF,2018-01-30,121.6614,128.1922,128.1922
IFF,2018-02-01,120.1251,128.1922,128.1922
IFF,2018-12-06,112.6429,124.6041,124.6041
IFF,2018-12-17,109.0722,124.6041,124.6041
IFF,2020-02-13,113.9984,122.4892,122.4892
IFF,2020-02-24,106.857,122.4892,122.4892
IFF,2020-02-25,104.4062,122.4892,122.4892
IFF,2020-02-28,99.4839,122.4892,122.4892
IFF,2020-05-14,106.4874,122.737,122.737
IFF,2020-09-08,104.3454,114.5646,114.5646
IFF,2020-09-11,103.2131,114.5646,114.5646
IFF,2020-09-21,103.8574,114.5646,114.5646
IFF,2021-12-20,125.3117,137.8722,137.8722
IFF,2023-01-24,100.7717,108.9799,108.9799
IFF,2023-01-25,99.7931,108.9799,108.9799
IFF,2026-03-05,75.2193,84.45,84.45
INCY,2005-11-16,4.7518,8.19,8.19
INCY,2005-12-27,5.3997,8.19,8.19
INCY,2006-01-03,5.1766,8.19,8.19
INCY,2006-01-18,5.2112,8.19,8.19
INCY,2006-01-20,5.1309,8.19,8.19
INCY,2006-01-24,5.0356,8.19,8.19
INCY,2007-05-07,7.4407,8.3,8.3
INCY,2007-05-08,7.3539,8.3,8.3
INCY,2010-04-16,13.663,14.98,14.98
INCY,2010-04-19,13.4239,14.98,14.98
INCY,2010-04-22,13.1538,14.98,14.98
INCY,2010-05-05,12.6352,14.98,14.98
INCY,2013-03-18,22.951,25.29,25.29
INCY,2014-02-28,62.4405,70.86,70.86
INCY,2017-08-01,127.8421,139.98,139.98
INCY,2017-10-31,111.5617,140.11,140.11
INCY,2018-01-31,89.9705,102.63,102.63
INCY,2018-04-02,80.4633,96.33,96.33
INCY,2018-04-03,79.3145,96.33,96.33
INCY,2019-03-07,81.8176,88.83,88.83
INCY,2019-03-08,81.2804,88.83,88.83
INCY,2019-04-03,84.2491,88.83,88.83
INCY,2019-04-04,83.1064,88.83,88.83
INCY,2021-01-29,89.7477,101.47,101.47
INCY,2022-04-20,78.2144,84.86,84.86
INCY,2024-11-15,73.3123,83.95,83.95
INCY,2026-02-10,99.4068,112.29,112.29
INSM,2006-03-03,22.7601,33.5,33.5
INSM,2006-03-06,21.8408,33.5,33.5
INSM,2006-03-28,18.3571,33.5,33.5
INSM,2006-07-05,13.7637,20.5,20.5
INSM,2006-08-10,10.7828,20.5,20.5
INSM,2007-07-30,6.7036,12.2,12.2
INSM,2007-08-06,6.6695,12.2,12.2
INSM,2007-12-27,8.2173,10.7,10.7
INSM,2008-01-17,7.1315,10.7,10.7
INSM,2010-04-12,10.3072,13.2,13.2
INSM,2011-07-18,11.0976,13.5,13.5
INSM,2012-11-30,7.1219,8.27,8.27
INSM,2014-01-24,19.5815,22.29,22.29
INSM,2014-01-27,19.2718,22.29,22.29
INSM,2014-02-11,17.4941,22.29,22.29
INSM,2018-02-23,22.2022,33.94,33.94
INSM,2024-01-02,29.347,32.0,32.0
INTC,2008-05-23,14.2486,15.6005,15.6005
INTC,2008-06-09,13.8358,15.6005,15.6005
INTC,2008-08-21,14.1571,15.3629,15.3629
INTC,2010-05-04,14.6585,15.9054,15.9054
INTC,2010-05-05,14.5191,15.9054,15.9054
INTC,2011-05-23,15.455,16.2545,16.2545
INTC,2012-05-08,19.1368,20.5382,20.5382
INTC,2012-05-09,18.9897,20.5382,20.5382
INTC,2017-01-31,29.9457,31.3901,31.3901
INTC,2017-02-01,29.7543,31.3901,31.3901
INTC,2024-01-04,45.1394,50.6023,50.6023
INTC,2025-04-04,19.7992,27.55,27.55
INTC,2025-04-07,18.9536,27.55,27.55
INTC,2025-04-08,18.0427,27.55,27.55
INTU,2006-10-26,29.8576,31.6985,31.6985
INTU,2007-11-08,26.7951,29.1612,29.1612
INTU,2011-05-04,47.2639,49.6886,49.6886
INTU,2011-05-23,46.6272,49.7415,49.7415
INTU,2013-04-04,57.5866,61.2794,61.2794
INTU,2013-04-05,57.3708,61.2794,61.2794
INTU,2016-07-29,103.1189,108.8766,108.8766
INTU,2021-12-14,613.9452,697.2526,697.2526
INTU,2022-08-19,451.3035,479.4101,479.4101
INVH,2017-12-20,18.813,19.6083,19.6083
INVH,2018-01-17,18.0995,19.6083,19.6083
INVH,2018-01-18,17.9951,19.6083,19.6083
INVH,2022-01-24,35.9451,40.024,40.024
INVH,2022-01-25,35.5123,40.024,40.024
INVH,2025-10-02,28.2587,30.7256,30.7256
IP,2019-02-28,31.6373,33.3598,33.3598
IP,2019-03-04,31.2676,33.3598,33.3598
IP,2021-06-10,48.3316,50.2315,50.2315
IP,2022-04-28,38.5103,41.9751,41.9751
IP,2022-05-24,38.8645,41.9751,41.9751
IP,2023-02-21,31.3815,36.1824,36.1824
IP,2023-03-13,30.3899,36.1824,36.1824
IQV,2013-08-27,42.7894,47.5,47.5
IQV,2017-11-09,101.5533,110.67,110.67
IQV,2017-12-22,99.2589,110.67,110.67
IQV,2022-01-03,271.7129,285.61,285.61
IQV,2022-01-04,266.8349,285.61,285.61
IQV,2023-08-01,218.2291,233.88,233.88
IQV,2024-04-02,244.9791,261.73,261.73
IQV,2024-04-03,242.5039,261.73,261.73
IQV,2024-09-06,242.7113,252.88,252.88
IQV,2025-03-11,181.4427,220.0,220.0
IQV,2025-03-31,172.8498,220.0,220.0
IQV,2025-04-03,166.966,220.0,220.0
IR,2018-01-30,31.9402,35.1641,35.1641
IR,2018-02-05,30.7,35.1641,35.1641
IR,2021-11-26,57.9179,61.7527,61.7527
IR,2022-01-24,55.5293,62.3298,62.3298
IR,2022-01-25,54.9027,62.3298,62.3298
IR,2022-01-28,53.3125,62.3298,62.3298
IR,2024-12-10,100.859,105.9018,105.9018
IR,2025-07-31,84.5136,90.3746,90.3746
IRM,2006-01-03,10.1803,11.0371,11.0371
IRM,2006-02-08,10.1762,11.0371,11.0371
IRM,2006-12-01,10.3174,10.9123,10.9123
IRM,2007-01-03,10.0241,10.9123,10.9123
IRM,2007-12-28,13.379,14.2645,14.2645
IRM,2008-06-12,10.7034,11.4851,11.4851
IRM,2008-06-25,10.6143,11.4851,11.4851
IRM,2008-09-04,10.007,11.0445,11.0445
IRM,2008-09-05,9.8804,11.0445,11.0445
IRM,2008-09-10,9.7572,11.0445,11.0445
IRM,2009-09-21,10.136,11.2611,11.2611
IRM,2014-01-02,13.5684,14.2125,14.2125
IRM,2014-01-07,13.2358,14.2125,14.2125
IRM,2015-01-30,21.2713,22.0638,22.0638
IRM,2015-02-02,21.1687,22.0638,22.0638
IRM,2019-04-17,25.0017,25.73,25.73
ISRG,2006-02-01,14.3476,15.5,15.5
ISRG,2006-02-02,14.0998,15.5,15.5
ISRG,2006-05-24,11.9528,14.6667,14.6667
ISRG,2006-06-06,11.8094,14.6667,14.6667
ISRG,2008-09-03,31.944,37.0278,37.0278
ISRG,2010-06-24,36.8073,43.7689,43.7689
ISRG,2012-05-08,61.2997,66.0989,66.0989
ISRG,2014-04-09,49.1542,60.1367,60.1367
ISRG,2026-01-14,546.6604,603.88,603.88
IT,2007-06-19,25.5345,28.44,28.44
IT,2008-08-21,25.408,28.39,28.39
IT,2015-01-02,82.9717,87.58,87.58
IT,2018-10-05,154.4524,161.21,161.21
IT,2022-12-15,337.5377,358.25,358.25
IT,2022-12-16,334.7979,358.25,358.25
IT,2024-12-10,508.282,559.0,559.0
IT,2025-03-04,481.6908,584.01,584.01
IT,2025-03-07,473.8885,584.01,584.01
IT,2025-03-11,465.9883,584.01,584.01
ITW,2007-10-17,36.7239,38.4135,38.4135
ITW,2007-11-08,35.4231,38.4135,38.4135
ITW,2007-11-09,35.3056,38.4135,38.4135
ITW,2007-11-12,35.1003,38.4135,38.4135
ITW,2007-11-15,34.8873,38.4135,38.4135
ITW,2007-11-16,34.721,38.4135,38.4135
ITW,2007-11-19,34.5373,38.4135,38.4135
ITW,2007-11-20,34.3286,38.4135,38.4135
ITW,2007-11-21,34.1211,38.4135,38.4135
ITW,2007-12-04,34.6194,38.4135,38.4135
ITW,2008-09-16,29.7172,33.1978,33.1978
ITW,2018-02-02,140.309,147.5924,147.5924
ITW,2021-05-19,205.0049,216.6984,216.6984
ITW,2024-12-10,262.9982,270.6932,270.6932
ITW,2024-12-16,261.0839,270.6932,270.6932
ITW,2026-03-03,283.0607,303.16,303.16
IVZ,2006-05-15,10.4177,11.5691,11.5691
IVZ,2008-05-22,13.9547,15.0045,15.0045
IVZ,2008-05-23,13.8505,15.0045,15.0045
IVZ,2008-05-27,13.7525,15.0045,15.0045
IVZ,2011-03-15,13.7933,15.2403,15.2403
IVZ,2013-05-23,19.5158,20.573,20.573
IVZ,2013-06-03,19.4118,20.573,20.573
IVZ,2015-12-11,19.7599,22.0134,22.0134
IVZ,2025-02-25,16.5576,18.5716,18.5716
J,2008-06-12,65.4611,75.0806,75.0806
J,2008-06-25,64.7373,75.0806,75.0806
J,2010-05-06,33.35,38.7049,38.7049
J,2012-04-09,32.6296,36.788,36.788
J,2014-01-23,49.1543,51.0771,51.0771
J,2014-04-07,47.9137,51.0771,51.0771
J,2014-09-22,39.6592,41.8056,41.8056
J,2017-03-27,40.9559,47.5029,47.5029
J,2017-04-12,40.6535,47.5029,47.5029
J,2017-05-05,41.0651,47.5029,47.5029
J,2017-05-17,39.3188,47.5029,47.5029
J,2017-05-18,38.9162,47.5029,47.5029
J,2021-11-23,114.7757,118.7491,118.7491
J,2021-12-17,108.0723,119.2996,119.2996
J,2022-12-15,94.882,104.4801,104.4801
J,2024-04-05,120.0773,125.4762,125.4762
J,2025-11-14,150.3582,167.6,167.6
JBHT,2007-07-18,24.3167,26.2397,26.2397
JBHT,2008-08-20,29.9035,33.5875,33.5875
JBHT,2008-08-21,29.3074,33.5875,33.5875
JBHT,2013-08-15,64.735,69.6002,69.6002
JBHT,2013-08-28,64.1696,69.6002,69.6002
JBHT,2015-05-12,77.9953,84.2733,84.2733
JBHT,2021-05-19,163.4208,175.8359,175.8359
JBHT,2021-06-04,158.3892,175.8359,175.8359
JBL,2007-03-14,19.7797,21.8182,21.8182
JBL,2007-03-22,19.5082,21.8182,21.8182
JBL,2008-09-02,12.8816,15.0774,15.0774
JBL,2018-04-19,27.0108,30.2719,30.2719
JBL,2022-01-10,66.3783,71.1592,71.1592
JCI,2008-05-23,14.1,15.0701,15.0701
JCI,2008-06-06,13.8232,15.0701,15.0701
JCI,2008-08-20,13.0914,14.5933,14.5933
JCI,2010-04-29,12.8663,13.3604,13.3604
JCI,2014-06-25,32.5136,33.5767,33.5767
JCI,2014-06-27,32.3414,33.5767,33.5767
JCI,2014-07-30,31.9766,33.5767,33.5767
JCI,2016-12-06,35.5853,37.4125,37.4125
JCI,2018-01-31,32.6769,34.7105,34.7105
JKHY,2006-04-10,17.5827,18.36,18.36
JKHY,2006-04-27,17.2411,18.4064,18.4064
JKHY,2007-12-18,19.6299,23.0052,23.0052
JKHY,2009-09-28,18.6777,19.996,19.996
JKHY,2010-05-07,19.9505,21.656,21.656
JKHY,2011-04-12,27.3182,28.3275,28.3275
JKHY,2011-04-14,27.0799,28.3275,28.3275
JKHY,2023-07-27,163.4281,168.9958,168.9958
JKHY,2023-07-28,162.304,168.9958,168.9958
JKHY,2024-03-14,166.2329,173.7704,173.7704
JKHY,2024-03-15,165.6097,173.7704,173.7704
JKHY,2025-07-11,173.9492,184.6429,184.6429
JKHY,2025-07-25,172.9081,184.6429,184.6429
JNJ,2007-05-08,36.4539,37.5242,37.5242
JNJ,2007-05-09,36.356,37.5242,37.5242
JNJ,2010-04-22,40.4056,41.4644,41.4644
JNJ,2010-11-10,40.559,41.421,41.421
JNJ,2011-07-19,43.4045,44.571,44.571
JNJ,2015-06-05,73.0702,77.055,77.055
JNJ,2015-06-09,72.6641,77.055,77.055
JNJ,2015-06-15,72.3697,77.055,77.055
JNJ,2020-05-14,122.7397,132.7463,132.7463
JNJ,2021-01-29,139.3784,149.8601,149.8601
JNJ,2021-02-22,139.9842,149.8601,149.8601
JNJ,2021-08-25,153.0477,157.2782,157.2782
JNJ,2022-05-19,154.5159,166.2343,166.2343
JNJ,2022-05-31,157.752,166.2343,166.2343
JNJ,2022-06-10,154.379,166.2343,166.2343
JNJ,2022-06-13,152.9073,166.2343,166.2343
JNJ,2024-03-15,148.2203,153.756,153.756
JNJ,2024-03-19,146.9139,153.756,153.756
JNJ,2024-09-12,156.1384,161.6713,161.6713
JNJ,2024-09-24,155.1759,161.6713,161.6713
JNJ,2025-03-12,158.3581,165.3821,165.3821
JNJ,2026-03-05,238.9669,251.71,251.71
JPM,2008-05-08,29.2825,31.9427,31.9427
JPM,2008-11-18,20.344,32.9928,32.9928
JPM,2010-04-16,30.024,32.0086,32.0086
JPM,2011-03-15,29.5704,32.2372,32.2372
JPM,2012-04-05,30.2713,31.8537,31.8537
JPM,2012-04-09,30.1019,31.8537,31.8537
JPM,2015-12-03,49.9264,52.434,52.434
KDP,2008-06-27,2.2979,2.8637,2.8637
KDP,2008-10-10,2.3341,2.8605,2.8605
KDP,2008-10-16,2.1666,2.8605,2.8605
KDP,2013-05-23,5.6135,5.9491,5.9491
KDP,2018-11-21,21.8768,24.2128,24.2128
KDP,2018-12-06,21.2987,24.2128,24.2128
KDP,2019-06-26,24.3668,26.4031,26.4031
KDP,2020-07-30,26.2953,27.4973,27.4973
KDP,2022-09-16,33.4124,37.5893,37.5893
KDP,2023-09-05,30.7636,32.2803,32.2803
KDP,2024-10-02,35.512,36.6192,36.6192
KDP,2025-04-04,33.0012,34.8742,34.8742
KDP,2025-04-07,32.041,35.2563,35.2563
KDP,2025-05-14,31.8694,35.2563,35.2563
KDP,2025-07-31,32.0149,35.2563,35.2563
KEY,2009-04-08,3.8665,5.5277,5.5277
KEY,2009-06-02,2.6111,10.2278,10.2278
KEY,2009-07-21,2.835,10.2278,10.2278
KEY,2009-07-22,2.7424,10.2278,10.2278
KEY,2010-05-06,4.6612,5.8562,5.8562
KEY,2011-02-22,5.4792,5.8377,5.8377
KEY,2011-02-23,5.4231,5.8377,5.8377
KEY,2011-02-24,5.3717,5.8377,5.8377
KEY,2011-03-15,5.2317,5.8377,5.8377
KEY,2014-04-07,8.7997,9.3248,9.3248
KEY,2014-07-10,8.9401,9.3195,9.3195
KEY,2022-02-17,20.6718,21.9008,21.9008
KEY,2024-12-02,17.7952,18.7285,18.7285
KEY,2024-12-03,17.7057,18.7285,18.7285
KEY,2024-12-10,17.3578,18.7285,18.7285
KEY,2024-12-12,17.0564,18.7285,18.7285
KEY,2024-12-17,16.7639,18.7285,18.7285
KEYS,2015-11-09,31.6273,33.48,33.48
KEYS,2022-01-04,196.7701,209.08,209.08
KEYS,2022-12-16,173.6351,189.45,189.45
KEYS,2022-12-19,171.3151,189.45,189.45
KEYS,2022-12-22,168.408,189.45,189.45
KEYS,2023-07-28,162.6003,172.72,172.72
KEYS,2023-07-31,160.9134,172.72,172.72
KEYS,2023-08-14,152.8768,172.72,172.72
KEYS,2025-02-21,174.7795,186.2,186.2
KEYS,2025-02-24,172.6836,186.2,186.2
KEYS,2025-02-25,170.0132,186.2,186.2
KHC,2015-08-07,49.5091,51.506,51.506
KHC,2015-08-11,48.991,51.506,51.506
KHC,2015-08-12,48.4268,51.506,51.506
KHC,2020-01-07,23.0765,24.821,24.821
KHC,2020-01-08,22.8582,24.821,24.821
KHC,2020-01-09,22.6847,24.821,24.821
KHC,2020-01-21,22.9259,24.821,24.821
KHC,2020-01-24,22.6224,24.821,24.821
KHC,2020-01-27,22.5051,24.821,24.821
KHC,2022-05-02,34.7509,37.1455,37.1455
KHC,2024-09-11,32.6136,34.0359,34.0359
KHC,2024-09-12,32.4426,34.0359,34.0359
KHC,2024-10-02,31.8742,34.0359,34.0359
KHC,2024-10-03,31.6134,34.0359,34.0359
KHC,2025-08-04,25.9524,28.3181,28.3181
KIM,2008-10-10,10.6026,20.385,20.385
KIM,2013-05-22,12.9997,13.8259,13.8259
KIM,2017-02-03,15.534,16.7034,16.7034
KIM,2017-02-15,15.4033,16.7034,16.7034
KIM,2017-09-19,12.8533,13.9348,13.9348
KIM,2017-09-20,12.7457,13.9348,13.9348
KIM,2018-07-02,11.3532,12.3751,12.3751
KIM,2022-05-02,20.4571,22.3096,22.3096
KIM,2022-08-19,19.2413,20.235,20.235
KIM,2024-01-16,18.3706,20.8173,20.8173
KKR,2015-03-10,17.7121,19.2667,19.2667
KKR,2018-10-05,24.6089,26.3292,26.3292
KKR,2021-11-26,71.3908,80.7623,80.7623
KKR,2022-04-21,51.7544,60.2124,60.2124
KKR,2022-05-12,46.0059,60.2124,60.2124
KKR,2022-08-29,48.9171,56.0891,56.0891
KKR,2022-09-01,47.5392,56.0891,56.0891
KKR,2022-09-06,46.4452,56.0891,56.0891
KKR,2022-09-16,46.2398,56.0891,56.0891
KLAC,2007-10-04,29.0721,33.6799,33.6799
KLAC,2007-10-10,28.3713,33.6799,33.6799
KLAC,2010-01-12,20.1177,21.1766,21.1766
KLAC,2010-01-13,19.805,21.1766,21.1766
KLAC,2010-05-06,18.051,20.4805,20.4805
KLAC,2011-05-19,24.0448,26.8792,26.8792
KLAC,2013-02-20,33.9415,35.599,35.599
KLAC,2022-01-20,366.3305,437.587,437.587
KMB,2005-10-06,27.2998,29.5846,29.5846
KMB,2005-10-13,26.7449,29.5846,29.5846
KMB,2006-01-03,27.9795,29.5846,29.5846
KMB,2007-04-23,34.7825,35.7095,35.7095
KMB,2009-12-07,35.531,36.8082,36.8082
KMB,2009-12-09,35.1459,36.8082,36.8082
KMB,2016-07-25,95.0688,100.201,100.201
KMB,2016-07-27,94.0832,100.201,100.201
KMB,2016-07-28,93.6066,100.201,100.201
KMB,2020-02-21,114.2054,120.6706,120.6706
KMB,2020-09-03,125.2601,131.4431,131.4431
KMB,2020-09-08,122.6975,131.4431,131.4431
KMB,2025-08-28,125.294,134.4848,134.4848
KMI,2011-04-05,14.2762,15.4388,15.4388
KMI,2011-04-12,14.0974,15.4388,15.4388
KMI,2011-05-04,13.7012,15.4388,15.4388
KMI,2011-05-17,13.3532,15.4388,15.4388
KMI,2012-04-10,19.3298,20.4734,20.4734
KMI,2012-04-20,18.2928,20.4734,20.4734
KMI,2015-05-13,24.6479,25.8597,25.8597
KMI,2015-05-28,24.2745,25.8597,25.8597
KMI,2015-06-01,24.0612,25.8597,25.8597
KMI,2015-06-02,23.9387,25.8597,25.8597
KMI,2015-06-03,23.8329,25.8597,25.8597
KMI,2017-02-08,13.6366,14.3715,14.3715
KMI,2017-10-17,11.7783,12.5495,12.5495
KMI,2017-10-18,11.7227,12.5495,12.5495
KMI,2017-10-19,11.6807,12.5495,12.5495
KMI,2017-10-20,11.6286,12.5495,12.5495
KMI,2020-02-24,15.2576,15.9251,15.9251
KO,2008-01-17,17.7803,18.8288,18.8288
KO,2008-04-29,16.8676,17.8838,17.8838
KO,2008-10-06,14.5049,16.3343,16.3343
KO,2013-05-23,28.1166,29.1792,29.1792
KO,2013-05-24,27.9554,29.1792,29.1792
KO,2016-04-13,33.7911,34.6874,34.6874
KO,2018-12-20,38.0239,40.7278,40.7278
KO,2024-10-02,67.9947,70.4025,70.4025
KO,2024-10-04,67.3493,70.4025,70.4025
KO,2025-04-07,66.879,72.3608,72.3608
KO,2025-05-12,67.8406,72.7816,72.7816
KO,2026-03-03,78.6,82.0,82.0
KR,2007-11-01,10.043,10.6891,10.6891
KR,2007-11-02,9.9347,10.6891,10.6891
KR,2007-11-06,9.8008,10.6891,10.6891
KR,2007-11-08,9.6345,10.6891,10.6891
KR,2008-09-16,9.4194,11.1753,11.1753
KR,2016-01-04,33.4501,34.7723,34.7723
KR,2016-07-19,29.497,31.0655,31.0655
KR,2016-07-21,29.3202,31.0655,31.0655
KR,2016-07-25,29.0891,31.0655,31.0655
KR,2017-01-03,27.7416,30.0358,30.0358
KR,2020-03-25,24.5836,32.4424,32.4424
KR,2020-09-11,30.0931,33.1037,33.1037
KR,2021-02-23,29.3997,38.4512,38.4512
KR,2022-05-02,49.0755,57.5573,57.5573
KR,2022-10-14,39.3798,48.1242,48.1242
KVUE,2023-06-27,22.7639,24.8979,24.8979
KVUE,2023-07-20,21.6593,24.8979,24.8979
KVUE,2024-12-03,22.2544,23.2198,23.2198
L,2007-07-18,45.2623,48.1975,48.1975
L,2007-07-26,44.4325,48.1975,48.1975
L,2008-01-04,43.8142,46.4029,46.4029
L,2008-06-10,43.7516,46.4574,46.4574
L,2008-06-27,42.1899,46.693,46.693
L,2008-08-19,37.0333,46.693,46.693
L,2008-08-20,36.8143,46.693,46.693
L,2008-09-16,34.8127,46.693,46.693
L,2008-09-18,33.1464,46.693,46.693
L,2008-10-10,21.6782,46.693,46.693
L,2011-06-16,37.1926,41.1876,41.1876
L,2011-11-21,34.4094,38.7174,38.7174
L,2014-07-30,40.6004,42.1306,42.1306
L,2017-01-05,44.5993,46.1154,46.1154
L,2018-02-01,49.4567,51.7046,51.7046
L,2018-12-06,44.9479,48.4326,48.4326
L,2018-12-07,44.3651,48.4326,48.4326
L,2021-06-08,55.8388,58.3279,58.3279
LDOS,2006-12-13,22.5929,26.2793,26.2793
LDOS,2007-01-19,21.2258,26.2793,26.2793
LDOS,2007-03-29,21.6439,26.2793,26.2793
LDOS,2008-10-06,23.6817,26.1298,26.1298
LDOS,2009-05-13,22.1684,23.6264,23.6264
LDOS,2009-05-18,21.7061,23.6264,23.6264
LDOS,2009-05-19,21.4507,23.6264,23.6264
LDOS,2009-05-20,21.2005,23.6264,23.6264
LDOS,2009-07-02,22.5249,23.6513,23.6513
LDOS,2010-03-19,23.5564,24.6103,24.6103
LDOS,2011-05-11,21.4278,21.9824,21.9824
LDOS,2012-04-19,15.0572,17.6856,17.6856
LDOS,2015-12-14,34.2377,36.887,36.887
LDOS,2020-02-28,92.5105,116.1959,116.1959
LDOS,2026-01-02,179.0302,205.3037,205.3037
LEN,2006-02-03,45.7129,50.8809,50.8809
LEN,2006-04-13,45.0384,47.8986,47.8986
LEN,2007-11-08,15.3834,20.773,20.773
LEN,2007-11-16,15.0193,20.773,20.773
LEN,2008-10-09,7.2985,13.7669,13.7669
LEN,2008-10-10,6.6959,13.7669,13.7669
LEN,2008-10-23,5.4309,13.7669,13.7669
LEN,2008-10-24,5.1006,13.7669,13.7669
LEN,2008-11-13,4.95,13.7669,13.7669
LEN,2009-01-09,7.0948,9.4559,9.4559
LEN,2010-05-06,15.0983,18.1607,18.1607
LEN,2013-05-21,35.6589,37.8991,37.8991
LEN,2018-09-21,44.0622,47.4648,47.4648
LEN,2021-12-16,97.5643,106.5139,106.5139
LEN,2021-12-17,95.6169,106.5139,106.5139
LEN,2021-12-20,94.1625,106.5139,106.5139
LEN,2022-01-06,97.1469,106.5139,106.5139
LEN,2023-07-20,117.5612,124.2381,124.2381
LEN,2025-09-15,131.1359,142.9902,142.9902
LH,2010-05-06,60.1038,67.9468,67.9468
LH,2011-06-03,79.4661,82.6332,82.6332
LH,2013-11-19,84.4779,88.4127,88.4127
LH,2015-03-26,102.0417,106.5537,106.5537
LH,2015-04-28,100.4444,107.3969,107.3969
LH,2015-04-29,98.1261,107.3969,107.3969
LH,2015-07-28,97.5544,107.3969,107.3969
LH,2022-08-19,204.7155,216.0357,216.0357
LH,2023-02-01,203.187,213.7812,213.7812
LH,2023-02-06,201.1729,213.7812,213.7812
LH,2024-02-01,213.88,227.9445,227.9445
LH,2026-02-17,267.5272,291.289,291.289
LHX,2006-04-10,28.6865,30.5436,30.5436
LHX,2016-01-15,68.3966,74.0263,74.0263
LHX,2016-01-20,67.3174,74.0263,74.0263
LHX,2020-02-20,196.9657,204.9471,204.9471
LHX,2022-03-29,222.3534,257.4927,257.4927
LHX,2022-12-07,204.2936,238.1392,238.1392
LHX,2022-12-16,197.6187,238.1392,238.1392
LII,2007-08-09,23.6301,30.1421,30.1421
LII,2008-09-16,27.9085,33.0254,33.0254
LII,2008-10-10,21.9825,33.0254,33.0254
LII,2008-11-13,17.1661,33.0254,33.0254
LII,2011-04-08,43.0171,44.8004,44.8004
LII,2014-04-08,75.4942,82.0625,82.0625
LII,2014-04-21,73.5488,82.0625,82.0625
LII,2021-05-19,314.6317,336.6102,336.6102
LII,2021-06-14,314.3237,336.6102,336.6102
LII,2024-12-18,631.0147,674.7262,674.7262
LIN,2011-07-25,79.3844,85.1399,85.1399
LIN,2011-07-26,79.0256,85.1399,85.1399
LIN,2015-01-27,100.7602,108.7794,108.7794
LIN,2015-01-29,99.2015,108.7794,108.7794
LIN,2015-01-30,98.2437,108.7794,108.7794
LIN,2022-01-14,310.0572,333.488,333.488
LIN,2024-04-10,440.2265,467.0603,467.0603
LIN,2024-04-12,435.0078,467.0603,467.0603
LIN,2025-09-02,470.0726,483.0545,483.0545
LIN,2025-09-03,468.2659,483.0545,483.0545
LIN,2025-09-05,465.0823,483.0545,483.0545
LIN,2025-10-01,463.6233,483.0545,483.0545
LLY,2008-08-21,28.5914,30.1047,30.1047
LLY,2008-08-27,28.3687,30.1047,30.1047
LLY,2009-12-08,23.8841,24.876,24.876
LLY,2009-12-09,23.7872,24.876,24.876
LLY,2011-05-27,26.7683,27.981,27.981
LLY,2013-09-24,41.1541,44.3534,44.3534
LLY,2015-09-28,66.1732,77.5838,77.5838
LLY,2016-08-05,69.1675,71.4218,71.4218
LLY,2016-08-08,68.8232,71.4218,71.4218
LLY,2016-08-10,68.338,71.4218,71.4218
LLY,2018-01-22,74.7984,78.934,78.934
LLY,2025-12-03,1031.0863,1110.1372,1110.1372
LLY,2026-02-03,992.1422,1132.0605,1132.0605
LLY,2026-03-05,969.7835,1132.0605,1132.0605
LMT,2008-09-11,65.0224,70.0912,70.0912
LMT,2008-09-16,63.449,70.0912,70.0912
LMT,2009-06-10,48.9149,51.902,51.902
LMT,2009-06-24,47.2664,51.902,51.902
LMT,2009-07-02,46.6009,51.902,51.902
LMT,2010-04-06,50.3397,53.2242,53.2242
LMT,2010-04-07,50.1129,53.2242,53.2242
LMT,2020-09-21,325.7082,346.0354,346.0354
LMT,2022-03-16,377.8932,431.7312,431.7312
LNT,2008-06-03,9.7471,10.3146,10.3146
LNT,2008-09-04,9.0373,9.5481,9.5481
LNT,2008-09-05,8.9709,9.5481,9.5481
LNT,2008-09-11,8.8083,9.5481,9.5481
LNT,2008-09-16,8.6853,9.5481,9.5481
LNT,2009-01-15,7.2665,8.9161,8.9161
LNT,2009-02-06,7.7769,8.9161,8.9161
LNT,2016-08-02,29.2202,30.409,30.409
LNT,2022-08-29,55.0945,57.8206,57.8206
LNT,2022-09-13,54.6118,57.8206,57.8206
LNT,2022-09-26,51.9225,57.8206,57.8206
LNT,2022-12-16,48.7875,51.9041,51.9041
LNT,2025-03-06,60.7301,64.989,64.989
LOW,2005-12-23,23.8158,24.7,24.7
LOW,2005-12-27,23.6749,24.7,24.7
LOW,2006-01-03,23.3223,24.7,24.7
LOW,2006-01-06,22.902,24.7,24.7
LOW,2006-01-18,22.7305,24.7,24.7
LOW,2006-03-31,22.8485,24.705,24.705
LOW,2006-04-03,22.7428,24.705,24.705
LOW,2006-04-11,22.7774,24.705,24.705
LOW,2006-04-12,22.6939,24.705,24.705
LOW,2006-04-17,22.4544,24.705,24.705
LOW,2007-03-13,21.9027,25.5035,25.5035
LOW,2007-03-14,21.5228,25.5035,25.5035
LOW,2008-03-07,16.0155,19.3861,19.3861
LOW,2008-09-18,15.8349,20.7194,20.7194
LOW,2008-10-06,14.3776,20.7194,20.7194
LOW,2010-05-05,19.5739,21.3679,21.3679
LOW,2011-04-26,19.9215,20.8647,20.8647
LOW,2011-05-03,19.7582,20.8647,20.8647
LOW,2011-05-04,19.6514,20.8647,20.8647
LOW,2011-05-05,19.5351,20.8647,20.8647
LOW,2014-03-25,38.9441,41.3027,41.3027
LOW,2015-03-18,59.7037,62.2174,62.2174
LOW,2017-05-11,71.8002,73.2988,73.2988
LOW,2018-10-03,97.2053,102.4707,102.4707
LOW,2019-04-29,97.7128,103.9621,103.9621
LOW,2021-12-14,231.2414,242.5125,242.5125
LOW,2021-12-15,230.1091,242.5125,242.5125
LOW,2022-09-13,180.0888,206.3845,206.3845
LRCX,2006-05-11,4.1461,4.5625,4.5625
LRCX,2006-05-23,3.7748,4.5625,4.5625
LRCX,2006-06-08,3.6142,4.5625,4.5625
LRCX,2006-12-21,4.2336,4.8435,4.8435
LRCX,2007-01-03,4.1414,4.8435,4.8435
LRCX,2007-08-09,4.6766,5.1636,5.1636
LRCX,2007-08-10,4.5862,5.1636,5.1636
LRCX,2008-01-02,3.5721,4.0752,4.0752
LRCX,2010-05-06,3.1495,3.6863,3.6863
LRCX,2010-06-08,3.1115,3.6863,3.6863
LRCX,2015-06-15,6.8972,7.2276,7.2276
LRCX,2018-08-17,15.1426,17.6719,17.6719
LRCX,2021-05-04,56.1091,63.4246,63.4246
LRCX,2021-05-10,55.5839,63.4246,63.4246
LRCX,2021-05-11,54.2955,63.4246,63.4246
LULU,2007-11-08,19.5826,30.35,30.35
LULU,2008-05-20,16.9743,18.665,18.665
LULU,2008-08-19,10.093,15.0,15.0
LULU,2008-08-20,10.0806,15.0,15.0
LULU,2008-10-10,8.4089,13.995,13.995
LULU,2010-04-19,20.8546,22.805,22.805
LULU,2011-07-29,58.9856,64.49,64.49
LULU,2011-08-03,57.6201,64.49,64.49
LULU,2012-05-08,73.0365,81.09,81.09
LULU,2017-01-27,66.0762,72.7,72.7
LULU,2017-01-30,65.7139,72.7,72.7
LULU,2017-01-31,65.28,72.7,72.7
LULU,2021-01-15,339.8529,387.37,387.37
LULU,2021-12-03,435.3475,485.83,485.83
LULU,2022-04-25,358.4704,410.7,410.7
LULU,2024-01-08,489.495,516.39,516.39
LULU,2025-02-07,397.4963,423.32,423.32
LULU,2025-02-10,393.988,423.32,423.32
LUV,2007-03-14,12.5608,14.2193,14.2193
LUV,2007-03-29,12.4763,14.2193,14.2193
LUV,2007-08-16,12.6496,14.555,14.555
LUV,2008-08-07,13.005,14.1719,14.1719
LUV,2008-09-18,12.8714,14.4175,14.4175
LUV,2009-02-20,5.5989,8.559,8.559
LUV,2010-05-04,11.1067,12.0531,12.0531
LUV,2011-04-04,10.5113,11.1313,11.1313
LUV,2015-02-02,37.7581,41.6563,41.6563
LUV,2018-01-08,57.5067,60.5943,60.5943
LUV,2021-04-20,55.5934,60.243,60.243
LUV,2021-10-22,44.2908,52.4091,52.4091
LUV,2021-11-26,41.4522,52.4091,52.4091
LUV,2021-11-30,40.3177,52.4091,52.4091
LUV,2023-07-14,34.2948,37.3627,37.3627
LUV,2023-07-25,33.4611,37.3627,37.3627
LUV,2025-01-03,31.9508,35.1629,35.1629
LUV,2025-01-16,30.8473,35.1629,35.1629
LUV,2026-03-03,46.1248,55.11,55.11
LVS,2007-02-06,62.3272,69.3352,69.3352
LVS,2010-11-17,28.3779,35.1396,35.1396
LVS,2010-12-02,30.0008,35.1396,35.1396
LVS,2010-12-08,28.9488,35.1396,35.1396
LVS,2011-02-23,27.9262,32.3395,32.3395
LVS,2012-05-08,33.3142,39.5049,39.5049
LVS,2012-05-09,32.6841,39.5049,39.5049
LVS,2014-12-04,42.1932,47.3397,47.3397
LVS,2015-04-29,38.6633,43.9922,43.9922
LVS,2015-08-11,40.2447,42.9532,42.9532
LVS,2015-08-12,39.6228,42.9532,42.9532
LVS,2016-03-24,39.8245,42.5267,42.5267
LVS,2016-04-01,39.3716,42.5267,42.5267
LVS,2016-04-05,38.5727,42.5267,42.5267
LVS,2016-04-06,38.1391,42.5267,42.5267
LVS,2022-02-22,42.6863,45.8502,45.8502
LVS,2023-05-12,56.8696,62.2925,62.2925
LVS,2024-02-20,50.5823,53.4829,53.4829
LVS,2025-12-04,65.3753,70.0843,70.0843
LW,2021-03-10,73.6807,79.8089,79.8089
LW,2021-04-08,70.28,79.8089,79.8089
LW,2024-01-25,98.7289,107.0314,107.0314
LW,2024-01-26,98.7289,107.0314,107.0314
LW,2024-02-06,96.8145,107.0314,107.0314
LW,2024-02-07,95.8422,107.0314,107.0314
LW,2024-03-07,95.3766,107.0314,107.0314
LW,2026-02-17,47.4878,52.05,52.05
LYB,2011-08-03,14.2231,16.947,16.947
LYB,2012-03-05,19.6284,21.8712,21.8712
LYB,2014-09-10,61.0734,62.5873,62.5873
LYB,2017-02-28,52.5923,57.1078,57.1078
LYB,2017-03-27,50.6051,57.1078,57.1078
LYB,2017-04-13,50.0413,57.1078,57.1078
LYB,2017-04-28,49.9308,57.1078,57.1078
LYB,2017-05-02,48.7985,57.1078,57.1078
LYB,2017-05-03,48.3222,57.1078,57.1078
LYB,2017-05-04,47.9333,57.1078,57.1078
LYB,2018-02-01,71.1255,74.1632,74.1632
LYB,2018-09-05,68.7309,72.199,72.199
LYB,2019-04-26,55.6849,60.8469,60.8469
LYB,2019-05-06,54.1018,60.8469,60.8469
LYB,2019-12-03,60.5345,64.9431,64.9431
LYB,2020-01-07,60.1416,64.9431,64.9431
LYB,2020-01-08,59.6559,64.9431,64.9431
LYB,2020-01-21,59.0998,64.9431,64.9431
LYB,2021-06-08,79.3124,84.4383,84.4383
LYB,2021-06-14,77.4689,84.4383,84.4383
LYB,2021-06-15,76.7772,84.4383,84.4383
LYV,2007-02-27,23.1665,25.63,25.63
LYV,2007-03-01,22.5343,25.63,25.63
LYV,2007-06-27,21.9174,24.09,24.09
LYV,2007-10-15,21.4089,24.03,24.03
LYV,2007-10-16,21.0346,24.03,24.03
LYV,2008-09-15,14.6661,17.87,17.87
LYV,2008-09-16,14.1781,17.87,17.87
LYV,2011-01-20,11.0882,12.09,12.09
LYV,2011-01-21,10.9276,12.09,12.09
LYV,2011-01-24,10.8011,12.09,12.09
LYV,2011-07-29,10.8433,12.44,12.44
LYV,2012-06-26,8.6799,9.9,9.9
LYV,2012-07-10,8.933,9.9,9.9
LYV,2014-12-12,25.0832,27.42,27.42
LYV,2015-11-24,25.0696,29.68,29.68
LYV,2015-12-03,24.8652,29.68,29.68
LYV,2015-12-09,24.4325,29.68,29.68
LYV,2015-12-11,24.2215,29.68,29.68
LYV,2021-03-25,79.228,94.63,94.63
LYV,2022-01-10,111.7272,127.75,127.75
LYV,2022-01-24,107.9921,127.75,127.75
LYV,2024-04-02,102.9622,107.24,107.24
LYV,2025-02-25,144.1688,157.75,157.75
LYV,2025-02-26,140.6827,157.75,157.75
LYV,2025-03-07,127.4435,157.75,157.75
MA,2008-06-26,24.78,29.2619,29.2619
MA,2008-07-01,23.8225,29.2619,29.2619
MA,2008-09-03,20.9694,26.5966,26.5966
MA,2010-01-22,23.1067,24.7944,24.7944
MA,2010-01-25,22.8527,24.7944,24.7944
MA,2010-04-28,23.0891,24.7481,24.7481
MA,2010-04-30,22.7285,24.7481,24.7481
MA,2012-05-08,39.2077,43.1301,43.1301
MA,2022-03-01,333.6327,390.588,390.588
MA,2022-03-04,319.639,390.588,390.588
MA,2026-01-12,558.5265,588.7856,588.7856
MAA,2007-02-26,26.705,28.1348,28.1348
MAA,2013-08-01,41.9865,44.4656,44.4656
MAA,2013-08-02,41.5,44.4656,44.4656
MAA,2013-08-15,39.4099,44.4656,44.4656
MAA,2018-09-14,78.4324,80.792,80.792
MAA,2022-01-06,187.8184,197.6007,197.6007
MAA,2022-04-25,174.0841,186.6027,186.6027
MAA,2024-09-26,149.1664,157.3207,157.3207
MAA,2024-09-27,148.0728,157.3207,157.3207
MAA,2024-10-02,146.756,157.3207,157.3207
MAA,2024-10-03,145.7987,157.3207,157.3207
MAA,2024-10-04,144.8598,157.3207,157.3207
MAA,2024-10-07,143.9094,157.3207,157.3207
MAA,2024-10-08,143.0393,157.3207,157.3207
MAR,2008-02-29,26.2589,29.0306,29.0306
MAR,2008-03-07,25.5231,29.0306,29.0306
MAR,2008-08-21,20.4733,23.2639,23.2639
MAR,2008-09-15,21.1007,23.4813,23.4813
MAR,2008-09-16,20.7029,23.4813,23.4813
MAR,2008-09-17,20.4093,23.4813,23.4813
MAR,2008-09-24,19.7452,23.4813,23.4813
MAR,2008-09-25,19.3691,23.4813,23.4813
MAR,2008-09-29,18.7793,23.4813,23.4813
MAR,2008-10-02,18.0092,23.4813,23.4813
MAR,2008-10-06,16.815,23.4813,23.4813
MAR,2010-05-06,27.0775,30.4198,30.4198
MAR,2010-06-07,24.7837,30.4198,30.4198
MAR,2010-06-08,24.4111,30.4198,30.4198
MAR,2010-06-25,25.9375,30.4198,30.4198
MAR,2011-01-20,32.0617,34.1905,34.1905
MAR,2011-01-21,31.8896,34.1905,34.1905
MAR,2011-01-24,31.664,34.1905,34.1905
MAR,2012-10-19,32.4614,36.3469,36.3469
MAR,2013-06-03,36.5345,38.8876,38.8876
MAR,2015-06-08,69.339,75.7452,75.7452
MAR,2015-06-09,69.0055,75.7452,75.7452
MAR,2015-06-24,68.7749,75.7452,75.7452
MAR,2015-11-16,64.2171,72.2182,72.2182
MAR,2016-01-04,59.0169,72.2182,72.2182
MAR,2016-01-06,57.6682,72.2182,72.2182
MAR,2019-07-18,132.2331,137.2864,137.2864
MAR,2020-01-03,142.6276,147.0545,147.0545
MAS,2007-02-14,17.932,20.5246,20.5246
MAS,2007-09-11,14.4601,17.2271,17.2271
MAS,2007-11-19,13.5032,17.2271,17.2271
MAS,2007-11-20,13.3995,17.2271,17.2271
MAS,2009-01-14,6.6272,7.6973,7.6973
MAS,2009-01-15,6.4836,7.6973,7.6973
MAS,2013-06-03,15.0436,16.5702,16.5702
MAS,2014-03-13,16.5239,17.4118,17.4118
MAS,2014-03-20,16.2921,17.4118,17.4118
MAS,2016-08-17,30.538,32.342,32.342
MAS,2018-01-30,39.0274,40.8664,40.8664
MAS,2018-02-01,38.6723,40.8664,40.8664
MAS,2018-09-04,33.325,35.7353,35.7353
MAS,2018-09-24,33.3755,35.7353,35.7353
MAS,2018-09-25,33.2067,35.7353,35.7353
MAS,2018-09-26,32.9584,35.7353,35.7353
MAS,2022-07-27,49.6404,53.3412,53.3412
MAS,2025-03-04,71.0429,80.3286,80.3286
MAS,2026-03-03,67.9913,78.8524,78.8524
MAS,2026-03-04,67.9913,78.8524,78.8524
MCD,2006-02-21,20.3922,21.0849,21.0849
MCD,2006-02-24,20.2471,21.0849,21.0849
MCD,2006-02-27,20.1568,21.0849,21.0849
MCD,2009-01-08,37.1798,39.9937,39.9937
MCD,2010-12-08,51.8977,53.6948,53.6948
MCD,2013-04-18,71.4438,73.7386,73.7386
MCD,2013-04-19,70.8806,73.7386,73.7386
MCD,2013-04-22,70.3476,73.7386,73.7386
MCD,2014-05-28,74.3671,76.2422,76.2422
MCD,2015-04-02,72.5119,76.8404,76.8404
MCD,2020-02-24,183.7848,189.0276,189.0276
MCD,2020-10-26,197.0186,204.5223,204.5223
MCD,2022-01-10,239.404,246.057,246.057
MCD,2022-01-11,237.6179,246.057,246.057
MCHP,2008-06-03,10.6538,11.4946,11.4946
MCHP,2008-08-19,9.7695,10.3529,10.3529
MCHP,2008-08-20,9.7119,10.3529,10.3529
MCHP,2008-08-21,9.6368,10.3529,10.3529
MCHP,2012-08-24,12.6575,13.039,13.039
MCHP,2012-09-04,12.5243,13.039,13.039
MCHP,2012-09-11,12.3731,13.039,13.039
MCHP,2019-05-06,41.9889,44.3725,44.3725
MCHP,2019-05-07,41.1912,44.3725,44.3725
MCK,2008-02-06,49.8674,59.2478,59.2478
MCK,2008-03-03,50.7131,59.2478,59.2478
MCK,2008-06-10,48.7444,51.2601,51.2601
MCK,2008-09-16,48.5885,51.5869,51.5869
MCK,2011-05-23,74.4717,78.0295,78.0295
MCK,2011-06-17,73.3019,78.0295,78.0295
MCK,2011-06-23,73.1365,78.0295,78.0295
MCK,2011-07-15,73.6655,78.0295,78.0295
MCK,2015-06-15,214.5291,224.2954,224.2954
MCK,2016-07-28,179.0987,184.9488,184.9488
MCK,2017-07-19,151.9055,158.1094,158.1094
MCK,2018-01-30,159.0749,167.8192,167.8192
MCK,2018-02-01,154.4192,167.8192,167.8192
MCK,2026-03-05,922.2787,999.0,999.0
MCO,2020-02-25,247.1043,272.6456,272.6456
MCO,2020-09-04,268.664,292.2055,292.2055
MCO,2020-09-08,262.742,292.2055,292.2055
MCO,2022-01-03,369.2705,392.6791,392.6791
MDLZ,2006-10-24,14.0427,14.7903,14.7903
MDLZ,2006-11-27,13.898,14.7903,14.7903
MDLZ,2007-01-04,14.2283,14.7903,14.7903
MDLZ,2007-01-05,14.1793,14.7903,14.7903
MDLZ,2007-01-29,13.8301,14.7903,14.7903
MDLZ,2007-07-26,13.7411,15.2282,15.2282
MDLZ,2007-08-10,12.5821,15.2282,15.2282
MDLZ,2007-08-16,12.6165,15.2282,15.2282
MDLZ,2008-10-06,13.4344,14.9224,14.9224
MDLZ,2008-10-07,13.1846,14.9224,14.9224
MDLZ,2010-04-23,13.725,14.2954,14.2954
MDLZ,2014-12-03,29.9395,30.7606,30.7606
MDLZ,2015-08-20,34.7457,38.3632,38.3632
MDLZ,2018-03-21,34.1137,38.4077,38.4077
MDLZ,2020-09-08,49.0991,52.087,52.087
MDLZ,2020-09-21,48.3064,52.087,52.087
MDLZ,2022-01-24,59.8833,62.5897,62.5897
MDLZ,2022-01-28,58.4607,62.5897,62.5897
MDLZ,2024-03-08,66.6006,72.8594,72.8594
MDLZ,2024-03-15,66.2044,72.8594,72.8594
MDLZ,2026-02-17,59.3415,62.8,62.8
MDT,2006-06-21,31.6737,33.3,33.3
MDT,2007-01-23,34.1656,35.485,35.485
MDT,2007-10-05,36.0536,37.6825,37.6825
MDT,2008-01-02,32.1592,33.3755,33.3755
MDT,2008-09-05,34.8853,37.4252,37.4252
MDT,2008-09-15,34.5104,37.4252,37.4252
MDT,2008-09-17,34.0672,37.4252,37.4252
MDT,2010-04-16,30.4825,31.4647,31.4647
MDT,2010-04-22,30.0338,31.4647,31.4647
MDT,2010-04-28,29.3714,31.4647,31.4647
MDT,2012-02-21,27.5607,29.0902,29.0902
MDT,2012-02-22,27.2504,29.0902,29.0902
MDT,2012-02-23,26.9399,29.0902,29.0902
MDT,2015-04-01,58.1021,60.4822,60.4822
MDT,2018-10-08,78.0752,82.0464,82.0464
MDT,2020-01-30,98.8532,102.7455,102.7455
MDT,2024-01-24,79.3724,83.1765,83.1765
MDT,2024-02-08,80.2786,83.5983,83.5983
MDT,2025-12-16,96.8846,105.5539,105.5539
MDT,2026-02-11,98.9924,105.5539,105.5539
MELI,2008-01-16,51.328,78.6535,78.6535
MELI,2010-01-04,48.3595,54.0216,54.0216
MELI,2011-05-03,84.0056,89.9498,89.9498
MELI,2011-05-04,82.2665,89.9498,89.9498
MELI,2011-05-05,81.0148,89.9498,89.9498
MELI,2012-03-06,89.1694,101.7084,101.7084
MELI,2012-04-10,90.0401,101.7084,101.7084
MELI,2012-04-23,84.7153,101.7084,101.7084
MELI,2012-05-07,86.8234,101.7084,101.7084
MELI,2014-02-25,87.0875,107.4341,107.4341
MELI,2015-06-01,141.4171,152.0038,152.0038
MELI,2015-06-11,139.1542,152.0038,152.0038
MELI,2017-06-09,272.9993,297.4684,297.4684
MELI,2017-06-29,247.5767,297.4684,297.4684
MELI,2019-09-09,564.3428,698.98,698.98
MELI,2022-09-01,815.694,1095.34,1095.34
MELI,2026-02-03,2083.3265,2342.0,2342.0
MET,2005-12-05,25.8724,27.02,27.02
MET,2007-10-15,35.4527,36.9898,36.9898
MET,2008-01-04,30.7291,35.3009,35.3009
MET,2008-01-08,30.3218,35.3009,35.3009
MET,2008-01-18,29.8168,35.3009,35.3009
MET,2008-01-22,28.8477,35.3009,35.3009
MET,2008-01-23,27.7439,35.3009,35.3009
MET,2008-03-03,30.113,35.3009,35.3009
MET,2008-03-04,29.8569,35.3009,35.3009
MET,2008-04-22,31.2245,35.3009,35.3009
MET,2008-04-23,30.9449,35.3009,35.3009
MET,2009-01-12,15.4558,20.7132,20.7132
MET,2011-02-23,25.2697,27.1905,27.1905
MET,2012-04-09,20.3732,22.5527,22.5527
MET,2014-07-10,33.322,34.7599,34.7599
MET,2019-07-22,39.3657,40.5838,40.5838
MET,2019-07-31,39.2212,40.5838,40.5838
MET,2026-02-05,75.1475,83.2534,83.2534
MET,2026-02-27,71.7939,83.2534,83.2534
META,2013-01-31,29.3698,32.2845,32.2845
META,2020-09-17,251.0772,302.5566,302.5566
META,2020-09-21,242.7004,302.5566,302.5566
META,2020-10-30,258.5443,302.5566,302.5566
META,2021-09-17,360.8701,381.664,381.664
META,2022-04-13,210.1947,235.2169,235.2169
META,2022-06-10,173.8241,222.7441,222.7441
META,2025-02-21,680.5285,738.5809,738.5809
META,2025-09-26,739.1552,795.0645,795.0645
META,2025-09-30,730.4747,795.0645,795.0645
MGM,2006-05-12,41.2024,43.5892,43.5892
MGM,2007-11-27,79.7569,94.9233,94.9233
MGM,2007-12-03,79.2508,94.9233,94.9233
MGM,2010-05-05,14.0578,15.7355,15.7355
MGM,2011-01-20,14.3808,16.0,16.0
MGM,2011-01-21,14.076,16.0,16.0
MGM,2011-01-25,13.6297,16.0,16.0
MGM,2012-02-22,12.9954,14.111,14.111
MGM,2014-03-24,24.0589,27.1547,27.1547
MGM,2017-08-18,28.7298,32.8652,32.8652
MGM,2021-11-26,40.7256,51.1492,51.1492
MGM,2021-11-30,39.3223,51.1492,51.1492
MGM,2022-03-04,40.8734,48.9835,48.9835
MGM,2025-09-05,36.5034,40.16,40.16
MGM,2025-09-08,35.8869,40.16,40.16
MGM,2025-09-12,34.3864,40.16,40.16
MGM,2025-10-08,32.2214,40.16,40.16
MGM,2026-01-05,35.844,38.19,38.19
MGM,2026-01-06,35.3887,38.19,38.19
MKC,2007-01-03,12.8664,13.3326,13.3326
MKC,2007-01-04,12.8019,13.3326,13.3326
MKC,2007-01-08,12.7007,13.3326,13.3326
MKC,2007-01-18,12.6079,13.3326,13.3326
MKC,2007-05-10,12.3764,13.3705,13.3705
MKC,2008-08-14,13.8191,14.641,14.641
MKC,2008-09-18,13.7121,14.641,14.641
MKC,2008-09-19,13.5288,14.641,14.641
MKC,2014-06-23,28.4656,29.3432,29.3432
MKC,2014-06-26,28.0978,29.3432,29.3432
MKC,2020-09-17,86.0698,94.5251,94.5251
MKC,2020-09-18,84.9407,94.5251,94.5251
MKC,2020-09-29,82.2408,94.5251,94.5251
MKC,2021-05-26,79.8193,86.4729,86.4729
MKC,2021-06-17,78.7342,86.4729,86.4729
MKC,2022-08-22,83.1526,85.8961,85.8961
MKC,2024-09-30,79.0392,82.394,82.394
MKC,2024-10-01,78.736,82.394,82.394
MKC,2025-03-25,75.6661,84.043,84.043
MKC,2025-09-10,66.9047,76.6198,76.6198
MLM,2006-04-11,83.358,89.5593,89.5593
MLM,2008-01-02,102.0605,115.5976,115.5976
MLM,2008-09-16,82.6466,99.7976,99.7976
MLM,2010-05-06,72.1086,84.4922,84.4922
MLM,2011-04-11,75.5301,80.5636,80.5636
MLM,2012-03-06,73.3932,78.9833,78.9833
MLM,2012-03-28,74.991,78.9833,78.9833
MLM,2012-03-29,74.5366,78.9833,78.9833
MLM,2012-04-09,72.8205,78.9833,78.9833
MLM,2012-05-01,70.6211,78.9833,78.9833
MLM,2012-05-04,69.3937,78.9833,78.9833
MLM,2015-08-21,148.247,163.5498,163.5498
MLM,2017-01-31,212.6538,227.8514,227.8514
MLM,2017-02-07,206.8271,227.8514,227.8514
MLM,2018-01-31,214.4092,227.1663,227.1663
MLM,2022-08-26,342.0538,365.7133,365.7133
MLM,2022-08-30,336.751,365.7133,365.7133
MLM,2023-07-05,436.7393,455.5276,455.5276
MLM,2023-07-06,433.1048,455.5276,455.5276
MLM,2024-04-10,588.1896,619.7649,619.7649
MLM,2024-04-19,568.3072,619.7649,619.7649
MLM,2024-12-05,570.6803,627.9925,627.9925
MLM,2024-12-09,568.4755,627.9925,627.9925
MMM,2006-12-01,37.6615,38.8138,38.8138
MMM,2006-12-08,36.9743,38.8138,38.8138
MMM,2008-05-21,37.3275,40.595,40.595
MMM,2008-09-29,32.5927,36.9393,36.9393
MMM,2022-11-30,90.5917,98.5525,98.5525
MMM,2022-12-15,91.0237,98.5525,98.5525
MMM,2022-12-16,90.2273,98.5525,98.5525
MMM,2022-12-23,87.9089,98.5525,98.5525
MMM,2025-12-05,165.1841,173.9096,173.9096
MNST,2007-11-05,5.0253,5.7,5.7
MNST,2013-07-29,10.0714,10.8133,10.8133
MO,2012-08-02,15.4091,15.7706,15.7706
MO,2016-07-26,35.4222,36.6191,36.6191
MO,2018-01-16,37.715,40.6253,40.6253
MO,2018-01-25,38.1866,40.6253,40.6253
MO,2023-05-30,35.4793,38.6346,38.6346
MO,2023-07-10,36.819,38.6346,38.6346
MO,2023-08-01,37.0589,38.6346,38.6346
MO,2023-08-02,36.5692,38.6346,38.6346
MO,2023-09-06,35.7386,38.6346,38.6346
MO,2023-09-21,35.9326,38.6346,38.6346
MO,2025-09-08,63.2988,66.2957,66.2957
MO,2025-09-09,63.0073,66.2957,66.2957
MOH,2012-02-22,33.4723,36.83,36.83
MOH,2012-03-20,31.8705,36.83,36.83
MOH,2013-10-08,34.8193,39.55,39.55
MOH,2013-10-24,34.6308,39.55,39.55
MOH,2015-09-18,77.0438,82.37,82.37
MOH,2015-09-22,76.0508,82.37,82.37
MOH,2016-08-26,53.9821,59.66,59.66
MOH,2025-10-15,189.2166,206.89,206.89
MOH,2025-10-16,187.1396,206.89,206.89
MOS,2006-02-16,11.6058,12.5738,12.5738
MOS,2010-04-19,40.275,49.0728,49.0728
MOS,2013-05-23,45.4029,50.3262,50.3262
MOS,2015-07-23,35.5817,38.2522,38.2522
MOS,2015-12-14,23.4601,30.1931,30.1931
MOS,2017-03-07,25.2513,29.4968,29.4968
MOS,2018-12-06,30.3696,32.9483,32.9483
MOS,2018-12-10,29.003,32.9483,32.9483
MOS,2022-08-30,51.6219,57.6041,57.6041
MOS,2023-08-24,34.9713,39.8581,39.8581
MOS,2023-09-06,35.4575,39.8581,39.8581
MOS,2024-11-12,24.8306,28.0839,28.0839
MOS,2025-08-01,34.4146,37.6258,37.6258
MOS,2026-02-23,28.4189,31.28,31.28
MPC,2011-08-03,13.2398,15.5712,15.5712
MPC,2011-08-04,12.2543,15.5712,15.5712
MPC,2011-08-05,11.667,15.5712,15.5712
MPC,2014-06-10,29.9473,34.1653,34.1653
MPC,2015-08-04,37.309,43.3231,43.3231
MPC,2024-04-16,195.3315,211.9594,211.9594
MPC,2024-04-17,193.3508,211.9594,211.9594
MPWR,2006-05-01,14.6399,17.1225,17.1225
MPWR,2006-05-26,13.0249,17.1225,17.1225
MPWR,2006-05-31,12.4729,17.1225,17.1225
MPWR,2007-10-04,19.3964,22.3962,22.3962
MPWR,2007-10-31,18.3597,22.3962,22.3962
MPWR,2007-12-18,16.4543,22.3962,22.3962
MPWR,2021-11-23,528.6258,561.9378,561.9378
MPWR,2021-11-24,522.2224,561.9378,561.9378
MPWR,2021-11-26,515.3603,561.9378,561.9378
MRK,2007-05-30,25.7764,27.2846,27.2846
MRK,2007-06-05,25.1713,27.2846,27.2846
MRK,2011-05-23,21.5465,22.1344,22.1344
MRK,2011-05-26,21.3411,22.1344,22.1344
MRK,2011-05-27,21.2169,22.1344,22.1344
MRK,2011-06-03,21.0247,22.1344,22.1344
MRK,2017-09-29,47.0432,49.0789,49.0789
MRK,2017-10-24,46.3401,49.0789,49.0789
MRK,2020-01-23,69.6779,73.1008,73.1008
MRK,2023-05-17,104.3945,109.9548,109.9548
MRK,2023-05-18,104.3945,109.9548,109.9548
MRK,2023-05-25,102.7853,109.9548,109.9548
MRNA,2023-06-22,119.2521,142.79,142.79
MRNA,2023-06-23,117.3657,142.79,142.79
MRSH,2005-12-30,19.9547,21.264,21.264
MRSH,2006-05-24,17.9303,20.1315,20.1315
MRSH,2006-06-08,17.8415,20.1315,20.1315
MRSH,2006-06-21,17.4067,20.1315,20.1315
MRSH,2008-09-15,21.0683,23.2257,23.2257
MRSH,2008-10-10,18.0619,25.1743,25.1743
MRSH,2008-11-05,17.7762,25.1743,25.1743
MRSH,2020-10-26,102.4137,111.3374,111.3374
MRSH,2025-09-10,196.5104,211.769,211.769
MRSH,2025-10-15,200.5134,211.769,211.769
MRVL,2006-05-11,22.9972,26.5255,26.5255
MRVL,2006-05-12,22.9972,26.5255,26.5255
MRVL,2007-01-18,15.9303,18.6122,18.6122
MRVL,2007-01-22,15.4234,18.6122,18.6122
MRVL,2015-03-17,14.1588,15.0913,15.0913
MRVL,2015-03-18,14.0994,15.0913,15.0913
MRVL,2015-03-24,13.9339,15.0913,15.0913
MRVL,2022-01-10,78.6522,92.279,92.279
MRVL,2022-01-24,69.5451,92.279,92.279
MRVL,2023-06-23,56.1325,67.3452,67.3452
MRVL,2026-02-03,75.2423,102.6961,102.6961
MRVL,2026-02-04,73.3143,102.6961,102.6961
MRVL,2026-02-05,71.6356,102.6961,102.6961
MS,2008-05-08,31.1572,35.0324,35.0324
MS,2008-08-13,27.223,31.8908,31.8908
MS,2008-08-20,24.8378,31.8908,31.8908
MS,2008-09-10,26.1475,31.8908,31.8908
MS,2008-09-11,25.6145,31.8908,31.8908
MS,2009-11-02,21.9679,25.2705,25.2705
MS,2009-11-25,22.1235,25.2705,25.2705
MS,2018-09-26,38.004,40.282,40.282
MS,2023-02-21,88.725,91.9873,91.9873
MS,2023-02-22,88.2407,91.9873,91.9873
MS,2023-03-01,86.9189,91.9873,91.9873
MS,2023-03-02,86.5048,91.9873,91.9873
MSCI,2008-01-04,24.7189,33.7337,33.7337
MSCI,2008-02-28,26.1742,33.7337,33.7337
MSCI,2008-03-04,24.3232,33.7337,33.7337
MSCI,2008-03-07,24.0987,33.7337,33.7337
MSCI,2010-05-04,29.4617,33.9182,33.9182
MSCI,2010-05-06,28.8958,33.9182,33.9182
MSCI,2010-05-07,27.8496,33.9182,33.9182
MSCI,2011-07-18,31.9619,34.2783,34.2783
MSCI,2016-09-06,79.2099,81.8749,81.8749
MSCI,2022-03-04,470.539,537.57,537.57
MSCI,2023-02-21,505.2694,550.7389,550.7389
MSCI,2023-02-22,502.1757,550.7389,550.7389
MSCI,2023-02-24,497.1365,550.7389,550.7389
MSCI,2024-02-21,536.1303,600.2805,600.2805
MSCI,2024-04-02,527.9309,600.2805,600.2805
MSCI,2024-04-04,519.9487,600.2805,600.2805
MSFT,2012-03-20,25.1241,25.9162,25.9162
MSFT,2012-04-03,24.9103,25.9162,25.9162
MSFT,2012-09-27,23.8543,25.1911,25.1911
MSFT,2012-09-28,23.7084,25.1911,25.1911
MSFT,2014-12-09,40.0597,42.2989,42.2989
MSFT,2014-12-10,39.846,42.2989,42.2989
MSFT,2015-06-05,39.6307,42.4318,42.4318
MSFT,2015-06-08,39.3957,42.4318,42.4318
MSFT,2015-06-09,39.2085,42.4318,42.4318
MSFT,2015-06-15,38.9667,42.4318,42.4318
MSFT,2020-09-03,206.6353,222.3475,222.3475
MSFT,2020-09-04,200.1128,222.3475,222.3475
MSFT,2024-07-17,435.4502,462.1021,462.1021
MSFT,2024-07-18,430.9582,462.1021,462.1021
MSFT,2024-07-19,427.4419,462.1021,462.1021
MSFT,2025-11-06,494.6734,551.4269,551.4269
MSFT,2025-11-18,488.8023,551.4269,551.4269
MSFT,2025-11-19,481.7069,551.4269,551.4269
MSI,2005-12-30,67.7125,75.0652,75.0652
MSI,2006-10-17,75.1711,79.6535,79.6535
MSI,2008-09-05,27.7366,32.5913,32.5913
MSI,2009-09-24,25.9455,29.8635,29.8635
MSI,2009-09-25,25.5703,29.8635,29.8635
MSI,2014-06-25,54.9722,56.3155,56.3155
MSI,2014-06-26,54.832,56.3155,56.3155
MSI,2014-06-27,54.7275,56.3155,56.3155
MSI,2015-03-09,55.6281,58.8121,58.8121
MSI,2020-02-26,163.2257,173.4374,173.4374
MSTR,2007-04-05,12.3327,13.312,13.312
MSTR,2010-04-19,8.3294,9.154,9.154
MSTR,2011-07-27,16.1932,17.858,17.858
MSTR,2013-03-25,10.1363,11.481,11.481
MSTR,2013-03-26,10.1363,11.481,11.481
MSTR,2016-06-15,18.1753,19.599,19.599
MSTR,2016-06-16,18.0133,19.599,19.599
MSTR,2016-06-17,17.8811,19.599,19.599
MSTR,2017-02-01,19.469,20.728,20.728
MSTR,2017-02-02,19.0521,20.728,20.728
MSTR,2017-03-22,18.4879,20.728,20.728
MSTR,2017-04-28,18.5126,20.728,20.728
MSTR,2017-06-09,18.009,20.728,20.728
MSTR,2017-06-12,17.8145,20.728,20.728
MSTR,2017-07-06,18.2013,20.728,20.728
MSTR,2017-12-01,13.3814,14.337,14.337
MSTR,2017-12-07,13.1953,14.337,14.337
MSTR,2018-01-26,13.4875,14.337,14.337
MSTR,2019-04-18,14.3725,15.238,15.238
MSTR,2021-03-05,56.4193,131.5,131.5
MSTR,2021-03-25,59.8324,131.5,131.5
MTB,2008-05-28,49.9542,56.8222,56.8222
MTB,2011-01-10,55.2263,61.2409,61.2409
MTB,2011-03-16,55.6386,61.2409,61.2409
MTB,2011-06-10,55.3834,59.5159,59.5159
MTB,2015-12-03,91.7919,94.7702,94.7702
MTB,2024-12-04,204.2167,216.209,216.209
MTB,2025-02-21,185.7097,195.9728,195.9728
MTCH,2007-12-14,6.1628,7.6844,7.6844
MTCH,2007-12-17,6.102,7.6844,7.6844
MTCH,2008-01-02,6.0052,7.6844,7.6844
MTCH,2009-01-09,3.9439,4.5536,4.5536
MTCH,2009-01-12,3.886,4.5536,4.5536
MTCH,2009-01-13,3.8595,4.5536,4.5536
MTCH,2011-08-18,9.2344,11.5623,11.5623
MTCH,2012-09-26,13.4913,14.5188,14.5188
MTCH,2014-09-22,17.5788,19.5159,19.5159
MTCH,2014-09-24,17.3873,19.5159,19.5159
MTCH,2016-10-27,16.8947,18.2487,18.2487
MTCH,2016-10-31,16.5652,18.2487,18.2487
MTCH,2016-11-01,16.4113,18.2487,18.2487
MTCH,2018-09-24,50.1839,56.3453,56.3453
MTCH,2018-10-05,50.4603,56.3453,56.3453
MTCH,2019-09-05,79.2772,92.5831,92.5831
MTCH,2019-09-25,66.9983,92.5831,92.5831
MTCH,2021-11-22,132.1347,176.7779,176.7779
MTCH,2021-11-26,127.508,176.7779,176.7779
MTCH,2021-12-01,123.3282,176.7779,176.7779
MTCH,2021-12-03,119.5259,176.7779,176.7779
MTCH,2023-07-20,44.4887,47.5261,47.5261
MTCH,2023-10-02,36.944,46.4382,46.4382
MTCH,2024-03-05,33.518,41.2077,41.2077
MTCH,2024-09-11,34.1064,37.7256,37.7256
MTCH,2024-10-08,35.5915,37.7256,37.7256
MTD,2006-05-31,61.9783,69.0,69.0
MTD,2007-12-11,114.0995,119.84,119.84
MTD,2007-12-17,110.3582,119.84,119.84
MTD,2009-01-23,64.0466,82.3,82.3
MTD,2010-05-06,113.9591,130.17,130.17
MTD,2019-07-12,832.4036,873.51,873.51
MTD,2019-07-15,824.478,873.51,873.51
MTD,2019-07-24,796.1694,873.51,873.51
MTD,2024-06-27,1404.1264,1535.86,1535.86
MTD,2024-06-28,1395.8966,1535.86,1535.86
MTD,2024-09-05,1368.2678,1546.9301,1546.9301
MTD,2024-09-12,1344.3724,1546.9301,1546.9301
MTD,2024-10-16,1395.3647,1546.9301,1546.9301
MTD,2025-12-04,1399.7261,1525.17,1525.17
MTD,2025-12-08,1376.2,1525.17,1525.17
MU,2007-10-24,9.4807,11.6303,11.6303
MU,2008-05-20,7.9821,8.752,8.752
MU,2008-06-10,7.5919,8.752,8.752
MU,2010-01-12,9.9908,11.0644,11.0644
MU,2010-01-13,9.7473,11.0644,11.0644
MU,2010-04-28,9.7852,11.1229,11.1229
MU,2011-05-09,10.0506,11.601,11.601
MU,2012-03-26,7.9223,8.9374,8.9374
MU,2012-08-23,6.0129,6.8104,6.8104
MU,2015-06-03,26.4129,29.0563,29.0563
MU,2015-06-04,26.2007,29.0563,29.0563
MU,2018-04-24,45.7464,61.8787,61.8787
MU,2019-02-28,39.0561,42.9209,42.9209
MU,2020-01-27,53.5895,59.0882,59.0882
MU,2020-01-30,52.7705,59.0882,59.0882
MU,2023-06-08,63.3341,73.8471,73.8471
NCLH,2014-01-27,34.662,37.3,37.3
NCLH,2014-02-13,34.3689,37.3,37.3
NCLH,2016-04-18,51.4177,55.59,55.59
NCLH,2017-09-05,56.4318,61.48,61.48
NCLH,2018-09-27,55.2694,58.09,58.09
NCLH,2019-06-04,53.3809,59.71,59.71
NCLH,2019-06-05,51.9129,59.71,59.71
NCLH,2020-01-23,56.4283,59.78,59.78
NCLH,2020-01-24,55.5887,59.78,59.78
NCLH,2021-03-05,27.4058,34.49,34.49
NCLH,2021-04-20,26.4877,34.49,34.49
NCLH,2021-05-06,27.7867,34.49,34.49
NCLH,2021-06-14,30.9725,34.49,34.49
NCLH,2021-06-15,30.7292,34.49,34.49
NCLH,2021-06-18,30.2865,34.49,34.49
NCLH,2021-10-22,24.9267,29.45,29.45
NCLH,2022-12-12,14.972,18.67,18.67
NCLH,2022-12-13,14.7458,18.67,18.67
NCLH,2025-02-20,25.1544,29.29,29.29
NCLH,2025-02-21,24.0185,29.29,29.29
NCLH,2025-03-04,20.786,29.29,29.29
NCLH,2025-03-10,18.3283,29.29,29.29
NCLH,2025-03-31,18.5941,29.29,29.29
NCLH,2026-01-16,21.9764,25.13,25.13
NCLH,2026-03-02,21.7109,25.1,25.1
NDAQ,2006-03-07,10.1409,12.5205,12.5205
NDAQ,2006-03-08,9.9692,12.5205,12.5205
NDAQ,2006-03-31,10.464,12.5205,12.5205
NDAQ,2006-05-01,9.2907,12.5205,12.5205
NDAQ,2006-12-01,9.8306,11.3475,11.3475
NDAQ,2009-04-21,4.7188,6.4277,6.4277
NDAQ,2009-06-17,5.4445,6.4277,6.4277
NDAQ,2009-09-30,5.5543,6.1572,6.1572
NDAQ,2016-09-07,20.1146,20.5926,20.5926
NDAQ,2018-09-06,27.6693,28.8089,28.8089
NDAQ,2021-11-10,64.9244,67.5686,67.5686
NDAQ,2021-11-11,64.7143,67.5686,67.5686
NDAQ,2021-11-12,64.4148,67.5686,67.5686
NDAQ,2021-11-23,64.3021,67.5686,67.5686
NDAQ,2021-11-26,63.9159,67.5686,67.5686
NDAQ,2026-01-20,97.408,101.79,101.79
NDSN,2011-04-13,46.786,50.7864,50.7864
NDSN,2011-04-18,45.7045,50.7864,50.7864
NDSN,2011-07-15,46.7102,50.5971,50.5971
NDSN,2014-09-19,69.1191,73.128,73.128
NDSN,2015-05-20,72.6148,75.1984,75.1984
NDSN,2015-06-15,71.4754,75.1984,75.1984
NDSN,2018-09-27,129.0196,135.801,135.801
NDSN,2018-10-01,127.1835,135.801,135.801
NDSN,2019-05-10,130.2493,138.7868,138.7868
NDSN,2021-12-01,239.2895,259.0302,259.0302
NDSN,2023-08-08,235.9086,245.4151,245.4151
NDSN,2024-10-03,249.7919,261.0447,261.0447
NDSN,2024-12-10,245.7313,262.0266,262.0266
NDSN,2025-02-20,209.6262,221.2784,221.2784
NDSN,2025-02-24,206.2133,221.2784,221.2784
NEE,2005-10-06,6.1648,6.5468,6.5468
NEE,2005-10-13,5.9851,6.5468,6.5468
NEE,2005-10-19,5.8473,6.5468,6.5468
NEE,2005-12-22,5.6643,6.0373,6.0373
NEE,2011-05-25,9.3247,9.655,9.655
NEE,2011-05-26,9.2741,9.655,9.655
NEE,2011-06-02,9.267,9.655,9.655
NEM,2008-07-07,34.0094,37.368,37.368
NEM,2009-12-04,36.6449,39.7187,39.7187
NEM,2010-10-19,42.3555,46.4572,46.4572
NEM,2010-10-21,41.5555,46.4572,46.4572
NEM,2010-12-09,42.6501,46.4572,46.4572
NEM,2010-12-16,42.4423,46.4572,46.4572
NEM,2010-12-17,42.0786,46.4572,46.4572
NEM,2011-11-18,46.8377,52.0817,52.0817
NEM,2011-11-21,46.1846,52.0817,52.0817
NEM,2011-12-13,45.5804,52.0817,52.0817
NEM,2012-10-19,39.8168,42.7348,42.7348
NEM,2014-08-25,20.0812,21.3027,21.3027
NEM,2015-05-26,20.4475,21.7655,21.7655
NEM,2015-06-03,20.4422,21.7655,21.7655
NEM,2015-06-04,20.3104,21.7655,21.7655
NEM,2015-06-05,20.1492,21.7655,21.7655
NEM,2017-02-22,28.2866,29.8793,29.8793
NEM,2021-06-16,59.2202,64.8102,64.8102
NEM,2023-02-03,45.852,50.9897,50.9897
NFLX,2006-06-06,0.3819,0.4731,0.4731
NFLX,2006-06-07,0.377,0.4731,0.4731
NFLX,2006-06-08,0.373,0.4731,0.4731
NFLX,2006-12-05,0.4047,0.4286,0.4286
NFLX,2021-02-23,52.4656,59.329,59.329
NFLX,2022-04-18,33.2987,39.65,39.65
NFLX,2023-07-20,43.5997,48.5,48.5
NFLX,2025-07-11,123.2784,134.115,134.115
NI,2007-10-19,3.8301,4.0633,4.0633
NI,2007-10-23,3.7706,4.0633,4.0633
NI,2008-08-05,3.3671,3.736,3.736
NI,2016-07-08,18.8325,19.7268,19.7268
NI,2016-07-27,18.56,19.7268,19.7268
NI,2022-08-24,27.2381,28.3581,28.3581
NKE,2005-12-21,8.1205,8.7429,8.7429
NKE,2006-01-23,7.9376,8.7429,8.7429
NKE,2006-01-30,7.8087,8.7429,8.7429
NKE,2008-10-06,11.5525,13.39,13.39
NKE,2008-10-08,10.9221,13.39,13.39
NKE,2010-05-05,15.164,15.9044,15.9044
NKE,2016-01-15,49.9097,59.6277,59.6277
NKE,2016-05-05,50.8706,57.3664,57.3664
NKE,2016-05-06,50.6419,57.3664,57.3664
NKE,2020-01-24,93.4935,96.7856,96.7856
NKE,2021-01-19,128.3432,136.867,136.867
NKE,2021-12-15,151.3696,166.6299,166.6299
NKE,2023-05-12,113.4661,121.5699,121.5699
NKE,2023-05-15,112.147,121.5699,121.5699
NKE,2024-10-02,79.9641,87.5096,87.5096
NKE,2025-08-01,72.115,78.5503,78.5503
NOC,2008-01-07,47.4839,50.954,50.954
NOC,2010-05-04,43.383,45.609,45.609
NOC,2011-07-07,51.47,53.0892,53.0892
NOC,2011-07-08,51.0722,53.0892,53.0892
NOC,2020-01-30,335.3505,347.2811,347.2811
NOC,2024-10-22,506.4059,542.054,542.054
NOC,2024-10-23,503.3706,542.054,542.054
NOW,2012-09-28,7.2507,8.354,8.354
NOW,2012-10-01,7.0807,8.354,8.354
NOW,2019-08-02,52.9487,60.634,60.634
NOW,2022-09-01,85.2198,104.316,104.316
NOW,2024-02-13,152.9801,163.064,163.064
NOW,2024-02-20,149.336,163.064,163.064
NOW,2024-02-21,147.0742,163.064,163.064
NOW,2024-03-05,146.4149,163.064,163.064
NOW,2025-06-10,199.9301,209.2,209.2
NOW,2025-10-01,179.0012,194.726,194.726
NRG,2005-11-02,14.8028,18.5137,18.5137
NRG,2005-11-11,14.2496,18.5137,18.5137
NRG,2006-01-05,17.0387,18.5137,18.5137
NRG,2007-11-05,32.7565,35.3422,35.3422
NRG,2008-01-04,30.9976,35.3422,35.3422
NRG,2009-09-02,19.3545,21.9138,21.9138
NRG,2009-09-24,20.1916,21.9138,21.9138
NRG,2011-06-03,17.8461,19.1278,19.1278
NRG,2011-06-13,17.6258,19.1278,19.1278
NRG,2014-07-01,28.0843,29.5125,29.5125
NRG,2022-11-17,38.1936,42.3568,42.3568
NSC,2006-05-12,34.469,36.7176,36.7176
NSC,2006-05-15,34.0974,36.7176,36.7176
NSC,2006-05-16,33.8095,36.7176,36.7176
NSC,2007-06-06,36.5305,38.2874,38.2874
NSC,2010-04-28,40.6115,42.5237,42.5237
NSC,2012-08-23,54.0519,55.7424,55.7424
NSC,2012-08-30,53.2897,55.7424,55.7424
NSC,2016-01-04,65.4405,79.5924,79.5924
NSC,2016-01-07,62.5688,79.5924,79.5924
NSC,2018-01-24,125.2707,133.0448,133.0448
NSC,2019-06-14,169.2966,183.4658,183.4658
NSC,2024-12-04,258.6509,270.5939,270.5939
NSC,2024-12-05,257.1774,270.5939,270.5939
NTAP,2014-02-13,30.5772,34.2993,34.2993
NTAP,2014-03-06,28.8124,34.2993,34.2993
NTAP,2022-04-27,67.7992,82.0526,82.0526
NTAP,2022-05-02,66.3767,82.0526,82.0526
NTAP,2022-05-12,62.9203,82.0526,82.0526
NTAP,2022-05-19,62.1237,82.0526,82.0526
NTAP,2022-05-20,60.3841,82.0526,82.0526
NTAP,2022-06-10,61.0607,82.0526,82.0526
NTAP,2025-01-13,110.8103,132.1137,132.1137
NTRS,2006-05-11,35.9122,37.6095,37.6095
NTRS,2007-12-18,46.7415,53.0504,53.0504
NTRS,2008-09-16,51.1268,57.5664,57.5664
NTRS,2009-04-21,36.7751,43.2671,43.2671
NTRS,2009-08-31,38.0382,41.0315,41.0315
NTRS,2010-04-16,38.1227,39.6845,39.6845
NTRS,2011-03-16,33.5798,37.3329,37.3329
NTRS,2011-04-18,34.7731,37.3329,37.3329
NTRS,2014-09-24,50.9628,52.7033,52.7033
NTRS,2016-06-14,53.2825,57.4102,57.4102
NTRS,2016-06-16,52.5228,57.4102,57.4102
NTRS,2018-09-06,84.2785,92.3277,92.3277
NTRS,2021-06-08,101.8463,106.4555,106.4555
NTRS,2026-02-12,142.8657,157.6,157.6
NTRS,2026-02-23,138.7693,157.6,157.6
NUE,2008-05-20,47.5272,51.317,51.317
NUE,2011-02-23,31.5337,33.1519,33.1519
NUE,2011-02-24,31.3032,33.1519,33.1519
NUE,2011-03-09,30.8265,33.1519,33.1519
NUE,2012-02-14,30.1981,31.9659,31.9659
NUE,2013-11-13,38.8106,40.6159,40.6159
NUE,2013-11-22,38.2328,40.6159,40.6159
NUE,2014-10-02,39.6432,44.5599,44.5599
NUE,2014-10-08,38.7232,44.5599,44.5599
NUE,2016-12-15,50.6603,55.4731,55.4731
NUE,2017-04-12,47.7534,54.1725,54.1725
NUE,2018-06-19,54.8469,58.3419,58.3419
NUE,2018-06-25,53.5932,58.3419,58.3419
NUE,2019-05-13,47.4382,53.2443,53.2443
NUE,2019-05-17,46.0607,53.2443,53.2443
NUE,2019-05-23,44.4512,53.2443,53.2443
NUE,2021-09-01,106.7411,120.2856,120.2856
NUE,2021-09-13,101.845,120.2856,120.2856
NUE,2022-05-16,110.1374,177.5181,177.5181
NUE,2022-06-09,116.7112,177.5181,177.5181
NUE,2024-04-12,188.1318,197.3919,197.3919
NUE,2024-04-16,185.8159,197.3919,197.3919
NUE,2024-04-18,183.7304,197.3919,197.3919
NUE,2026-02-13,181.3309,196.9,196.9
NVDA,2011-03-15,0.3926,0.5998,0.5998
NVDA,2011-05-03,0.4283,0.5998,0.5998
NVDA,2011-05-04,0.421,0.5998,0.5998
NVDA,2015-03-24,0.5384,0.5687,0.5687
NVDA,2019-04-15,4.5517,4.8015,4.8015
NVDA,2019-04-25,4.575,4.8015,4.8015
NVDA,2020-09-04,12.1042,14.6811,14.6811
NVDA,2021-12-06,28.8478,34.5758,34.5758
NVDA,2022-08-22,17.0015,19.2441,19.2441
NVDA,2024-11-15,140.7962,149.7187,149.7187
NVDA,2024-11-18,138.9946,149.7187,149.7187
NVDA,2024-12-17,128.4958,152.8377,152.8377
NVDA,2025-01-13,130.2514,153.0881,153.0881
NVR,2006-05-12,699.0632,846.75,846.75
NVR,2006-05-15,689.1889,846.75,846.75
NVR,2008-10-06,530.3523,639.8,639.8
NVR,2008-10-10,494.1173,639.8,639.8
NVR,2011-04-05,741.4733,784.19,784.19
NVR,2013-04-16,973.0466,1100.0,1100.0
NVR,2013-04-22,958.9356,1100.0,1100.0
NVR,2013-05-24,978.7911,1100.0,1100.0
NVR,2013-06-04,963.6247,1100.0,1100.0
NVR,2014-03-10,1167.2555,1220.95,1220.95
NVR,2014-03-24,1140.3163,1220.95,1220.95
NVR,2014-03-27,1126.1961,1220.95,1220.95
NVR,2014-04-15,1126.1166,1220.95,1220.95
NVR,2016-07-21,1692.0926,1845.37,1845.37
NVR,2016-08-18,1658.8568,1845.37,1845.37
NVR,2018-09-27,2499.716,2772.78,2772.78
NVR,2025-10-07,7834.6599,8618.2803,8618.2803
NWS,2013-11-12,15.3018,16.0903,16.0903
NWS,2013-12-17,15.005,16.0903,16.0903
NWS,2014-01-08,15.0565,16.0903,16.0903
NWS,2014-01-21,14.7675,16.0903,16.0903
NWS,2014-01-22,14.648,16.0903,16.0903
NWS,2014-01-23,14.5395,16.0903,16.0903
NWS,2014-03-12,15.095,15.8788,15.8788
NWS,2014-07-28,15.3293,15.7026,15.7026
NWS,2014-07-29,15.2852,15.7026,15.7026
NWS,2014-07-30,15.2394,15.7026,15.7026
NWS,2015-03-04,14.5538,15.0769,15.0769
NWS,2015-03-06,14.4442,15.0769,15.0769
NWS,2015-03-09,14.3431,15.0769,15.0769
NWS,2015-11-06,13.1663,13.976,13.976
NWS,2015-11-09,12.9881,13.976,13.976
NWS,2016-10-25,11.7112,13.7304,13.7304
NWS,2016-10-27,11.3543,13.7304,13.7304
NWS,2016-11-08,10.4803,13.7304,13.7304
NWS,2017-03-07,11.6597,13.7304,13.7304
NWS,2021-06-17,23.1016,25.1932,25.1932
NWS,2021-06-18,22.8504,25.1932,25.1932
NWS,2021-07-07,22.7668,25.1932,25.1932
NWS,2022-08-30,16.882,19.1814,19.1814
NWS,2024-03-04,26.5177,28.5281,28.5281
NWS,2024-03-05,26.2743,28.5281,28.5281
NWS,2025-08-01,32.3243,35.3009,35.3009
NWSA,2014-03-10,15.5579,16.2728,16.2728
NWSA,2014-03-11,15.4696,16.2728,16.2728
NWSA,2014-03-12,15.3528,16.2728,16.2728
NWSA,2014-07-28,15.7272,16.1674,16.1674
NWSA,2015-11-06,13.0446,13.8763,13.8763
NWSA,2016-10-11,12.2916,13.2094,13.2094
NWSA,2020-01-21,13.5693,14.175,14.175
NWSA,2021-05-04,24.317,26.5701,26.5701
NWSA,2021-06-03,24.4943,26.8485,26.8485
NWSA,2021-06-17,24.2358,26.8485,26.8485
NWSA,2021-06-18,24.0034,26.8485,26.8485
NWSA,2021-07-07,24.0078,26.8485,26.8485
NWSA,2022-04-25,19.9029,22.3525,22.3525
NWSA,2022-08-30,16.4995,19.9399,19.9399
NWSA,2022-08-31,16.3857,19.9399,19.9399
NWSA,2022-09-01,16.2888,19.9399,19.9399
NXPI,2011-05-04,27.4784,31.3872,31.3872
NXPI,2012-04-04,22.2871,24.3846,24.3846
NXPI,2016-01-04,72.5936,83.7199,83.7199
NXPI,2018-03-23,106.453,111.908,111.908
NXPI,2018-07-17,90.5934,108.6288,108.6288
NXPI,2018-07-25,86.5923,108.6288,108.6288
NXPI,2022-01-10,200.93,221.718,221.718
NXPI,2023-07-20,201.6532,214.5146,214.5146
NXPI,2024-07-23,253.7842,288.0313,288.0313
NXPI,2026-03-03,213.7113,256.36,256.36
O,2006-04-04,8.1646,8.709,8.709
O,2006-04-05,8.0992,8.709,8.709
O,2007-02-09,10.6236,11.1989,11.1989
O,2008-10-10,8.184,14.1635,14.1635
O,2008-11-19,6.673,14.1635,14.1635
O,2010-05-04,14.5109,15.8295,15.8295
O,2010-05-05,14.358,15.8295,15.8295
O,2016-08-03,42.6001,44.7577,44.7577
O,2016-08-08,41.9576,44.7577,44.7577
O,2016-08-16,41.391,44.7577,44.7577
O,2016-08-26,40.5886,44.7577,44.7577
O,2017-09-20,37.6944,38.9098,38.9098
O,2023-03-01,53.8774,58.3302,58.3302
ODFL,2006-07-13,4.7541,5.6182,5.6182
ODFL,2006-07-14,4.6342,5.6182,5.6182
ODFL,2006-07-21,4.4594,5.6182,5.6182
ODFL,2006-10-02,4.1417,5.6182,5.6182
ODFL,2006-10-03,4.0981,5.6182,5.6182
ODFL,2008-08-19,4.854,5.7021,5.7021
ODFL,2008-09-05,4.4293,5.7021,5.7021
ODFL,2009-08-31,5.0797,5.5115,5.5115
ODFL,2009-09-16,4.8037,5.5115,5.5115
ODFL,2012-04-09,9.9972,10.5181,10.5181
ODFL,2014-12-09,24.6893,26.0755,26.0755
ODFL,2014-12-17,24.0024,26.0755,26.0755
ODFL,2018-10-05,48.558,54.8339,54.8339
ODFL,2018-10-08,48.558,54.8339,54.8339
ODFL,2022-03-08,145.1549,163.1663,163.1663
ODFL,2022-08-22,142.2785,158.6132,158.6132
ODFL,2022-08-30,134.311,158.6132,158.6132
ODFL,2022-08-31,132.7676,158.6132,158.6132
ODFL,2022-09-07,127.7956,158.6132,158.6132
ODFL,2022-09-08,126.1269,158.6132,158.6132
ODFL,2022-09-16,121.326,158.6132,158.6132
OKE,2005-10-06,5.1137,5.6411,5.6411
OKE,2005-10-12,4.8868,5.6411,5.6411
OKE,2008-06-13,8.5077,8.9571,8.9571
OKE,2008-06-30,8.2736,8.9571,8.9571
OKE,2008-07-07,8.1572,8.9571,8.9571
OKE,2012-01-25,17.4151,18.0723,18.0723
OKE,2012-10-19,19.6217,20.5175,20.5175
OKE,2024-12-17,95.6776,112.1665,112.1665
OMC,2006-06-08,27.3185,28.2167,28.2167
OMC,2007-07-26,30.7827,32.7564,32.7564
OMC,2007-08-09,30.1437,32.7564,32.7564
OMC,2007-08-16,28.7201,32.7564,32.7564
OMC,2007-09-13,29.2012,32.7564,32.7564
OMC,2007-09-14,29.002,32.7564,32.7564
OMC,2011-03-15,29.963,32.1925,32.1925
OMC,2011-04-12,30.2593,32.1925,32.1925
OMC,2011-04-14,29.9738,32.1925,32.1925
OMC,2011-04-18,29.9199,32.1925,32.1925
OMC,2011-08-01,29.1073,31.4518,31.4518
OMC,2014-03-11,49.5028,52.0574,52.0574
OMC,2014-03-12,49.0768,52.0574,52.0574
OMC,2014-03-20,48.1162,52.0574,52.0574
OMC,2014-04-01,48.0651,52.0574,52.0574
OMC,2016-12-06,61.1624,64.4701,64.4701
OMC,2017-02-01,61.9902,65.1018,65.1018
OMC,2017-02-07,61.4458,65.1018,65.1018
OMC,2017-03-03,61.7279,65.1018,65.1018
OMC,2017-04-18,61.2595,65.1018,65.1018
OMC,2017-05-15,60.4556,65.1018,65.1018
OMC,2020-01-23,62.8897,65.9424,65.9424
OMC,2020-06-11,44.649,51.9446,51.9446
OMC,2022-05-20,64.7719,76.9276,76.9276
OMC,2025-02-27,78.2962,86.1154,86.1154
OMC,2025-03-03,77.3426,86.1154,86.1154
ON,2006-02-03,6.79,7.68,7.68
ON,2006-03-17,6.6146,7.68,7.68
ON,2008-06-10,9.2498,10.85,10.85
ON,2011-01-20,10.7889,11.95,11.95
ON,2014-04-16,9.227,10.07,10.07
ON,2014-05-02,8.8649,10.07,10.07
ON,2014-07-10,8.9625,10.07,10.07
ON,2022-01-10,62.8174,71.26,71.26
ON,2024-03-05,76.0357,83.43,83.43
ON,2025-07-23,57.2213,63.63,63.63
ON,2025-07-24,55.2168,63.63,63.63
ON,2026-03-02,64.357,73.76,73.76
ORCL,2005-11-03,9.6201,11.1936,11.1936
ORCL,2005-12-05,9.9451,11.1936,11.1936
ORCL,2013-06-06,27.6359,29.2863,29.2863
ORCL,2014-06-12,35.1685,36.0411,36.0411
ORCL,2015-03-04,36.3606,39.4965,39.4965
ORCL,2016-09-08,35.2941,36.3496,36.3496
ORCL,2022-01-18,81.0225,100.451,100.451
ORCL,2023-08-11,108.2466,123.5421,123.5421
ORCL,2023-08-23,110.1641,123.5421,123.5421
ORCL,2025-10-20,276.3616,344.2112,344.2112
ORLY,2007-10-17,2.1877,2.5467,2.5467
ORLY,2007-11-08,2.0718,2.5467,2.5467
ORLY,2007-11-12,2.0391,2.5467,2.5467
ORLY,2008-04-23,1.7654,2.0333,2.0333
ORLY,2008-05-16,1.8303,2.0333,2.0333
ORLY,2008-05-21,1.755,2.0333,2.0333
ORLY,2008-06-09,1.6612,2.0333,2.0333
ORLY,2009-08-03,2.6075,2.862,2.862
ORLY,2009-08-05,2.5406,2.862,2.862
ORLY,2009-08-13,2.4325,2.862,2.862
ORLY,2014-03-13,9.7711,10.396,10.396
ORLY,2019-11-21,28.9247,30.2873,30.2873
ORLY,2020-01-06,28.6186,30.2873,30.2873
ORLY,2020-01-07,28.4519,30.2873,30.2873
ORLY,2020-01-27,28.4296,30.2873,30.2873
ORLY,2025-09-23,101.9884,108.42,108.42
ORLY,2025-10-06,102.87,108.72,108.72
OTIS,2025-03-12,97.8402,104.886,104.886
OXY,2006-05-15,28.258,30.9426,30.9426
OXY,2006-08-30,29.3298,31.7348,31.7348
OXY,2006-08-31,29.0578,31.7348,31.7348
OXY,2008-05-27,53.6758,58.904,58.904
OXY,2008-05-28,53.0674,58.904,58.904
OXY,2012-03-05,64.9202,67.5114,67.5114
OXY,2018-06-19,68.8212,72.6461,72.6461
OXY,2018-06-21,68.5233,72.6461,72.6461
OXY,2018-12-06,56.5295,64.0098,64.0098
OXY,2018-12-10,55.0061,64.0098,64.0098
OXY,2024-04-16,64.5612,68.7937,68.7937
OXY,2024-04-17,63.4798,68.7937,68.7937
OXY,2024-07-22,59.311,62.8125,62.8125
PANW,2012-09-11,10.8138,12.1017,12.1017
PANW,2012-10-19,9.8929,12.1017,12.1017
PANW,2015-12-21,29.8816,32.455,32.455
PANW,2015-12-28,29.1704,32.455,32.455
PANW,2016-01-04,28.4887,32.455,32.455
PANW,2017-02-24,24.7035,26.275,26.275
PANW,2019-03-27,39.3245,43.4383,43.4383
PANW,2021-03-04,55.5572,67.1667,67.1667
PANW,2021-03-05,54.3408,67.1667,67.1667
PANW,2025-11-04,212.8499,223.61,223.61
PANW,2025-11-06,210.7892,223.61,223.61
PANW,2025-11-07,208.5744,223.61,223.61
PAYC,2015-12-03,38.9162,45.4297,45.4297
PAYC,2021-03-04,338.8839,434.3412,434.3412
PAYC,2022-08-26,353.3625,394.7826,394.7826
PAYC,2023-03-02,277.3638,355.1651,355.1651
PAYC,2025-06-09,254.2841,266.7124,266.7124
PAYC,2025-06-10,251.9833,266.7124,266.7124
PAYC,2025-06-11,250.2051,266.7124,266.7124
PAYC,2025-06-12,247.9439,266.7124,266.7124
PAYX,2005-12-19,20.7613,22.2125,22.2125
PAYX,2006-05-17,19.9576,21.7945,21.7945
PAYX,2007-02-27,21.45,22.2886,22.2886
PAYX,2014-04-07,28.1825,30.0429,30.0429
PAYX,2014-04-11,27.4657,30.0429,30.0429
PAYX,2017-03-22,46.8673,48.0307,48.0307
PAYX,2017-12-21,52.8303,54.941,54.941
PCAR,2009-09-23,14.3103,15.2305,15.2305
PCAR,2009-09-24,14.1737,15.2305,15.2305
PCAR,2009-09-25,14.0389,15.2305,15.2305
PCAR,2009-09-30,14.0045,15.2305,15.2305
PCAR,2010-05-04,17.2249,18.618,18.618
PCAR,2011-01-04,21.806,22.7537,22.7537
PCAR,2011-01-28,21.1184,22.7537,22.7537
PCAR,2011-05-16,19.7723,21.1869,21.1869
PCAR,2012-03-22,18.378,19.2883,19.2883
PCAR,2017-02-24,31.7192,33.2826,33.2826
PCAR,2017-03-27,31.3278,33.2826,33.2826
PCAR,2020-01-23,41.0923,43.6958,43.6958
PCAR,2021-02-23,50.8858,56.9636,56.9636
PCAR,2024-04-03,111.9901,117.5627,117.5627
PCAR,2024-04-09,110.8446,117.5627,117.5627
PCAR,2024-04-10,109.3025,117.5627,117.5627
PCAR,2024-12-12,106.1296,112.2561,112.2561
PCG,2008-09-16,27.6474,29.6839,29.6839
PCG,2008-09-17,27.299,29.6839,29.6839
PCG,2008-09-18,26.8078,29.6839,29.6839
PCG,2008-10-06,24.1449,29.6839,29.6839
PCG,2010-11-10,35.6734,36.8421,36.8421
PCG,2010-11-29,35.0535,36.8421,36.8421
PCG,2010-12-08,35.3876,36.8421,36.8421
PCG,2011-01-04,35.9599,36.8422,36.8422
PCG,2011-01-05,35.7923,36.8422,36.8422
PCG,2011-01-10,35.4927,36.8422,36.8422
PCG,2011-02-22,34.3152,36.8422,36.8422
PCG,2013-05-02,39.6407,40.8396,40.8396
PCG,2013-08-07,38.0015,40.2329,40.2329
PCG,2013-08-14,37.2268,40.2329,40.2329
PCG,2016-07-28,59.8599,62.21,62.21
PCG,2017-09-27,66.4818,70.198,70.198
PCG,2018-05-08,41.9061,48.3395,48.3395
PCG,2018-10-23,46.4712,48.5471,48.5471
PCG,2020-02-27,15.3912,18.1298,18.1298
PCG,2020-05-26,10.7381,12.5347,12.5347
PCG,2020-08-20,8.8197,13.1871,13.1871
PCG,2020-08-21,8.7247,13.1871,13.1871
PCG,2020-12-10,11.816,12.762,12.762
PCG,2020-12-15,11.5282,12.762,12.762
PCG,2021-01-22,11.4621,12.762,12.762
PCG,2022-01-24,11.8901,13.0388,13.0388
PCG,2026-03-05,18.1249,19.16,19.16
PDD,2018-10-04,22.653,30.48,30.48
PDD,2021-02-23,183.0223,212.6,212.6
PDD,2021-02-24,176.2389,212.6,212.6
PDD,2021-09-28,88.1934,109.79,109.79
PDD,2021-10-26,93.0027,109.79,109.79
PDD,2021-10-28,89.2951,109.79,109.79
PDD,2021-11-05,83.0843,109.79,109.79
PDD,2021-11-22,79.2548,109.79,109.79
PDD,2023-02-06,90.083,106.38,106.38
PDD,2024-06-21,140.7771,164.69,164.69
PDD,2024-06-26,138.1023,164.69,164.69
PEG,2006-03-08,15.7322,17.3003,17.3003
PEG,2006-03-30,15.472,17.3003,17.3003
PEG,2008-06-27,22.6471,24.3503,24.3503
PEG,2008-07-17,21.7789,24.3761,24.3761
PEG,2008-07-24,21.2593,24.3761,24.3761
PEG,2010-01-04,18.0884,18.7368,18.7368
PEG,2010-01-08,17.961,18.7368,18.7368
PEG,2010-01-12,17.7892,18.7368,18.7368
PEG,2010-01-20,17.5476,18.7368,18.7368
PEG,2010-01-21,17.3675,18.7368,18.7368
PEG,2012-08-01,19.9435,20.8591,20.8591
PEG,2012-08-02,19.7394,20.8591,20.8591
PEG,2012-08-23,19.519,20.8591,20.8591
PEG,2012-09-12,19.3289,20.8591,20.8591
PEG,2013-08-14,21.2608,22.2832,22.2832
PEG,2015-06-02,29.0489,30.2271,30.2271
PEG,2016-07-27,32.3952,33.762,33.762
PEG,2019-11-05,50.0273,51.6884,51.6884
PEG,2022-04-25,63.7356,66.6557,66.6557
PEG,2022-08-23,59.7121,62.1439,62.1439
PEG,2022-08-29,58.6521,62.1439,62.1439
PEG,2025-09-17,79.7042,89.824,89.824
PEG,2025-10-06,79.7482,89.824,89.824
PEG,2026-03-03,82.9863,87.63,87.63
PEP,2006-10-09,36.2546,37.643,37.643
PEP,2006-10-10,36.1045,37.643,37.643
PEP,2006-10-11,35.9329,37.643,37.643
PEP,2006-10-12,35.6586,37.643,37.643
PEP,2008-09-24,41.4596,44.8225,44.8225
PEP,2008-09-29,41.0611,44.8225,44.8225
PEP,2011-06-02,44.9785,46.2601,46.2601
PEP,2012-08-30,48.253,49.3019,49.3019
PEP,2015-11-13,71.8876,75.9889,75.9889
PEP,2023-05-17,174.7842,179.5263,179.5263
PEP,2023-05-18,174.0587,179.5263,179.5263
PEP,2024-08-29,162.7703,171.1862,171.1862
PEP,2024-08-30,162.109,171.1862,171.1862
PFE,2006-03-27,10.3383,10.7988,10.7988
PFE,2006-10-05,11.4569,11.7237,11.7237
PFE,2006-10-06,11.3719,11.7237,11.7237
PFE,2006-10-09,11.312,11.7237,11.7237
PFE,2006-10-10,11.2504,11.7237,11.7237
PFE,2006-10-11,11.1831,11.7237,11.7237
PFE,2006-10-20,11.1294,11.7237,11.7237
PFE,2006-10-31,10.8693,11.7237,11.7237
PFE,2008-08-27,8.5941,9.1262,9.1262
PFE,2013-04-25,16.6153,17.2332,17.2332
PFE,2013-04-26,16.5183,17.2332,17.2332
PFE,2013-04-30,16.0714,17.2332,17.2332
PFE,2015-11-19,19.4238,21.6935,21.6935
PFE,2016-08-02,22.4063,23.1018,23.1018
PFE,2020-12-15,29.5084,33.1998,33.1998
PFE,2021-02-02,27.181,33.1998,33.1998
PFE,2021-02-23,26.2779,33.1998,33.1998
PFE,2021-02-24,26.2779,33.1998,33.1998
PFE,2021-02-25,26.1714,33.1998,33.1998
PFE,2021-02-26,26.0573,33.1998,33.1998
PFE,2022-01-04,43.5151,49.4178,49.4178
PFE,2022-07-28,40.9522,43.8626,43.8626
PFE,2023-01-10,39.2981,45.4169,45.4169
PFE,2023-06-22,32.4464,34.0494,34.0494
PFE,2023-11-10,25.3714,29.0901,29.0901
PFE,2024-09-26,25.6198,28.4849,28.4849
PFE,2024-11-06,24.6207,28.4849,28.4849
PFE,2025-02-04,24.0271,25.2862,25.2862
PFE,2025-03-12,23.8476,25.3966,25.3966
PFE,2026-03-03,26.5354,27.94,27.94
PFG,2005-12-06,27.0861,28.2319,28.2319
PFG,2005-12-07,27.0669,28.2319,28.2319
PFG,2008-01-07,37.5259,40.0236,40.0236
PFG,2008-06-03,28.9723,33.3295,33.3295
PFG,2009-10-26,15.6114,17.8275,17.8275
PFG,2009-10-27,15.3245,17.8275,17.8275
PFG,2013-12-03,32.1469,33.0573,33.0573
PFG,2013-12-04,31.9129,33.0573,33.0573
PFG,2014-09-23,35.5091,36.5456,36.5456
PFG,2023-03-02,76.8313,84.2076,84.2076
PFG,2023-03-10,68.4037,84.2076,84.2076
PFG,2025-03-04,81.7579,86.9352,86.9352
PFG,2025-03-28,80.4711,86.9352,86.9352
PFG,2026-02-10,93.4854,97.88,97.88
PG,2008-09-18,42.4182,44.2254,44.2254
PG,2008-09-19,42.0352,44.2254,44.2254
PG,2008-10-08,39.0116,44.2254,44.2254
PG,2015-01-02,65.9286,68.569,68.569
PG,2015-01-26,65.2992,68.569,68.569
PG,2020-10-19,123.5807,127.1037,127.1037
PG,2022-01-10,143.9375,148.4946,148.4946
PG,2022-05-05,139.1268,149.7525,149.7525
PG,2022-05-12,136.7066,149.7525,149.7525
PG,2023-08-17,142.4933,148.5561,148.5561
PG,2023-08-18,142.4933,148.5561,148.5561
PG,2023-09-06,142.1734,148.5561,148.5561
PGR,2006-01-03,14.8721,16.2297,16.2297
PGR,2007-07-12,11.7518,13.1058,13.1058
PGR,2007-07-20,11.1302,13.1058,13.1058
PGR,2007-09-17,10.8221,13.1058,13.1058
PGR,2007-12-13,10.215,11.2966,11.2966
PGR,2008-01-09,10.2117,11.2966,11.2966
PGR,2008-06-24,11.2185,12.2787,12.2787
PGR,2008-06-25,11.0778,12.2787,12.2787
PGR,2008-08-08,10.9546,11.933,11.933
PGR,2010-05-06,11.3615,12.1816,12.1816
PGR,2012-04-11,14.2395,14.8942,14.8942
PGR,2016-04-07,25.9993,26.9513,26.9513
PGR,2025-12-17,210.7109,223.2595,223.2595
PH,2007-11-16,56.6367,63.2767,63.2767
PH,2007-12-18,54.0623,63.2767,63.2767
PH,2010-05-06,49.0151,55.4522,55.4522
PH,2011-04-27,71.8152,77.1828,77.1828
PH,2011-05-23,65.9037,77.1828,77.1828
PH,2011-07-11,67.3623,77.1828,77.1828
PH,2011-07-26,65.8918,77.1828,77.1828
PH,2014-11-28,107.1561,110.9284,110.9284
PH,2018-01-25,182.0222,188.0838,188.0838
PH,2018-01-30,180.3993,188.0838,188.0838
PH,2018-09-28,164.3587,172.8991,172.8991
PH,2018-10-05,162.6494,172.8991,172.8991
PH,2018-10-08,161.5267,172.8991,172.8991
PH,2024-12-09,676.5674,704.2283,704.2283
PH,2026-03-03,981.7966,1034.96,1034.96
PH,2026-03-05,961.9966,1034.96,1034.96
PHM,2006-02-01,31.8547,37.1271,37.1271
PHM,2006-04-27,30.0552,34.4909,34.4909
PHM,2006-05-15,27.517,34.4909,34.4909
PHM,2006-05-16,26.9531,34.4909,34.4909
PHM,2006-05-17,26.5289,34.4909,34.4909
PHM,2007-01-03,26.8484,29.4413,29.4413
PHM,2007-01-04,26.5631,29.4413,29.4413
PHM,2007-01-05,26.3428,29.4413,29.4413
PHM,2007-01-08,26.1281,29.4413,29.4413
PHM,2007-02-09,26.6921,29.6855,29.6855
PHM,2007-09-10,12.5825,20.3044,20.3044
PHM,2007-09-25,12.2477,20.3044,20.3044
PHM,2008-10-10,8.5115,14.7299,14.7299
PHM,2008-10-15,8.1582,14.7299,14.7299
PHM,2008-10-16,7.8715,14.7299,14.7299
PHM,2009-02-20,7.1173,11.0078,11.0078
PHM,2010-05-06,10.0847,11.8697,11.8697
PHM,2013-05-21,19.378,20.8807,20.8807
PHM,2013-05-22,19.1269,20.8807,20.8807
PHM,2013-05-23,18.7825,20.8807,20.8807
PHM,2013-06-03,17.9582,20.8807,20.8807
PHM,2014-03-12,16.776,18.6342,18.6342
PHM,2014-03-13,16.5349,18.6342,18.6342
PHM,2014-03-24,16.1289,18.6342,18.6342
PHM,2014-04-15,15.8364,18.6342,18.6342
PHM,2014-06-16,16.5893,18.6342,18.6342
PHM,2014-07-10,16.9974,18.6342,18.6342
PHM,2018-01-25,30.8754,32.2224,32.2224
PHM,2018-01-29,30.3717,32.2224,32.2224
PHM,2018-07-24,27.5968,30.418,30.418
PKG,2006-03-07,11.7068,12.5145,12.5145
PKG,2006-03-08,11.6703,12.5145,12.5145
PKG,2006-03-22,11.8085,12.5145,12.5145
PKG,2006-05-12,11.5878,12.5145,12.5145
PKG,2007-11-08,16.372,17.918,17.918
PKG,2010-05-05,14.8534,16.6891,16.6891
PKG,2011-02-22,18.6149,19.7137,19.7137
PKG,2011-02-23,18.4479,19.7137,19.7137
PKG,2014-03-12,50.9022,52.8718,52.8718
PKG,2018-01-31,95.2782,103.2106,103.2106
PKG,2022-05-12,139.4115,150.3143,150.3143
PKG,2022-05-13,138.1637,150.3143,150.3143
PKG,2022-05-16,137.2522,150.3143,150.3143
PKG,2022-08-22,125.9436,131.6198,131.6198
PKG,2022-08-29,123.267,131.6198,131.6198
PLD,2007-02-26,32.6345,35.1031,35.1031
PLD,2008-05-09,31.7604,33.5163,33.5163
PLD,2008-10-16,13.5071,32.3754,32.3754
PLD,2012-04-09,23.1114,24.1368,24.1368
PLD,2013-05-22,29.6309,29.7779,29.7779
PLD,2013-05-23,28.8512,31.1464,31.1464
PLD,2013-06-05,26.5496,31.1464,31.1464
PLD,2013-06-06,26.1501,31.1464,31.1464
PLD,2013-06-12,25.5111,31.1464,31.1464
PLD,2013-06-13,25.5111,31.1464,31.1464
PLD,2014-07-09,28.7205,30.094,30.094
PLD,2015-02-02,32.1015,34.3724,34.3724
PLD,2015-02-19,30.9481,34.3724,34.3724
PLD,2023-03-09,110.2545,124.3025,124.3025
PLD,2024-09-20,119.9905,125.9668,125.9668
PLD,2024-10-02,117.5183,125.9668,125.9668
PLD,2024-10-03,116.8032,125.9668,125.9668
PLD,2024-10-04,116.0733,125.9668,125.9668
PLD,2024-12-05,108.4313,122.1944,122.1944
PLD,2025-03-07,114.3486,120.6907,120.6907
PLD,2025-03-10,113.3645,120.6907,120.6907
PLD,2025-03-11,112.5623,120.6907,120.6907
PLTR,2021-02-18,24.7401,45.0,45.0
PLTR,2021-02-23,24.0715,45.0,45.0
PLTR,2021-03-25,21.0652,45.0,45.0
PLTR,2021-05-04,21.284,45.0,45.0
PLTR,2025-11-04,187.0352,207.52,207.52
PLTR,2025-11-07,169.0038,207.52,207.52
PLTR,2025-11-21,147.9106,207.52,207.52
PM,2009-01-14,18.3997,20.2419,20.2419
PM,2014-11-14,49.1536,51.6504,51.6504
PM,2014-12-09,48.9538,51.6504,51.6504
PM,2020-03-09,58.7687,66.4288,66.4288
PM,2023-02-16,86.8322,92.0084,92.0084
PM,2023-02-24,85.538,92.0084,92.0084
PM,2023-02-28,84.6067,92.0084,92.0084
PM,2023-03-14,84.1938,92.0084,92.0084
PM,2023-03-15,83.6936,92.0084,92.0084
PM,2023-03-16,82.743,92.0084,92.0084
PM,2023-03-17,82.2542,92.0084,92.0084
PM,2023-07-25,86.0433,90.0897,90.0897
PNC,2007-05-22,43.2038,44.6497,44.6497
PNC,2010-05-06,40.5655,44.9644,44.9644
PNC,2014-07-10,60.6186,62.5525,62.5525
PNC,2018-08-10,109.6944,112.6185,112.6185
PNC,2024-12-04,197.8173,206.9526,206.9526
PNR,2006-12-18,14.8515,15.7847,15.7847
PNR,2007-07-24,17.6843,18.7386,18.7386
PNR,2007-10-12,15.7585,18.1157,18.1157
PNR,2007-10-22,15.5496,18.1157,18.1157
PNR,2007-11-13,16.443,18.1157,18.1157
PNR,2021-08-26,72.2655,75.8108,75.8108
PNR,2021-09-20,70.1723,75.8108,75.8108
PNR,2021-09-28,70.0338,75.8108,75.8108
PNR,2025-10-09,108.7082,113.4088,113.4088
PNW,2007-12-17,19.2431,20.2961,20.2961
PNW,2008-01-02,18.9573,20.2961,20.2961
PNW,2009-02-12,15.958,17.3122,17.3122
PNW,2011-06-02,24.8119,25.6433,25.6433
PNW,2013-08-07,35.2779,37.0153,37.0153
PNW,2013-08-14,34.837,37.0153,37.0153
PNW,2013-10-31,34.8667,36.2254,36.2254
PNW,2016-08-05,53.3479,56.8628,56.8628
PNW,2017-12-05,64.0312,66.6778,66.6778
PNW,2022-04-25,64.4312,68.1868,68.1868
PNW,2025-09-02,87.6301,93.4691,93.4691
PNW,2025-09-08,86.916,93.4691,93.4691
PODD,2007-12-03,24.1866,27.85,27.85
PODD,2007-12-18,21.1437,27.85,27.85
PODD,2008-01-15,22.1078,27.85,27.85
PODD,2008-01-22,19.8284,27.85,27.85
PODD,2008-02-05,16.5233,27.85,27.85
PODD,2008-06-10,14.7649,20.29,20.29
PODD,2016-01-04,36.2991,40.21,40.21
PODD,2016-08-25,41.4732,45.19,45.19
PODD,2025-09-10,334.606,353.5,353.5
PODD,2025-09-17,318.6676,353.5,353.5
PODD,2025-10-01,297.212,353.5,353.5
PODD,2025-10-29,315.4701,353.5,353.5
POOL,2006-04-24,34.423,37.2512,37.2512
POOL,2006-05-11,33.1812,37.2512,37.2512
POOL,2007-09-11,22.4709,28.9468,28.9468
POOL,2008-10-06,14.9178,21.8907,21.8907
POOL,2010-05-06,19.2569,21.1902,21.1902
POOL,2010-06-08,18.3069,21.1902,21.1902
POOL,2010-06-17,18.52,21.1902,21.1902
POOL,2010-06-18,18.3034,21.1902,21.1902
POOL,2010-06-23,18.1244,21.1902,21.1902
POOL,2018-09-24,154.3349,162.0895,162.0895
POOL,2018-09-25,153.5991,162.0895,162.0895
POOL,2021-12-20,502.4244,552.9805,552.9805
POOL,2024-03-14,381.3687,410.6324,410.6324
POOL,2024-04-02,379.288,410.6324,410.6324
POOL,2025-10-08,298.0432,342.0067,342.0067
PPG,2006-10-19,22.0036,22.7588,22.7588
PPG,2007-07-27,25.3381,27.4868,27.4868
PPG,2008-01-22,20.0507,24.4163,24.4163
PPG,2008-02-28,21.5602,24.4163,24.4163
PPG,2008-09-23,21.5451,24.224,24.224
PPG,2011-05-03,34.9611,37.2641,37.2641
PPG,2021-06-14,158.8714,166.0239,166.0239
PPG,2022-01-10,150.9194,162.0658,162.0658
PPG,2022-01-18,148.7111,162.0658,162.0658
PPG,2023-07-21,138.2827,143.6909,143.6909
PPG,2024-04-04,132.9428,138.8001,138.8001
PPG,2024-04-05,131.9394,138.8001,138.8001
PPG,2026-02-19,123.089,132.6675,132.6675
PPG,2026-02-27,120.5739,132.6675,132.6675
PPL,2008-07-07,21.0637,22.5278,22.5278
PPL,2008-07-15,20.7505,22.5278,22.5278
PPL,2010-01-05,14.2349,14.7331,14.7331
PPL,2010-01-21,13.8371,14.7331,14.7331
PPL,2013-05-02,17.1314,17.6414,17.6414
PPL,2017-09-27,26.2422,27.5667,27.5667
PPL,2017-10-03,25.7348,27.5667,27.5667
PPL,2017-11-01,25.4025,27.5667,27.5667
PPL,2023-05-15,25.5013,26.4227,26.4227
PRU,2005-12-06,37.6899,39.2127,39.2127
PRU,2007-10-24,47.2353,51.202,51.202
PRU,2011-02-23,34.8571,37.0142,37.0142
PRU,2011-02-24,34.5305,37.0142,37.0142
PRU,2019-05-02,71.6272,74.9842,74.9842
PRU,2022-12-06,87.3623,93.2555,93.2555
PRU,2022-12-08,86.2231,93.2555,93.2555
PRU,2022-12-09,85.4906,93.2555,93.2555
PRU,2022-12-12,84.6601,93.2555,93.2555
PRU,2024-12-04,117.3926,122.4443,122.4443
PSA,2013-10-31,104.1379,108.9826,108.9826
PSA,2013-11-08,98.578,110.4961,110.4961
PSA,2015-02-02,129.5255,134.8748,134.8748
PSA,2017-04-24,157.0754,162.8174,162.8174
PSA,2018-07-16,164.9941,172.793,172.793
PSA,2019-09-09,194.3377,203.4843,203.4843
PSA,2022-04-25,331.8341,351.5189,351.5189
PSA,2024-01-11,267.8989,288.1355,288.1355
PSA,2024-01-31,260.9726,288.1355,288.1355
PSA,2024-02-01,259.4982,288.1355,288.1355
PSA,2024-02-02,258.2723,288.1355,288.1355
PSKY,2008-08-20,11.1793,12.5931,12.5931
PSKY,2014-03-24,50.7951,54.0338,54.0338
PSKY,2014-09-02,46.7401,51.8674,51.8674
PSKY,2017-04-12,55.0494,57.5205,57.5205
PSKY,2017-08-02,53.0152,56.5801,56.5801
PSKY,2018-01-04,47.7442,50.3167,50.3167
PSKY,2018-01-08,46.9421,50.3167,50.3167
PSKY,2018-07-20,47.3377,49.6873,49.6873
PSKY,2018-10-11,44.9829,48.9648,48.9648
PSKY,2024-08-02,10.5062,11.84,11.84
PSKY,2025-10-30,15.3909,20.7804,20.7804
PSX,2013-06-03,41.519,43.4415,43.4415
PSX,2016-04-01,58.6182,62.3269,62.3269
PSX,2016-04-05,57.9941,62.3269,62.3269
PSX,2016-04-06,57.6452,62.3269,62.3269
PSX,2024-04-15,149.1135,162.3016,162.3016
PSX,2024-12-04,124.5727,131.9234,131.9234
PSX,2024-12-05,123.0653,131.9234,131.9234
PTC,2006-03-09,14.2556,17.175,17.175
PTC,2010-04-28,18.5499,20.17,20.17
PTC,2011-05-24,22.1328,24.61,24.61
PTC,2011-06-03,21.8861,24.61,24.61
PTC,2011-06-08,21.2924,24.61,24.61
PTC,2011-07-18,21.7995,24.61,24.61
PTC,2011-07-27,21.1771,24.61,24.61
PTC,2012-09-25,21.8324,24.76,24.76
PTC,2020-02-24,85.4113,89.07,89.07
PTC,2022-01-10,113.3716,123.5,123.5
PTC,2022-01-27,109.3338,123.5,123.5
PTC,2022-02-18,107.8306,123.5,123.5
PTC,2022-02-22,106.5817,123.5,123.5
PTC,2022-02-24,104.4646,123.5,123.5
PTC,2022-03-08,103.2354,123.5,123.5
PTC,2022-03-14,101.4977,123.5,123.5
PWR,2006-06-08,15.0289,18.5585,18.5585
PWR,2007-11-02,29.8431,32.7814,32.7814
PWR,2007-11-08,27.9005,32.7814,32.7814
PWR,2007-11-13,26.4989,32.7814,32.7814
PWR,2007-11-19,25.2416,32.7814,32.7814
PWR,2009-06-15,22.7671,25.307,25.307
PWR,2010-06-24,21.1663,22.7861,22.7861
PWR,2013-06-03,27.3021,29.9761,29.9761
PWR,2019-05-02,38.9945,40.3119,40.3119
PYPL,2015-08-12,37.1195,42.3237,42.3237
PYPL,2016-03-24,38.2962,41.528,41.528
PYPL,2016-04-29,38.4603,41.528,41.528
PYPL,2021-07-27,294.2096,308.5106,308.5106
PYPL,2022-01-10,179.8027,196.6387,196.6387
PYPL,2022-08-29,90.7075,102.4821,102.4821
PYPL,2022-09-01,89.4345,102.4821,102.4821
PYPL,2022-09-16,91.6298,102.4821,102.4821
PYPL,2022-09-20,90.1678,102.4821,102.4821
PYPL,2023-02-17,73.7251,88.1537,88.1537
PYPL,2023-03-13,71.822,88.1537,88.1537
PYPL,2023-04-25,71.3901,88.1537,88.1537
PYPL,2023-04-26,70.9839,88.1537,88.1537
PYPL,2025-11-17,61.2606,78.7937,78.7937
QCOM,2008-08-26,34.519,37.1158,37.1158
QCOM,2011-03-08,38.2878,40.8764,40.8764
QCOM,2012-04-09,45.591,47.785,47.785
QCOM,2013-03-18,45.4631,48.1193,48.1193
QCOM,2015-01-14,52.3781,55.3883,55.3883
QCOM,2015-01-15,51.9915,55.3883,55.3883
QCOM,2015-01-16,51.6984,55.3883,55.3883
QCOM,2015-01-21,51.1964,55.3883,55.3883
QCOM,2016-11-10,49.8803,55.5334,55.5334
QCOM,2016-12-01,50.1348,55.5334,55.5334
QCOM,2017-12-01,52.5727,55.7947,55.7947
QCOM,2017-12-04,52.1151,55.7947,55.7947
QCOM,2019-05-17,68.9195,77.1589,77.1589
QCOM,2020-01-24,78.2512,84.195,84.195
QCOM,2022-01-10,160.8711,177.0184,177.0184
QCOM,2024-11-20,149.1712,177.1861,177.1861
QCOM,2024-12-18,149.4885,177.1861,177.1861
QCOM,2024-12-19,147.0005,177.1861,177.1861
QCOM,2025-02-06,162.8598,177.1861,177.1861
QQQ,2008-06-09,41.4566,43.6177,43.6177
QQQ,2011-08-01,50.2301,52.6704,52.6704
QQQ,2012-09-26,60.7344,62.8807,62.8807
RCL,2008-04-24,25.4362,29.6482,29.6482
RCL,2008-05-20,23.9599,29.6482,29.6482
RCL,2008-08-20,21.4475,24.9243,24.9243
RCL,2008-08-21,21.0211,24.9243,24.9243
RCL,2010-05-05,27.0881,31.4794,31.4794
RCL,2011-01-20,38.7743,41.2816,41.2816
RCL,2011-01-27,37.9316,41.2816,41.2816
RCL,2016-01-04,86.8851,92.0373,92.0373
RCL,2016-01-06,84.4082,92.0373,92.0373
RCL,2018-09-27,119.1585,125.9885,125.9885
RCL,2019-06-04,114.3195,125.1335,125.1335
RCL,2019-06-05,112.5718,125.1335,125.1335
RCL,2022-05-04,73.5075,86.1659,86.1659
RCL,2026-03-02,294.3012,356.39,356.39
REG,2006-04-10,28.9909,30.8696,30.8696
REG,2006-04-11,28.7842,30.8696,30.8696
REG,2008-04-09,32.3975,35.3383,35.3383
REG,2008-10-09,22.085,40.2907,40.2907
REG,2008-10-10,22.085,40.2907,40.2907
REG,2008-10-15,20.264,40.2907,40.2907
REG,2008-11-21,11.8642,40.2907,40.2907
REG,2010-05-06,21.0073,23.2375,23.2375
REG,2012-09-20,29.7335,31.3642,31.3642
REG,2013-10-31,32.4704,33.8349,33.8349
REG,2015-02-02,44.5881,46.7843,46.7843
REG,2015-02-10,43.6102,46.7843,46.7843
REG,2016-08-11,55.809,58.8917,58.8917
REG,2017-12-21,48.8265,51.022,51.022
REG,2018-09-24,47.5046,49.6718,49.6718
REG,2018-10-03,46.5984,49.6718,49.6718
REG,2019-10-09,51.8482,53.7846,53.7846
REG,2019-10-31,51.686,53.8769,53.8769
REG,2019-11-22,49.2725,53.977,53.977
REG,2025-03-11,69.7421,75.0851,75.0851
REG,2025-09-17,68.9549,72.8907,72.8907
REGN,2007-05-16,25.39,28.5471,28.5471
REGN,2008-02-15,18.3815,25.0806,25.0806
REGN,2008-02-21,17.7857,25.0806,25.0806
REGN,2008-02-22,17.4557,25.0806,25.0806
REGN,2008-09-05,18.6395,23.5112,23.5112
REGN,2008-10-06,19.3393,23.839,23.839
REGN,2008-10-08,17.7922,23.839,23.839
REGN,2010-02-18,25.5613,30.3053,30.3053
REGN,2010-03-22,23.3217,30.3053,30.3053
REGN,2010-06-08,26.0858,30.3748,30.3748
REGN,2014-03-07,323.117,350.1246,350.1246
REGN,2014-04-07,278.6559,350.1246,350.1246
REGN,2014-04-15,275.9078,350.1246,350.1246
REGN,2015-08-21,523.3354,601.864,601.864
REGN,2016-12-07,356.1977,449.9205,449.9205
REGN,2021-09-13,632.2487,682.0125,682.0125
REGN,2026-01-13,744.8827,820.1234,820.1234
RF,2007-01-17,20.2208,21.2531,21.2531
RF,2007-01-22,20.0856,21.2531,21.2531
RF,2007-01-23,19.968,21.2531,21.2531
RF,2007-06-05,19.8322,20.6259,20.6259
RF,2010-05-06,5.0811,6.0253,6.0253
RF,2010-08-20,4.344,5.0184,5.0184
RF,2014-04-07,7.1243,7.696,7.696
RF,2014-04-08,7.0661,7.696,7.696
RF,2014-07-10,6.9962,7.343,7.343
RF,2019-03-05,11.8339,12.4471,12.4471
RF,2020-01-03,12.8922,13.5765,13.5765
RF,2023-02-21,19.914,21.0347,21.0347
RF,2023-02-23,19.6613,21.0347,21.0347
RF,2024-12-04,24.704,26.2975,26.2975
RF,2026-02-12,29.3498,30.8732,30.8732
RJF,2008-10-10,9.655,19.5529,19.5529
RJF,2015-12-11,32.3005,34.2813,34.2813
RJF,2015-12-14,31.9565,34.2813,34.2813
RJF,2019-05-09,51.8057,55.3122,55.3122
RJF,2019-05-10,51.2455,55.3122,55.3122
RJF,2023-02-23,101.9396,115.5294,115.5294
RJF,2023-07-27,102.9154,107.7276,107.7276
RJF,2025-02-20,151.5066,172.0443,172.0443
RJF,2025-02-21,149.4047,172.0443,172.0443
RJF,2025-02-25,146.1885,172.0443,172.0443
RL,2008-09-05,54.992,60.5334,60.5334
RL,2008-09-15,53.9154,60.5334,60.5334
RL,2008-09-16,52.941,60.5334,60.5334
RL,2008-09-18,51.5456,60.5334,60.5334
RL,2008-10-06,40.9306,62.8873,62.8873
RL,2008-10-10,36.8134,62.8873,62.8873
RL,2013-05-23,144.5747,151.4337,151.4337
RL,2014-01-09,135.7855,143.8121,143.8121
RL,2015-12-07,96.5749,111.9123,111.9123
RL,2015-12-08,94.9154,111.9123,111.9123
RL,2018-12-06,92.5755,119.2372,119.2372
RL,2018-12-07,90.8778,119.2372,119.2372
RL,2018-12-10,89.771,119.2372,119.2372
RL,2018-12-17,86.4331,119.2372,119.2372
RL,2019-05-06,112.3537,117.317,117.317
RL,2026-03-02,351.1373,389.15,389.15
RL,2026-03-03,344.0696,389.15,389.15
RMD,2006-06-06,18.0524,20.2465,20.2465
RMD,2006-06-13,17.691,20.2465,20.2465
RMD,2008-09-19,17.9049,20.9678,20.9678
RMD,2008-10-06,16.3059,20.9678,20.9678
RMD,2008-10-08,15.2371,20.9678,20.9678
RMD,2020-12-11,195.3534,213.9854,213.9854
RMD,2021-09-13,277.6088,289.6448,289.6448
RMD,2021-09-16,273.0082,289.6448,289.6448
RMD,2021-09-24,267.6898,289.6448,289.6448
RMD,2021-12-15,243.5379,265.3265,265.3265
RMD,2021-12-17,241.6578,265.3265,265.3265
RMD,2022-08-12,224.8239,239.3494,239.3494
RMD,2022-08-23,217.4835,239.3494,239.3494
RMD,2022-09-16,214.8478,239.3494,239.3494
RMD,2025-08-27,278.7084,292.4354,292.4354
ROK,2006-12-05,41.2159,43.7889,43.7889
ROK,2007-12-18,45.7398,49.1933,49.1933
ROK,2012-04-23,57.3822,63.9479,63.9479
ROK,2012-04-25,56.319,63.9479,63.9479
ROK,2014-07-10,97.3374,101.9917,101.9917
ROK,2015-06-15,99.8736,103.02,103.02
ROK,2018-01-24,171.6106,180.184,180.184
ROK,2018-02-02,165.8939,180.184,180.184
ROK,2018-09-27,164.4371,172.8063,172.8063
ROK,2018-09-28,163.3626,172.8063,172.8063
ROK,2021-11-30,310.6749,328.2025,328.2025
ROK,2023-07-26,315.304,332.5101,332.5101
ROL,2006-02-21,1.9986,2.1502,2.1502
ROL,2009-05-26,2.539,3.0019,3.0019
ROL,2018-09-19,25.2573,26.1145,26.1145
ROL,2021-09-13,35.5854,37.7982,37.7982
ROP,2008-08-21,53.7387,58.1553,58.1553
ROP,2011-04-08,77.8936,81.2651,81.2651
ROP,2011-04-12,77.056,81.2651,81.2651
ROP,2011-04-18,76.0306,81.2651,81.2651
ROP,2014-01-23,129.1335,132.6951,132.6951
ROP,2016-04-25,165.9193,174.4372,174.4372
ROP,2018-08-24,282.5161,299.1192,299.1192
ROP,2020-09-04,406.1296,441.3842,441.3842
ROP,2021-08-10,466.3716,486.0331,486.0331
ROP,2021-08-11,464.4556,486.0331,486.0331
ROP,2021-11-24,466.9507,492.2924,492.2924
ROP,2022-04-13,456.7973,477.1914,477.1914
ROST,2006-01-18,5.8991,6.3324,6.3324
ROST,2007-05-01,6.7776,7.2554,7.2554
ROST,2020-06-25,79.494,99.2349,99.2349
ROST,2021-05-11,120.0848,127.2309,127.2309
ROST,2021-09-20,106.3849,120.9978,120.9978
ROST,2023-01-20,110.8545,118.5167,118.5167
ROST,2023-02-07,109.5612,118.5167,118.5167
ROST,2023-02-23,107.63,118.5167,118.5167
ROST,2023-02-24,106.9827,118.5167,118.5167
ROST,2023-03-01,106.072,118.5167,118.5167
ROST,2024-10-01,145.6868,161.0295,161.0295
ROST,2024-10-02,144.5923,161.0295,161.0295
ROST,2024-10-03,143.4136,161.0295,161.0295
RSG,2006-05-03,18.5379,19.205,19.205
RSG,2007-12-17,20.6116,23.3309,23.3309
RSG,2008-09-16,21.1857,23.9285,23.9285
RSG,2010-07-30,22.3815,23.7073,23.7073
RSG,2010-08-06,22.4836,23.7073,23.7073
RSG,2011-05-23,23.2582,24.2955,24.2955
RSG,2011-05-25,22.976,24.2955,24.2955
RSG,2022-09-01,135.6994,142.0025,142.0025
RSG,2022-09-16,137.2266,142.8741,142.8741
RSG,2022-09-22,135.2488,142.8741,142.8741
RSG,2022-09-23,134.3815,142.8741,142.8741
RSG,2022-09-27,132.4162,142.8741,142.8741
RSG,2022-09-28,131.9664,142.8741,142.8741
RSG,2022-09-29,131.2752,142.8741,142.8741
RTX,2006-05-17,25.2781,26.4065,26.4065
RTX,2008-01-07,30.3651,32.4683,32.4683
RTX,2015-11-12,48.2772,49.6752,49.6752
RTX,2018-10-08,72.7527,76.2067,76.2067
RTX,2022-04-21,93.0624,95.5008,95.5008
RTX,2022-04-25,90.994,97.0385,97.0385
RTX,2022-04-26,89.5377,97.0385,97.0385
RVTY,2007-10-26,24.5927,26.6424,26.6424
RVTY,2008-08-21,25.5252,26.8832,26.8832
RVTY,2011-05-23,25.4165,26.833,26.833
RVTY,2014-07-08,44.7599,46.346,46.346
RVTY,2014-07-10,44.3317,46.346,46.346
RVTY,2015-07-08,49.2572,52.6175,52.6175
RVTY,2016-09-13,50.1441,55.7366,55.7366
RVTY,2018-02-01,77.4131,82.7682,82.7682
RVTY,2019-07-12,92.8947,97.9509,97.9509
RVTY,2022-01-03,188.2653,201.1063,201.1063
RVTY,2023-07-31,121.8769,131.08,131.08
RVTY,2023-08-01,120.5996,131.08,131.08
RVTY,2024-02-01,105.3468,114.3119,114.3119
RVTY,2024-09-03,118.4686,127.6377,127.6377
RVTY,2025-07-16,94.4382,103.9032,103.9032
RVTY,2026-02-02,102.0116,118.3,118.3
SBAC,2009-05-05,21.7343,25.4377,25.4377
SBAC,2022-01-03,349.7288,367.4631,367.4631
SBAC,2022-04-26,329.7046,355.0398,355.0398
SBAC,2022-12-16,265.0218,293.2745,293.2745
SBAC,2023-12-08,234.8166,246.6381,246.6381
SBAC,2024-01-08,234.958,248.9083,248.9083
SBAC,2025-06-09,222.4276,241.4394,241.4394
SBAC,2025-07-11,225.2988,241.4394,241.4394
SBAC,2025-12-03,185.3008,206.1488,206.1488
SBAC,2025-12-22,186.3692,206.1488,206.1488
SBAC,2026-01-05,188.6286,206.1488,206.1488
SBUX,2012-04-27,21.9177,23.7544,23.7544
SBUX,2012-05-08,20.4165,23.7544,23.7544
SBUX,2017-06-08,51.3483,53.6046,53.6046
SBUX,2019-09-04,81.7743,85.9835,85.9835
SBUX,2020-01-23,78.9517,81.5478,81.5478
SBUX,2025-03-05,107.8351,114.3061,114.3061
SBUX,2025-07-30,88.5564,96.2164,96.2164
SBUX,2025-08-01,83.9082,96.9122,96.9122
SCHW,2006-05-15,12.5281,13.8071,13.8071
SCHW,2006-05-17,12.2751,13.8071,13.8071
SCHW,2009-01-16,11.5582,20.9268,20.9268
SCHW,2012-03-28,12.1363,13.0821,13.0821
SCHW,2012-03-29,11.955,13.0821,13.0821
SCHW,2012-04-09,11.7132,13.0821,13.0821
SCHW,2018-09-06,44.2884,48.6985,48.6985
SCHW,2023-01-18,76.7742,82.6505,82.6505
SCHW,2025-08-01,93.5883,98.6954,98.6954
SHOP,2015-12-09,2.4506,3.929,3.929
SHOP,2015-12-21,2.4078,3.929,3.929
SHOP,2016-01-11,2.3627,3.929,3.929
SHOP,2018-06-22,16.2262,17.511,17.511
SHOP,2021-12-13,137.3947,176.2918,176.2918
SHOP,2022-04-13,58.0958,78.0,78.0
SHOP,2022-04-18,56.0442,78.0,78.0
SHOP,2022-09-01,29.9726,45.43,45.43
SHW,2007-02-26,17.463,18.5026,18.5026
SHW,2007-08-10,17.007,19.4272,19.4272
SHW,2007-09-10,17.33,19.4272,19.4272
SHW,2008-09-18,15.2259,17.2366,17.2366
SHW,2008-10-06,13.7889,17.5635,17.5635
SHW,2008-10-28,13.2017,17.5635,17.5635
SHW,2009-01-21,14.5267,17.5635,17.5635
SHW,2018-01-25,129.324,134.8019,134.8019
SHW,2018-02-01,126.8214,134.8019,134.8019
SHW,2018-09-24,144.4994,149.5351,149.5351
SHW,2018-09-25,143.7539,149.5351,149.5351
SHW,2022-01-03,326.0689,340.6646,340.6646
SHW,2025-10-09,329.8322,377.9292,377.9292
SHW,2026-03-02,347.6112,376.9365,376.9365
SHW,2026-03-03,342.1798,376.9365,376.9365
SHW,2026-03-05,333.4382,376.9365,376.9365
SJM,2020-05-19,91.2452,103.0435,103.0435
SJM,2020-05-20,90.3904,103.0435,103.0435
SJM,2025-08-26,107.9131,112.4701,112.4701
SLB,2015-11-06,57.3292,61.2587,61.2587
SLB,2015-11-12,56.4354,61.2587,61.2587
SLB,2015-12-03,55.7645,61.2587,61.2587
SLB,2015-12-04,55.228,61.2587,61.2587
SLB,2018-01-30,58.8257,63.4947,63.4947
SLB,2018-01-31,58.1151,63.4947,63.4947
SLB,2019-05-10,32.3577,40.3886,40.3886
SLB,2020-01-09,33.4802,35.5071,35.5071
SLB,2020-01-15,32.9508,35.5071,35.5071
SLB,2021-06-17,29.0059,33.2124,33.2124
SLB,2025-02-26,39.1052,43.0357,43.0357
SLB,2025-03-03,38.6143,43.0357,43.0357
SLB,2025-03-04,37.6867,43.0357,43.0357
SMCI,2007-10-23,0.9378,1.023,1.023
SMCI,2008-09-18,0.9436,1.092,1.092
SMCI,2009-01-06,0.5826,0.725,0.725
SMCI,2015-03-10,3.6777,4.2,4.2
SMCI,2015-03-13,3.5932,4.2,4.2
SMCI,2015-03-17,3.5102,4.2,4.2
SMCI,2015-06-16,3.2152,3.551,3.551
SMCI,2018-06-15,2.5376,2.715,2.715
SMCI,2021-04-20,3.7822,4.071,4.071
SMCI,2021-12-17,4.0783,4.714,4.714
SMCI,2021-12-20,4.0466,4.714,4.714
SMCI,2024-03-19,87.1287,122.9,122.9
SMCI,2025-02-25,44.3485,66.44,66.44
SMCI,2025-02-28,40.1986,66.44,66.44
SNA,2008-09-11,37.3317,39.9413,39.9413
SNA,2010-05-06,31.1577,35.028,35.028
SNA,2015-12-09,131.9188,136.409,136.409
SNA,2018-09-25,150.8647,155.8923,155.8923
SNA,2020-01-24,140.0205,146.4532,146.4532
SNA,2021-05-19,214.514,228.5903,228.5903
SNA,2021-06-08,218.8091,228.5903,228.5903
SNA,2022-05-20,188.7483,211.8994,211.8994
SNA,2024-12-05,348.2746,361.6727,361.6727
SNPS,2007-05-16,27.6121,28.67,28.67
SNPS,2007-05-17,27.446,28.67,28.67
SNPS,2008-01-07,24.2326,27.89,27.89
SNPS,2008-08-18,23.736,26.61,26.61
SNPS,2010-04-22,22.6965,23.45,23.45
SNPS,2011-02-22,27.9667,29.35,29.35
SNPS,2022-01-04,348.4173,377.6,377.6
SNPS,2024-04-15,541.7772,629.38,629.38
SNPS,2025-09-02,587.9798,651.73,651.73
SO,2005-10-06,13.9521,14.7024,14.7024
SO,2006-03-02,13.8011,14.6248,14.6248
SO,2006-03-06,13.6968,14.6248,14.6248
SO,2007-05-10,16.0449,16.7624,16.7624
SO,2008-10-06,16.5768,18.4413,18.4413
SO,2013-04-24,27.1774,27.9364,27.9364
SO,2013-05-09,26.6897,27.9364,27.9364
SO,2013-05-23,26.1725,27.9364,27.9364
SO,2020-02-05,54.2131,55.9568,55.9568
SO,2020-02-20,53.7223,55.9568,55.9568
SO,2020-02-25,52.9691,55.9568,55.9568
SO,2022-08-29,68.3692,70.9231,70.9231
SO,2022-09-23,65.7312,70.9231,70.9231
SO,2023-05-15,65.6934,68.134,68.134
SO,2025-10-27,93.3243,99.2377,99.2377
SPG,2006-04-10,32.6046,35.9171,35.9171
SPG,2006-04-13,31.9705,35.9171,35.9171
SPG,2006-05-02,32.1897,35.9171,35.9171
SPG,2007-02-20,46.6626,51.6824,51.6824
SPG,2007-05-01,47.2611,49.6545,49.6545
SPG,2018-01-10,105.9239,112.2313,112.2313
SPG,2018-01-31,103.7733,112.2313,112.2313
SPG,2023-02-07,105.9743,113.1835,113.1835
SPG,2023-03-01,102.0732,113.1835,113.1835
SPG,2023-03-07,102.4009,113.1835,113.1835
SPGI,2007-06-08,49.2252,51.772,51.772
SPGI,2007-10-24,34.9045,39.5362,39.5362
SPGI,2007-10-26,34.1672,39.5362,39.5362
SPGI,2007-11-02,33.0173,39.5362,39.5362
SPGI,2008-01-02,30.7558,39.5362,39.5362
SPGI,2008-09-16,29.82,34.4919,34.4919
SPGI,2015-05-26,93.8069,97.1595,97.1595
SPGI,2015-06-01,92.8413,97.1595,97.1595
SPGI,2021-12-20,438.8807,467.0452,467.0452
SPGI,2022-01-03,442.8469,467.0452,467.0452
SPGI,2022-01-06,434.0525,467.0452,467.0452
SPGI,2022-08-30,343.435,383.4435,383.4435
SPGI,2025-03-06,507.5782,540.1314,540.1314
SPGI,2025-09-05,531.8213,575.5702,575.5702
SPY,2018-10-04,258.3981,262.1716,262.1716
SPY,2018-10-05,256.9506,262.1716,262.1716
SPY,2018-10-08,255.5821,262.1716,262.1716
SRE,2006-02-02,12.1838,12.6049,12.6049
SRE,2006-02-03,12.0979,12.6049,12.6049
SRE,2007-05-02,17.5966,18.6191,18.6191
SRE,2007-05-10,17.2788,18.6191,18.6191
SRE,2008-01-04,17.1613,18.2009,18.2009
SRE,2010-10-27,16.3299,16.8545,16.8545
SRE,2015-04-30,37.7674,40.0895,40.0895
SRE,2016-07-27,41.0109,42.4814,42.4814
SRE,2018-10-24,44.9232,50.0411,50.0411
SRE,2018-10-26,44.3709,50.0411,50.0411
SRE,2021-06-23,58.1084,62.3206,62.3206
SRE,2021-06-29,57.3179,62.3206,62.3206
SRE,2021-06-30,56.8921,62.3206,62.3206
SRE,2021-07-19,55.9952,62.3206,62.3206
SRE,2021-09-20,56.7508,62.3206,62.3206
SRE,2022-09-23,72.7008,79.0004,79.0004
SRE,2023-05-15,68.7272,72.8023,72.8023
SRE,2024-12-04,87.8325,92.1059,92.1059
STE,2006-02-28,18.0723,20.6032,20.6032
STE,2006-03-01,17.9896,20.6032,20.6032
STE,2006-03-06,17.9861,20.6032,20.6032
STE,2006-03-07,17.7223,20.6032,20.6032
STE,2006-04-06,17.6153,20.6032,20.6032
STE,2007-07-20,21.9383,23.3673,23.3673
STE,2008-09-15,26.7795,29.0024,29.0024
STE,2008-09-18,25.5958,29.0024,29.0024
STE,2009-02-24,18.9897,21.0873,21.0873
STE,2009-02-25,18.7973,21.0873,21.0873
STE,2011-11-01,24.6447,27.13,27.13
STE,2013-06-06,37.6912,39.982,39.982
STE,2013-06-13,37.4992,39.982,39.982
STE,2016-08-25,61.8735,67.3014,67.3014
STE,2016-10-04,64.7498,67.7367,67.7367
STE,2016-10-07,64.1421,67.7367,67.7367
STE,2024-03-15,223.5108,234.3998,234.3998
STLD,2007-05-30,14.9057,16.3415,16.3415
STLD,2012-02-13,11.0652,12.1355,12.1355
STLD,2012-02-14,10.9099,12.1355,12.1355
STLD,2012-02-15,10.7845,12.1355,12.1355
STLD,2014-09-24,18.1711,19.9671,19.9671
STLD,2014-09-25,17.9361,19.9671,19.9671
STLD,2014-10-01,17.2583,19.9671,19.9671
STLD,2014-10-02,17.0458,19.9671,19.9671
STLD,2014-10-08,16.4276,19.9671,19.9671
STLD,2015-06-15,16.7781,18.462,18.462
STLD,2021-09-01,61.4225,69.3472,69.3472
STLD,2021-09-13,59.2629,69.3472,69.3472
STLD,2022-05-02,76.187,94.7626,94.7626
STLD,2024-12-05,135.8014,152.7171,152.7171
STLD,2026-02-13,188.979,208.47,208.47
STT,2008-01-22,47.6589,58.2301,58.2301
STT,2008-02-22,53.6269,58.2301,58.2301
STT,2008-08-13,44.7894,50.6867,50.6867
STT,2008-08-19,43.7163,50.6867,50.6867
STT,2008-09-05,44.0919,50.6867,50.6867
STT,2008-09-17,42.8923,50.6867,50.6867
STT,2010-04-16,31.672,33.4409,33.4409
STT,2010-04-20,30.9976,33.4409,33.4409
STT,2011-02-15,31.2849,34.4676,34.4676
STT,2012-04-09,30.7389,32.9658,32.9658
STT,2014-01-13,52.8032,55.2931,55.2931
STT,2019-02-14,54.222,61.5198,61.5198
STT,2020-01-16,65.7901,68.3427,68.3427
STX,2010-11-30,6.8364,8.458,8.458
STX,2014-01-24,33.9647,36.4484,36.4484
STX,2014-01-27,33.6272,36.4484,36.4484
STX,2015-05-19,33.65,36.7499,36.7499
STX,2015-06-08,32.3556,36.7499,36.7499
STX,2015-06-09,32.0302,36.7499,36.7499
STX,2015-06-23,31.8931,36.7499,36.7499
STX,2015-06-24,31.6052,36.7499,36.7499
STX,2022-01-07,96.6513,103.1328,103.1328
STX,2023-02-21,61.3169,67.4325,67.4325
STX,2023-02-22,60.3421,67.4325,67.4325
STX,2023-03-13,55.17,67.4325,67.4325
STX,2023-03-15,54.3708,67.4325,67.4325
STZ,2006-10-05,23.4718,24.7423,24.7423
STZ,2007-11-08,19.9095,22.5053,22.5053
STZ,2008-07-30,17.4608,19.639,19.639
STZ,2008-08-19,17.7629,19.639,19.639
STZ,2008-08-20,17.6591,19.639,19.639
STZ,2008-08-26,17.3057,19.639,19.639
STZ,2008-08-27,17.1023,19.639,19.639
STZ,2008-09-17,18.0242,19.9367,19.9367
STZ,2008-09-19,17.3117,19.9367,19.9367
STZ,2008-10-06,15.3004,19.9707,19.9707
STZ,2009-01-07,12.7601,14.5953,14.5953
STZ,2010-05-21,13.6176,16.0497,16.0497
STZ,2018-10-23,187.2961,202.0394,202.0394
STZ,2018-10-25,185.7528,202.0394,202.0394
STZ,2018-10-26,184.0053,202.0394,202.0394
STZ,2019-05-10,179.1889,190.8075,190.8075
STZ,2019-05-13,178.6516,190.8075,190.8075
STZ,2022-12-06,232.1515,245.6064,245.6064
STZ,2022-12-15,220.7675,245.6064,245.6064
STZ,2024-04-10,248.3471,261.2545,261.2545
STZ,2024-04-16,242.6239,263.044,263.044
STZ,2024-05-14,243.2454,263.044,263.044
STZ,2024-05-23,235.3631,263.044,263.044
STZ,2024-07-03,239.407,263.044,263.044
STZ,2025-08-21,161.6369,174.5911,174.5911
STZ,2025-08-25,161.096,174.5911,174.5911
SW,2023-02-13,34.8759,40.5089,40.5089
SW,2025-07-30,45.432,48.1064,48.1064
SW,2026-02-23,45.0256,52.22,52.22
SWK,2007-10-17,33.9831,36.5802,36.5802
SWK,2007-11-05,33.3677,36.7359,36.7359
SWK,2008-09-11,29.0674,31.6778,31.6778
SWK,2010-05-05,40.3839,44.6253,44.6253
SWK,2013-10-09,64.9093,68.1203,68.1203
SWK,2018-10-04,117.6297,126.0495,126.0495
SWK,2020-01-23,138.2913,144.589,144.589
SWK,2023-09-07,83.0745,94.4124,94.4124
SWK,2023-09-08,82.5533,94.4124,94.4124
SWK,2024-01-16,85.774,94.9005,94.9005
SWK,2024-01-17,84.7425,94.9005,94.9005
SWK,2024-10-17,99.1533,104.9682,104.9682
SWK,2024-10-23,97.256,104.9682,104.9682
SWK,2026-03-03,81.2832,93.37,93.37
SWKS,2006-04-25,5.6106,6.3151,6.3151
SWKS,2006-05-12,4.9759,6.3151,6.3151
SWKS,2007-10-03,6.8397,7.5387,7.5387
SWKS,2007-10-25,6.5872,7.5387,7.5387
SWKS,2008-06-18,8.0522,8.8727,8.8727
SWKS,2008-06-20,7.8237,8.8727,8.8727
SWKS,2008-06-24,7.5539,8.8727,8.8727
SWKS,2008-06-26,7.4349,8.8727,8.8727
SWKS,2011-08-05,16.2798,21.5977,21.5977
SWKS,2015-06-09,80.6314,88.967,88.967
SWKS,2016-04-12,59.6402,63.2183,63.2183
SWKS,2017-06-12,83.8031,91.9522,91.9522
SWKS,2017-11-29,86.4592,96.8005,96.8005
SWKS,2018-03-19,89.0823,95.9935,95.9935
SWKS,2018-06-25,79.731,86.5246,86.5246
SWKS,2019-04-26,72.3071,79.4838,79.4838
SWKS,2019-05-03,71.8098,79.4838,79.4838
SWKS,2021-07-30,160.2249,172.5788,172.5788
SWKS,2021-08-19,152.288,172.5788,172.5788
SWKS,2021-12-02,129.8297,152.5399,152.5399
SWKS,2021-12-15,135.3557,152.5399,152.5399
SWKS,2023-03-13,98.7917,111.1574,111.1574
SWKS,2023-03-28,100.6514,111.1574,111.1574
SWKS,2023-04-05,100.8851,111.1574,111.1574
SWKS,2023-08-03,98.6562,105.1984,105.1984
SWKS,2023-08-08,96.6183,105.1984,105.1984
SWKS,2024-01-02,100.3333,106.126,106.126
SWKS,2024-07-31,105.4716,112.9603,112.9603
SWKS,2024-08-01,100.2182,112.9603,112.9603
SWKS,2025-12-16,64.3512,88.8107,88.8107
SWKS,2025-12-17,63.7779,88.8107,88.8107
SYF,2015-08-07,26.6083,28.9282,28.9282
SYF,2015-12-09,24.1675,27.4977,27.4977
SYF,2022-12-15,30.8573,37.9744,37.9744
SYF,2023-01-10,28.8745,37.9744,37.9744
SYF,2023-01-19,29.4882,37.9744,37.9744
SYF,2023-02-01,31.1212,37.9744,37.9744
SYK,2006-02-28,36.7924,40.6934,40.6934
SYK,2006-03-01,36.5148,40.6934,40.6934
SYK,2008-07-18,52.3482,55.6249,55.6249
SYK,2008-09-04,52.9995,55.6249,55.6249
SYK,2010-05-06,45.8959,49.0023,49.0023
SYK,2010-05-07,44.4033,49.0023,49.0023
SYK,2010-05-21,42.9176,49.0023,49.0023
SYK,2011-03-15,50.8138,54.0118,54.0118
SYK,2015-01-05,80.3373,86.2062,86.2062
SYK,2022-01-21,242.5814,268.9935,268.9935
SYK,2022-01-24,240.5984,268.9935,268.9935
SYK,2022-01-25,234.8072,268.9935,268.9935
SYK,2022-01-28,229.2976,268.9935,268.9935
SYK,2023-05-02,282.623,298.5769,298.5769
SYK,2023-07-19,285.1355,299.6859,299.6859
SYK,2023-07-25,282.8425,299.6859,299.6859
SYK,2024-04-12,335.4573,354.8251,354.8251
SYK,2024-04-15,332.8955,354.8251,354.8251
SYK,2024-04-16,330.8523,354.8251,354.8251
SYK,2025-02-28,377.6037,402.4679,402.4679
SYK,2025-03-07,371.4653,402.4679,402.4679
SYK,2025-03-10,364.8645,402.4679,402.4679
SYK,2025-03-11,360.651,402.4679,402.4679
SYY,2005-12-22,17.7766,18.5428,18.5428
SYY,2006-03-03,16.5282,18.3697,18.3697
SYY,2006-03-07,16.4049,18.3697,18.3697
SYY,2007-01-03,20.5907,21.1323,21.1323
SYY,2007-10-10,19.7921,20.8237,20.8237
SYY,2008-10-06,17.3195,20.8766,20.8766
SYY,2014-01-23,26.0525,31.2985,31.2985
SYY,2020-01-06,71.0151,72.7203,72.7203
SYY,2022-07-29,77.1549,80.781,80.781
SYY,2022-08-01,76.5565,80.781,80.781
SYY,2023-08-01,69.439,71.5046,71.5046
SYY,2023-09-05,63.8172,73.0258,73.0258
SYY,2025-01-08,71.9176,79.4508,79.4508
SYY,2025-01-10,71.5756,79.4508,79.4508
SYY,2025-01-16,71.0169,79.4508,79.4508
SYY,2026-03-04,86.4513,91.85,91.85
SYY,2026-03-05,85.7213,91.85,91.85
T,2007-10-24,8.2444,8.7071,8.7071
T,2007-11-02,8.1195,8.7071,8.7071
T,2008-05-23,8.0444,8.5185,8.5185
T,2008-06-04,8.0033,8.5185,8.5185
T,2008-09-11,6.5799,7.1398,7.1398
T,2010-01-07,6.5684,6.779,6.779
T,2011-06-02,8.2117,8.5072,8.5072
T,2014-09-09,11.5583,12.5311,12.5311
T,2014-09-10,11.5146,12.5311,12.5311
T,2014-10-15,11.3561,12.5311,12.5311
T,2015-07-22,12.3058,12.8761,12.8761
T,2018-03-20,15.3896,16.6896,16.6896
TAP,2006-05-02,21.5785,23.2653,23.2653
TAP,2007-11-06,34.6579,37.158,37.158
TAP,2007-11-07,34.1387,37.158,37.158
TAP,2007-12-13,33.166,37.158,37.158
TAP,2008-07-10,33.6568,38.6059,38.6059
TAP,2015-05-07,55.6287,60.8994,60.8994
TAP,2017-09-15,70.1148,75.3654,75.3654
TAP,2018-07-11,55.2706,58.137,58.137
TAP,2018-12-10,51.6367,55.7395,55.7395
TAP,2019-10-25,48.021,50.8096,50.8096
TAP,2021-05-19,47.1994,53.188,53.188
TAP,2025-04-07,57.7717,62.816,62.816
TAP,2025-08-26,49.3022,51.9006,51.9006
TAP,2025-08-28,48.8318,51.9006,51.9006
TAP,2025-09-15,47.1599,51.9006,51.9006
TAP,2025-09-16,46.8936,51.9006,51.9006
TAP,2026-02-17,50.5343,54.82,54.82
TDG,2007-12-03,16.3604,18.7428,18.7428
TDG,2025-08-01,1470.5355,1519.3573,1519.3573
TDY,2005-10-25,34.2999,39.0,39.0
TDY,2006-10-27,41.7813,44.59,44.59
TDY,2006-11-01,39.9076,44.59,44.59
TDY,2007-10-12,52.6424,57.14,57.14
TDY,2007-10-17,51.8503,57.14,57.14
TDY,2008-08-25,61.3745,66.21,66.21
TDY,2008-08-26,60.7414,66.21,66.21
TDY,2011-03-14,48.6953,53.35,53.35
TDY,2011-03-15,48.2058,53.35,53.35
TDY,2014-11-20,104.0361,108.64,108.64
TDY,2018-10-02,241.5295,250.87,250.87
TDY,2018-10-05,237.8362,250.87,250.87
TDY,2018-10-08,236.0547,250.87,250.87
TEAM,2016-09-12,29.0122,32.54,32.54
TEAM,2016-10-27,28.1647,35.16,35.16
TEAM,2019-08-30,133.9504,149.8,149.8
TEAM,2019-09-03,130.8842,149.8,149.8
TEAM,2019-09-05,128.1175,149.8,149.8
TEAM,2019-09-09,126.0795,149.8,149.8
TECH,2006-01-23,11.9802,12.5956,12.5956
TECH,2008-08-27,15.9189,17.3234,17.3234
TECH,2010-01-05,14.45,14.9218,14.9218
TECH,2010-01-20,14.1318,14.9218,14.9218
TECH,2010-05-25,12.6352,14.4927,14.4927
TECH,2011-07-26,17.241,18.8936,18.8936
TECH,2012-07-23,15.91,16.8871,16.8871
TECH,2013-01-22,15.2316,16.3219,16.3219
TECH,2013-02-05,15.4237,16.3219,16.3219
TECH,2014-01-22,21.3283,22.0835,22.0835
TECH,2014-08-27,21.691,22.3524,22.3524
TECH,2016-08-09,25.8334,27.6679,27.6679
TECH,2016-08-11,25.2044,27.6679,27.6679
TECH,2019-12-12,51.8899,54.2197,54.2197
TECH,2022-04-11,102.444,111.7207,111.7207
TECH,2022-04-12,101.1583,111.7207,111.7207
TECH,2022-04-25,96.403,111.7207,111.7207
TECH,2023-03-10,70.056,89.2216,89.2216
TECH,2023-03-13,69.0264,89.2216,89.2216
TECH,2024-05-30,75.8496,84.7918,84.7918
TECH,2026-02-12,58.4155,72.063,72.063
TEL,2007-07-23,24.4575,28.5044,28.5044
TEL,2007-10-22,24.535,28.5044,28.5044
TEL,2007-10-23,24.3176,28.5044,28.5044
TEL,2008-06-20,25.6472,28.1974,28.1974
TEL,2015-12-03,54.7465,56.488,56.488
TEL,2015-12-08,54.123,56.488,56.488
TEL,2018-02-09,80.5928,93.9758,93.9758
TEL,2018-03-02,86.2705,93.9758,93.9758
TEL,2020-01-30,85.9444,91.2703,91.2703
TEL,2021-11-23,150.0519,155.6057,155.6057
TEL,2021-11-24,149.2879,155.6057,155.6057
TER,2007-07-19,15.8739,17.0494,17.0494
TER,2008-05-22,11.98,13.3414,13.3414
TER,2008-05-23,11.8464,13.3414,13.3414
TER,2010-05-06,10.1545,12.3017,12.3017
TER,2011-03-07,16.331,17.6567,17.6567
TER,2014-03-27,17.7248,18.8988,18.8988
TER,2014-04-07,17.8065,19.0644,19.0644
TER,2015-06-15,19.1412,19.9262,19.9262
TER,2022-01-10,151.8897,165.9568,165.9568
TER,2022-08-22,90.9645,103.6162,103.6162
TER,2022-08-30,84.3653,103.6162,103.6162
TER,2022-08-31,83.0907,103.6162,103.6162
TER,2022-09-01,81.3683,103.6162,103.6162
TER,2024-07-18,147.3183,162.1006,162.1006
TER,2024-07-19,145.1052,162.1006,162.1006
TER,2026-03-03,303.4471,344.92,344.92
TFC,2005-11-30,19.5838,20.2352,20.2352
TFC,2005-12-05,19.462,20.2352,20.2352
TFC,2005-12-07,19.3434,20.2352,20.2352
TFC,2005-12-08,19.2219,20.2352,20.2352
TFC,2007-01-03,20.9404,21.4165,21.4165
TFC,2007-01-04,20.8547,21.4165,21.4165
TFC,2009-01-13,11.7873,16.4584,16.4584
TFC,2009-01-14,11.5587,16.4584,16.4584
TFC,2009-01-15,11.3115,16.4584,16.4584
TFC,2009-01-16,11.0124,16.4584,16.4584
TFC,2014-04-07,24.9446,25.9732,25.9732
TFC,2014-04-08,24.8156,25.9732,25.9732
TFC,2015-12-03,25.0502,25.9818,25.9818
TFC,2020-01-15,41.2931,42.6985,42.6985
TFC,2020-01-27,40.8635,42.6985,42.6985
TFC,2021-06-04,47.4699,49.8834,49.8834
TFC,2025-02-25,42.7367,45.7829,45.7829
TGT,2007-07-26,38.044,43.5225,43.5225
TGT,2008-03-11,31.0756,37.7113,37.7113
TGT,2008-03-13,30.7397,37.7113,37.7113
TGT,2008-10-06,25.5216,37.1217,37.1217
TGT,2008-10-08,23.4717,37.1217,37.1217
TGT,2008-10-10,22.1886,37.1217,37.1217
TGT,2008-10-22,20.7302,37.1217,37.1217
TGT,2008-10-24,19.027,37.1217,37.1217
TGT,2010-05-06,34.9135,37.4202,37.4202
TGT,2010-05-07,34.13,37.4202,37.4202
TGT,2010-06-22,33.383,37.4202,37.4202
TGT,2016-03-31,60.3103,62.3111,62.3111
TGT,2016-04-28,60.2637,62.415,62.415
TGT,2018-10-02,70.2733,73.3729,73.3729
TGT,2020-01-02,106.4231,109.9933,109.9933
TGT,2021-11-17,220.5507,234.1405,234.1405
TGT,2021-11-22,211.4711,234.1405,234.1405
TGT,2023-07-17,116.9098,124.7694,124.7694
TGT,2023-08-02,119.1808,124.9501,124.9501
TGT,2024-04-05,157.7479,168.6947,168.6947
TJX,2010-05-04,9.2415,9.8199,9.8199
TJX,2012-09-20,18.6434,19.5045,19.5045
TJX,2014-03-19,25.6403,26.4789,26.4789
TKO,2006-06-08,8.1024,8.5575,8.5575
TKO,2006-06-09,8.0512,8.5575,8.5575
TKO,2007-06-12,8.5068,9.1033,9.1033
TKO,2007-06-13,8.4581,9.1033,9.1033
TKO,2007-06-20,8.3535,9.1033,9.1033
TKO,2007-06-21,8.2624,9.1033,9.1033
TKO,2008-04-22,9.4623,10.3872,10.3872
TKO,2008-04-23,9.357,10.3872,10.3872
TKO,2008-04-24,9.24,10.3872,10.3872
TKO,2010-05-04,11.5025,12.157,12.157
TKO,2011-01-07,9.6593,10.1213,10.1213
TKO,2011-01-11,9.6279,10.1213,10.1213
TKO,2014-03-27,21.9896,26.1946,26.1946
TKO,2015-03-19,13.1105,15.1069,15.1069
TKO,2017-04-03,19.202,20.6043,20.6043
TKO,2018-10-02,82.7762,89.4121,89.4121
TKO,2021-07-08,51.6134,66.1501,66.1501
TKO,2023-08-30,104.3427,112.2735,112.2735
TMO,2007-11-19,53.2345,58.7341,58.7341
TMO,2008-08-20,56.7099,59.4444,59.4444
TMO,2008-08-21,56.4187,59.4444,59.4444
TMO,2010-05-06,49.1111,54.3589,54.3589
TMO,2015-08-12,129.2431,136.9388,136.9388
TMO,2020-11-09,477.7762,525.377,525.377
TMO,2022-01-03,633.7427,664.9003,664.9003
TMO,2022-08-19,580.2261,604.9914,604.9914
TMO,2023-04-19,569.6464,604.4344,604.4344
TMO,2023-08-16,522.9692,575.6935,575.6935
TMO,2023-09-07,527.2823,575.6935,575.6935
TMO,2024-09-25,596.5019,624.8056,624.8056
TMO,2024-10-22,582.0557,624.8056,624.8056
TMO,2025-03-04,514.6607,608.8169,608.8169
TMO,2025-03-05,511.1318,608.8169,608.8169
TMUS,2009-06-02,25.9509,30.2402,30.2402
TMUS,2012-03-27,14.8144,19.3901,19.3901
TMUS,2012-03-29,14.533,19.3901,19.3901
TMUS,2012-03-30,14.3401,19.3901,19.3901
TMUS,2013-01-08,14.8064,23.1183,23.1183
TMUS,2014-06-05,31.9723,34.1326,34.1326
TMUS,2014-06-11,31.3087,34.1326,34.1326
TMUS,2014-09-22,27.8026,33.2192,33.2192
TMUS,2017-05-03,62.6375,66.2269,66.2269
TMUS,2017-06-08,62.6069,66.2269,66.2269
TMUS,2025-03-05,253.4332,271.8453,271.8453
TMUS,2025-03-11,251.3528,271.8453,271.8453
TMUS,2025-03-12,245.5354,271.8453,271.8453
TMUS,2025-08-22,247.9862,258.1153,258.1153
TPL,2005-12-12,2.7452,2.8754,2.8754
TPL,2007-07-12,5.161,5.8418,5.8418
TPL,2007-07-24,5.15,5.9029,5.9029
TPL,2007-07-26,4.7406,5.9029,5.9029
TPL,2007-08-16,4.6329,5.9029,5.9029
TPL,2007-08-17,4.3509,5.9029,5.9029
TPL,2008-07-03,4.509,5.2144,5.2144
TPL,2009-06-19,3.126,3.6061,3.6061
TPL,2009-07-29,3.2838,3.6061,3.6061
TPL,2009-08-17,2.9662,3.6061,3.6061
TPL,2009-08-26,3.0075,3.6061,3.6061
TPL,2010-01-15,2.5525,2.9642,2.9642
TPL,2010-01-27,2.4391,2.9642,2.9642
TPL,2010-02-25,2.495,2.9642,2.9642
TPL,2010-04-19,2.6558,2.9642,2.9642
TPL,2014-09-10,19.0147,23.6871,23.6871
TPL,2014-09-11,18.2231,23.6871,23.6871
TPL,2018-10-08,83.47,87.3503,87.3503
TPL,2019-07-24,74.2166,82.0708,82.0708
TPL,2019-08-07,63.5998,82.0708,82.0708
TPL,2020-01-23,75.6882,84.1183,84.1183
TPL,2020-01-24,74.3934,84.1183,84.1183
TPL,2020-01-30,72.1948,84.1183,84.1183
TPL,2020-01-31,71.7432,84.1183,84.1183
TPR,2006-04-04,22.0041,24.2003,24.2003
TPR,2006-04-11,22.087,24.2003,24.2003
TPR,2008-09-29,15.1601,21.3273,21.3273
TPR,2013-05-24,39.2895,41.2127,41.2127
TPR,2013-06-21,38.8901,41.2127,41.2127
TPR,2014-01-07,38.525,40.2102,40.2102
TPR,2023-07-17,39.9776,42.1503,42.1503
TPR,2023-07-19,39.3859,42.1503,42.1503
TPR,2026-03-05,148.2437,161.97,161.97
TRGP,2011-05-17,16.8419,19.2806,19.2806
TRGP,2017-02-23,38.8664,42.923,42.923
TRGP,2019-04-04,32.1443,39.4524,39.4524
TRGP,2019-05-07,31.6849,39.4524,39.4524
TRGP,2019-05-29,31.9698,39.4524,39.4524
TRGP,2025-07-16,163.3711,175.4231,175.4231
TRGP,2025-07-17,162.0281,175.4231,175.4231
TRGP,2025-07-21,160.9243,175.4231,175.4231
TRI,2007-11-08,26.7172,28.4332,28.4332
TRI,2007-11-09,26.4984,28.4332,28.4332
TRI,2008-06-09,21.3751,24.456,24.456
TRI,2008-06-20,20.3298,24.456,24.456
TRI,2008-07-01,18.783,24.456,24.456
TRI,2009-10-02,20.2256,23.1705,23.1705
TRI,2018-03-01,33.8716,41.7011,41.7011
TRI,2020-02-24,71.7148,74.2553,74.2553
TRI,2021-12-14,109.8313,115.6785,115.6785
TRI,2023-07-03,125.7262,132.4277,132.4277
TRMB,2007-10-22,19.9659,21.55,21.55
TRMB,2007-10-24,19.5385,21.55,21.55
TRMB,2007-11-16,18.7905,21.55,21.55
TRMB,2008-06-19,17.4457,20.71,20.71
TRMB,2008-07-01,17.3039,20.71,20.71
TRMB,2013-02-04,30.9402,32.02,32.02
TRMB,2019-07-10,43.8094,46.25,46.25
TRMB,2021-11-26,83.1843,91.96,91.96
TRMB,2022-04-18,66.5583,74.87,74.87
TRMB,2022-08-29,64.8053,72.24,72.24
TRMB,2022-08-30,63.8437,72.24,72.24
TRMB,2025-02-20,72.38,77.78,77.78
TRMB,2025-08-01,82.1924,86.42,86.42
TROW,2007-11-20,33.2253,36.3541,36.3541
TROW,2008-10-10,20.8185,39.7646,39.7646
TROW,2008-10-23,16.8546,39.7646,39.7646
TROW,2008-10-24,15.5121,39.7646,39.7646
TROW,2008-11-13,16.4583,39.7646,39.7646
TROW,2008-11-18,15.7288,39.7646,39.7646
TROW,2010-04-27,33.0602,35.0107,35.0107
TROW,2012-04-09,39.0029,40.5799,40.5799
TROW,2014-01-21,52.8049,54.6813,54.6813
TROW,2014-01-22,52.5237,54.6813,54.6813
TROW,2014-07-09,54.6253,56.1355,56.1355
TROW,2018-09-06,84.6296,93.713,93.713
TROW,2021-11-26,167.9135,185.2503,185.2503
TROW,2021-11-30,164.9287,185.2503,185.2503
TROW,2023-02-24,95.6074,115.072,115.072
TROW,2023-09-13,95.8149,117.9451,117.9451
TROW,2024-12-13,112.7631,118.2474,118.2474
TROW,2025-09-30,100.0621,115.3846,115.3846
TROW,2026-02-03,101.9027,109.46,109.46
TRV,2006-01-19,28.5299,29.8972,29.8972
TRV,2008-05-21,32.2542,34.6519,34.6519
TRV,2008-05-22,32.1714,34.6519,34.6519
TRV,2008-11-19,24.4279,38.9394,38.9394
TRV,2010-04-05,36.8518,37.9931,37.9931
TRV,2013-12-04,67.1656,69.9441,69.9441
TSCO,2006-04-03,2.6035,2.7518,2.7518
TSCO,2006-04-10,2.5222,2.7518,2.7518
TSCO,2006-05-17,2.4127,2.6953,2.6953
TSCO,2006-05-22,2.3922,2.6953,2.6953
TSCO,2007-05-01,2.0545,2.3492,2.3492
TSCO,2007-09-07,1.8611,2.1802,2.1802
TSCO,2016-06-08,16.0925,16.6753,16.6753
TSCO,2017-01-19,12.8863,13.5393,13.5393
TSCO,2017-02-01,12.491,13.5393,13.5393
TSCO,2017-02-16,12.1986,13.5393,13.5393
TSCO,2017-03-13,12.2119,13.5393,13.5393
TSCO,2023-05-15,43.8765,47.6607,47.6607
TSCO,2024-10-22,56.5308,60.0035,60.0035
TSCO,2024-12-17,53.5261,57.3821,57.3821
TSLA,2010-12-02,2.0885,2.428,2.428
TSLA,2010-12-06,1.9862,2.428,2.428
TSLA,2010-12-14,1.8925,2.428,2.428
TSLA,2011-06-16,1.7307,2.1,2.1
TSLA,2012-05-04,2.1094,2.6633,2.6633
TSLA,2016-04-29,15.8867,17.956,17.956
TSLA,2016-05-02,15.7647,17.956,17.956
TSLA,2017-06-29,23.6147,25.7993,25.7993
TSLA,2022-01-24,300.4377,402.6667,402.6667
TSLA,2022-08-29,282.0618,314.6667,314.6667
TSLA,2026-01-20,417.9916,498.83,498.83
TSLA,2026-01-29,416.0642,498.83,498.83
TSLA,2026-02-04,400.7087,498.83,498.83
TSLA,2026-02-05,393.6123,498.83,498.83
TSLA,2026-03-02,389.1044,498.83,498.83
TSN,2006-06-13,10.3461,12.1556,12.1556
TSN,2006-06-14,10.2041,12.1556,12.1556
TSN,2006-06-15,10.2041,12.1556,12.1556
TSN,2006-06-27,10.1053,12.1556,12.1556
TSN,2006-07-31,9.7208,12.1556,12.1556
TSN,2010-04-19,14.3124,15.1258,15.1258
TSN,2012-01-18,14.342,15.7353,15.7353
TSN,2012-01-25,13.9526,15.7353,15.7353
TSN,2012-03-29,14.3485,15.7353,15.7353
TSN,2012-04-03,14.2259,15.7353,15.7353
TSN,2012-04-04,14.1457,15.7353,15.7353
TSN,2012-04-05,14.0522,15.7353,15.7353
TSN,2020-01-16,73.7609,78.281,78.281
TSN,2022-03-09,78.9863,87.9183,87.9183
TSN,2022-03-11,76.8745,87.9183,87.9183
TSN,2024-12-10,59.291,62.6838,62.6838
TT,2006-05-17,20.4623,22.0017,22.0017
TT,2007-07-20,25.049,25.985,25.985
TT,2008-04-10,20.2157,21.7408,21.7408
TT,2008-04-11,20.0404,21.7408,21.7408
TT,2008-04-23,20.1071,21.7408,21.7408
TT,2010-06-25,18.2749,19.7955,19.7955
TT,2015-07-06,43.5625,46.145,46.145
TT,2015-07-07,43.397,46.145,46.145
TT,2026-03-03,443.0459,479.37,479.37
TT,2026-03-05,433.0485,479.37,479.37
TTD,2022-04-18,61.7953,75.98,75.98
TTD,2022-09-01,59.9797,76.75,76.75
TTD,2025-11-06,45.6739,56.39,56.39
TTWO,2007-07-26,19.1928,21.6987,21.6987
TTWO,2008-06-13,26.3865,27.9483,27.9483
TTWO,2009-10-02,10.5646,12.21,12.21
TTWO,2009-11-20,11.1995,12.57,12.57
TTWO,2009-12-03,10.9017,12.57,12.57
TTWO,2011-06-14,14.6808,17.58,17.58
TTWO,2011-06-16,14.3149,17.58,17.58
TTWO,2011-07-11,14.7551,17.58,17.58
TTWO,2011-07-14,14.3557,17.58,17.58
TTWO,2011-07-18,14.0272,17.58,17.58
TTWO,2011-07-29,13.2754,17.58,17.58
TTWO,2011-08-01,13.1469,17.58,17.58
TTWO,2011-11-10,14.3071,16.27,16.27
TTWO,2012-03-29,15.3906,16.99,16.99
TTWO,2012-04-02,15.1669,16.99,16.99
TTWO,2012-04-09,15.0714,16.99,16.99
TTWO,2021-11-15,175.8704,195.83,195.83
TTWO,2024-06-10,160.2151,168.68,168.68
TTWO,2026-01-29,237.9164,260.04,260.04
TXN,2006-05-11,20.802,22.7705,22.7705
TXN,2006-05-15,20.4881,22.7705,22.7705
TXN,2006-10-03,20.1686,21.3091,21.3091
TXN,2006-10-04,20.0074,21.3091,21.3091
TXN,2010-05-04,16.9233,18.1707,18.1707
TXN,2010-05-05,16.7676,18.1707,18.1707
TXN,2010-05-06,16.6681,18.1707,18.1707
TXN,2011-03-15,22.43,24.7373,24.7373
TXN,2011-03-16,21.9261,24.7373,24.7373
TXN,2011-04-05,22.3204,24.7373,24.7373
TXN,2011-05-03,23.3753,24.7373,24.7373
TXN,2011-05-04,23.3183,24.7373,24.7373
TXN,2011-05-17,23.2423,24.7373,24.7373
TXN,2014-06-05,33.5621,36.0889,36.0889
TXN,2015-03-12,42.0988,44.6501,44.6501
TXN,2018-06-21,90.2189,95.7667,95.7667
TXN,2020-01-31,102.1753,114.3621,114.3621
TXN,2021-12-20,163.4521,177.5039,177.5039
TXN,2022-04-01,161.3109,171.0281,171.0281
TXN,2022-08-17,159.9352,168.4788,168.4788
TXN,2022-08-22,155.227,168.4788,168.4788
TXN,2025-07-16,208.7848,218.152,218.152
TXN,2026-02-24,211.8707,231.32,231.32
TXN,2026-03-05,195.9961,231.32,231.32
TXT,2006-05-17,42.205,44.8479,44.8479
TXT,2006-05-18,41.8189,44.8479,44.8479
TXT,2006-05-19,41.4278,44.8479,44.8479
TXT,2010-05-06,20.2846,24.5278,24.5278
TXT,2014-06-12,38.5983,40.4341,40.4341
TXT,2015-05-26,44.9141,46.2044,46.2044
TXT,2015-06-05,43.5513,46.2044,46.2044
TYL,2006-11-28,13.9509,14.99,14.99
TYL,2007-01-19,13.6519,14.99,14.99
TYL,2007-02-27,13.3061,14.99,14.99
TYL,2007-03-01,12.8246,14.99,14.99
TYL,2007-11-29,14.9014,16.2,16.2
TYL,2008-10-06,13.6318,18.47,18.47
TYL,2014-02-03,101.0385,107.99,107.99
TYL,2016-10-11,167.2477,175.77,175.77
TYL,2025-09-10,544.2339,621.34,621.34
TYL,2025-09-15,537.8257,621.34,621.34
TYL,2025-09-24,522.5328,621.34,621.34
TYL,2025-09-25,519.6407,621.34,621.34
UAL,2006-03-30,36.2528,40.2112,40.2112
UAL,2010-12-06,26.8844,29.75,29.75
UAL,2011-07-15,20.771,25.6,25.6
UAL,2014-02-03,43.408,49.2,49.2
UAL,2014-03-03,43.7419,49.2,49.2
UAL,2015-01-30,68.4254,74.52,74.52
UAL,2015-02-02,67.2466,74.52,74.52
UAL,2015-03-24,66.9623,71.38,71.38
UAL,2015-11-16,57.5093,61.87,61.87
UAL,2015-11-24,56.4882,61.87,61.87
UAL,2015-12-14,55.5289,61.87,61.87
UAL,2017-06-12,76.9519,83.04,83.04
UAL,2018-12-04,91.9192,97.85,97.85
UAL,2019-08-01,90.3299,96.03,96.03
UAL,2019-08-02,89.2619,96.03,96.03
UAL,2021-03-23,53.8556,63.7,63.7
UAL,2021-06-17,53.7944,60.59,60.59
UAL,2021-06-28,52.1577,60.59,60.59
UAL,2021-07-07,50.0858,60.59,60.59
UAL,2021-07-08,49.3881,60.59,60.59
UAL,2021-07-13,48.427,60.59,60.59
UAL,2021-07-15,47.4515,60.59,60.59
UAL,2023-07-25,53.4509,58.23,58.23
UAL,2025-02-13,100.0001,116.0,116.0
UAL,2025-02-21,95.8192,116.0,116.0
UAL,2026-01-14,110.5503,119.21,119.21
UBER,2019-08-01,41.1231,47.08,47.08
UBER,2020-06-10,34.6556,38.783,38.783
UBER,2021-10-27,44.6013,48.88,48.88
UBER,2021-11-02,42.8768,48.88,48.88
UBER,2021-11-26,39.9378,48.88,48.88
UBER,2021-11-29,38.8411,48.88,48.88
UBER,2024-03-18,74.2952,82.14,82.14
UBER,2024-04-04,74.5299,82.14,82.14
UBER,2024-04-17,71.193,82.14,82.14
UDR,2006-03-27,11.4702,11.9869,11.9869
UDR,2007-02-26,14.0778,14.7084,14.7084
UDR,2007-02-27,14.0132,14.7084,14.7084
UDR,2007-03-01,13.7608,14.7084,14.7084
UDR,2008-11-06,7.428,13.3207,13.3207
UDR,2008-11-19,5.3966,13.3207,13.3207
UDR,2008-11-20,5.1008,13.3207,13.3207
UDR,2008-11-21,4.7725,13.3207,13.3207
UDR,2009-01-12,5.8788,13.3207,13.3207
UDR,2009-01-15,5.564,13.3207,13.3207
UDR,2009-02-05,5.2859,13.3207,13.3207
UDR,2009-02-12,4.7831,13.3207,13.3207
UDR,2009-03-06,3.5361,13.3207,13.3207
UDR,2013-05-22,16.4137,17.0796,17.0796
UDR,2017-06-29,28.2307,29.5638,29.5638
UDR,2017-11-29,28.5516,29.7597,29.7597
UDR,2022-04-25,48.5939,51.2544,51.2544
UDR,2024-09-26,42.3657,44.5638,44.5638
UDR,2025-03-06,42.0503,44.4331,44.4331
UDR,2025-03-11,41.4756,44.4331,44.4331
UHS,2007-07-18,26.8852,28.9321,28.9321
UHS,2012-03-20,40.2195,42.4675,42.4675
UHS,2017-04-18,114.4752,124.7559,124.7559
UHS,2019-03-07,125.0694,137.6737,137.6737
UHS,2021-06-14,151.7276,158.3747,158.3747
UHS,2023-01-27,139.6277,150.4659,150.4659
ULTA,2008-10-10,9.6122,14.7846,14.7846
ULTA,2008-12-29,7.5412,14.7846,14.7846
ULTA,2009-01-08,6.766,14.7846,14.7846
ULTA,2013-12-03,124.6715,132.72,132.72
ULTA,2014-04-07,93.3053,106.83,106.83
ULTA,2014-04-11,91.0465,106.83,106.83
ULTA,2023-04-05,530.691,553.06,553.06
UNH,2006-01-13,46.9366,50.2321,50.2321
UNH,2006-01-23,45.0705,50.2321,50.2321
UNH,2006-02-08,43.7472,50.2321,50.2321
UNH,2008-01-02,44.035,46.2783,46.2783
UNH,2008-01-17,41.9626,46.2783,46.2783
UNH,2008-01-18,41.6299,46.2783,46.2783
UNH,2010-02-16,24.5221,28.1392,28.1392
UNH,2010-03-04,25.3685,28.1392,28.1392
UNH,2011-07-19,40.0211,42.5059,42.5059
UNH,2012-11-07,43.6545,47.1294,47.1294
UNH,2018-12-06,240.7568,256.7657,256.7657
UNH,2018-12-10,234.315,256.7657,256.7657
UNH,2018-12-17,229.8271,256.7657,256.7657
UNH,2023-12-15,502.8426,533.0224,533.0224
UNH,2025-10-31,337.5423,378.4555,378.4555
UNP,2021-05-18,198.5289,206.6486,206.6486
UNP,2021-05-19,198.0141,206.6486,206.6486
UNP,2021-06-08,198.7612,206.6486,206.6486
UNP,2021-06-10,197.1396,206.6486,206.6486
UNP,2022-12-19,190.0047,204.3089,204.3089
UNP,2023-01-24,186.8448,204.3089,204.3089
UNP,2023-01-25,184.0027,204.3089,204.3089
UNP,2023-01-26,181.5432,204.3089,204.3089
UNP,2024-03-14,234.5082,245.8761,245.8761
UNP,2024-03-15,232.5452,245.8761,245.8761
UNP,2024-03-19,230.8646,245.8761,245.8761
UNP,2024-09-11,237.7938,249.3066,249.3066
UNP,2024-09-20,234.6761,249.3066,249.3066
UNP,2024-10-07,227.3411,249.3066,249.3066
UNP,2025-07-17,223.3833,236.6179,236.6179
UPS,2006-12-01,40.6096,41.9724,41.9724
UPS,2006-12-12,40.4731,41.9724,41.9724
UPS,2006-12-13,40.2927,41.9724,41.9724
UPS,2006-12-14,40.1559,41.9724,41.9724
UPS,2006-12-19,39.9717,41.9724,41.9724
UPS,2007-10-22,40.0302,41.7622,41.7622
UPS,2008-10-06,31.9639,38.5655,38.5655
UPS,2012-07-23,48.1945,49.914,49.914
UPS,2014-01-02,66.6398,68.2,68.2
UPS,2016-12-14,82.4951,84.8762,84.8762
UPS,2016-12-16,81.3054,84.8762,84.8762
UPS,2017-01-10,80.2045,84.8762,84.8762
UPS,2018-09-07,90.911,92.9884,92.9884
UPS,2021-06-04,169.6933,177.2924,177.2924
UPS,2022-02-24,167.0959,191.5482,191.5482
UPS,2024-05-22,128.8954,138.0991,138.0991
UPS,2026-03-03,111.1188,120.7264,120.7264
UPS,2026-03-04,110.0307,120.7264,120.7264
URI,2006-05-10,34.2966,36.5658,36.5658
URI,2007-08-10,29.1512,33.8021,33.8021
URI,2007-11-13,32.5929,33.1837,33.1837
URI,2008-09-15,14.9869,21.9743,21.9743
URI,2008-09-17,14.7323,21.9743,21.9743
URI,2008-10-23,7.5139,21.9743,21.9743
URI,2008-10-24,7.0019,21.9743,21.9743
URI,2008-11-12,6.2827,21.9743,21.9743
URI,2008-11-18,5.161,21.9743,21.9743
URI,2009-09-25,9.6563,10.9388,10.9388
URI,2010-05-06,11.5486,14.292,14.292
URI,2011-04-08,30.9607,33.6088,33.6088
URI,2011-04-18,29.1554,33.6088,33.6088
URI,2020-01-03,156.2009,164.3142,164.3142
URI,2020-01-10,153.7172,164.3142,164.3142
USB,2008-10-09,16.8445,25.005,25.005
USB,2008-10-10,16.4384,25.005,25.005
USB,2008-11-19,14.1017,25.005,25.005
USB,2010-04-16,16.5908,17.5564,17.5564
USB,2010-05-06,15.7294,17.5564,17.5564
USB,2010-05-21,13.9508,17.5564,17.5564
USB,2010-07-01,13.6959,17.5564,17.5564
USB,2010-07-02,13.5241,17.5564,17.5564
USB,2010-08-06,14.3067,17.5564,17.5564
USB,2011-02-23,16.9476,17.9838,17.9838
USB,2011-03-15,16.2852,17.9838,17.9838
USB,2011-03-16,16.1428,17.9838,17.9838
USB,2011-03-17,16.0088,17.9838,17.9838
USB,2011-04-19,15.7479,17.9838,17.9838
USB,2015-08-12,30.7257,31.8231,31.8231
USB,2021-05-19,48.3258,50.8053,50.8053
USB,2023-02-21,41.256,43.3036,43.3036
USB,2024-01-16,37.8333,41.5029,41.5029
USB,2024-01-17,37.3658,41.5029,41.5029
USB,2024-12-10,48.1899,51.163,51.163
USB,2025-02-19,44.2247,48.9596,48.9596
USB,2026-02-12,57.4878,61.19,61.19
USB,2026-02-23,55.7852,61.19,61.19
USB,2026-02-24,54.7855,61.19,61.19
V,2008-05-22,16.7934,19.7837,19.7837
V,2008-05-23,16.5984,19.7837,19.7837
V,2008-06-09,17.7709,19.7837,19.7837
V,2008-09-03,16.0057,17.3746,17.3746
V,2024-03-22,278.7556,286.66,286.66
V,2024-03-25,276.8761,286.66,286.66
V,2024-03-26,275.1895,286.66,286.66
V,2024-03-27,273.5643,286.66,286.66
V,2024-04-15,266.5948,286.66,286.66
V,2026-01-12,340.7586,357.882,357.882
VICI,2018-03-20,12.3522,15.056,15.056
VICI,2023-02-24,28.132,29.75,29.75
VICI,2024-01-17,27.2631,29.1837,29.1837
VICI,2024-09-19,30.4449,31.5305,31.5305
VICI,2024-09-20,30.2919,31.5305,31.5305
VICI,2024-10-04,30.0048,31.5305,31.5305
VICI,2026-02-26,29.4051,30.46,30.46
VLO,2006-08-10,33.2557,35.2028,35.2028
VLO,2007-06-27,37.8753,40.0988,40.0988
VLO,2007-07-17,38.3059,40.5055,40.5055
VLO,2007-07-20,37.4829,40.5055,40.5055
VLO,2007-11-15,34.3424,39.0728,39.0728
VLO,2008-02-28,29.9586,32.6032,32.6032
VLO,2008-03-04,28.8028,32.6032,32.6032
VLO,2008-03-05,28.6965,32.6032,32.6032
VLO,2009-11-02,9.3662,11.7062,11.7062
VLO,2010-05-05,10.7756,11.6814,11.6814
VLO,2013-06-04,24.3022,26.8121,26.8121
VLO,2014-05-21,34.615,38.0974,38.0974
VLO,2017-01-31,45.323,49.5542,49.5542
VLO,2018-06-13,85.7301,93.187,93.187
VLO,2018-06-15,84.5092,93.187,93.187
VLO,2018-09-07,84.7898,90.4678,90.4678
VLO,2019-11-20,75.1015,78.6484,78.6484
VLO,2024-04-10,164.0644,174.3414,174.3414
VLO,2024-09-05,129.4731,159.3887,159.3887
VLO,2024-09-06,127.9848,159.3887,159.3887
VLTO,2024-10-23,110.1234,113.9649,113.9649
VLTO,2025-09-02,104.3033,109.8537,109.8537
VLTO,2025-10-07,103.9973,109.8537,109.8537
VMC,2007-02-27,83.9992,100.9275,100.9275
VMC,2007-04-12,92.0742,100.9275,100.9275
VMC,2007-04-13,91.3492,100.9275,100.9275
VMC,2007-04-16,90.7011,100.9275,100.9275
VMC,2008-06-20,52.5825,69.4952,69.4952
VMC,2009-01-07,53.5659,65.5548,65.5548
VMC,2010-05-06,45.149,52.3793,52.3793
VMC,2013-02-14,48.9194,54.1179,54.1179
VMC,2013-06-03,47.6245,50.7247,50.7247
VMC,2014-03-13,59.934,63.3317,63.3317
VMC,2016-12-19,113.0248,127.5076,127.5076
VMC,2017-01-31,118.1109,127.5076,127.5076
VMC,2018-01-31,125.5131,131.5811,131.5811
VMC,2018-02-02,121.9223,131.5811,131.5811
VMC,2021-05-19,176.7069,186.9232,186.9232
VMC,2023-08-17,209.7184,225.5461,225.5461
VMC,2023-08-18,206.067,225.5461,225.5461
VMC,2024-12-09,277.4035,296.1131,296.1131
VRSK,2014-03-24,58.5437,64.4939,64.4939
VRSK,2021-01-15,183.8957,204.0332,204.0332
VRSK,2021-01-26,182.1099,204.0332,204.0332
VRSK,2022-04-13,207.9794,216.7964,216.7964
VRSK,2025-06-09,311.4541,321.2365,321.2365
VRSK,2025-06-10,308.1997,321.2365,321.2365
VRSN,2006-04-21,20.0862,21.3446,21.3446
VRSN,2006-04-25,19.527,21.3446,21.3446
VRSN,2006-05-12,18.9377,21.3446,21.3446
VRSN,2008-07-03,30.7759,35.6442,35.6442
VRSN,2009-06-03,18.7816,20.8665,20.8665
VRSN,2011-07-27,32.2879,37.265,37.265
VRSN,2015-12-18,85.3572,92.7824,92.7824
VRSN,2019-07-31,207.0839,219.0469,219.0469
VRSN,2020-06-12,199.2349,218.5729,218.5729
VRSN,2023-06-07,217.8162,226.8891,226.8891
VRSN,2024-01-31,196.0275,218.1877,218.1877
VRSN,2024-02-12,192.4836,218.1877,218.1877
VRSN,2024-02-13,190.9684,218.1877,218.1877
VRSN,2024-03-05,187.3775,218.1877,218.1877
VRSN,2024-03-25,184.6253,218.1877,218.1877
VRTX,2006-12-08,42.3937,45.38,45.38
VRTX,2010-04-08,39.6754,43.94,43.94
VRTX,2010-04-09,39.3663,43.94,43.94
VRTX,2010-04-12,39.0801,43.94,43.94
VRTX,2014-01-27,77.9938,87.77,87.77
VRTX,2016-08-24,96.5969,103.73,103.73
VRTX,2016-09-14,89.8891,103.73,103.73
VRTX,2016-10-11,80.8177,103.73,103.73
VRTX,2020-09-03,265.3461,306.08,306.08
VRTX,2025-03-31,482.2181,519.68,519.68
VRTX,2025-04-07,465.2026,519.68,519.68
VST,2017-02-23,13.7741,15.3541,15.3541
VST,2022-08-31,22.6488,24.6314,24.6314
VTR,2007-02-09,22.3535,23.2135,23.2135
VTR,2007-02-12,21.9937,23.2135,23.2135
VTR,2009-01-09,14.3743,18.0329,18.0329
VTR,2011-04-29,33.0839,34.2622,34.2622
VTR,2011-05-06,32.6077,34.2622,34.2622
VTR,2011-06-03,32.3126,34.2622,34.2622
VTR,2013-05-22,52.4949,53.3455,53.3455
VTR,2015-02-02,55.6948,57.9314,57.9314
VTR,2016-08-26,47.8903,51.0241,51.0241
VTR,2021-08-19,46.3894,52.316,52.316
VTR,2021-08-20,45.9072,52.316,52.316
VTR,2021-10-05,46.7855,52.316,52.316
VTR,2021-10-06,46.2035,52.316,52.316
VTR,2023-02-10,44.8768,48.0468,48.0468
VTR,2024-01-17,44.6508,47.5826,47.5826
VTR,2026-03-05,84.299,87.87,87.87
VTRS,2006-04-03,18.4552,20.0809,20.0809
VTRS,2007-02-27,17.1629,18.4836,18.4836
VTRS,2007-11-01,11.9798,14.1413,14.1413
VTRS,2010-03-26,17.9935,19.0457,19.0457
VTRS,2010-04-08,18.2448,19.3155,19.3155
VTRS,2010-04-14,17.9968,19.3155,19.3155
VTRS,2010-04-16,17.7506,19.3155,19.3155
VTRS,2010-04-19,17.6094,19.3155,19.3155
VTRS,2010-04-27,17.4564,19.3155,19.3155
VTRS,2010-04-29,17.2671,19.3155,19.3155
VTRS,2010-05-06,16.9025,19.3155,19.3155
VTRS,2011-05-23,18.8956,20.8114,20.8114
VTRS,2012-03-06,18.0325,19.5198,19.5198
VTRS,2017-03-24,33.2412,37.4948,37.4948
VTRS,2018-09-07,31.1931,32.3451,32.3451
VTRS,2018-09-10,30.9541,32.3451,32.3451
VTRS,2019-09-24,16.2117,18.7188,18.7188
VTRS,2019-10-02,14.9894,18.7188,18.7188
VTRS,2022-02-18,12.2541,13.0489,13.0489
VTRS,2023-02-17,10.0257,10.8068,10.8068
VTRS,2026-02-26,15.2268,16.3,16.3
VZ,2007-10-15,16.1398,16.7491,16.7491
VZ,2007-11-02,15.9399,16.7491,16.7491
VZ,2008-05-20,13.9799,14.8508,14.8508
VZ,2008-05-21,13.8187,14.8508,14.8508
VZ,2008-06-02,13.6092,14.8508,14.8508
VZ,2009-01-15,11.3608,13.3487,13.3487
VZ,2009-02-12,11.2644,13.3487,13.3487
VZ,2009-12-17,13.1595,13.8619,13.8619
VZ,2013-05-21,27.0955,28.3047,28.3047
VZ,2014-08-06,26.755,29.5163,29.5163
VZ,2015-06-03,27.8338,28.9471,28.9471
VZ,2017-01-10,32.1253,33.4267,33.4267
VZ,2017-03-27,30.1788,31.3934,31.3934
VZ,2017-03-28,30.0403,31.3934,31.3934
VZ,2017-04-20,30.031,31.3934,31.3934
VZ,2018-12-03,38.7249,41.2348,41.2348
VZ,2018-12-17,37.1879,41.2348,41.2348
VZ,2018-12-20,36.4582,41.2348,41.2348
VZ,2019-04-18,39.1883,41.4013,41.4013
VZ,2019-04-23,39.0099,41.4013,41.4013
VZ,2020-01-30,41.5561,43.4268,43.4268
VZ,2021-01-12,41.8696,45.1295,45.1295
VZ,2024-10-04,39.8513,41.0733,41.0733
VZ,2025-03-11,40.3285,44.3255,44.3255
VZ,2025-09-03,41.5256,44.2098,44.2098
VZ,2025-09-08,41.5075,44.2098,44.2098
WAB,2006-05-19,15.9085,18.5778,18.5778
WAB,2006-05-22,15.5869,18.5778,18.5778
WAB,2006-06-06,15.4053,18.5778,18.5778
WAB,2006-06-08,15.1266,18.5778,18.5778
WAB,2009-05-13,16.0093,18.5756,18.5756
WAB,2009-05-26,15.4374,18.5756,18.5756
WAB,2009-06-05,15.9526,18.5756,18.5756
WAB,2009-06-08,15.7192,18.5756,18.5756
WAB,2011-05-05,31.366,33.7502,33.7502
WAB,2011-05-13,30.9406,33.7502,33.7502
WAB,2011-05-17,30.3872,33.7502,33.7502
WAB,2011-06-13,28.9022,33.7502,33.7502
WAB,2015-06-04,92.4489,98.7971,98.7971
WAB,2015-06-15,92.3711,98.7971,98.7971
WAB,2017-07-17,84.2632,89.0558,89.0558
WAB,2018-08-15,104.2442,109.7043,109.7043
WAB,2018-08-17,103.3669,109.7043,109.7043
WAB,2022-04-01,92.2721,97.8231,97.8231
WAB,2022-04-04,91.5011,97.8231,97.8231
WAT,2005-10-12,40.4858,43.79,43.79
WAT,2006-05-24,40.9695,46.98,46.98
WAT,2006-05-25,40.6223,46.98,46.98
WAT,2006-06-13,41.628,46.98,46.98
WAT,2008-08-21,67.6635,71.0,71.0
WAT,2008-08-26,66.7603,71.0,71.0
WAT,2016-08-24,157.8361,162.53,162.53
WAT,2022-08-22,316.8922,369.0,369.0
WAT,2023-04-20,299.3873,346.99,346.99
WAT,2025-12-16,377.2612,414.15,414.15
WAT,2026-01-30,367.1443,414.15,414.15
WBD,2006-02-01,6.9313,7.5257,7.5257
WBD,2006-05-03,6.5956,7.0388,7.0388
WBD,2007-11-05,12.5405,13.8226,13.8226
WBD,2008-01-09,10.9211,13.1456,13.1456
WBD,2011-05-25,22.0948,23.4083,23.4083
WBD,2013-07-31,40.4667,45.7741,45.7741
WBD,2015-12-03,29.7875,31.8,31.8
WBD,2016-03-23,27.6466,29.75,29.75
WBD,2016-03-24,27.377,29.75,29.75
WBD,2017-01-05,27.18,29.72,29.72
WBD,2021-03-23,69.377,78.14,78.14
WBD,2022-02-24,26.9509,31.55,31.55
WBD,2022-03-28,25.4425,31.55,31.55
WBD,2022-04-06,23.3636,31.55,31.55
WBD,2022-04-07,22.9279,31.55,31.55
WBD,2022-04-21,21.2678,31.55,31.55
WBD,2023-03-10,14.2034,16.34,16.34
WBD,2023-03-13,14.0002,16.34,16.34
WBD,2023-03-15,13.469,16.34,16.34
WBD,2023-03-24,13.796,16.34,16.34
WBD,2023-08-25,12.0612,14.76,14.76
WBD,2024-01-17,10.1101,12.7,12.7
WBD,2024-02-07,9.721,12.7,12.7
WBD,2025-01-08,10.0335,12.7,12.7
WBD,2026-02-04,26.9745,30.0,30.0
WDAY,2020-02-20,189.0137,202.0,202.0
WDAY,2021-02-23,254.6126,282.77,282.77
WDAY,2022-04-06,229.9588,250.0,250.0
WDAY,2022-04-11,224.7629,250.0,250.0
WDAY,2025-03-28,237.9845,283.68,283.68
WDAY,2025-10-29,229.7787,249.85,249.85
WDC,2006-05-15,11.6842,13.3591,13.3591
WDC,2006-05-16,11.4914,13.3591,13.3591
WDC,2007-01-03,12.2151,13.1173,13.1173
WDC,2007-01-04,12.0923,13.1173,13.1173
WDC,2007-01-05,11.9992,13.1173,13.1173
WDC,2010-05-06,22.9961,27.2561,27.2561
WDC,2011-05-04,22.8004,25.3097,25.3097
WDC,2012-08-23,26.1118,27.7699,27.7699
WDC,2015-01-06,67.2872,72.2798,72.2798
WDC,2020-01-27,48.8071,53.5128,53.5128
WDC,2022-01-19,46.5961,52.226,52.226
WDC,2023-02-21,30.1413,34.0643,34.0643
WDC,2023-02-22,29.777,34.0643,34.0643
WDC,2023-02-23,29.777,34.0643,34.0643
WDC,2024-11-12,47.625,55.3433,55.3433
WEC,2007-03-30,13.146,13.6861,13.6861
WEC,2007-04-24,13.3837,13.6861,13.6861
WEC,2008-09-05,12.6697,13.3448,13.3448
WEC,2013-05-06,28.5053,29.3406,29.3406
WEC,2013-08-12,28.2027,28.9231,28.9231
WEC,2013-08-13,28.118,28.9231,28.9231
WEC,2014-05-02,32.0831,33.2307,33.2307
WEC,2015-02-02,38.2924,40.1805,40.1805
WEC,2017-12-05,51.8696,53.7625,53.7625
WEC,2021-06-08,78.1589,84.4425,84.4425
WEC,2022-12-05,83.5889,90.0595,90.0595
WEC,2023-05-03,84.4239,89.1573,89.1573
WEC,2023-05-15,83.233,89.1573,89.1573
WEC,2023-08-03,79.6907,84.5578,84.5578
WELL,2007-02-26,19.0282,20.2624,20.2624
WELL,2008-09-03,22.7887,24.6603,24.6603
WELL,2011-04-29,28.6441,29.6464,29.6464
WELL,2015-02-02,52.6868,55.1204,55.1204
WELL,2015-02-03,52.2074,55.1204,55.1204
WELL,2015-10-23,45.8196,47.864,47.864
WELL,2015-10-26,45.1454,47.864,47.864
WELL,2016-08-03,53.3682,55.9626,55.9626
WFC,2008-10-09,16.8267,28.3973,28.3973
WFC,2008-10-10,16.1126,28.3973,28.3973
WFC,2009-01-07,16.188,20.992,20.992
WFC,2012-04-10,22.2665,23.4287,23.4287
WFC,2015-08-11,42.4862,43.5127,43.5127
WFC,2018-02-02,51.1517,52.9494,52.9494
WFC,2018-08-31,47.2955,48.4044,48.4044
WFC,2019-03-21,41.0283,43.3575,43.3575
WM,2006-11-24,22.4787,23.2,23.2
WM,2007-10-16,23.1153,24.2957,24.2957
WM,2011-05-23,26.7869,27.7559,27.7559
WM,2011-06-03,26.6741,27.7559,27.7559
WM,2015-04-16,43.5696,45.4014,45.4014
WM,2020-02-24,110.8,114.9946,114.9946
WM,2022-09-23,157.2503,166.681,166.681
WM,2022-09-27,155.1513,166.681,166.681
WM,2022-09-28,154.6501,166.681,166.681
WM,2022-09-29,153.8292,166.681,166.681
WMB,2008-07-03,13.3814,14.4295,14.4295
WMB,2010-04-16,8.7185,9.0763,9.0763
WMB,2010-04-19,8.6117,9.0763,9.0763
WMB,2011-05-04,11.8407,12.687,12.687
WMB,2011-05-05,11.6545,12.687,12.687
WMB,2011-05-16,11.2559,12.687,12.687
WMB,2011-05-17,11.1602,12.687,12.687
WMB,2012-10-19,16.9384,18.3823,18.3823
WMB,2012-11-01,16.4767,18.3823,18.3823
WMB,2012-11-02,16.1125,18.3823,18.3823
WMB,2018-09-05,19.1876,21.2923,21.2923
WMT,2006-12-19,10.2994,11.7207,11.7207
WMT,2006-12-22,10.2192,11.7207,11.7207
WMT,2006-12-26,10.1577,11.7207,11.7207
WMT,2007-01-30,10.6169,11.7207,11.7207
WMT,2007-03-01,10.6614,11.7207,11.7207
WMT,2007-07-11,10.7717,11.7135,11.7135
WMT,2010-04-14,13.0719,13.5237,13.5237
WMT,2013-05-16,20.1584,20.8369,20.8369
WMT,2013-06-11,19.5432,20.8369,20.8369
WMT,2013-06-12,19.4916,20.8369,20.8369
WMT,2013-06-13,19.4363,20.8369,20.8369
WMT,2016-08-16,20.5329,21.2325,21.2325
WMT,2016-08-17,20.4505,21.2325,21.2325
WMT,2018-02-01,30.8539,32.2549,32.2549
WMT,2018-11-14,30.1925,31.7155,31.7155
WMT,2020-12-22,44.7503,47.6808,47.6808
WMT,2020-12-23,44.5796,47.6808,47.6808
WMT,2021-01-15,45.0224,47.6808,47.6808
WMT,2021-09-10,45.8663,48.0776,48.0776
WMT,2021-11-15,46.1643,47.898,47.898
WMT,2022-05-02,48.1101,51.0623,51.0623
WMT,2022-05-06,47.5849,51.0623,51.0623
WMT,2026-02-20,122.8246,134.69,134.69
WRB,2007-02-27,6.7465,7.2746,7.2746
WRB,2007-03-01,6.5798,7.2746,7.2746
WRB,2007-04-12,6.6802,7.2746,7.2746
WRB,2007-04-24,6.7696,7.2746,7.2746
WRB,2008-01-18,6.0088,6.6415,6.6415
WRB,2008-01-22,5.9397,6.6415,6.6415
WRB,2009-01-06,6.0358,6.5678,6.5678
WRB,2013-04-15,9.9759,10.2649,10.2649
WRB,2015-11-17,12.4876,13.4605,13.4605
WRB,2018-09-21,19.562,20.1726,20.1726
WRB,2020-02-24,30.1147,31.2473,31.2473
WRB,2021-04-28,31.0232,32.4531,32.4531
WRB,2025-10-15,74.83,77.1483,77.1483
WSM,2007-09-25,9.6917,11.6522,11.6522
WSM,2008-05-08,8.348,9.2367,9.2367
WSM,2010-05-06,9.5169,11.0948,11.0948
WSM,2011-07-29,12.9833,14.234,14.234
WSM,2011-08-01,12.8069,14.234,14.234
WSM,2011-11-23,12.6294,14.421,14.421
WSM,2022-09-20,60.9459,82.6777,82.6777
WSM,2022-09-23,58.5176,82.6777,82.6777
WST,2008-10-02,20.1156,22.6138,22.6138
WST,2010-04-26,18.7016,20.0686,20.0686
WST,2017-11-16,95.616,100.5833,100.5833
WST,2017-11-24,94.6204,100.5833,100.5833
WST,2017-11-28,93.6923,100.5833,100.5833
WST,2018-01-11,96.1876,100.5833,100.5833
WST,2024-11-15,312.9298,350.6429,350.6429
WST,2024-11-18,305.1777,350.6429,350.6429
WST,2025-02-04,325.758,350.6429,350.6429
WTW,2007-06-27,78.8999,82.2365,82.2365
WTW,2008-05-27,64.123,67.5642,67.5642
WTW,2010-05-25,56.8582,68.2662,68.2662
WTW,2010-07-01,58.9084,68.2662,68.2662
WTW,2011-11-21,70.5343,83.0864,83.0864
WTW,2011-11-23,69.6963,83.0864,83.0864
WTW,2011-12-12,74.2985,83.0864,83.0864
WTW,2012-02-10,78.989,83.0864,83.0864
WTW,2013-10-30,95.8774,102.1494,102.1494
WTW,2013-12-04,94.6957,102.1494,102.1494
WTW,2014-01-09,93.8573,102.1494,102.1494
WTW,2015-04-17,109.7155,112.5664,112.5664
WTW,2015-04-29,109.1842,112.5664,112.5664
WTW,2016-11-01,109.0153,117.3106,117.3106
WTW,2021-05-26,241.6766,255.3133,255.3133
WTW,2021-06-08,237.9197,255.3133,255.3133
WTW,2021-10-27,226.9417,235.9634,235.9634
WTW,2021-11-01,222.3013,235.9634,235.9634
WTW,2022-01-10,217.472,235.9634,235.9634
WTW,2022-01-14,213.0512,235.9634,235.9634
WTW,2022-02-08,213.0324,235.9634,235.9634
WTW,2022-03-07,204.1457,235.9634,235.9634
WTW,2022-04-12,220.828,235.9634,235.9634
WTW,2022-04-13,218.7499,235.9634,235.9634
WTW,2022-04-28,217.2511,235.9634,235.9634
WTW,2024-03-01,263.6022,272.3595,272.3595
WY,2006-04-11,13.5201,14.1547,14.1547
WY,2006-04-12,13.4066,14.1547,14.1547
WY,2007-03-13,15.3594,16.9141,16.9141
WY,2007-03-14,15.1395,16.9141,16.9141
WY,2007-06-21,15.6323,16.9141,16.9141
WY,2008-05-23,12.8874,13.7943,13.7943
WY,2008-10-06,10.7789,13.4341,13.4341
WY,2010-05-04,10.2945,11.4133,11.4133
WY,2010-05-05,10.1324,11.4133,11.4133
WY,2011-04-06,14.0533,14.7214,14.7214
WY,2011-04-07,13.9286,14.7214,14.7214
WY,2015-07-16,20.4172,21.9201,21.9201
WY,2015-12-10,20.9303,22.1507,22.1507
WY,2017-04-25,24.1319,25.0458,25.0458
WY,2018-09-20,25.064,26.6619,26.6619
WY,2019-04-17,20.1795,21.2879,21.2879
WY,2019-04-18,20.1593,21.2879,21.2879
WY,2021-05-12,30.8382,34.2458,34.2458
WY,2021-05-19,29.486,34.2458,34.2458
WY,2022-05-10,33.5924,37.6793,37.6793
WY,2023-07-28,31.1048,32.5768,32.5768
WY,2023-08-03,30.3471,32.5768,32.5768
WY,2024-04-04,32.8546,34.4249,34.4249
WY,2024-04-05,32.6074,34.4249,34.4249
WY,2024-10-04,31.318,32.7324,32.7324
WY,2024-10-07,31.1419,32.7324,32.7324
WY,2025-03-12,28.3182,30.6422,30.6422
WYNN,2006-05-03,39.013,42.9185,42.9185
WYNN,2006-06-06,36.0906,42.7472,42.7472
WYNN,2007-11-02,85.2801,100.69,100.69
WYNN,2007-11-05,82.1289,100.69,100.69
WYNN,2007-11-06,80.0649,100.69,100.69
WYNN,2007-11-08,76.8072,100.69,100.69
WYNN,2007-11-09,74.811,100.69,100.69
WYNN,2007-11-12,73.3617,100.69,100.69
WYNN,2008-01-03,62.8875,100.69,100.69
WYNN,2008-01-04,61.4051,100.69,100.69
WYNN,2008-01-15,58.3036,100.69,100.69
WYNN,2008-02-13,65.2304,100.69,100.69
WYNN,2008-08-19,56.8309,71.7452,71.7452
WYNN,2008-09-05,51.9445,71.7452,71.7452
WYNN,2008-10-16,27.4864,62.3322,62.3322
WYNN,2008-10-23,23.6612,62.3322,62.3322
WYNN,2009-01-15,20.2361,37.6821,37.6821
WYNN,2011-07-29,105.1604,119.6346,119.6346
WYNN,2014-03-12,196.9411,207.7826,207.7826
WYNN,2014-06-03,174.3098,185.2967,185.2967
WYNN,2015-08-12,82.8721,97.2337,97.2337
WYNN,2016-10-13,83.1252,97.8144,97.8144
WYNN,2018-06-01,172.6632,185.51,185.51
WYNN,2021-11-18,87.2846,96.0175,96.0175
WYNN,2024-03-01,97.4478,106.3115,106.3115
WYNN,2024-04-15,97.0708,108.1507,108.1507
XEL,2007-05-01,12.1602,12.7014,12.7014
XEL,2008-01-02,11.5713,12.1872,12.1872
XEL,2012-08-02,18.4636,19.2083,19.2083
XEL,2016-08-03,32.1772,33.9095,33.9095
XEL,2022-08-24,66.7273,68.9824,68.9824
XEL,2022-08-29,66.2294,68.9824,68.9824
XEL,2023-05-02,62.4147,65.4086,65.4086
XEL,2023-05-03,62.1453,65.4086,65.4086
XEL,2023-05-04,61.937,65.4086,65.4086
XEL,2023-05-15,61.3065,65.4086,65.4086
XOM,2012-01-30,48.7182,50.3157,50.3157
XOM,2014-06-25,62.1004,63.9243,63.9243
XOM,2014-06-26,61.8707,63.9243,63.9243
XOM,2014-06-27,61.5776,63.9243,63.9243
XOM,2015-06-04,52.9594,56.2555,56.2555
XOM,2015-06-15,52.5747,56.2555,56.2555
XOM,2019-04-26,57.9741,60.5683,60.5683
XOM,2020-01-09,51.6854,54.3204,54.3204
XOM,2024-04-26,109.4131,115.7328,115.7328
XYL,2012-04-10,22.3695,23.9954,23.9954
XYL,2012-04-16,22.0503,23.9954,23.9954
XYL,2016-12-30,44.1326,49.1655,49.1655
XYL,2018-10-05,72.341,75.3023,75.3023
XYL,2019-07-09,74.4364,78.7623,78.7623
XYL,2019-07-18,74.0286,78.7623,78.7623
XYL,2019-08-01,72.6172,78.7623,78.7623
XYL,2021-11-24,118.0744,127.1979,127.1979
XYL,2023-07-06,105.642,111.1703,111.1703
XYL,2023-07-14,105.825,111.1703,111.1703
XYZ,2016-04-21,13.133,15.91,15.91
XYZ,2016-05-03,13.4126,15.91,15.91
XYZ,2016-05-04,13.0923,15.91,15.91
XYZ,2021-04-19,243.359,283.19,283.19
XYZ,2022-04-07,121.6721,149.0,149.0
XYZ,2022-09-14,65.6921,93.19,93.19
XYZ,2022-09-19,63.3136,93.19,93.19
XYZ,2023-08-03,72.923,81.47,81.47
XYZ,2024-04-02,77.7804,87.52,87.52
XYZ,2025-09-25,72.9123,82.5,82.5
XYZ,2025-09-26,71.9455,82.5,82.5
YUM,2006-05-24,12.5095,13.3177,13.3177
YUM,2007-11-02,19.1353,20.4128,20.4128
YUM,2009-08-11,18.2614,19.3004,19.3004
YUM,2020-02-06,91.8995,95.7524,95.7524
YUM,2023-08-02,127.7465,133.3025,133.3025
YUM,2025-03-12,150.7451,160.2172,160.2172
ZBH,2007-05-31,75.8822,81.3372,81.3372
ZBH,2007-06-01,75.4954,81.3372,81.3372
ZBH,2007-06-05,74.9574,81.3372,81.3372
ZBH,2007-06-06,74.4095,81.3372,81.3372
ZBH,2011-06-02,56.9216,60.266,60.266
ZBH,2011-06-03,56.5396,60.266,60.266
ZBH,2012-04-23,53.3947,57.3933,57.3933
ZBH,2012-04-26,52.7221,57.3933,57.3933
ZBH,2018-01-30,111.2299,117.6966,117.6966
ZBH,2023-07-07,136.7347,144.2098,144.2098
ZBH,2023-07-18,136.4047,144.2098,144.2098
ZBH,2023-07-31,134.6651,144.2098,144.2098
ZBH,2024-04-16,119.8576,131.7064,131.7064
ZBH,2024-04-17,118.9855,131.7064,131.7064
ZBH,2024-12-13,104.202,113.3428,113.3428
ZBH,2025-01-08,100.343,113.3428,113.3428
ZBRA,2005-12-02,43.8817,46.66,46.66
ZBRA,2006-01-25,42.6384,46.94,46.94
ZBRA,2006-02-03,42.6726,46.94,46.94
ZBRA,2007-03-13,37.3164,42.38,42.38
ZBRA,2008-06-09,36.4039,38.47,38.47
ZBRA,2008-06-10,36.1844,38.47,38.47
ZBRA,2012-04-04,40.379,41.88,41.88
ZBRA,2015-06-25,113.3312,119.47,119.47
ZBRA,2015-06-26,112.7332,119.47,119.47
ZBRA,2021-12-20,568.3619,615.0,615.0
ZBRA,2023-02-24,290.4024,351.74,351.74
ZBRA,2023-03-13,284.4697,351.74,351.74
ZBRA,2023-04-20,288.9152,351.74,351.74
ZBRA,2023-04-21,287.3736,351.74,351.74
ZS,2018-09-06,40.1313,48.24,48.24
ZS,2023-01-06,101.6406,151.73,151.73
ZTS,2013-04-05,28.2486,31.8884,31.8884
ZTS,2013-11-01,28.469,30.1408,30.1408
ZTS,2013-11-06,28.2108,30.1408,30.1408
ZTS,2013-12-11,27.9372,30.1408,30.1408
ZTS,2014-01-31,27.555,30.1408,30.1408
ZTS,2020-02-24,131.0484,138.6447,138.6447
ZTS,2024-01-17,185.7104,196.4787,196.4787
ZTS,2024-01-19,183.1061,196.4787,196.4787
ZTS,2024-10-22,183.817,196.3967,196.3967
^VIX,2006-08-14,13.4808,19.58,19.58
^VIX,2006-08-15,13.2263,19.58,19.58
^VIX,2008-11-24,62.7989,89.53,89.53
^VIX,2009-05-15,30.6293,57.36,57.36
^VIX,2009-05-18,30.1704,57.36,57.36
^VIX,2011-10-12,29.8139,48.0,48.0
^VIX,2012-06-07,21.0212,27.73,27.73
^VIX,2014-05-12,12.0406,21.48,21.48
^VIX,2015-10-23,13.4787,53.29,53.29
^VIX,2015-10-28,12.9299,53.29,53.29
^VIX,2016-03-17,14.1662,53.29,53.29
^VIX,2016-05-24,14.3688,53.29,53.29
^VIX,2017-01-25,10.522,26.72,26.72
^VIX,2018-05-04,12.804,50.3,50.3
^VIX,2019-04-17,11.3043,50.3,50.3
^VIX,2019-10-11,15.2834,50.3,50.3
^VIX,2020-03-24,45.1697,85.47,85.47
^VIX,2020-11-04,28.6244,44.44,44.44
^VIX,2022-03-17,25.3793,44.44,44.44
^VIX,2022-07-15,24.2179,36.64,36.64
^VIX,2022-07-29,21.3196,36.64,36.64
^VIX,2022-08-05,20.7928,36.64,36.64
^VIX,2023-11-02,15.6517,23.08,23.08
