date,up_trend_stock_list,down_trend_stock_list,up_trend_stock_count,down_trend_stock_count,almost_break_up_list,almost_break_down_list
2024-01-02,,,0,0,[],[]
2024-01-03,,,0,0,[],[]
2024-01-04,,,0,0,[],[]
2024-01-05,,,0,0,[],[]
2024-01-08,,,0,0,[],[]
2024-01-09,,,0,0,[],[]
2024-01-10,,,0,0,[],[]
2024-01-11,,,0,0,[],[]
2024-01-12,,,0,0,[],[]
2024-01-16,,,0,0,[],[]
2024-01-17,,,0,0,[],[]
2024-01-18,,,0,0,[],[]
2024-01-19,,,0,0,[],[]
2024-01-22,,,0,0,[],[]
2024-01-23,,,0,0,[],[]
2024-01-24,,,0,0,[],[]
2024-01-25,,,0,0,[],[]
2024-01-26,,,0,0,[],[]
2024-01-29,,,0,0,[],[]
2024-01-30,"A,AAPL,ABBV,ABNB,ACGL,ACN,ADBE,ADI,ADM,ADP,ADSK,AEE,AEP,AES,AFL,AIG,AIZ,AKAM,ALB,ALGN,ALL,ALLE,ALNY,AMAT,AMCR,AMD,AME,AMGN,AMP,AMZN,ANET,AON,AOS,APA,APD,APH,APO,APP,APTV,ARE,ARES,ARM,ASML,ATO,AVB,AVGO,AVY,AXON,AXP,AZO,BA,BAC,BALL,BAX,BBY,BDX,BEN,BF.B,BG,BIIB,BK,BKNG,BKR,BLDR,BLK,BMY,BR,BRK.B,BRO,BSX,BX,BXP,C,CAG,CAH,CARR,CAT,CB,CBOE,CBRE,CCEP,CCL,CDNS,CDW,CEG,CF,CFG,CHD,CHRW,CHTR,CI,CIEN,CINF,CL,CLX,CMCSA,CME,CMG,CMI,CMS,CNC,CNP,COF,COIN,COO,COP,COR,COST,CPAY,CPB,CPRT,CPT,CRH,CRL,CRM,CRWD,CSCO,CSGP,CSX,CTAS,CTRA,CTSH,CTVA,CVNA,CVS,CVX,D,DAL,DASH,DE,DECK,DELL,DG,DGX,DHR,DIS,DLR,DLTR,DOC,DOV,DOW,DPZ,DRI,DTE,DUK,DVA,DVN,DXCM,EA,EBAY,ED,EFX,EG,EL,ELV,EME,EMR,EOG,EPAM,EQIX,EQR,EQT,ERIE,ES,ESS,ETN,ETR,EW,EXE,EXPD,EXPE,EXR,F,FANG,FAST,FCX,FDS,FER,FFIV,FIS,FISV,FITB,FIX,FOX,FOXA,FRT,FSLR,FTNT,FTV,GD,GDDY,GE,GEHC,GEN,GILD,GIS,GL,GLW,GM,GNRC,GOOG,GOOGL,GPC,GPN,GS,GWW,HAL,HAS,HBAN,HCA,HD,HIG,HII,HLT,HOLX,HON,HOOD,HPE,HPQ,HRL,HSIC,HST,HSY,HUBB,HWM,IBKR,IBM,ICE,IDXX,IEX,IFF,INCY,INSM,INTU,INVH,IP,IQV,IR,IRM,ISRG,IT,ITW,J,JBHT,JBL,JCI,JKHY,JNJ,JPM,KDP,KEY,KEYS,KHC,KIM,KKR,KLAC,KR,KVUE,L,LDOS,LEN,LH,LHX,LII,LIN,LLY,LNT,LRCX,LULU,LUV,LVS,LW,LYB,LYV,MA,MAA,MAR,MCHP,MCK,MCO,MDLZ,MDT,MELI,MET,META,MGM,MKC,MLM,MNST,MO,MOS,MPC,MPWR,MRK,MRNA,MRVL,MS,MSCI,MSFT,MSI,MSTR,MTB,MTCH,MTD,MU,NCLH,NDAQ,NDSN,NEE,NEM,NFLX,NI,NKE,NOW,NRG,NSC,NTAP,NTRS,NUE,NVDA,NWS,NWSA,NXPI,O,ODFL,OKE,OMC,ON,ORCL,ORLY,OTIS,OXY,PANW,PAYC,PAYX,PCAR,PEG,PEP,PFG,PG,PGR,PH,PHM,PKG,PLD,PLTR,PM,PNC,PNR,PNW,PODD,POOL,PPG,PPL,PRU,PSA,PSKY,PSX,PTC,PWR,PYPL,QCOM,QQQ,RCL,REG,REGN,RF,RJF,RL,RMD,ROK,ROP,ROST,RSG,RTX,RVTY,SBUX,SCHW,SHOP,SHW,SJM,SMCI,SNA,SNPS,SO,SPG,SPGI,SPY,STLD,STT,STX,STZ,SW,SWK,SWKS,SYF,SYK,SYY,T,TDG,TEAM,TECH,TEL,TFC,TGT,TJX,TKO,TMO,TMUS,TPL,TPR,TRGP,TRI,TRMB,TROW,TRV,TSCO,TSN,TT,TTD,TTWO,TXN,TXT,TYL,UAL,UBER,UDR,UHS,ULTA,UNH,UNP,URI,USB,V,VICI,VLO,VLTO,VRSK,VRSN,VRTX,VST,VTR,VTRS,VZ,WAB,WAT,WBD,WDAY,WDC,WEC,WELL,WFC,WM,WMB,WMT,WRB,WSM,WST,WTW,WY,WYNN,XEL,XOM,XYL,YUM,ZBH,ZBRA,ZS,ZTS,^VIX",,470,0,[],[]
2024-01-31,"A,ABBV,ABNB,ACGL,ADBE,ADI,ADM,ADP,ADSK,AEE,AEP,AES,AFL,AIG,AIZ,AKAM,ALB,ALGN,ALL,ALLE,AMAT,AMCR,AMD,AME,AMGN,AMP,ANET,AON,AOS,APA,APD,APH,APO,APP,ARE,ARES,ARM,ASML,ATO,AVB,AVGO,AVY,AXON,AXP,AZO,BA,BAC,BALL,BAX,BBY,BDX,BEN,BF.B,BG,BIIB,BK,BKNG,BKR,BLDR,BLK,BMY,BRK.B,BRO,BSX,BX,C,CAG,CAH,CARR,CAT,CB,CBOE,CBRE,CCEP,CCL,CDNS,CDW,CEG,CF,CFG,CHD,CHRW,CHTR,CI,CIEN,CINF,CL,CLX,CMCSA,CME,CMG,CMI,CMS,CNC,CNP,COF,COIN,COO,COP,COR,COST,CPAY,CPB,CPRT,CPT,CRH,CRL,CRM,CRWD,CSGP,CSX,CTAS,CTRA,CTSH,CTVA,CVNA,CVS,CVX,D,DAL,DASH,DE,DECK,DELL,DG,DGX,DHR,DIS,DLR,DLTR,DOC,DOV,DOW,DPZ,DRI,DTE,DUK,DVA,DVN,DXCM,EA,EBAY,ED,EFX,EG,EL,ELV,EME,EOG,EPAM,EQIX,EQR,EQT,ERIE,ES,ESS,ETN,ETR,EW,EXE,EXPD,EXPE,EXR,F,FANG,FAST,FCX,FDS,FER,FFIV,FIS,FISV,FITB,FIX,FOX,FOXA,FRT,FSLR,FTNT,FTV,GD,GDDY,GE,GEHC,GEN,GILD,GIS,GL,GLW,GM,GNRC,GPC,GPN,GS,GWW,HAL,HAS,HBAN,HCA,HD,HIG,HII,HLT,HOLX,HON,HOOD,HPE,HPQ,HRL,HSIC,HSY,HUBB,HWM,IBKR,IBM,ICE,IDXX,IEX,IFF,INSM,INTU,INVH,IP,IR,IRM,ISRG,IT,ITW,J,JBHT,JBL,JCI,JNJ,JPM,KDP,KEY,KHC,KIM,KKR,KLAC,KR,KVUE,L,LDOS,LEN,LH,LHX,LII,LIN,LLY,LNT,LRCX,LUV,LVS,LW,LYB,LYV,MA,MAR,MCHP,MCK,MCO,MDLZ,MDT,MELI,MET,META,MGM,MKC,MLM,MNST,MO,MPC,MPWR,MRK,MRNA,MRVL,MS,MSCI,MSFT,MSTR,MTB,MTCH,MTD,MU,NCLH,NDAQ,NDSN,NEE,NEM,NFLX,NI,NKE,NOW,NRG,NSC,NTAP,NTRS,NUE,NVDA,NWS,NWSA,NXPI,O,ODFL,OKE,OMC,ON,ORCL,ORLY,OTIS,OXY,PANW,PAYC,PAYX,PCAR,PEG,PEP,PFG,PG,PGR,PHM,PKG,PLD,PLTR,PM,PNC,PNR,PNW,PODD,POOL,PPG,PPL,PRU,PSA,PSKY,PSX,PTC,PWR,PYPL,QCOM,RCL,REG,REGN,RF,RJF,RL,RMD,ROST,RSG,RTX,RVTY,SBUX,SCHW,SHOP,SHW,SJM,SMCI,SNA,SNPS,SO,SPG,SPGI,SPY,STLD,STT,STX,SW,SWK,SWKS,SYF,SYK,SYY,T,TDG,TEAM,TECH,TEL,TFC,TGT,TJX,TKO,TMUS,TPL,TPR,TRGP,TRI,TRMB,TROW,TRV,TSCO,TSN,TT,TTD,TTWO,TXN,TXT,TYL,UAL,UBER,UDR,UHS,ULTA,UNH,UNP,URI,USB,V,VICI,VLO,VLTO,VRSK,VRSN,VRTX,VST,VTR,VTRS,VZ,WAB,WAT,WBD,WDAY,WDC,WEC,WELL,WFC,WM,WMB,WMT,WRB,WST,WTW,WY,WYNN,XEL,XOM,XYL,YUM,ZBH,ZS,ZTS,^VIX",,442,0,[],[]
2024-02-01,"A,ABBV,ABNB,ACGL,ADBE,ADI,ADM,ADP,ADSK,AEE,AEP,AES,AIG,AIZ,AKAM,ALB,ALGN,ALL,ALLE,AMAT,AMCR,AMD,AME,AMGN,AMP,ANET,AON,AOS,APA,APD,APH,APO,APP,ARE,ARES,ARM,ASML,ATO,AVB,AVGO,AVY,AXON,AXP,AZO,BA,BAC,BALL,BAX,BBY,BDX,BEN,BF.B,BG,BIIB,BK,BKNG,BKR,BLDR,BLK,BMY,BRK.B,BRO,BSX,BX,C,CAG,CAH,CARR,CAT,CB,CBOE,CBRE,CCEP,CCL,CDNS,CDW,CEG,CF,CHD,CHTR,CI,CIEN,CINF,CL,CLX,CMCSA,CME,CMG,CMI,CMS,CNC,CNP,COF,COIN,COO,COP,COR,COST,CPAY,CPB,CPRT,CPT,CRH,CRL,CRM,CRWD,CSGP,CSX,CTAS,CTRA,CTSH,CTVA,CVNA,CVS,CVX,D,DAL,DASH,DE,DECK,DELL,DG,DGX,DHR,DIS,DLR,DLTR,DOC,DOV,DOW,DPZ,DRI,DTE,DUK,DVA,DVN,DXCM,EA,EBAY,ED,EFX,EG,EL,ELV,EME,EOG,EPAM,EQIX,EQR,EQT,ERIE,ES,ESS,ETN,ETR,EW,EXE,EXPE,EXR,F,FANG,FAST,FCX,FDS,FER,FFIV,FIS,FISV,FITB,FIX,FOX,FOXA,FRT,FSLR,FTNT,FTV,GD,GDDY,GE,GEHC,GEN,GILD,GIS,GLW,GM,GNRC,GPC,GPN,GS,GWW,HAL,HAS,HBAN,HCA,HD,HIG,HII,HLT,HOLX,HOOD,HPE,HPQ,HRL,HSIC,HSY,HUBB,HWM,IBKR,IBM,ICE,IDXX,IEX,IFF,INSM,INTU,INVH,IR,IRM,ISRG,IT,J,JBHT,JBL,JCI,JNJ,JPM,KDP,KEY,KHC,KIM,KKR,KLAC,KR,KVUE,L,LDOS,LEN,LH,LHX,LII,LIN,LLY,LNT,LRCX,LUV,LVS,LW,LYB,LYV,MA,MAR,MCHP,MCK,MCO,MDLZ,MDT,MELI,META,MGM,MKC,MLM,MNST,MO,MPC,MPWR,MRK,MRNA,MRVL,MS,MSCI,MSFT,MSTR,MTCH,MTD,MU,NCLH,NDAQ,NDSN,NEE,NEM,NFLX,NI,NKE,NOW,NRG,NSC,NTAP,NTRS,NUE,NVDA,NWS,NWSA,NXPI,O,ODFL,OKE,OMC,ON,ORCL,ORLY,OTIS,OXY,PANW,PAYC,PAYX,PCAR,PEG,PEP,PG,PGR,PHM,PKG,PLD,PLTR,PM,PNR,PNW,PODD,POOL,PPG,PPL,PSA,PSKY,PSX,PTC,PWR,PYPL,RCL,REG,REGN,RJF,RL,RMD,ROST,RSG,RTX,RVTY,SBUX,SCHW,SHW,SJM,SMCI,SNA,SNPS,SO,SPG,SPGI,SPY,STLD,STT,STX,SW,SWKS,SYF,SYK,SYY,T,TDG,TEAM,TEL,TFC,TGT,TJX,TKO,TMUS,TPL,TPR,TRGP,TRI,TRMB,TROW,TRV,TSCO,TSN,TT,TTD,TTWO,TXN,TXT,TYL,UAL,UBER,UDR,UHS,ULTA,UNH,UNP,URI,USB,V,VICI,VLO,VLTO,VRSK,VRSN,VRTX,VST,VTR,VTRS,VZ,WAB,WAT,WBD,WDAY,WDC,WEC,WELL,WFC,WM,WMB,WMT,WRB,WST,WTW,WY,WYNN,XEL,XOM,XYL,YUM,ZBH,ZS,ZTS,^VIX",,424,0,[],[]
2024-02-02,"A,ABBV,ABNB,ACGL,ADBE,ADI,ADM,ADP,ADSK,AEE,AEP,AES,AIG,AIZ,AKAM,ALB,ALGN,ALL,ALLE,AMAT,AMCR,AMD,AME,AMGN,AMP,ANET,AON,AOS,APD,APH,APO,APP,ARE,ARES,ARM,ASML,ATO,AVB,AVGO,AVY,AXON,AXP,AZO,BA,BAC,BALL,BAX,BBY,BDX,BEN,BF.B,BG,BIIB,BK,BKNG,BKR,BLDR,BLK,BMY,BRK.B,BRO,BSX,BX,C,CAG,CAH,CARR,CAT,CB,CBOE,CBRE,CCEP,CCL,CDNS,CDW,CEG,CF,CHD,CI,CIEN,CINF,CL,CLX,CMCSA,CME,CMG,CMI,CMS,CNC,CNP,COF,COIN,COO,COP,COR,COST,CPAY,CPB,CPRT,CPT,CRH,CRL,CRM,CRWD,CSGP,CSX,CTAS,CTRA,CTSH,CTVA,CVNA,CVS,CVX,D,DAL,DASH,DE,DECK,DELL,DG,DGX,DHR,DIS,DLR,DLTR,DOC,DOV,DOW,DPZ,DRI,DTE,DUK,DVA,DVN,DXCM,EA,EBAY,ED,EFX,EG,EL,ELV,EME,EOG,EPAM,EQIX,EQR,EQT,ERIE,ES,ESS,ETN,ETR,EW,EXE,EXPE,EXR,F,FAST,FCX,FDS,FER,FFIV,FIS,FISV,FITB,FIX,FOX,FOXA,FRT,FSLR,FTNT,FTV,GD,GDDY,GE,GEHC,GILD,GIS,GLW,GM,GNRC,GPC,GPN,GS,GWW,HAL,HAS,HBAN,HCA,HD,HIG,HII,HLT,HOOD,HPE,HPQ,HRL,HSIC,HSY,HUBB,HWM,IBKR,IBM,ICE,IDXX,IEX,IFF,INSM,INTU,INVH,IR,IRM,ISRG,IT,J,JBHT,JBL,JCI,JNJ,JPM,KDP,KEY,KHC,KIM,KKR,KLAC,KR,KVUE,L,LDOS,LEN,LH,LHX,LII,LIN,LLY,LNT,LRCX,LUV,LVS,LW,LYV,MA,MAR,MCHP,MCK,MCO,MDLZ,MDT,MELI,META,MGM,MKC,MLM,MNST,MO,MPC,MPWR,MRK,MRNA,MRVL,MS,MSCI,MSFT,MSTR,MTCH,MTD,MU,NCLH,NDAQ,NDSN,NEE,NEM,NFLX,NI,NKE,NOW,NRG,NSC,NTAP,NTRS,NUE,NVDA,NWS,NWSA,NXPI,O,ODFL,OKE,OMC,ON,ORCL,ORLY,OTIS,OXY,PANW,PAYC,PAYX,PCAR,PEG,PEP,PG,PGR,PHM,PKG,PLD,PLTR,PM,PNR,PNW,PODD,POOL,PPG,PPL,PSA,PSKY,PSX,PTC,PWR,PYPL,RCL,REG,REGN,RJF,RL,RMD,ROST,RSG,RTX,RVTY,SBUX,SCHW,SHW,SJM,SMCI,SNA,SNPS,SO,SPG,SPGI,SPY,STLD,STT,STX,SWKS,SYF,SYK,SYY,T,TDG,TEL,TFC,TGT,TJX,TKO,TMUS,TPL,TPR,TRGP,TRI,TRMB,TROW,TRV,TSCO,TSN,TT,TTD,TTWO,TXN,TXT,TYL,UAL,UBER,UDR,UHS,ULTA,UNH,UNP,URI,USB,V,VICI,VLO,VLTO,VRSK,VRSN,VRTX,VST,VTR,VTRS,VZ,WAB,WAT,WBD,WDAY,WDC,WEC,WELL,WFC,WM,WMB,WMT,WRB,WST,WTW,WY,WYNN,XEL,XOM,XYL,YUM,ZBH,ZS,ZTS,^VIX",,416,0,[],[]
2024-02-05,"A,ABBV,ABNB,ACGL,ADBE,ADI,ADM,ADP,ADSK,AEE,AEP,AES,AIG,AIZ,AKAM,ALGN,ALL,ALLE,AMAT,AMCR,AMD,AME,AMGN,AMP,ANET,AON,AOS,APH,APO,APP,ARE,ARES,ARM,ASML,ATO,AVGO,AVY,AXON,AXP,AZO,BA,BAC,BALL,BAX,BBY,BDX,BEN,BF.B,BG,BIIB,BK,BKNG,BKR,BLDR,BLK,BMY,BRK.B,BRO,BSX,BX,C,CAG,CAH,CARR,CAT,CB,CBOE,CBRE,CCEP,CCL,CDNS,CDW,CEG,CF,CHD,CI,CIEN,CINF,CL,CLX,CMCSA,CME,CMG,CMI,CMS,CNC,CNP,COF,COIN,COO,COP,COR,COST,CPAY,CPB,CPRT,CPT,CRH,CRL,CRM,CRWD,CSX,CTAS,CTSH,CTVA,CVNA,CVS,CVX,D,DAL,DASH,DE,DECK,DELL,DG,DGX,DHR,DIS,DLR,DLTR,DOV,DOW,DPZ,DRI,DTE,DUK,DVA,DXCM,EA,EBAY,ED,EFX,EG,EL,ELV,EME,EPAM,EQIX,EQR,ERIE,ES,ESS,ETN,ETR,EW,EXE,EXPE,F,FAST,FCX,FDS,FER,FFIV,FIS,FISV,FITB,FIX,FOX,FOXA,FRT,FSLR,FTNT,FTV,GD,GDDY,GE,GEHC,GILD,GIS,GLW,GM,GNRC,GPC,GPN,GS,GWW,HAL,HAS,HBAN,HCA,HD,HIG,HII,HLT,HOOD,HPE,HPQ,HSIC,HSY,HUBB,HWM,IBKR,IBM,ICE,IDXX,IEX,IFF,INSM,INTU,INVH,IR,IRM,ISRG,IT,J,JBHT,JBL,JCI,JNJ,JPM,KDP,KEY,KHC,KKR,KLAC,KR,KVUE,L,LDOS,LEN,LH,LHX,LII,LIN,LLY,LNT,LRCX,LUV,LVS,LW,LYV,MA,MAR,MCHP,MCK,MCO,MDLZ,MDT,MELI,META,MGM,MKC,MLM,MNST,MO,MPC,MPWR,MRK,MRNA,MRVL,MS,MSCI,MSFT,MSTR,MTCH,MTD,MU,NCLH,NDAQ,NDSN,NEM,NFLX,NI,NKE,NOW,NRG,NSC,NTAP,NTRS,NUE,NVDA,NWS,NWSA,NXPI,O,ODFL,OKE,OMC,ON,ORCL,ORLY,OTIS,OXY,PANW,PAYC,PAYX,PCAR,PEG,PEP,PG,PGR,PHM,PKG,PLD,PLTR,PM,PNR,PNW,PODD,POOL,PPG,PPL,PSKY,PSX,PTC,PWR,PYPL,RCL,REG,REGN,RJF,RL,RMD,ROST,RSG,RTX,RVTY,SBUX,SCHW,SHW,SMCI,SNA,SNPS,SO,SPG,SPGI,SPY,STLD,STT,STX,SWKS,SYF,SYK,SYY,T,TDG,TEL,TFC,TGT,TJX,TKO,TMUS,TPL,TPR,TRGP,TRI,TRMB,TROW,TRV,TSCO,TSN,TT,TTD,TTWO,TXN,TXT,TYL,UAL,UBER,UDR,UHS,ULTA,UNH,UNP,URI,USB,V,VICI,VLO,VLTO,VRSK,VRSN,VRTX,VST,VTRS,VZ,WAB,WAT,WBD,WDAY,WDC,WEC,WELL,WFC,WM,WMB,WMT,WRB,WST,WTW,WY,WYNN,XEL,XOM,XYL,ZBH,ZS,ZTS,^VIX",,399,0,[],[]
2024-02-06,"A,ABBV,ABNB,ACGL,ADBE,ADI,ADM,ADP,ADSK,AEE,AEP,AES,AIG,AIZ,AKAM,ALGN,ALL,ALLE,AMAT,AMCR,AMD,AME,AMGN,AMP,ANET,AON,AOS,APH,APO,APP,ARE,ARES,ARM,ASML,ATO,AVGO,AVY,AXON,AXP,AZO,BA,BAC,BALL,BAX,BBY,BDX,BEN,BF.B,BG,BIIB,BK,BKNG,BKR,BLDR,BLK,BMY,BRK.B,BRO,BSX,BX,C,CAG,CAH,CARR,CAT,CB,CBOE,CBRE,CCEP,CCL,CDNS,CDW,CEG,CF,CHD,CI,CIEN,CINF,CL,CLX,CMCSA,CME,CMG,CMI,CMS,CNC,CNP,COF,COIN,COO,COP,COR,COST,CPAY,CPB,CPRT,CPT,CRH,CRL,CRM,CRWD,CSX,CTAS,CTSH,CTVA,CVNA,CVS,CVX,D,DAL,DASH,DE,DECK,DELL,DG,DGX,DHR,DIS,DLR,DLTR,DOV,DOW,DPZ,DRI,DTE,DUK,DVA,DXCM,EA,EBAY,ED,EFX,EG,EL,ELV,EME,EPAM,EQIX,EQR,ERIE,ES,ESS,ETN,ETR,EW,EXE,EXPE,F,FAST,FCX,FDS,FER,FFIV,FIS,FISV,FITB,FIX,FOX,FOXA,FRT,FSLR,FTNT,FTV,GD,GDDY,GE,GEHC,GILD,GIS,GLW,GM,GNRC,GPC,GPN,GS,GWW,HAL,HAS,HBAN,HCA,HD,HIG,HII,HLT,HOOD,HPE,HPQ,HSIC,HSY,HUBB,HWM,IBKR,IBM,ICE,IDXX,IEX,IFF,INSM,INTU,INVH,IR,IRM,ISRG,IT,J,JBHT,JBL,JCI,JNJ,JPM,KDP,KEY,KHC,KKR,KLAC,KVUE,L,LDOS,LEN,LH,LHX,LII,LIN,LLY,LNT,LRCX,LUV,LVS,LW,LYV,MA,MAR,MCHP,MCK,MCO,MDLZ,MDT,MELI,META,MGM,MKC,MLM,MNST,MO,MPC,MPWR,MRK,MRNA,MRVL,MS,MSCI,MSFT,MSTR,MTCH,MTD,MU,NCLH,NDAQ,NDSN,NEM,NFLX,NI,NKE,NOW,NRG,NSC,NTAP,NTRS,NUE,NVDA,NWS,NWSA,NXPI,O,ODFL,OKE,OMC,ON,ORCL,ORLY,OTIS,OXY,PANW,PAYC,PAYX,PCAR,PEG,PEP,PG,PGR,PHM,PKG,PLD,PLTR,PM,PNR,PNW,PODD,POOL,PPG,PPL,PSKY,PSX,PTC,PWR,PYPL,RCL,REG,REGN,RJF,RL,RMD,ROST,RSG,RTX,RVTY,SBUX,SCHW,SHW,SMCI,SNA,SNPS,SO,SPG,SPGI,SPY,STLD,STT,STX,SWKS,SYF,SYK,SYY,T,TDG,TEL,TFC,TGT,TJX,TKO,TMUS,TPL,TPR,TRGP,TRI,TRMB,TROW,TRV,TSCO,TSN,TT,TTD,TTWO,TXN,TXT,TYL,UAL,UBER,UDR,UHS,ULTA,UNH,UNP,URI,USB,V,VICI,VLO,VLTO,VRSK,VRSN,VRTX,VST,VTRS,VZ,WAB,WAT,WBD,WDAY,WDC,WEC,WELL,WFC,WM,WMB,WMT,WRB,WST,WTW,WY,WYNN,XEL,XOM,XYL,ZBH,ZS,ZTS,^VIX",,398,0,[],[]
2024-02-07,"A,ABBV,ABNB,ACGL,ADBE,ADI,ADM,ADP,ADSK,AEE,AEP,AES,AIG,AIZ,AKAM,ALGN,ALL,ALLE,AMAT,AMCR,AMD,AME,AMP,ANET,AON,AOS,APH,APO,APP,ARE,ARES,ARM,ASML,ATO,AVGO,AVY,AXON,AXP,AZO,BA,BAC,BALL,BAX,BBY,BDX,BEN,BF.B,BG,BIIB,BK,BKNG,BKR,BLDR,BLK,BMY,BRK.B,BRO,BSX,BX,C,CAG,CAH,CAT,CB,CBOE,CBRE,CCL,CDNS,CDW,CEG,CF,CHD,CI,CIEN,CL,CLX,CME,CMG,CMI,CMS,CNC,CNP,COF,COIN,COO,COP,COR,COST,CPAY,CPB,CPRT,CPT,CRH,CRL,CRM,CRWD,CSX,CTAS,CTSH,CTVA,CVNA,CVS,CVX,D,DAL,DASH,DE,DECK,DELL,DG,DGX,DHR,DIS,DLR,DLTR,DOV,DOW,DPZ,DRI,DTE,DUK,DVA,DXCM,EA,EBAY,ED,EFX,EG,EL,ELV,EME,EPAM,EQIX,EQR,ERIE,ES,ESS,ETN,ETR,EW,EXE,EXPE,F,FAST,FCX,FDS,FER,FFIV,FIS,FISV,FITB,FIX,FRT,FSLR,FTNT,FTV,GD,GDDY,GE,GEHC,GILD,GIS,GLW,GM,GNRC,GPC,GPN,GS,GWW,HAL,HAS,HBAN,HCA,HD,HIG,HII,HLT,HOOD,HPE,HPQ,HSIC,HSY,HUBB,HWM,IBKR,IBM,ICE,IDXX,IEX,IFF,INSM,INTU,INVH,IR,IRM,ISRG,IT,J,JBHT,JBL,JCI,JNJ,JPM,KDP,KEY,KHC,KKR,KLAC,KVUE,L,LDOS,LEN,LH,LHX,LII,LIN,LLY,LNT,LRCX,LUV,LVS,LW,LYV,MA,MAR,MCHP,MCK,MCO,MDLZ,MDT,MELI,META,MGM,MKC,MLM,MNST,MO,MPC,MPWR,MRK,MRNA,MRVL,MS,MSCI,MSFT,MSTR,MTCH,MTD,MU,NCLH,NDAQ,NDSN,NEM,NFLX,NI,NKE,NOW,NRG,NSC,NTAP,NTRS,NUE,NVDA,NWS,NWSA,NXPI,O,ODFL,OKE,ON,ORCL,ORLY,OTIS,OXY,PANW,PAYC,PAYX,PCAR,PEG,PEP,PG,PGR,PHM,PKG,PLD,PLTR,PM,PNR,PNW,PODD,POOL,PPG,PPL,PSKY,PSX,PTC,PWR,PYPL,RCL,REG,REGN,RJF,RL,RMD,ROST,RSG,RTX,RVTY,SBUX,SCHW,SHW,SMCI,SNA,SNPS,SO,SPG,SPGI,SPY,STLD,STT,STX,SWKS,SYF,SYK,SYY,T,TDG,TEL,TFC,TGT,TJX,TKO,TMUS,TPL,TPR,TRGP,TRI,TRMB,TROW,TRV,TSCO,TSN,TT,TTD,TTWO,TXN,TXT,TYL,UAL,UBER,UDR,UHS,ULTA,UNH,UNP,URI,USB,V,VICI,VLO,VLTO,VRSK,VRSN,VRTX,VST,VTRS,VZ,WAB,WAT,WBD,WDAY,WDC,WEC,WELL,WFC,WM,WMB,WMT,WRB,WST,WTW,WY,WYNN,XEL,XOM,XYL,ZBH,ZS,ZTS,^VIX",,390,0,[],[]
2024-02-08,"A,ABBV,ABNB,ACGL,ADBE,ADI,ADM,ADP,ADSK,AEE,AEP,AES,AIG,AIZ,AKAM,ALGN,ALL,ALLE,AMAT,AMCR,AMD,AME,AMP,ANET,AON,AOS,APH,APO,APP,ARE,ARES,ARM,ASML,ATO,AVGO,AVY,AXON,AXP,AZO,BA,BAC,BALL,BAX,BBY,BDX,BEN,BF.B,BG,BIIB,BK,BKNG,BKR,BLDR,BLK,BMY,BRK.B,BRO,BSX,BX,C,CAG,CAH,CAT,CB,CBOE,CBRE,CCL,CDNS,CDW,CEG,CF,CHD,CI,CIEN,CL,CLX,CME,CMG,CMI,CMS,CNC,CNP,COF,COIN,COO,COP,COR,COST,CPB,CPRT,CPT,CRH,CRL,CRM,CRWD,CSX,CTAS,CTSH,CTVA,CVNA,CVS,CVX,D,DAL,DASH,DE,DECK,DELL,DG,DGX,DHR,DIS,DLR,DLTR,DOV,DOW,DPZ,DRI,DTE,DVA,DXCM,EA,EBAY,ED,EFX,EL,ELV,EME,EPAM,EQIX,EQR,ERIE,ES,ESS,ETN,ETR,EW,EXE,EXPE,F,FAST,FCX,FDS,FER,FFIV,FIS,FISV,FITB,FIX,FRT,FSLR,FTNT,FTV,GD,GDDY,GE,GEHC,GILD,GIS,GLW,GM,GNRC,GPC,GPN,GS,GWW,HAL,HAS,HBAN,HCA,HD,HIG,HII,HLT,HOOD,HPE,HPQ,HSIC,HSY,HUBB,HWM,IBKR,IBM,ICE,IDXX,IEX,IFF,INSM,INTU,INVH,IR,IRM,ISRG,IT,J,JBHT,JBL,JCI,JNJ,JPM,KDP,KEY,KHC,KKR,KLAC,L,LDOS,LEN,LH,LHX,LII,LIN,LLY,LNT,LRCX,LUV,LVS,LW,LYV,MA,MAR,MCHP,MCK,MCO,MDLZ,MDT,MELI,META,MGM,MKC,MLM,MNST,MO,MPC,MPWR,MRK,MRNA,MRVL,MS,MSCI,MSFT,MSTR,MTCH,MTD,MU,NCLH,NDAQ,NDSN,NEM,NFLX,NI,NKE,NOW,NRG,NSC,NTAP,NTRS,NUE,NVDA,NWS,NWSA,NXPI,O,ODFL,OKE,ON,ORCL,OTIS,OXY,PANW,PAYC,PAYX,PCAR,PEG,PEP,PG,PGR,PHM,PKG,PLD,PLTR,PNR,PNW,PODD,POOL,PPG,PPL,PSKY,PSX,PTC,PWR,RCL,REG,REGN,RJF,RL,RMD,ROST,RSG,RTX,RVTY,SBUX,SCHW,SHW,SMCI,SNPS,SO,SPG,SPY,STLD,STT,STX,SWKS,SYF,SYK,SYY,TDG,TEL,TFC,TGT,TJX,TKO,TMUS,TPL,TPR,TRGP,TRI,TRMB,TROW,TRV,TSCO,TSN,TT,TTD,TTWO,TXN,TXT,TYL,UAL,UBER,UDR,UHS,ULTA,UNH,UNP,URI,USB,V,VICI,VLO,VLTO,VRSK,VRSN,VRTX,VST,VTRS,VZ,WAB,WAT,WBD,WDAY,WDC,WEC,WELL,WFC,WM,WMB,WMT,WRB,WST,WTW,WY,WYNN,XEL,XOM,XYL,ZBH,ZS,ZTS,^VIX",,380,0,[],[]
2024-02-09,"A,ABBV,ABNB,ACGL,ADBE,ADI,ADM,ADP,ADSK,AEE,AEP,AES,AIG,AIZ,AKAM,ALGN,ALL,ALLE,AMAT,AMCR,AMD,AME,AMP,ANET,AON,AOS,APH,APO,APP,ARE,ARES,ARM,ASML,ATO,AVGO,AVY,AXON,AXP,AZO,BA,BAC,BALL,BAX,BBY,BDX,BEN,BF.B,BG,BIIB,BK,BKNG,BKR,BLDR,BLK,BMY,BRK.B,BRO,BSX,BX,C,CAH,CAT,CB,CBOE,CBRE,CCL,CDNS,CDW,CEG,CF,CHD,CI,CIEN,CL,CLX,CME,CMG,CMI,CMS,CNC,CNP,COF,COIN,COO,COP,COR,COST,CPRT,CPT,CRH,CRL,CRM,CRWD,CSX,CTAS,CTSH,CTVA,CVNA,CVS,CVX,D,DAL,DASH,DE,DECK,DELL,DG,DGX,DHR,DIS,DLR,DLTR,DOV,DOW,DPZ,DRI,DTE,DVA,DXCM,EA,EBAY,ED,EFX,EL,ELV,EME,EPAM,EQIX,EQR,ERIE,ES,ESS,ETN,ETR,EW,EXE,F,FAST,FCX,FDS,FER,FFIV,FIS,FISV,FITB,FIX,FRT,FSLR,FTNT,FTV,GD,GDDY,GE,GEHC,GILD,GLW,GM,GNRC,GPC,GPN,GS,GWW,HAL,HAS,HBAN,HCA,HD,HIG,HII,HLT,HOOD,HPE,HPQ,HSIC,HSY,HUBB,HWM,IBKR,IBM,ICE,IDXX,IEX,IFF,INSM,INTU,INVH,IR,IRM,ISRG,IT,J,JBHT,JBL,JCI,JNJ,JPM,KDP,KEY,KHC,KKR,KLAC,L,LDOS,LEN,LH,LHX,LII,LIN,LLY,LNT,LRCX,LUV,LVS,LW,LYV,MA,MAR,MCHP,MCK,MCO,MDLZ,MELI,META,MGM,MKC,MLM,MNST,MO,MPC,MPWR,MRK,MRVL,MS,MSCI,MSFT,MSTR,MTCH,MTD,MU,NCLH,NDAQ,NDSN,NEM,NFLX,NI,NKE,NOW,NRG,NSC,NTAP,NTRS,NUE,NVDA,NWS,NWSA,NXPI,O,ODFL,OKE,ON,ORCL,OTIS,OXY,PANW,PAYC,PAYX,PCAR,PEG,PEP,PG,PGR,PHM,PKG,PLD,PLTR,PNR,PNW,PODD,POOL,PPG,PPL,PSKY,PSX,PTC,PWR,RCL,REG,REGN,RJF,RL,RMD,ROST,RSG,RTX,RVTY,SBUX,SCHW,SHW,SMCI,SNPS,SO,SPG,SPY,STLD,STT,STX,SWKS,SYF,SYK,SYY,TDG,TEL,TFC,TGT,TJX,TKO,TMUS,TPL,TPR,TRGP,TRI,TRMB,TROW,TRV,TSCO,TSN,TT,TTD,TXN,TXT,TYL,UAL,UBER,UDR,UHS,ULTA,UNH,UNP,URI,USB,V,VICI,VLO,VLTO,VRSK,VRSN,VRTX,VST,VTRS,VZ,WAB,WAT,WBD,WDAY,WDC,WEC,WELL,WFC,WM,WMB,WMT,WRB,WST,WTW,WY,WYNN,XEL,XOM,XYL,ZBH,ZS,ZTS,^VIX",,373,0,[],[]
2024-02-12,"A,ABBV,ABNB,ACGL,ADBE,ADI,ADM,ADP,ADSK,AEE,AEP,AES,AIG,AIZ,AKAM,ALGN,ALL,ALLE,AMAT,AMCR,AMD,AME,AMP,ANET,AON,AOS,APH,APO,APP,ARE,ARES,ARM,ASML,ATO,AVGO,AVY,AXON,AXP,AZO,BA,BAC,BALL,BAX,BBY,BDX,BEN,BF.B,BG,BIIB,BK,BKNG,BKR,BLDR,BLK,BMY,BRK.B,BRO,BSX,BX,C,CAH,CAT,CB,CBOE,CBRE,CCL,CDNS,CDW,CEG,CF,CHD,CI,CIEN,CL,CLX,CME,CMG,CMI,CMS,CNC,CNP,COF,COIN,COO,COP,COR,COST,CPRT,CPT,CRH,CRL,CRM,CRWD,CSX,CTAS,CTSH,CTVA,CVNA,CVS,CVX,D,DAL,DASH,DE,DECK,DELL,DG,DGX,DHR,DIS,DLR,DLTR,DOV,DOW,DPZ,DRI,DTE,DVA,DXCM,EA,EBAY,ED,EFX,EL,ELV,EME,EPAM,EQIX,EQR,ERIE,ES,ESS,ETN,ETR,EW,EXE,F,FAST,FCX,FDS,FER,FFIV,FIS,FISV,FITB,FIX,FRT,FSLR,FTNT,FTV,GD,GDDY,GE,GEHC,GILD,GLW,GM,GNRC,GPC,GPN,GS,GWW,HAL,HAS,HBAN,HCA,HD,HIG,HII,HLT,HOOD,HPE,HPQ,HSIC,HSY,HUBB,HWM,IBKR,IBM,ICE,IDXX,IEX,IFF,INSM,INTU,INVH,IR,IRM,ISRG,IT,J,JBHT,JBL,JCI,JNJ,JPM,KDP,KEY,KHC,KKR,KLAC,L,LDOS,LEN,LH,LHX,LII,LIN,LLY,LNT,LRCX,LUV,LVS,LW,LYV,MA,MAR,MCHP,MCK,MCO,MDLZ,MELI,META,MGM,MKC,MLM,MNST,MO,MPC,MPWR,MRK,MRVL,MS,MSCI,MSFT,MSTR,MTCH,MTD,MU,NCLH,NDAQ,NDSN,NEM,NFLX,NI,NKE,NOW,NRG,NSC,NTAP,NTRS,NUE,NVDA,NWS,NWSA,NXPI,O,ODFL,OKE,ON,ORCL,OTIS,OXY,PANW,PAYC,PAYX,PCAR,PEG,PEP,PG,PGR,PHM,PKG,PLD,PLTR,PNR,PNW,PODD,POOL,PPG,PPL,PSKY,PSX,PTC,PWR,RCL,REG,REGN,RJF,RL,RMD,ROST,RSG,RTX,RVTY,SBUX,SCHW,SHW,SMCI,SNPS,SO,SPG,SPY,STLD,STT,STX,SWKS,SYF,SYK,SYY,TDG,TEL,TFC,TGT,TJX,TKO,TMUS,TPL,TPR,TRGP,TRI,TRMB,TROW,TRV,TSCO,TSN,TT,TTD,TXN,TXT,TYL,UAL,UBER,UDR,UHS,ULTA,UNH,UNP,URI,USB,V,VICI,VLO,VLTO,VRSK,VRSN,VRTX,VST,VTRS,VZ,WAB,WAT,WBD,WDAY,WDC,WEC,WELL,WFC,WM,WMB,WMT,WRB,WST,WTW,WY,WYNN,XEL,XOM,XYL,ZBH,ZS,ZTS,^VIX",,373,0,[],[]
2024-02-13,"A,ABBV,ABNB,ACGL,ADBE,ADM,ADP,ADSK,AEE,AEP,AES,AIG,AIZ,AKAM,ALGN,ALL,ALLE,AMAT,AMCR,AMD,AME,AMP,ANET,AON,AOS,APH,APO,APP,ARE,ARES,ARM,ASML,ATO,AVGO,AVY,AXON,AXP,AZO,BA,BAC,BALL,BAX,BBY,BDX,BEN,BF.B,BG,BKNG,BKR,BLDR,BMY,BRK.B,BRO,BSX,BX,C,CAH,CAT,CB,CBOE,CBRE,CCL,CDW,CEG,CF,CHD,CI,CIEN,CL,CLX,CME,CMG,CMI,CMS,CNC,CNP,COF,COIN,COO,COP,COR,COST,CPRT,CPT,CRH,CRL,CRWD,CSX,CTAS,CTSH,CTVA,CVNA,CVS,CVX,D,DAL,DASH,DE,DECK,DELL,DG,DGX,DHR,DIS,DLR,DLTR,DOV,DOW,DPZ,DTE,DVA,DXCM,EA,EBAY,ED,EFX,EL,ELV,EME,EQIX,EQR,ERIE,ES,ESS,ETN,ETR,EW,EXE,F,FAST,FCX,FDS,FER,FFIV,FIS,FISV,FITB,FIX,FRT,FSLR,FTNT,FTV,GD,GDDY,GE,GEHC,GILD,GLW,GM,GNRC,GPC,GPN,GS,GWW,HAL,HAS,HBAN,HCA,HD,HIG,HII,HLT,HOOD,HPE,HPQ,HSIC,HSY,HUBB,HWM,IBKR,IBM,ICE,IDXX,IEX,IFF,INTU,INVH,IR,IRM,ISRG,IT,J,JBHT,JBL,JCI,JNJ,JPM,KDP,KEY,KHC,KKR,KLAC,L,LDOS,LEN,LH,LHX,LII,LIN,LLY,LNT,LRCX,LUV,LVS,LW,LYV,MA,MCK,MDLZ,MELI,META,MGM,MKC,MLM,MNST,MO,MPC,MPWR,MRK,MRVL,MS,MSCI,MSFT,MSTR,MTCH,MTD,NCLH,NDAQ,NDSN,NEM,NFLX,NI,NKE,NOW,NRG,NSC,NTAP,NTRS,NUE,NVDA,NWS,NWSA,NXPI,O,ODFL,OKE,ON,ORCL,OTIS,OXY,PANW,PAYC,PAYX,PCAR,PEG,PEP,PG,PGR,PHM,PKG,PLD,PLTR,PNR,PNW,PODD,POOL,PPG,PPL,PSKY,PSX,PTC,PWR,RCL,REG,REGN,RJF,RL,RMD,ROST,RSG,RTX,RVTY,SBUX,SCHW,SHW,SMCI,SNPS,SO,SPG,SPY,STLD,STX,SWKS,SYF,SYK,SYY,TDG,TEL,TFC,TGT,TJX,TKO,TMUS,TPL,TPR,TRGP,TRI,TRMB,TROW,TRV,TSCO,TSN,TT,TTD,TXN,TXT,TYL,UAL,UBER,UDR,UHS,ULTA,UNH,UNP,URI,USB,V,VICI,VLO,VLTO,VRSK,VRSN,VRTX,VST,VTRS,VZ,WAB,WAT,WBD,WDAY,WDC,WEC,WELL,WFC,WM,WMB,WMT,WRB,WST,WTW,WY,WYNN,XEL,XOM,XYL,ZBH,ZS,^VIX",,358,0,[],[]
2024-02-14,"A,ABBV,ABNB,ACGL,ADBE,ADM,ADP,ADSK,AEE,AEP,AES,AIG,AIZ,ALGN,ALL,ALLE,AMAT,AMCR,AMD,AME,AMP,ANET,AON,AOS,APH,APO,APP,ARE,ARES,ARM,ASML,ATO,AVGO,AVY,AXON,AXP,AZO,BA,BAC,BALL,BAX,BBY,BDX,BEN,BF.B,BG,BKNG,BKR,BLDR,BMY,BRK.B,BRO,BSX,BX,C,CAH,CAT,CB,CBOE,CBRE,CCL,CDW,CEG,CF,CHD,CI,CIEN,CL,CLX,CME,CMG,CMI,CMS,CNC,CNP,COF,COIN,COO,COP,COR,COST,CPRT,CPT,CRH,CRL,CRWD,CSX,CTAS,CTSH,CTVA,CVNA,CVS,CVX,D,DAL,DASH,DE,DECK,DELL,DG,DGX,DHR,DIS,DLR,DLTR,DOV,DOW,DPZ,DTE,DVA,DXCM,EA,EBAY,ED,EFX,EL,ELV,EME,EQIX,EQR,ERIE,ES,ESS,ETN,ETR,EW,EXE,F,FAST,FCX,FDS,FFIV,FIS,FISV,FITB,FIX,FRT,FSLR,FTNT,FTV,GD,GDDY,GE,GEHC,GILD,GLW,GM,GNRC,GPC,GPN,GS,GWW,HAL,HAS,HBAN,HCA,HD,HIG,HII,HLT,HOOD,HPE,HPQ,HSIC,HSY,HUBB,HWM,IBKR,IBM,ICE,IDXX,IEX,IFF,INTU,INVH,IR,IRM,ISRG,IT,J,JBHT,JBL,JCI,JNJ,JPM,KDP,KEY,KKR,KLAC,L,LDOS,LEN,LH,LHX,LII,LIN,LLY,LNT,LRCX,LUV,LVS,LW,LYV,MA,MCK,MDLZ,MELI,META,MKC,MLM,MNST,MO,MPC,MPWR,MRK,MRVL,MS,MSCI,MSFT,MSTR,MTCH,MTD,NCLH,NDAQ,NDSN,NEM,NFLX,NI,NKE,NOW,NRG,NSC,NTAP,NTRS,NUE,NVDA,NWS,NWSA,NXPI,O,ODFL,OKE,ON,ORCL,OTIS,OXY,PANW,PAYC,PAYX,PCAR,PEG,PEP,PG,PGR,PHM,PKG,PLD,PLTR,PNR,PNW,PODD,POOL,PPG,PPL,PSKY,PSX,PTC,PWR,RCL,REG,REGN,RJF,RL,RMD,ROST,RSG,RTX,RVTY,SBUX,SCHW,SHW,SMCI,SNPS,SO,SPG,SPY,STLD,STX,SWKS,SYF,SYK,SYY,TDG,TEL,TFC,TGT,TJX,TKO,TMUS,TPL,TPR,TRGP,TRI,TRMB,TROW,TRV,TSCO,TSN,TT,TTD,TXN,TXT,TYL,UAL,UBER,UDR,UHS,ULTA,UNH,UNP,URI,USB,V,VICI,VLO,VLTO,VRSK,VRSN,VRTX,VST,VTRS,VZ,WAB,WAT,WBD,WDAY,WDC,WEC,WELL,WFC,WM,WMT,WRB,WST,WTW,WY,WYNN,XEL,XOM,XYL,ZBH,ZS,^VIX",,353,0,[],[]
2024-02-15,"A,ABBV,ABNB,ACGL,ADBE,ADM,ADP,ADSK,AEE,AEP,AES,AIG,AIZ,ALGN,ALL,ALLE,AMAT,AMCR,AMD,AME,AMP,ANET,AON,AOS,APH,APO,APP,ARE,ARES,ARM,ASML,ATO,AVGO,AVY,AXON,AXP,AZO,BA,BAC,BALL,BAX,BBY,BDX,BEN,BF.B,BG,BKNG,BKR,BLDR,BMY,BRK.B,BRO,BSX,BX,C,CAH,CAT,CB,CBOE,CBRE,CCL,CDW,CEG,CF,CHD,CI,CIEN,CL,CLX,CME,CMG,CMI,CMS,CNC,CNP,COF,COIN,COO,COP,COR,COST,CPRT,CPT,CRH,CRL,CRWD,CSX,CTAS,CTSH,CTVA,CVNA,CVS,CVX,D,DAL,DASH,DECK,DELL,DG,DGX,DHR,DIS,DLR,DLTR,DOV,DOW,DPZ,DTE,DVA,DXCM,EA,EBAY,ED,EFX,EL,ELV,EME,EQIX,EQR,ERIE,ES,ESS,ETN,ETR,EW,EXE,F,FAST,FCX,FDS,FFIV,FIS,FISV,FITB,FIX,FRT,FSLR,FTNT,FTV,GD,GDDY,GE,GEHC,GILD,GLW,GM,GNRC,GPC,GPN,GS,GWW,HAL,HAS,HBAN,HCA,HD,HIG,HII,HLT,HOOD,HPE,HPQ,HSIC,HSY,HUBB,HWM,IBKR,IBM,ICE,IDXX,IEX,IFF,INTU,INVH,IR,IRM,ISRG,IT,J,JBHT,JBL,JCI,JNJ,JPM,KDP,KEY,KKR,KLAC,L,LDOS,LEN,LH,LHX,LII,LIN,LLY,LNT,LRCX,LUV,LVS,LW,LYV,MA,MCK,MDLZ,MELI,META,MKC,MLM,MNST,MO,MPC,MPWR,MRK,MRVL,MS,MSCI,MSFT,MSTR,MTCH,MTD,NCLH,NDAQ,NDSN,NEM,NFLX,NI,NKE,NOW,NRG,NSC,NTAP,NTRS,NUE,NVDA,NWS,NWSA,NXPI,O,ODFL,OKE,ON,ORCL,OTIS,OXY,PANW,PAYC,PAYX,PCAR,PEG,PEP,PG,PGR,PHM,PKG,PLD,PLTR,PNR,PNW,PODD,POOL,PPG,PPL,PSKY,PSX,PTC,PWR,RCL,REG,REGN,RJF,RL,RMD,ROST,RSG,RTX,RVTY,SBUX,SCHW,SHW,SMCI,SNPS,SO,SPG,SPY,STLD,STX,SWKS,SYF,SYK,SYY,TDG,TEL,TFC,TGT,TJX,TKO,TMUS,TPL,TPR,TRGP,TRI,TRMB,TROW,TRV,TSCO,TSN,TT,TTD,TXN,TXT,TYL,UAL,UBER,UDR,UHS,ULTA,UNH,UNP,URI,USB,V,VICI,VLO,VLTO,VRSK,VRSN,VRTX,VST,VTRS,VZ,WAB,WAT,WBD,WDAY,WDC,WEC,WELL,WFC,WM,WMT,WRB,WTW,WY,WYNN,XEL,XOM,XYL,ZBH,ZS,^VIX",,351,0,[],[]
2024-02-16,"A,ABBV,ABNB,ACGL,ADM,ADP,ADSK,AEE,AEP,AES,AIG,AIZ,ALGN,ALL,ALLE,AMAT,AMCR,AMD,AME,AMP,ANET,AON,AOS,APH,APO,APP,ARE,ARES,ARM,ASML,ATO,AVGO,AVY,AXON,AXP,AZO,BA,BAC,BALL,BAX,BBY,BDX,BEN,BF.B,BG,BKNG,BKR,BLDR,BMY,BRK.B,BRO,BSX,BX,C,CAH,CAT,CB,CBOE,CBRE,CCL,CDW,CEG,CF,CHD,CI,CIEN,CL,CLX,CME,CMG,CMI,CMS,CNC,CNP,COF,COIN,COO,COP,COR,COST,CPRT,CPT,CRH,CRL,CRWD,CSX,CTAS,CTSH,CTVA,CVNA,CVS,CVX,D,DAL,DASH,DECK,DELL,DG,DGX,DHR,DIS,DLTR,DOV,DOW,DPZ,DTE,DVA,DXCM,EA,EBAY,ED,EFX,EL,ELV,EME,EQIX,EQR,ERIE,ES,ESS,ETN,ETR,EW,EXE,F,FAST,FCX,FDS,FFIV,FIS,FISV,FITB,FIX,FRT,FSLR,FTNT,FTV,GD,GDDY,GE,GEHC,GILD,GLW,GM,GNRC,GPC,GPN,GS,GWW,HAL,HAS,HBAN,HCA,HD,HIG,HII,HLT,HOOD,HPE,HPQ,HSIC,HSY,HUBB,HWM,IBKR,IBM,ICE,IDXX,IEX,IFF,INTU,INVH,IR,IRM,ISRG,IT,J,JBHT,JBL,JCI,JNJ,JPM,KDP,KEY,KKR,KLAC,L,LDOS,LEN,LH,LHX,LII,LIN,LLY,LNT,LRCX,LUV,LVS,LW,LYV,MA,MCK,MDLZ,MELI,META,MKC,MLM,MNST,MO,MPC,MPWR,MRK,MRVL,MS,MSCI,MSFT,MSTR,MTCH,MTD,NCLH,NDAQ,NDSN,NEM,NFLX,NI,NKE,NOW,NRG,NSC,NTAP,NTRS,NUE,NVDA,NWS,NWSA,NXPI,O,ODFL,OKE,ON,ORCL,OTIS,OXY,PANW,PAYC,PAYX,PCAR,PEG,PEP,PG,PGR,PHM,PKG,PLD,PLTR,PNR,PNW,PODD,POOL,PPG,PPL,PSKY,PSX,PTC,PWR,RCL,REG,REGN,RJF,RL,RMD,ROST,RSG,RTX,RVTY,SBUX,SCHW,SHW,SMCI,SNPS,SO,SPG,SPY,STLD,STX,SWKS,SYF,SYK,SYY,TDG,TEL,TFC,TGT,TJX,TKO,TMUS,TPL,TPR,TRGP,TRI,TRMB,TROW,TRV,TSCO,TSN,TT,TTD,TXN,TXT,TYL,UAL,UBER,UDR,UHS,ULTA,UNH,UNP,URI,USB,V,VICI,VLO,VLTO,VRSK,VRSN,VRTX,VST,VTRS,VZ,WAB,WAT,WBD,WDAY,WEC,WELL,WFC,WM,WMT,WRB,WTW,WY,WYNN,XEL,XOM,XYL,ZBH,ZS,^VIX",,348,0,[],[]
2024-02-20,"A,ABBV,ABNB,ACGL,ADM,ADP,ADSK,AEE,AEP,AES,AIG,AIZ,ALGN,ALL,ALLE,AMAT,AMCR,AME,AMP,ANET,AON,AOS,APH,APO,APP,ARE,ARES,ARM,ASML,ATO,AVGO,AVY,AXON,AXP,AZO,BA,BAC,BALL,BAX,BBY,BDX,BEN,BF.B,BG,BKNG,BKR,BLDR,BMY,BRK.B,BRO,BSX,BX,C,CAH,CAT,CB,CBOE,CBRE,CCL,CDW,CEG,CF,CHD,CI,CIEN,CL,CLX,CME,CMG,CMI,CMS,CNC,CNP,COF,COIN,COO,COP,COR,COST,CPRT,CPT,CRH,CRL,CRWD,CSX,CTAS,CTSH,CTVA,CVNA,CVS,CVX,D,DAL,DASH,DECK,DELL,DG,DGX,DHR,DIS,DLTR,DOV,DOW,DPZ,DTE,DVA,DXCM,EA,EBAY,ED,EFX,EL,ELV,EME,EQIX,EQR,ERIE,ES,ESS,ETN,ETR,EW,EXE,F,FAST,FCX,FDS,FFIV,FIS,FISV,FITB,FIX,FRT,FSLR,FTNT,FTV,GD,GDDY,GE,GEHC,GILD,GLW,GM,GNRC,GPC,GPN,GS,GWW,HAL,HAS,HBAN,HCA,HD,HIG,HII,HLT,HOOD,HPE,HPQ,HSIC,HSY,HUBB,HWM,IBKR,IBM,ICE,IDXX,IEX,IFF,INTU,INVH,IR,IRM,ISRG,IT,J,JBL,JCI,JNJ,JPM,KDP,KEY,KKR,KLAC,L,LDOS,LEN,LH,LHX,LII,LIN,LLY,LNT,LRCX,LUV,LVS,LW,LYV,MA,MCK,MDLZ,MELI,META,MKC,MLM,MNST,MO,MPC,MPWR,MRK,MRVL,MS,MSCI,MSFT,MSTR,MTCH,MTD,NCLH,NDAQ,NDSN,NEM,NFLX,NI,NKE,NOW,NRG,NSC,NTAP,NTRS,NUE,NVDA,NWS,NWSA,NXPI,O,ODFL,OKE,ON,OTIS,OXY,PANW,PAYC,PAYX,PCAR,PEG,PEP,PG,PGR,PHM,PKG,PLD,PLTR,PNR,PNW,PODD,POOL,PPG,PPL,PSKY,PSX,PTC,PWR,RCL,REG,REGN,RJF,RL,RMD,ROST,RSG,RTX,RVTY,SBUX,SCHW,SHW,SMCI,SNPS,SO,SPG,SPY,STLD,STX,SWKS,SYF,SYK,SYY,TDG,TEL,TFC,TGT,TJX,TKO,TMUS,TPL,TPR,TRGP,TRI,TRMB,TROW,TRV,TSCO,TSN,TT,TTD,TXN,TXT,TYL,UAL,UBER,UDR,UHS,ULTA,UNH,UNP,URI,USB,V,VICI,VLO,VLTO,VRSK,VRSN,VRTX,VST,VTRS,VZ,WAB,WAT,WBD,WDAY,WEC,WELL,WFC,WM,WMT,WRB,WTW,WY,WYNN,XEL,XOM,XYL,ZBH,ZS,^VIX","DHI,EIX,IVZ,LMT,MMM,NVR,PCG",345,7,[],[]
2024-02-21,"A,ABBV,ABNB,ACGL,ADM,ADP,ADSK,AEE,AEP,AES,AIG,AIZ,ALGN,ALL,ALLE,AMAT,AMCR,AME,AMP,ANET,AON,AOS,APH,APO,APP,ARE,ARES,ARM,ASML,ATO,AVGO,AVY,AXON,AXP,AZO,BA,BAC,BALL,BAX,BBY,BDX,BEN,BF.B,BG,BKNG,BKR,BLDR,BMY,BRK.B,BRO,BSX,BX,C,CAH,CAT,CB,CBOE,CBRE,CCL,CDW,CEG,CF,CHD,CI,CIEN,CL,CLX,CME,CMG,CMI,CMS,CNC,CNP,COF,COIN,COO,COP,COR,COST,CPRT,CPT,CRH,CRL,CSX,CTAS,CTSH,CTVA,CVNA,CVS,CVX,D,DAL,DASH,DECK,DELL,DG,DGX,DHR,DIS,DLTR,DOV,DOW,DPZ,DTE,DVA,DXCM,EA,EBAY,ED,EFX,EL,ELV,EME,EQIX,EQR,ERIE,ES,ESS,ETN,ETR,EW,EXE,F,FAST,FCX,FDS,FFIV,FIS,FISV,FITB,FIX,FRT,FSLR,FTNT,FTV,GD,GDDY,GE,GEHC,GILD,GLW,GM,GNRC,GPC,GPN,GS,GWW,HAL,HAS,HBAN,HCA,HD,HIG,HII,HLT,HOOD,HPE,HPQ,HSIC,HSY,HUBB,HWM,IBKR,ICE,IDXX,IEX,INTU,INVH,IR,IRM,ISRG,IT,J,JBL,JCI,JNJ,JPM,KDP,KEY,KKR,KLAC,L,LDOS,LEN,LH,LHX,LII,LIN,LLY,LNT,LRCX,LUV,LVS,LW,LYV,MA,MCK,MDLZ,MELI,META,MKC,MLM,MNST,MO,MPC,MPWR,MRK,MRVL,MS,MSCI,MSFT,MSTR,MTCH,MTD,NCLH,NDAQ,NDSN,NEM,NFLX,NI,NKE,NOW,NRG,NSC,NTAP,NTRS,NUE,NVDA,NWS,NWSA,NXPI,O,ODFL,OKE,ON,OTIS,OXY,PAYC,PAYX,PCAR,PEG,PEP,PG,PGR,PHM,PKG,PLD,PLTR,PNR,PNW,PODD,POOL,PPG,PPL,PSKY,PSX,PTC,PWR,RCL,REG,REGN,RJF,RL,RMD,ROST,RSG,RTX,RVTY,SBUX,SCHW,SHW,SMCI,SNPS,SO,SPG,SPY,STLD,SWKS,SYF,SYK,SYY,TDG,TEL,TFC,TGT,TJX,TKO,TMUS,TPL,TPR,TRGP,TRI,TRMB,TROW,TRV,TSCO,TSN,TT,TTD,TXN,TXT,TYL,UAL,UBER,UDR,UHS,ULTA,UNH,UNP,URI,USB,V,VICI,VLO,VLTO,VRSN,VRTX,VST,VTRS,VZ,WAB,WAT,WBD,WDAY,WEC,WELL,WFC,WM,WMT,WRB,WTW,WY,WYNN,XEL,XOM,XYL,ZBH,^VIX","AMT,AWK,CCI,DD,DHI,EIX,IVZ,KMB,LMT,MMM,NVR,PCG,SBAC,SRE,TAP,TDY",338,16,[],[]
2024-02-22,"A,ABBV,ABNB,ACGL,ADM,ADP,ADSK,AEE,AEP,AES,AIG,AIZ,ALGN,ALL,ALLE,AMAT,AMCR,AME,AMP,ANET,AON,AOS,APH,APO,APP,ARE,ARES,ARM,ASML,ATO,AVGO,AVY,AXON,AXP,AZO,BA,BAC,BALL,BAX,BBY,BDX,BEN,BF.B,BG,BKNG,BKR,BLDR,BMY,BRK.B,BRO,BSX,BX,C,CAH,CAT,CB,CBOE,CBRE,CCL,CDW,CEG,CF,CHD,CI,CIEN,CL,CLX,CME,CMG,CMI,CMS,CNC,CNP,COF,COIN,COO,COP,COR,COST,CPRT,CPT,CRH,CRL,CSX,CTAS,CTSH,CTVA,CVNA,CVS,CVX,D,DAL,DASH,DECK,DELL,DG,DGX,DHR,DIS,DLTR,DOV,DOW,DPZ,DTE,DVA,DXCM,EA,EBAY,ED,EFX,EL,ELV,EME,EQIX,EQR,ERIE,ES,ESS,ETN,ETR,EW,EXE,F,FAST,FCX,FDS,FFIV,FIS,FISV,FITB,FIX,FRT,FSLR,FTNT,FTV,GD,GDDY,GE,GEHC,GILD,GLW,GM,GNRC,GPC,GPN,GS,GWW,HAL,HAS,HBAN,HCA,HD,HIG,HII,HLT,HOOD,HPE,HPQ,HSIC,HSY,HUBB,HWM,IBKR,ICE,IDXX,IEX,INTU,INVH,IR,IRM,ISRG,IT,J,JBL,JCI,JNJ,JPM,KEY,KKR,KLAC,L,LDOS,LEN,LH,LHX,LII,LIN,LLY,LNT,LRCX,LUV,LVS,LW,LYV,MA,MCK,MDLZ,MELI,META,MKC,MLM,MNST,MO,MPC,MPWR,MRK,MRVL,MS,MSCI,MSFT,MSTR,MTCH,MTD,NCLH,NDAQ,NDSN,NFLX,NI,NKE,NOW,NRG,NSC,NTAP,NTRS,NUE,NVDA,NWS,NWSA,NXPI,O,ODFL,OKE,ON,OTIS,OXY,PAYC,PAYX,PCAR,PEG,PEP,PG,PGR,PHM,PKG,PLD,PLTR,PNR,PNW,PODD,POOL,PPG,PPL,PSKY,PSX,PTC,PWR,RCL,REG,REGN,RJF,RL,RMD,ROST,RSG,RTX,RVTY,SBUX,SCHW,SHW,SMCI,SNPS,SO,SPG,SPY,STLD,SWKS,SYF,SYK,SYY,TDG,TEL,TFC,TGT,TJX,TKO,TMUS,TPL,TPR,TRGP,TRI,TRMB,TROW,TRV,TSCO,TSN,TT,TTD,TXN,TXT,TYL,UAL,UBER,UDR,UHS,ULTA,UNH,UNP,URI,USB,V,VICI,VLO,VLTO,VRSN,VRTX,VST,VTRS,VZ,WAB,WAT,WBD,WDAY,WEC,WELL,WFC,WM,WMT,WRB,WTW,WY,WYNN,XEL,XOM,XYL,ZBH,^VIX","AMT,AWK,CCI,DD,DHI,EIX,HUM,IVZ,KMB,LMT,MMM,NOC,NVR,PCG,SBAC,SRE,TAP,TDY",336,18,[],[]
2024-02-23,"A,ABBV,ABNB,ACGL,ADM,ADP,ADSK,AEE,AEP,AES,AIG,AIZ,ALGN,ALL,ALLE,AMAT,AMCR,AME,AMP,ANET,AON,AOS,APH,APO,APP,ARE,ARES,ARM,ASML,ATO,AVGO,AVY,AXON,AXP,AZO,BA,BAC,BALL,BAX,BBY,BDX,BEN,BF.B,BG,BKR,BLDR,BMY,BRK.B,BRO,BSX,BX,C,CAH,CAT,CB,CBOE,CBRE,CCL,CDW,CEG,CF,CHD,CI,CIEN,CL,CLX,CME,CMG,CMI,CMS,CNC,CNP,COF,COIN,COO,COP,COR,COST,CPRT,CPT,CRH,CRL,CSX,CTAS,CTSH,CTVA,CVNA,CVS,CVX,D,DAL,DASH,DECK,DELL,DG,DGX,DHR,DIS,DLTR,DOV,DOW,DPZ,DTE,DVA,DXCM,EA,EBAY,ED,EFX,EL,ELV,EME,EQIX,EQR,ERIE,ES,ESS,ETN,ETR,EW,EXE,F,FAST,FCX,FDS,FFIV,FIS,FISV,FITB,FIX,FRT,FSLR,FTNT,FTV,GD,GDDY,GE,GEHC,GILD,GLW,GM,GNRC,GPC,GPN,GS,GWW,HAL,HAS,HBAN,HCA,HD,HIG,HII,HLT,HOOD,HPE,HPQ,HSIC,HSY,HUBB,HWM,IBKR,ICE,IDXX,IEX,INTU,INVH,IR,IRM,ISRG,IT,J,JBL,JCI,JNJ,JPM,KEY,KKR,KLAC,L,LDOS,LEN,LH,LHX,LII,LIN,LLY,LNT,LRCX,LUV,LVS,LW,LYV,MA,MCK,MDLZ,META,MKC,MLM,MNST,MO,MPC,MPWR,MRK,MRVL,MS,MSCI,MSFT,MSTR,MTCH,MTD,NCLH,NDAQ,NDSN,NFLX,NI,NKE,NOW,NRG,NSC,NTAP,NTRS,NUE,NVDA,NWS,NWSA,NXPI,O,ODFL,OKE,ON,OTIS,OXY,PAYC,PAYX,PCAR,PEG,PEP,PG,PGR,PHM,PKG,PLD,PLTR,PNR,PNW,POOL,PPG,PPL,PSKY,PSX,PTC,PWR,RCL,REG,REGN,RJF,RL,RMD,ROST,RSG,RTX,RVTY,SBUX,SCHW,SHW,SMCI,SNPS,SO,SPG,SPY,STLD,SWKS,SYF,SYK,SYY,TDG,TEL,TFC,TGT,TJX,TKO,TMUS,TPL,TPR,TRGP,TRI,TRMB,TROW,TRV,TSCO,TSN,TT,TTD,TXN,TXT,TYL,UAL,UBER,UDR,UHS,ULTA,UNH,UNP,URI,USB,V,VICI,VLO,VLTO,VRSN,VRTX,VST,VTRS,VZ,WAB,WAT,WDAY,WEC,WELL,WFC,WM,WMT,WRB,WTW,WY,WYNN,XEL,XOM,XYL,ZBH,^VIX","AMT,AWK,CCI,DD,DHI,EIX,HUM,INTC,IVZ,KMB,LMT,MCD,MMM,NOC,NVR,PCG,SBAC,SRE,TAP,TDY,TER",332,21,[],[]
2024-02-26,"A,ABBV,ABNB,ACGL,ADM,ADP,ADSK,AEE,AEP,AES,AIG,AIZ,ALGN,ALL,ALLE,AMAT,AMCR,AME,AMP,ANET,AON,AOS,APH,APO,APP,ARE,ARES,ARM,ASML,ATO,AVGO,AVY,AXON,AXP,AZO,BA,BAC,BALL,BAX,BBY,BDX,BEN,BF.B,BG,BKR,BLDR,BMY,BRK.B,BRO,BSX,BX,C,CAH,CAT,CB,CBOE,CBRE,CCL,CDW,CEG,CF,CHD,CI,CIEN,CL,CLX,CME,CMG,CMI,CMS,CNC,CNP,COF,COIN,COO,COP,COR,COST,CPRT,CPT,CRH,CRL,CSX,CTAS,CTSH,CTVA,CVNA,CVS,CVX,D,DAL,DASH,DECK,DELL,DG,DGX,DHR,DIS,DLTR,DOV,DOW,DPZ,DTE,DVA,DXCM,EA,EBAY,ED,EFX,EL,ELV,EME,EQIX,EQR,ERIE,ES,ESS,ETN,ETR,EW,EXE,F,FAST,FCX,FDS,FFIV,FIS,FISV,FITB,FIX,FRT,FSLR,FTNT,FTV,GD,GDDY,GE,GEHC,GILD,GLW,GM,GNRC,GPC,GPN,GS,GWW,HAL,HAS,HBAN,HCA,HD,HIG,HII,HLT,HOOD,HPE,HPQ,HSIC,HSY,HUBB,HWM,IBKR,ICE,IDXX,IEX,INTU,INVH,IR,IRM,ISRG,IT,J,JBL,JCI,JNJ,JPM,KEY,KKR,KLAC,L,LDOS,LEN,LH,LHX,LII,LIN,LLY,LNT,LRCX,LUV,LVS,LW,LYV,MA,MCK,MDLZ,META,MKC,MLM,MNST,MO,MPC,MPWR,MRK,MRVL,MS,MSCI,MSFT,MSTR,MTCH,MTD,NCLH,NDAQ,NDSN,NFLX,NI,NKE,NOW,NRG,NSC,NTAP,NTRS,NUE,NVDA,NWS,NWSA,NXPI,O,ODFL,OKE,ON,OTIS,OXY,PAYC,PAYX,PCAR,PEG,PEP,PG,PGR,PHM,PKG,PLD,PLTR,PNR,PNW,POOL,PPG,PPL,PSKY,PSX,PTC,PWR,RCL,REG,REGN,RJF,RL,RMD,ROST,RSG,RTX,RVTY,SBUX,SCHW,SHW,SMCI,SNPS,SO,SPG,SPY,STLD,SWKS,SYF,SYK,SYY,TDG,TEL,TFC,TGT,TJX,TKO,TMUS,TPL,TPR,TRGP,TRI,TRMB,TROW,TRV,TSCO,TSN,TT,TTD,TXN,TXT,TYL,UAL,UBER,UDR,UHS,ULTA,UNH,UNP,URI,USB,V,VICI,VLO,VLTO,VMC,VRSN,VRTX,VST,VTRS,WAB,WAT,WDAY,WEC,WELL,WFC,WM,WMT,WRB,WTW,WY,WYNN,XEL,XOM,XYL,XYZ,ZBH,^VIX","AMT,AWK,CCI,DD,DHI,EIX,HUM,INTC,IVZ,KMB,LMT,MCD,MMM,NOC,NVR,PCG,PDD,SBAC,SRE,TAP,TDY,TER",333,22,[],[]
2024-02-27,"A,ABBV,ABNB,ACGL,ADM,ADP,ADSK,AEE,AEP,AIG,AIZ,ALGN,ALL,ALLE,AMAT,AMCR,AME,AMP,ANET,AON,AOS,APH,APO,APP,ARE,ARES,ARM,ASML,ATO,AVGO,AVY,AXON,AXP,AZO,BA,BAC,BALL,BAX,BBY,BDX,BEN,BF.B,BG,BKR,BLDR,BMY,BRK.B,BRO,BSX,BX,C,CAH,CAT,CB,CBOE,CBRE,CCL,CDW,CEG,CF,CHD,CI,CIEN,CL,CLX,CME,CMG,CMI,CMS,CNC,CNP,COF,COIN,COO,COP,COR,COST,CPRT,CPT,CRH,CRL,CSX,CTAS,CTSH,CTVA,CVNA,CVS,CVX,D,DAL,DASH,DECK,DELL,DG,DGX,DHR,DIS,DLTR,DOV,DOW,DPZ,DTE,DVA,DXCM,EA,EBAY,ED,EFX,EL,ELV,EME,EQIX,EQR,ERIE,ES,ESS,ETN,ETR,EW,EXE,F,FAST,FCX,FDS,FFIV,FIS,FISV,FITB,FIX,FRT,FSLR,FTNT,FTV,GD,GDDY,GE,GEHC,GILD,GLW,GM,GNRC,GPC,GPN,GS,GWW,HAL,HAS,HBAN,HCA,HD,HIG,HII,HLT,HOOD,HPE,HPQ,HSIC,HSY,HUBB,HWM,IBKR,ICE,IDXX,IEX,INTU,INVH,IR,IRM,ISRG,IT,J,JBL,JCI,JNJ,JPM,KEY,KKR,KLAC,L,LDOS,LEN,LH,LHX,LII,LIN,LLY,LNT,LRCX,LUV,LVS,LW,LYV,MA,MCK,MDLZ,META,MKC,MLM,MNST,MO,MPC,MPWR,MRK,MRVL,MS,MSCI,MSFT,MSTR,MTCH,MTD,NCLH,NDAQ,NDSN,NFLX,NI,NKE,NOW,NRG,NSC,NTAP,NTRS,NUE,NVDA,NWS,NWSA,NXPI,O,ODFL,OKE,ON,OTIS,OXY,PAYC,PAYX,PCAR,PEG,PEP,PG,PGR,PHM,PKG,PLD,PLTR,PNR,PNW,POOL,PPG,PPL,PSKY,PSX,PTC,PWR,RCL,REG,REGN,RJF,RL,RMD,ROST,RSG,RTX,RVTY,SBUX,SCHW,SHW,SMCI,SNPS,SO,SPG,SPY,STLD,SWKS,SYF,SYK,SYY,TDG,TEL,TFC,TGT,TJX,TKO,TMUS,TPL,TPR,TRGP,TRI,TRMB,TROW,TRV,TSCO,TSN,TT,TTD,TXN,TXT,TYL,UAL,UBER,UDR,UHS,ULTA,UNP,URI,USB,V,VICI,VLO,VLTO,VMC,VRSN,VRTX,VST,VTRS,WAB,WAT,WEC,WELL,WFC,WM,WMT,WRB,WTW,WY,WYNN,XEL,XOM,XYL,XYZ,ZBH,^VIX","AMT,AWK,CCI,DD,DHI,EIX,FDX,HUM,INTC,IVZ,KMB,LMT,MCD,MMM,NOC,NVR,PCG,PDD,PFE,SBAC,SLB,SRE,TAP,TDY,TER,UPS",330,26,[],[]
2024-02-28,"A,ABBV,ABNB,ACGL,ADM,ADP,ADSK,AEE,AEP,AIG,AIZ,ALGN,ALL,ALLE,AMAT,AMCR,AME,AMP,ANET,AON,AOS,APH,APO,APP,ARE,ARES,ARM,ASML,ATO,AVGO,AVY,AXON,AXP,AZO,BA,BAC,BALL,BAX,BBY,BDX,BEN,BF.B,BG,BKR,BLDR,BMY,BRK.B,BRO,BSX,BX,C,CAH,CAT,CB,CBOE,CBRE,CCL,CDW,CEG,CF,CHD,CIEN,CL,CLX,CME,CMG,CMI,CMS,CNC,CNP,COF,COIN,COO,COP,COR,COST,CPRT,CPT,CRH,CRL,CSX,CTAS,CTSH,CTVA,CVNA,CVS,CVX,D,DAL,DASH,DECK,DELL,DG,DGX,DHR,DIS,DLTR,DOV,DOW,DPZ,DTE,DVA,DXCM,EA,EBAY,ED,EFX,EL,ELV,EME,EQIX,EQR,ERIE,ES,ESS,ETN,ETR,EW,EXE,F,FAST,FCX,FDS,FFIV,FIS,FISV,FITB,FIX,FRT,FSLR,FTNT,FTV,GD,GDDY,GE,GEHC,GILD,GLW,GM,GNRC,GPC,GPN,GS,GWW,HAL,HAS,HBAN,HCA,HD,HIG,HII,HLT,HOOD,HPE,HPQ,HSIC,HSY,HUBB,HWM,IBKR,ICE,IDXX,IEX,INTU,INVH,IR,IRM,ISRG,IT,J,JBL,JCI,JNJ,JPM,KEY,KKR,KLAC,L,LDOS,LEN,LH,LHX,LII,LIN,LLY,LNT,LRCX,LUV,LVS,LW,LYV,MA,MCK,MDLZ,META,MKC,MLM,MNST,MO,MPC,MPWR,MRK,MRVL,MS,MSCI,MSFT,MSTR,MTCH,MTD,NCLH,NDAQ,NDSN,NFLX,NI,NKE,NOW,NRG,NSC,NTAP,NTRS,NUE,NVDA,NWS,NWSA,NXPI,O,ODFL,OKE,ON,OTIS,OXY,PAYC,PAYX,PCAR,PEG,PEP,PG,PGR,PHM,PKG,PLD,PLTR,PNR,POOL,PPG,PPL,PSKY,PTC,PWR,RCL,REG,REGN,RJF,RL,ROST,RSG,RTX,RVTY,SBUX,SCHW,SHW,SMCI,SNPS,SO,SPG,SPY,STLD,SWKS,SYF,SYK,SYY,TDG,TEL,TFC,TGT,TJX,TMUS,TPL,TPR,TRGP,TRI,TRMB,TROW,TRV,TSCO,TSN,TT,TTD,TXN,TXT,TYL,UAL,UBER,UDR,UHS,ULTA,UNP,URI,USB,V,VICI,VLO,VLTO,VMC,VRSN,VRTX,VST,WAB,WAT,WEC,WELL,WFC,WM,WMT,WRB,WTW,WY,WYNN,XEL,XOM,XYL,XYZ,ZBH,^VIX","AAPL,ACN,ALNY,AMT,APTV,AWK,BR,BXP,CCI,CSCO,DD,DHI,EIX,FDX,GOOG,GOOGL,HUM,INCY,INTC,IVZ,KMB,LMT,LULU,MCD,MMM,MSI,NOC,NVR,PCG,PDD,PFE,ROK,ROP,SBAC,SLB,SRE,STZ,TAP,TDY,TER,UPS",324,41,[],[]
2024-02-29,"A,ABBV,ABNB,ACGL,ADM,ADP,ADSK,AEE,AEP,AIG,AIZ,ALGN,ALL,ALLE,AMAT,AMCR,AME,AMP,ANET,AON,AOS,APH,APO,APP,ARE,ARES,ARM,ASML,ATO,AVGO,AVY,AXON,AXP,AZO,BA,BAC,BALL,BAX,BBY,BEN,BF.B,BG,BKR,BLDR,BMY,BRK.B,BRO,BSX,BX,C,CAH,CAT,CB,CBOE,CBRE,CCL,CDW,CEG,CF,CHD,CIEN,CL,CLX,CME,CMG,CMI,CMS,CNC,CNP,COF,COIN,COO,COP,COR,COST,CPRT,CPT,CRH,CRL,CSX,CTAS,CTSH,CTVA,CVNA,CVS,CVX,D,DAL,DASH,DECK,DELL,DG,DGX,DHR,DIS,DLTR,DOV,DOW,DPZ,DTE,DVA,DXCM,EA,EBAY,ED,EFX,EL,ELV,EME,EQIX,EQR,ERIE,ES,ESS,ETN,ETR,EVRG,EW,EXE,F,FAST,FCX,FDS,FFIV,FIS,FISV,FITB,FIX,FRT,FSLR,FTNT,FTV,GD,GDDY,GE,GEHC,GILD,GLW,GM,GNRC,GPC,GPN,GS,GWW,HAL,HAS,HBAN,HCA,HD,HIG,HII,HLT,HOOD,HPE,HPQ,HSIC,HSY,HUBB,HWM,IBKR,ICE,IDXX,IEX,INTU,INVH,IR,IRM,ISRG,IT,J,JBL,JCI,JNJ,JPM,KEY,KKR,KLAC,KO,L,LDOS,LEN,LH,LHX,LII,LIN,LLY,LNT,LOW,LRCX,LUV,LVS,LW,LYV,MA,MCK,MDLZ,META,MKC,MLM,MNST,MO,MPC,MPWR,MRK,MRVL,MS,MSCI,MSFT,MSTR,MTCH,MTD,NCLH,NDAQ,NDSN,NFLX,NI,NKE,NOW,NRG,NSC,NTAP,NTRS,NUE,NVDA,NWS,NWSA,NXPI,O,ODFL,OKE,ON,OTIS,OXY,PAYC,PAYX,PCAR,PEG,PEP,PG,PGR,PH,PHM,PKG,PLD,PLTR,PNR,POOL,PPG,PPL,PSKY,PTC,PWR,RCL,REG,REGN,RJF,RL,ROST,RSG,RTX,RVTY,SBUX,SCHW,SHW,SMCI,SNPS,SO,SPG,SPY,STE,STLD,SWKS,SYF,SYK,SYY,TDG,TEL,TFC,TGT,TJX,TMUS,TPL,TPR,TRGP,TRI,TRMB,TROW,TRV,TSCO,TSN,TT,TTD,TXN,TXT,TYL,UAL,UBER,UDR,UHS,ULTA,UNP,URI,USB,V,VICI,VLO,VLTO,VMC,VRSN,VST,WAB,WAT,WEC,WELL,WFC,WM,WMT,WRB,WTW,WY,WYNN,XOM,XYL,XYZ,ZBH,^VIX","AAPL,ACN,AFL,ALNY,APTV,AWK,BR,BXP,CCI,CFG,CHRW,CSCO,DD,DHI,EIX,EXPD,FDX,GL,GOOG,GOOGL,HON,HUM,INCY,INTC,IP,ITW,IVZ,KMB,LMT,LULU,MCD,MET,MMM,MSI,MTB,NOC,NVR,PCG,PDD,PFE,PFG,PNC,QCOM,RF,ROK,ROP,SBAC,SLB,SRE,STZ,SWK,TAP,TDY,TECH,TER,UPS",326,56,[],[]
2024-03-01,"A,ABBV,ABNB,ACGL,ADM,ADP,ADSK,AEE,AEP,AIG,AIZ,ALGN,ALL,ALLE,AMAT,AMCR,AME,AMP,AMZN,ANET,AON,AOS,APH,APO,APP,ARE,ARES,ARM,ASML,ATO,AVGO,AVY,AXON,AXP,AZO,BA,BAC,BALL,BAX,BBY,BEN,BF.B,BG,BKR,BLDR,BMY,BRK.B,BRO,BSX,BX,C,CAH,CAT,CB,CBOE,CBRE,CCL,CDW,CEG,CF,CHD,CIEN,CL,CLX,CME,CMG,CMI,CMS,CNC,CNP,COF,COIN,COO,COP,COR,COST,CPRT,CPT,CRH,CRL,CSX,CTAS,CTSH,CTVA,CVNA,CVS,CVX,D,DAL,DASH,DDOG,DECK,DELL,DG,DGX,DHR,DIS,DLTR,DOV,DOW,DPZ,DTE,DVA,DXCM,EA,EBAY,ED,EFX,EL,ELV,EME,EQIX,EQR,ERIE,ES,ESS,ETN,ETR,EVRG,EW,EXE,F,FAST,FCX,FDS,FFIV,FIS,FISV,FITB,FIX,FRT,FSLR,FTNT,FTV,GD,GDDY,GE,GEHC,GILD,GLW,GM,GNRC,GPC,GPN,GS,GWW,HAL,HAS,HBAN,HCA,HD,HIG,HII,HLT,HOOD,HPE,HPQ,HSIC,HSY,HUBB,HWM,IBKR,ICE,IDXX,IEX,INTU,INVH,IR,IRM,ISRG,IT,J,JBL,JCI,JNJ,JPM,KEY,KKR,KLAC,KO,L,LDOS,LEN,LH,LHX,LII,LIN,LLY,LNT,LOW,LRCX,LUV,LW,LYV,MA,MCK,MDLZ,META,MKC,MLM,MNST,MO,MPC,MPWR,MRK,MRVL,MS,MSCI,MSFT,MSTR,MTCH,MTD,NCLH,NDAQ,NDSN,NFLX,NI,NKE,NOW,NRG,NSC,NTAP,NTRS,NUE,NVDA,NWS,NWSA,NXPI,O,ODFL,OKE,ON,OTIS,OXY,PAYC,PAYX,PCAR,PEG,PEP,PG,PGR,PH,PHM,PKG,PLD,PLTR,PNR,POOL,PPG,PPL,PSKY,PTC,PWR,RCL,REG,REGN,RJF,RL,ROST,RSG,RTX,RVTY,SBUX,SCHW,SHW,SMCI,SNPS,SO,SPG,SPY,STE,STLD,SWKS,SYF,SYK,SYY,TDG,TEL,TFC,TGT,TJX,TMUS,TPL,TPR,TRGP,TRI,TRMB,TROW,TRV,TSCO,TSN,TT,TTD,TXN,TXT,TYL,UAL,UBER,UDR,UHS,ULTA,UNP,URI,USB,V,VICI,VLO,VLTO,VMC,VRSN,VST,WAB,WAT,WEC,WELL,WFC,WM,WMT,WRB,WTW,WY,WYNN,XOM,XYL,XYZ,ZBH,^VIX","AAPL,ACN,AFL,ALNY,APA,APTV,AWK,BR,BXP,CCI,CFG,CHRW,CHTR,CSCO,DD,DHI,EIX,EXPD,FDX,GEN,GL,GOOG,GOOGL,HOLX,HON,HUM,INCY,INTC,IP,ITW,IVZ,KMB,LMT,LULU,LYB,MCD,MET,MMM,MSI,MTB,NOC,NVR,PCG,PDD,PFE,PFG,PNC,RF,ROK,ROP,SBAC,SLB,SRE,STZ,SW,SWK,TAP,TDY,TEAM,TECH,UPS",327,61,[],[]
2024-03-04,"A,ABBV,ABNB,ACGL,ADM,ADSK,AEE,AEP,AIG,AIZ,ALGN,ALL,ALLE,AMAT,AMCR,AME,AMP,AMZN,ANET,AON,AOS,APH,APO,APP,ARE,ARES,ARM,ASML,ATO,AVGO,AVY,AXON,AXP,AZO,BA,BAC,BALL,BAX,BBY,BEN,BF.B,BKR,BLDR,BMY,BRK.B,BRO,BSX,BX,C,CAH,CAT,CB,CBOE,CBRE,CCL,CDW,CEG,CF,CHD,CIEN,CL,CLX,CME,CMG,CMI,CMS,CNC,CNP,COF,COIN,COO,COP,COR,COST,CPRT,CPT,CRH,CRL,CSX,CTAS,CTSH,CTVA,CVNA,CVS,CVX,D,DAL,DASH,DDOG,DECK,DELL,DG,DGX,DHR,DIS,DLTR,DOV,DOW,DPZ,DTE,DVA,DXCM,EA,EBAY,ED,EFX,EL,ELV,EME,EQIX,EQR,ERIE,ES,ESS,ETN,ETR,EVRG,EW,EXE,F,FAST,FCX,FDS,FFIV,FIS,FISV,FITB,FIX,FRT,FSLR,FTNT,FTV,GD,GDDY,GE,GEHC,GILD,GLW,GM,GNRC,GPC,GPN,GS,GWW,HAL,HAS,HBAN,HCA,HD,HIG,HII,HLT,HOOD,HPE,HPQ,HSIC,HSY,HUBB,HWM,IBKR,ICE,IDXX,IEX,INTU,INVH,IR,IRM,ISRG,IT,J,JBL,JCI,JNJ,JPM,KEY,KKR,KLAC,KO,L,LDOS,LEN,LH,LHX,LII,LIN,LLY,LNT,LOW,LRCX,LUV,LW,LYV,MA,MCK,MDLZ,META,MKC,MLM,MNST,MPC,MPWR,MRVL,MS,MSCI,MSFT,MSTR,MTCH,MTD,NCLH,NDAQ,NDSN,NFLX,NI,NOW,NRG,NSC,NTAP,NTRS,NUE,NVDA,NWS,NWSA,NXPI,O,ODFL,OKE,ON,OTIS,OXY,PAYC,PAYX,PCAR,PEG,PEP,PG,PGR,PH,PHM,PKG,PLD,PLTR,PNR,POOL,PPG,PPL,PSKY,PTC,PWR,RCL,REG,REGN,RJF,ROST,RSG,RTX,RVTY,SBUX,SCHW,SHW,SMCI,SNPS,SO,SPG,SPY,STE,STLD,SWKS,SYF,SYK,SYY,TDG,TEL,TFC,TGT,TJX,TMUS,TPL,TPR,TRGP,TRI,TRMB,TROW,TRV,TSCO,TSN,TT,TTD,TXN,TXT,TYL,UAL,UBER,UDR,UHS,ULTA,UNP,URI,USB,V,VICI,VLO,VLTO,VMC,VRSN,VST,WAB,WAT,WEC,WELL,WFC,WM,WMT,WRB,WTW,WY,WYNN,XOM,XYL,XYZ,ZBH,^VIX","AAPL,ACN,AFL,ALNY,APA,APD,APTV,AWK,BR,BXP,CFG,CHRW,CHTR,CSCO,CSGP,DD,DHI,DOC,EIX,EOG,EXPD,FDX,GEN,GL,GOOG,GOOGL,HOLX,HON,HUM,INCY,IP,ITW,IVZ,KIM,KMB,LMT,LULU,MCD,MET,MMM,MSI,MTB,NEE,NOC,NVR,PCG,PDD,PFE,PFG,PSA,RF,ROK,ROP,SBAC,SJM,SLB,SRE,STZ,SW,SWK,TAP,TDY,TEAM,TECH,UPS,VTR",321,66,[],[]
2024-03-05,"A,ABBV,ABNB,ACGL,ADM,ADSK,AEE,AEP,AIG,AIZ,ALGN,ALL,ALLE,AMAT,AMCR,AME,AMP,AMZN,ANET,AON,AOS,APH,APO,APP,ARE,ARES,ARM,ASML,ATO,AVGO,AVY,AXON,AXP,AZO,BA,BAC,BALL,BAX,BBY,BEN,BF.B,BKR,BLDR,BMY,BRK.B,BRO,BSX,BX,C,CAH,CAT,CB,CBOE,CBRE,CCL,CDW,CEG,CF,CHD,CIEN,CL,CLX,CME,CMG,CMI,CMS,CNC,CNP,COF,COIN,COO,COP,COR,COST,CPRT,CPT,CRH,CRL,CSX,CTAS,CTSH,CTVA,CVNA,CVS,CVX,D,DAL,DASH,DDOG,DECK,DELL,DG,DGX,DHR,DIS,DLTR,DOV,DOW,DPZ,DTE,DVA,DXCM,EA,EBAY,ED,EFX,EL,ELV,EME,EQIX,EQR,ERIE,ES,ESS,ETN,ETR,EVRG,EW,EXE,F,FAST,FCX,FDS,FFIV,FIS,FISV,FITB,FIX,FRT,FSLR,FTNT,FTV,GD,GDDY,GE,GEHC,GILD,GLW,GM,GNRC,GPC,GPN,GS,GWW,HAL,HAS,HBAN,HCA,HD,HIG,HII,HLT,HOOD,HPE,HPQ,HSIC,HSY,HUBB,HWM,IBKR,ICE,IDXX,IEX,INTU,INVH,IR,IRM,ISRG,IT,J,JBL,JCI,JNJ,JPM,KEY,KKR,KLAC,KO,L,LDOS,LEN,LH,LHX,LII,LIN,LLY,LNT,LOW,LRCX,LUV,LW,LYV,MA,MCK,MDLZ,META,MKC,MLM,MNST,MPC,MPWR,MRVL,MS,MSCI,MSFT,MSTR,MTCH,MTD,NCLH,NDAQ,NDSN,NFLX,NI,NOW,NRG,NSC,NTAP,NTRS,NUE,NVDA,NWS,NWSA,NXPI,O,OKE,ON,OTIS,OXY,PAYC,PCAR,PEG,PEP,PG,PGR,PH,PHM,PKG,PLD,PLTR,PNR,POOL,PPG,PPL,PSKY,PWR,RCL,REG,REGN,RJF,ROST,RSG,RTX,RVTY,SCHW,SHW,SMCI,SNPS,SO,SPG,SPY,STE,STLD,SYF,SYK,SYY,TDG,TEL,TFC,TGT,TJX,TMUS,TPL,TPR,TRGP,TRI,TRMB,TROW,TRV,TSCO,TSN,TT,TTD,TXN,TXT,TYL,UAL,UBER,UDR,UHS,ULTA,UNP,URI,USB,V,VICI,VLO,VLTO,VMC,VRSN,VST,WAB,WAT,WEC,WELL,WFC,WM,WMT,WRB,WTW,WY,WYNN,XOM,XYL,XYZ,ZBH,^VIX","AAPL,ACN,AFL,ALNY,APA,APD,APTV,AWK,BR,BXP,CHRW,CHTR,CSCO,CSGP,DD,DHI,DOC,EIX,EOG,EXPD,FDX,GEN,GL,GOOG,GOOGL,HOLX,HON,HUM,INCY,IP,ITW,IVZ,KIM,KMB,LMT,LULU,MCD,MET,MMM,MSI,NEE,NOC,NVR,PCG,PDD,PFE,PFG,PSA,ROK,ROP,SBAC,SJM,SLB,SRE,STZ,SW,SWK,TAP,TDY,TEAM,TECH,UPS,VTR",316,63,[],[]
2024-03-06,"A,ABBV,ABNB,ACGL,ADM,ADSK,AEE,AEP,AIG,AIZ,ALGN,ALL,ALLE,AMAT,AMCR,AME,AMP,AMZN,ANET,AON,AOS,APH,APO,APP,ARE,ARES,ARM,ASML,ATO,AVGO,AVY,AXON,AXP,AZO,BA,BAC,BALL,BAX,BBY,BEN,BKR,BLDR,BMY,BRK.B,BRO,BSX,BX,C,CAH,CAT,CB,CBOE,CBRE,CCL,CDW,CEG,CF,CHD,CIEN,CL,CLX,CME,CMG,CMI,CMS,CNC,CNP,COF,COIN,COO,COP,COR,COST,CPRT,CPT,CRH,CRL,CSX,CTAS,CTVA,CVNA,CVS,CVX,D,DAL,DASH,DDOG,DECK,DELL,DG,DGX,DHR,DIS,DLTR,DOV,DOW,DPZ,DTE,DVA,DXCM,EA,EBAY,ECL,ED,EFX,EL,ELV,EME,EMR,EQIX,EQR,ERIE,ES,ESS,ETN,ETR,EVRG,EW,EXE,F,FAST,FCX,FDS,FFIV,FIS,FISV,FITB,FIX,FRT,FSLR,FTNT,FTV,GD,GDDY,GE,GEHC,GILD,GLW,GM,GNRC,GPC,GPN,GS,GWW,HAL,HAS,HBAN,HCA,HD,HIG,HII,HLT,HOOD,HPE,HPQ,HSIC,HSY,HUBB,HWM,IBKR,ICE,IDXX,IEX,INTU,INVH,IR,IRM,ISRG,IT,J,JBL,JCI,JNJ,JPM,KEY,KKR,KLAC,KO,L,LDOS,LEN,LH,LHX,LII,LIN,LLY,LNT,LOW,LRCX,LUV,LW,LYV,MA,MAS,MCK,MDLZ,META,MKC,MLM,MNST,MPC,MPWR,MRVL,MS,MSCI,MSFT,MSTR,MTD,NCLH,NDAQ,NDSN,NFLX,NI,NOW,NRG,NSC,NTAP,NTRS,NUE,NVDA,NWS,NWSA,NXPI,O,OKE,ON,OTIS,OXY,PAYC,PCAR,PEG,PEP,PG,PGR,PH,PHM,PKG,PLD,PLTR,PNR,POOL,PPG,PPL,PRU,PSKY,PWR,RCL,REG,REGN,RJF,ROST,RSG,RTX,RVTY,SCHW,SHW,SMCI,SNPS,SO,SPG,SPY,STE,STLD,SYF,SYK,SYY,TDG,TEL,TFC,TGT,TJX,TMUS,TPL,TPR,TRGP,TRI,TRMB,TROW,TRV,TSCO,TSN,TT,TTD,TXN,TXT,TYL,UAL,UBER,UDR,UHS,ULTA,UNP,URI,USB,V,VICI,VLO,VLTO,VMC,VRSN,VST,WAB,WAT,WEC,WELL,WFC,WM,WMT,WRB,WTW,WY,WYNN,XOM,XYL,XYZ,ZBH,^VIX","AAPL,ACN,ALNY,AMGN,APA,APD,APTV,AWK,BR,BXP,CARR,CHRW,CHTR,CMCSA,CSCO,CSGP,DD,DHI,EIX,EOG,EXPD,FDX,FOX,FOXA,GEN,GL,GOOG,GOOGL,HOLX,HON,HUM,INCY,IP,ITW,IVZ,KIM,KMB,LMT,LULU,MCD,MET,MMM,MSI,NEE,NOC,NVR,OMC,PCG,PDD,PFE,PFG,PSA,ROK,ROP,SBAC,SJM,SLB,SRE,STZ,SW,SWK,TAP,TDY,TEAM,TECH,UPS,VTR",317,67,[],[]
2024-03-07,"A,ABBV,ABNB,ACGL,ADM,ADSK,AEE,AEP,AIG,AIZ,ALGN,ALL,ALLE,AMAT,AMCR,AME,AMP,AMZN,ANET,AON,AOS,APH,APO,APP,ARE,ARES,ARM,ASML,ATO,AVGO,AVY,AXON,AXP,AZO,BA,BAC,BALL,BAX,BBY,BEN,BKR,BLDR,BMY,BRK.B,BRO,BSX,BX,C,CAH,CAT,CB,CBOE,CBRE,CCL,CDW,CEG,CF,CHD,CL,CLX,CME,CMG,CMI,CMS,CNC,CNP,COF,COIN,COO,COP,COR,COST,CPRT,CPT,CRH,CRL,CSX,CTAS,CTVA,CVNA,CVS,CVX,D,DAL,DASH,DDOG,DECK,DELL,DG,DGX,DHR,DIS,DLTR,DOV,DOW,DPZ,DTE,DVA,DXCM,EA,EBAY,ECL,ED,EFX,EL,ELV,EME,EMR,EQIX,EQR,ERIE,ES,ESS,ETN,ETR,EVRG,EW,EXE,F,FAST,FCX,FDS,FFIV,FICO,FIS,FISV,FITB,FIX,FRT,FSLR,FTNT,FTV,GD,GDDY,GE,GEHC,GILD,GLW,GM,GNRC,GPC,GPN,GS,GWW,HAL,HAS,HBAN,HCA,HD,HIG,HII,HLT,HOOD,HPE,HPQ,HSIC,HSY,HUBB,HWM,IBKR,ICE,IDXX,IEX,INTU,INVH,IR,IRM,ISRG,IT,J,JBL,JCI,JKHY,JNJ,JPM,KEY,KKR,KLAC,KO,L,LDOS,LEN,LH,LHX,LII,LIN,LLY,LNT,LOW,LRCX,LUV,LW,LYV,MA,MAS,MCK,MDLZ,META,MKC,MLM,MNST,MOH,MPC,MPWR,MRVL,MS,MSCI,MSFT,MSTR,MTD,NCLH,NDAQ,NDSN,NFLX,NI,NOW,NRG,NSC,NTAP,NTRS,NUE,NVDA,NWS,NWSA,NXPI,O,OKE,ON,OTIS,OXY,PAYC,PCAR,PEG,PEP,PG,PGR,PH,PHM,PKG,PLD,PLTR,PNR,POOL,PPG,PPL,PRU,PSKY,PWR,RCL,REG,REGN,RJF,ROST,RSG,RTX,RVTY,SCHW,SHW,SMCI,SNPS,SO,SPG,SPY,STE,STLD,SYF,SYK,SYY,TDG,TEL,TFC,TGT,TJX,TMUS,TPL,TPR,TRGP,TRI,TRMB,TROW,TRV,TSCO,TSN,TT,TTD,TXN,TXT,TYL,UAL,UBER,UDR,UHS,ULTA,UNP,URI,USB,V,VICI,VLO,VLTO,VMC,VRSN,VST,WAB,WAT,WEC,WELL,WFC,WM,WMT,WRB,WSM,WTW,WY,WYNN,XOM,XYL,XYZ,ZBH,^VIX","AAPL,ACN,ALNY,AMGN,APA,APD,APTV,AWK,BR,BXP,CHRW,CHTR,CMCSA,CPAY,CSCO,CSGP,DHI,DUK,EG,EIX,EOG,EXPD,FDX,FOX,FOXA,GEN,GL,GOOG,GOOGL,HOLX,HON,HUM,INCY,IP,ITW,IVZ,KIM,LMT,LULU,MCD,MET,MMM,MSI,NEE,NOC,NVR,ORLY,PCG,PDD,PFE,PFG,PM,PSA,PYPL,ROK,ROP,SBAC,SJM,SPGI,SRE,SW,SWK,T,TDY,TEAM,TECH,UPS,VTR",320,68,[],[]
2024-03-08,"A,ABBV,ABNB,ACGL,ADM,ADSK,AEE,AEP,AIG,AIZ,ALGN,ALL,ALLE,AMAT,AMCR,AME,AMP,AMZN,ANET,AON,AOS,APH,APO,APP,ARE,ARES,ARM,ASML,ATO,AVGO,AVY,AXON,AXP,AZO,BA,BAC,BALL,BAX,BBY,BEN,BKR,BLDR,BMY,BRK.B,BRO,BSX,BX,C,CAH,CAT,CB,CBOE,CBRE,CCL,CDW,CEG,CF,CHD,CL,CLX,CME,CMG,CMI,CMS,CNC,CNP,COF,COIN,COO,COP,COR,CPRT,CPT,CRH,CRL,CSX,CTAS,CTVA,CVNA,CVS,CVX,D,DAL,DASH,DDOG,DECK,DELL,DG,DGX,DHR,DIS,DLTR,DOV,DOW,DPZ,DTE,DVA,DXCM,EA,EBAY,ECL,ED,EFX,EL,ELV,EME,EMR,EQIX,EQR,ERIE,ES,ESS,ETN,ETR,EVRG,EW,EXE,F,FAST,FCX,FDS,FE,FFIV,FICO,FIS,FISV,FITB,FIX,FRT,FSLR,FTNT,FTV,GD,GDDY,GE,GEHC,GILD,GLW,GM,GNRC,GPC,GPN,GS,GWW,HAL,HAS,HBAN,HCA,HD,HIG,HII,HLT,HOOD,HPE,HPQ,HSIC,HSY,HUBB,HWM,IBKR,ICE,IDXX,IEX,INTU,INVH,IR,IRM,ISRG,IT,J,JBL,JCI,JKHY,JNJ,JPM,KEY,KKR,KLAC,KO,L,LDOS,LEN,LH,LHX,LII,LIN,LLY,LNT,LOW,LRCX,LUV,LW,LYV,MA,MAS,MCK,MDLZ,META,MKC,MLM,MNST,MOH,MPC,MPWR,MRVL,MS,MSCI,MSFT,MSTR,MTD,NCLH,NDAQ,NDSN,NFLX,NI,NOW,NRG,NSC,NTAP,NTRS,NUE,NVDA,NWS,NWSA,NXPI,O,OKE,ON,OTIS,OXY,PAYC,PCAR,PEG,PEP,PG,PGR,PH,PHM,PKG,PLD,PLTR,PNR,POOL,PPG,PPL,PRU,PSKY,PWR,RCL,REG,REGN,RJF,ROST,RSG,RTX,RVTY,SCHW,SHW,SMCI,SNPS,SO,SPG,SPY,STE,STLD,SYF,SYK,SYY,TDG,TEL,TFC,TGT,TJX,TMUS,TPL,TPR,TRGP,TRI,TRMB,TROW,TRV,TSCO,TSN,TT,TTD,TXN,TXT,TYL,UAL,UBER,UDR,UHS,ULTA,UNP,URI,USB,V,VICI,VLO,VLTO,VMC,VRSN,VST,WAB,WAT,WEC,WELL,WFC,WM,WMT,WRB,WSM,WTW,WY,WYNN,XOM,XYL,XYZ,ZBH,^VIX","AAPL,ACN,ALNY,AMGN,APA,APD,APTV,AWK,BR,BXP,CHRW,CHTR,CMCSA,CPAY,CPB,CSCO,CSGP,DHI,DUK,EG,EIX,EOG,EXPD,EXPE,FDX,FOX,FOXA,GEN,GL,GOOG,GOOGL,HON,HUM,INCY,IP,ITW,IVZ,KIM,LMT,LULU,MCD,MDT,MET,MMM,MSI,NOC,NVR,ORLY,PCG,PDD,PFE,PFG,PYPL,ROK,ROP,SBAC,SJM,SPGI,SRE,SW,SWK,T,TDY,TEAM,TECH,TTWO,UPS,VTR",320,68,[],[]
2024-03-11,"A,ABBV,ABNB,ACGL,ADM,ADSK,AEE,AEP,AIG,AIZ,ALGN,ALL,ALLE,AMAT,AMCR,AME,AMP,AMZN,ANET,AON,AOS,APH,APO,APP,ARE,ARES,ARM,ASML,ATO,AVGO,AVY,AXON,AXP,AZO,BAC,BALL,BAX,BBY,BEN,BKR,BLDR,BMY,BRK.B,BRO,BX,C,CAH,CAT,CB,CBOE,CBRE,CCL,CDW,CEG,CF,CHD,CL,CLX,CME,CMG,CMI,CMS,CNC,CNP,COF,COIN,COO,COP,COR,CPRT,CPT,CRH,CRL,CSX,CTAS,CTVA,CVNA,CVS,CVX,D,DAL,DASH,DDOG,DECK,DELL,DG,DGX,DHR,DIS,DLTR,DOV,DOW,DPZ,DTE,DVA,DXCM,EA,EBAY,ECL,ED,EFX,EL,ELV,EME,EMR,EQIX,EQR,ERIE,ES,ESS,ETN,ETR,EVRG,EW,EXE,F,FANG,FAST,FCX,FDS,FE,FFIV,FICO,FIS,FISV,FITB,FIX,FRT,FSLR,FTNT,FTV,GD,GDDY,GE,GEHC,GILD,GLW,GM,GNRC,GPC,GPN,GS,GWW,HAL,HAS,HBAN,HCA,HD,HIG,HII,HLT,HOOD,HPE,HPQ,HSIC,HSY,HUBB,IBKR,ICE,IDXX,IEX,INTU,INVH,IR,IRM,ISRG,IT,J,JBL,JCI,JKHY,JNJ,JPM,KEY,KKR,KLAC,KO,L,LDOS,LEN,LH,LHX,LII,LIN,LNT,LOW,LRCX,LUV,LW,LYV,MA,MCK,MDLZ,META,MKC,MLM,MNST,MOH,MPC,MPWR,MRVL,MS,MSCI,MSFT,MSTR,MTD,NCLH,NDAQ,NDSN,NFLX,NI,NOW,NRG,NSC,NTAP,NTRS,NUE,NVDA,NWS,NWSA,NXPI,O,OKE,ON,OTIS,OXY,PAYC,PCAR,PEG,PEP,PG,PGR,PH,PHM,PKG,PLD,PLTR,PNR,POOL,PPG,PPL,PRU,PSKY,PWR,RCL,REG,REGN,ROST,RSG,RTX,RVTY,SCHW,SHW,SMCI,SNPS,SO,SPG,SPY,STE,STLD,SYF,SYK,SYY,TDG,TEL,TFC,TGT,TJX,TMUS,TPL,TPR,TRGP,TRI,TRMB,TROW,TRV,TSCO,TSN,TT,TTD,TXN,TXT,TYL,UAL,UBER,UDR,UHS,ULTA,UNP,URI,USB,V,VICI,VLO,VLTO,VMC,VRSN,VST,WAB,WAT,WEC,WELL,WFC,WM,WMT,WRB,WSM,WTW,WY,WYNN,XOM,XYL,XYZ,ZBH,ZBRA,^VIX","AAPL,ACN,ALNY,AMGN,APA,APTV,AWK,BR,BXP,CHRW,CHTR,CPAY,CPB,CSGP,DHI,EIX,EOG,EXPD,EXPE,GEN,GL,GOOG,GOOGL,HON,HUM,INCY,IP,ITW,IVZ,KIM,LMT,LULU,MCD,MDT,MET,MMM,MSI,NOC,NVR,ORLY,PCG,PDD,PFG,PYPL,ROK,ROP,SBAC,SJM,SPGI,SW,SWK,T,TDY,TECH,TTWO,UPS,VTR",316,57,[],[]
2024-03-12,"A,ABBV,ABNB,ACGL,ADM,ADSK,AEE,AEP,AIG,AIZ,ALGN,ALL,ALLE,AMAT,AMCR,AME,AMP,AMZN,ANET,AON,AOS,APH,APO,APP,ARE,ARES,ARM,ASML,ATO,AVGO,AVY,AXON,AXP,AZO,BAC,BALL,BAX,BBY,BEN,BKR,BLDR,BMY,BRK.B,BRO,BX,C,CAH,CAT,CB,CBOE,CBRE,CCL,CDW,CEG,CF,CHD,CL,CLX,CME,CMG,CMI,CMS,CNC,CNP,COF,COIN,COO,COP,COR,CPRT,CPT,CRH,CRL,CSX,CTAS,CTVA,CVNA,CVS,CVX,D,DAL,DASH,DDOG,DECK,DELL,DG,DGX,DHR,DIS,DLTR,DOV,DOW,DPZ,DTE,DVA,DXCM,EA,EBAY,ECL,ED,EFX,EL,ELV,EME,EMR,EQIX,EQR,ERIE,ES,ESS,ETN,ETR,EVRG,EW,EXE,F,FANG,FAST,FCX,FDS,FE,FFIV,FICO,FIS,FISV,FITB,FIX,FRT,FSLR,FTNT,FTV,GD,GDDY,GE,GEHC,GILD,GLW,GM,GNRC,GPC,GPN,GS,GWW,HAL,HAS,HBAN,HCA,HD,HIG,HII,HLT,HOOD,HPE,HPQ,HSIC,HSY,HUBB,IBKR,ICE,IDXX,IEX,INTU,INVH,IR,IRM,ISRG,IT,J,JBL,JCI,JKHY,JNJ,JPM,KEY,KKR,KLAC,KO,L,LDOS,LEN,LH,LHX,LII,LIN,LNT,LOW,LRCX,LW,LYV,MA,MCK,MDLZ,META,MKC,MLM,MNST,MOH,MPC,MPWR,MRVL,MS,MSCI,MSFT,MSTR,MTD,NCLH,NDAQ,NDSN,NFLX,NI,NOW,NRG,NSC,NTAP,NTRS,NUE,NVDA,NWS,NWSA,NXPI,O,OKE,ON,OTIS,OXY,PAYC,PCAR,PEG,PEP,PG,PGR,PH,PHM,PKG,PLD,PLTR,PNR,POOL,PPG,PPL,PRU,PSKY,PWR,RCL,REG,REGN,ROST,RSG,RTX,RVTY,SCHW,SHW,SMCI,SNPS,SO,SPG,SPY,STE,STLD,SYF,SYK,SYY,TDG,TEL,TFC,TGT,TJX,TMUS,TPL,TPR,TRGP,TRI,TRMB,TROW,TRV,TSCO,TSN,TT,TTD,TXN,TXT,TYL,UAL,UBER,UDR,UHS,ULTA,UNP,URI,USB,V,VICI,VLO,VLTO,VMC,VRSN,VST,WAB,WAT,WEC,WELL,WFC,WM,WMT,WRB,WSM,WTW,WY,WYNN,XOM,XYL,XYZ,ZBH,ZBRA,^VIX","AAPL,ACN,ADI,ALNY,AMGN,APA,APTV,AWK,BK,BR,BXP,CDNS,CHRW,CHTR,CPAY,CPB,CSGP,DHI,DRI,EIX,EOG,EXPD,EXPE,GEN,GL,GOOG,GOOGL,HON,HUM,INCY,IP,ITW,IVZ,KEYS,KIM,LMT,LULU,MAR,MCD,MDT,MET,MSI,NOC,NVR,ORLY,PCG,PDD,PFG,PYPL,ROK,ROP,SBAC,SHOP,SJM,SPGI,STT,SW,SWK,T,TDY,TECH,TTWO,VTR,ZTS",315,64,[],[]
2024-03-13,"A,ABBV,ABNB,ACGL,ADM,ADSK,AEE,AEP,AIG,AIZ,ALGN,ALL,ALLE,AMAT,AMCR,AME,AMP,AMZN,ANET,AON,AOS,APH,APO,APP,ARE,ARES,ARM,ASML,ATO,AVGO,AVY,AXON,AXP,AZO,BAC,BALL,BAX,BBY,BEN,BKR,BLDR,BMY,BRK.B,BRO,BX,C,CAH,CAT,CB,CBOE,CBRE,CCL,CDW,CEG,CF,CHD,CL,CLX,CME,CMG,CMI,CMS,CNC,CNP,COF,COIN,COO,COP,COR,CPRT,CPT,CRH,CRL,CSX,CTAS,CTVA,CVNA,CVS,CVX,D,DAL,DASH,DDOG,DECK,DELL,DG,DGX,DHR,DIS,DOV,DOW,DPZ,DTE,DVA,DXCM,EA,EBAY,ECL,ED,EFX,EL,ELV,EME,EMR,EQR,ERIE,ES,ESS,ETN,ETR,EVRG,EW,EXE,F,FANG,FAST,FCX,FDS,FE,FFIV,FICO,FIS,FISV,FITB,FIX,FRT,FSLR,FTNT,FTV,GD,GDDY,GE,GILD,GLW,GM,GNRC,GPC,GPN,GS,GWW,HAL,HAS,HBAN,HCA,HD,HIG,HII,HLT,HOOD,HPE,HPQ,HSIC,HSY,HUBB,IBKR,ICE,IDXX,IEX,INTU,INVH,IQV,IR,IRM,ISRG,IT,J,JBL,JCI,JKHY,JNJ,JPM,KEY,KKR,KLAC,KO,L,LDOS,LEN,LH,LHX,LII,LIN,LNT,LOW,LRCX,LW,LYV,MA,MCK,MDLZ,META,MKC,MLM,MNST,MOH,MPC,MPWR,MRVL,MS,MSCI,MSFT,MSTR,MTD,NCLH,NDAQ,NDSN,NFLX,NI,NOW,NRG,NSC,NTAP,NTRS,NUE,NVDA,NWS,NWSA,NXPI,O,OKE,ON,OTIS,OXY,PAYC,PCAR,PEG,PEP,PG,PGR,PH,PHM,PKG,PLD,PLTR,PNR,POOL,PPG,PPL,PRU,PSKY,PWR,RCL,REG,REGN,ROST,RSG,RTX,RVTY,SCHW,SHW,SMCI,SNPS,SO,SPG,SPY,STE,STLD,SYF,SYK,SYY,TDG,TEL,TFC,TGT,TJX,TMUS,TPL,TPR,TRGP,TRI,TRMB,TROW,TRV,TSCO,TSN,TT,TTD,TXN,TXT,TYL,UAL,UBER,UDR,UHS,ULTA,UNP,URI,USB,V,VICI,VLO,VLTO,VMC,VRSN,VST,WAB,WAT,WEC,WELL,WFC,WM,WMT,WRB,WSM,WTW,WY,WYNN,XOM,XYL,XYZ,ZBH,ZBRA,^VIX","AAPL,ACN,ADI,AKAM,ALNY,AMGN,APTV,AWK,BK,BR,BXP,CDNS,CHRW,CHTR,CPAY,CPB,CSGP,DHI,DRI,EIX,EOG,EXPD,EXPE,GEN,GL,GOOG,GOOGL,HON,HUM,INCY,IP,ITW,IVZ,KEYS,KHC,KIM,LMT,LULU,MAR,MCD,MDT,MET,MGM,MSI,NOC,NVR,ORLY,PCG,PDD,PFG,ROK,ROP,SBAC,SHOP,SJM,SPGI,STT,SW,SWK,T,TDY,TECH,TTWO,VTR,WMB,ZTS",313,66,[],[]
2024-03-14,"A,ABBV,ABNB,ACGL,ADM,ADSK,AEE,AEP,AIG,AIZ,ALGN,ALL,ALLE,AMAT,AMCR,AME,AMP,AMZN,ANET,AON,AOS,APH,APO,APP,ARE,ARES,ARM,ASML,ATO,AVGO,AVY,AXON,AXP,AZO,BAC,BALL,BAX,BBY,BKR,BLDR,BMY,BRK.B,BRO,BX,C,CAH,CAT,CB,CBOE,CBRE,CCL,CDW,CEG,CF,CHD,CL,CME,CMG,CMI,CNC,CNP,COF,COIN,COO,COP,COR,CPRT,CPT,CRH,CRL,CSX,CTAS,CTVA,CVNA,CVS,CVX,D,DAL,DASH,DDOG,DECK,DELL,DG,DGX,DHR,DIS,DOV,DOW,DPZ,DVA,DVN,DXCM,EA,EBAY,ECL,ED,EL,ELV,EME,EMR,EPAM,EQR,ERIE,ES,ESS,ETN,ETR,EVRG,EW,EXE,F,FANG,FAST,FCX,FDS,FE,FFIV,FICO,FIS,FISV,FITB,FIX,FRT,FSLR,FTNT,FTV,GD,GDDY,GE,GILD,GLW,GM,GNRC,GPC,GPN,GS,GWW,HAL,HAS,HBAN,HCA,HD,HIG,HII,HLT,HOOD,HPE,HPQ,HSIC,HSY,HUBB,IBKR,ICE,IDXX,IEX,INTU,INVH,IQV,IR,IRM,ISRG,IT,J,JBL,JCI,JKHY,JNJ,JPM,KEY,KKR,KLAC,KO,KR,L,LDOS,LHX,LII,LIN,LNT,LOW,LRCX,LW,LYV,MA,MAA,MCK,MDLZ,META,MKC,MLM,MNST,MOH,MPC,MPWR,MRSH,MRVL,MS,MSCI,MSFT,MSTR,MTD,NCLH,NDAQ,NDSN,NFLX,NI,NOW,NRG,NSC,NTAP,NTRS,NUE,NVDA,NWS,NWSA,NXPI,O,OKE,ON,OTIS,OXY,PAYC,PCAR,PEG,PEP,PG,PGR,PH,PHM,PKG,PLD,PLTR,PNR,POOL,PPG,PPL,PRU,PSKY,PWR,RCL,REGN,ROST,RSG,RTX,SCHW,SHW,SMCI,SNPS,SO,SPG,SPY,STE,STLD,SYF,SYK,SYY,TDG,TEL,TGT,TJX,TMUS,TPL,TPR,TRGP,TRI,TRMB,TROW,TRV,TSCO,TSN,TT,TXN,TXT,TYL,UAL,UBER,UDR,UHS,ULTA,UNP,URI,USB,V,VICI,VLO,VLTO,VMC,VRSN,VST,WAB,WAT,WEC,WELL,WFC,WM,WMT,WRB,WSM,WTW,WY,WYNN,XOM,XYL,XYZ,ZBH,ZBRA,^VIX","AAPL,ACN,ADI,AKAM,ALNY,AMGN,APTV,AWK,BK,BR,BXP,CDNS,CHRW,CHTR,CPAY,CPB,CSGP,DE,DHI,DRI,EIX,EOG,EXPD,EXPE,GEN,GL,GOOG,GOOGL,HON,HUM,INCY,IP,ITW,IVZ,KEYS,KHC,KIM,LMT,LULU,MAR,MCD,MDT,MET,MGM,MSI,NOC,NVR,PCG,PDD,PFG,ROK,ROL,ROP,SBAC,SHOP,SJM,SPGI,STT,SW,SWK,T,TDY,TECH,TTWO,VTR,WMB,ZTS",307,67,[],[]
2024-03-15,"A,ABBV,ABNB,ACGL,ADM,ADSK,AEE,AEP,AIG,AIZ,ALGN,ALL,ALLE,AMAT,AMCR,AME,AMP,AMZN,ANET,AON,AOS,APH,APO,APP,ARE,ARES,ARM,ASML,ATO,AVGO,AVY,AXON,AXP,AZO,BAC,BALL,BAX,BBY,BKR,BLDR,BMY,BRK.B,BRO,BX,C,CAH,CAT,CB,CBOE,CBRE,CCL,CDW,CEG,CF,CHD,CL,CME,CMG,CMI,CNC,CNP,COF,COIN,COO,COP,COR,CPRT,CPT,CRH,CRL,CSX,CTAS,CTVA,CVNA,CVS,CVX,D,DAL,DASH,DDOG,DECK,DELL,DG,DGX,DHR,DIS,DOV,DOW,DPZ,DVA,DVN,DXCM,EA,EBAY,ECL,ED,EL,ELV,EME,EMR,EPAM,EQR,ERIE,ES,ESS,ETN,ETR,EVRG,EW,EXE,F,FANG,FAST,FCX,FDS,FE,FFIV,FICO,FIS,FISV,FITB,FIX,FRT,FSLR,FTV,GD,GDDY,GE,GILD,GLW,GM,GNRC,GPC,GPN,GS,GWW,HAL,HAS,HBAN,HCA,HD,HIG,HII,HLT,HOOD,HPE,HPQ,HSIC,HSY,HUBB,IBKR,ICE,IDXX,IEX,INTU,INVH,IQV,IR,IRM,ISRG,IT,J,JCI,JKHY,JNJ,JPM,KEY,KKR,KLAC,KO,KR,L,LDOS,LHX,LII,LIN,LNT,LOW,LRCX,LW,LYV,MA,MAA,MCK,MDLZ,META,MKC,MLM,MNST,MOH,MPC,MPWR,MRSH,MRVL,MS,MSCI,MSFT,MSTR,MTD,NCLH,NDAQ,NDSN,NFLX,NI,NOW,NRG,NSC,NTAP,NTRS,NUE,NVDA,NWS,NWSA,O,OKE,ON,OTIS,OXY,PAYC,PCAR,PEG,PEP,PG,PGR,PH,PHM,PKG,PLD,PLTR,PNR,POOL,PPG,PPL,PRU,PSKY,PWR,RCL,REGN,ROST,RSG,RTX,SCHW,SHW,SMCI,SNPS,SO,SPG,SPY,STE,STLD,SYF,SYK,SYY,TDG,TEL,TGT,TJX,TMUS,TPL,TPR,TRGP,TRI,TRMB,TROW,TRV,TSCO,TSN,TT,TXN,TXT,TYL,UAL,UBER,UDR,UHS,UNP,URI,USB,V,VICI,VLO,VMC,VRSN,VST,WAB,WAT,WEC,WELL,WFC,WM,WMT,WRB,WSM,WTW,WY,WYNN,XOM,XYL,XYZ,ZBH,ZBRA,^VIX","AAPL,ACN,ADI,AKAM,ALNY,AMGN,APTV,AWK,BK,BR,BXP,CDNS,CHRW,CHTR,CPAY,CPB,DE,DHI,DLR,DRI,EIX,EOG,EXPD,EXPE,GEN,GL,GOOG,GOOGL,HON,HUM,INCY,IP,ITW,IVZ,KEYS,KHC,KIM,LMT,LULU,MAR,MCD,MDT,MET,MGM,MSI,NOC,NVR,PCG,PDD,ROK,ROL,ROP,SBAC,SHOP,SJM,SPGI,STT,SW,SWK,T,TDY,TECH,TTWO,VTR,WMB,ZTS",302,66,[],[]
2024-03-18,"A,ABBV,ABNB,ACGL,ADM,ADSK,AEE,AEP,AIG,AIZ,ALGN,ALL,ALLE,AMAT,AMCR,AME,AMP,AMZN,ANET,AON,AOS,APH,APO,APP,ARE,ARES,ARM,ASML,ATO,AVGO,AVY,AXON,AXP,AZO,BAC,BALL,BAX,BBY,BKR,BLDR,BMY,BRK.B,BRO,BX,C,CAG,CAH,CAT,CB,CBOE,CBRE,CCEP,CCL,CDW,CEG,CF,CHD,CL,CME,CMG,CMI,CNC,CNP,COF,COIN,COO,COP,COR,CPRT,CPT,CRH,CRL,CSX,CTAS,CTVA,CVNA,CVS,CVX,D,DAL,DASH,DDOG,DECK,DELL,DG,DGX,DHR,DIS,DOV,DOW,DPZ,DVA,DVN,DXCM,EA,EBAY,ECL,ED,EL,ELV,EME,EMR,EQR,ERIE,ES,ESS,ETN,ETR,EVRG,EW,EXE,F,FANG,FAST,FCX,FDS,FE,FFIV,FICO,FIS,FISV,FITB,FIX,FRT,FSLR,FTV,GD,GDDY,GE,GILD,GIS,GLW,GM,GNRC,GPC,GPN,GS,GWW,HAL,HAS,HBAN,HCA,HD,HIG,HII,HLT,HOOD,HPE,HPQ,HSIC,HSY,HUBB,IBKR,ICE,IDXX,IEX,INTU,INVH,IQV,IR,IRM,ISRG,IT,J,JCI,JKHY,JNJ,JPM,KEY,KKR,KLAC,KO,KR,L,LDOS,LHX,LII,LIN,LNT,LOW,LRCX,LW,LYV,MA,MAA,MCK,MDLZ,META,MKC,MLM,MNST,MOH,MPC,MPWR,MRSH,MRVL,MS,MSCI,MSFT,MSTR,MTD,NCLH,NDAQ,NDSN,NFLX,NI,NOW,NRG,NSC,NTAP,NTRS,NUE,NVDA,NWS,NWSA,O,OKE,ON,OTIS,OXY,PAYC,PCAR,PEG,PEP,PG,PGR,PH,PHM,PKG,PLD,PLTR,PNR,POOL,PPG,PPL,PRU,PSKY,PWR,RCL,REGN,ROST,RSG,RTX,SCHW,SHW,SMCI,SNPS,SO,SPG,SPY,STE,STLD,SYF,SYK,SYY,TDG,TEL,TGT,TJX,TMUS,TPL,TPR,TRGP,TRI,TRMB,TROW,TRV,TSCO,TSN,TT,TXN,TXT,TYL,UAL,UBER,UDR,UHS,UNP,URI,USB,V,VICI,VLO,VMC,VRSN,VST,WAB,WAT,WEC,WELL,WFC,WM,WMT,WRB,WSM,WTW,WY,WYNN,XOM,XYL,XYZ,ZBH,ZBRA,^VIX","AAPL,ACN,ADI,AKAM,ALNY,AMGN,APTV,AWK,BK,BR,BXP,CDNS,CHRW,CHTR,CPAY,CPB,DE,DHI,DLR,DRI,EIX,EOG,EXPD,EXPE,GEN,GL,HON,HUM,INCY,IP,ITW,IVZ,JBHT,KEYS,KHC,KIM,LMT,LULU,MAR,MCD,MDT,MET,MGM,MSI,NOC,NVR,PCG,PDD,ROK,ROL,ROP,SBAC,SHOP,SJM,SPGI,STT,SW,SWK,T,TDY,TECH,TTWO,VTR,WMB,ZTS",304,65,[],[]
2024-03-19,"A,ABBV,ABNB,ACGL,ADM,ADSK,AEE,AEP,AIG,AIZ,ALGN,ALL,ALLE,AMAT,AMCR,AME,AMP,AMZN,ANET,AON,AOS,APH,APO,APP,ARE,ARES,ARM,ASML,ATO,AVGO,AVY,AXON,AXP,AZO,BAC,BALL,BAX,BBY,BKR,BLDR,BMY,BRK.B,BRO,BX,C,CAG,CAH,CAT,CB,CBOE,CBRE,CCEP,CCL,CDW,CEG,CF,CHD,CL,CME,CMG,CMI,CNC,CNP,COF,COIN,COO,COP,COR,CPRT,CPT,CRH,CRL,CSX,CTAS,CTRA,CTVA,CVNA,CVS,CVX,D,DAL,DASH,DDOG,DECK,DELL,DG,DGX,DHR,DIS,DOV,DOW,DPZ,DVA,DVN,DXCM,EA,EBAY,ECL,ED,EL,ELV,EME,EMR,EQR,EQT,ERIE,ES,ESS,ETN,ETR,EVRG,EW,EXC,EXE,F,FANG,FAST,FCX,FDS,FE,FFIV,FICO,FIS,FISV,FITB,FIX,FRT,FSLR,FTV,GD,GDDY,GE,GILD,GIS,GLW,GM,GNRC,GPC,GPN,GRMN,GS,GWW,HAL,HAS,HBAN,HCA,HD,HIG,HII,HLT,HOOD,HPE,HPQ,HSIC,HST,HSY,HUBB,IBKR,ICE,IDXX,IEX,INTU,INVH,IQV,IR,IRM,ISRG,IT,J,JCI,JKHY,JNJ,JPM,KEY,KKR,KLAC,KO,KR,L,LDOS,LHX,LII,LIN,LNT,LOW,LRCX,LW,LYV,MA,MAA,MCK,MDLZ,META,MKC,MLM,MNST,MOH,MPC,MRSH,MRVL,MS,MSCI,MSFT,MSTR,MTD,NCLH,NDAQ,NDSN,NFLX,NI,NOW,NRG,NSC,NTAP,NTRS,NUE,NVDA,NWS,NWSA,O,OKE,ON,OTIS,OXY,PAYC,PCAR,PEG,PEP,PG,PGR,PH,PHM,PKG,PLD,PLTR,PNR,POOL,PPG,PPL,PRU,PSKY,PWR,RCL,REGN,ROST,RSG,RTX,SCHW,SHW,SMCI,SNPS,SO,SPG,SPY,STE,STLD,SYF,SYK,SYY,TDG,TEL,TGT,TJX,TMUS,TPL,TPR,TRGP,TRI,TRMB,TROW,TRV,TSCO,TSN,TT,TXN,TXT,TYL,UAL,UBER,UDR,UHS,UNP,URI,USB,V,VICI,VLO,VMC,VRSN,VST,WAB,WAT,WEC,WELL,WFC,WM,WMT,WRB,WSM,WTW,WY,WYNN,XOM,XYL,XYZ,ZBH,ZBRA,^VIX","AAPL,ACN,ADI,AKAM,ALNY,AMGN,APTV,AWK,BK,BR,BXP,CDNS,CHRW,CHTR,CPAY,CPB,CRWD,DHI,DLR,DRI,EIX,EOG,EXPD,EXPE,GEN,GL,HON,HUM,IFF,INCY,ITW,IVZ,JBHT,KEYS,KHC,KIM,LMT,LULU,MAR,MCD,MDT,MET,MGM,MSI,NVR,PANW,PCG,PDD,ROK,ROL,ROP,SBAC,SHOP,SJM,SPGI,STT,SW,SWK,T,TDY,TECH,TTWO,VRSK,VTR,ZS,ZTS",308,66,[],[]
2024-03-20,"A,ABBV,ABNB,ACGL,ADM,ADSK,AEE,AEP,AIG,AIZ,AJG,ALGN,ALL,ALLE,AMAT,AMD,AME,AMP,AMZN,ANET,AON,AOS,APH,APO,APP,ARE,ARES,ARM,ASML,ATO,AVGO,AVY,AXON,AXP,AZO,BAC,BALL,BAX,BBY,BKR,BLDR,BMY,BRK.B,BRO,BX,C,CAG,CAH,CAT,CB,CBOE,CBRE,CCEP,CCL,CDW,CEG,CF,CHD,CL,CME,CMG,CMI,CNC,CNP,COF,COIN,COO,COP,COR,CPRT,CPT,CRH,CRL,CSX,CTAS,CTRA,CTVA,CVNA,CVS,CVX,D,DAL,DASH,DDOG,DECK,DELL,DG,DGX,DHR,DIS,DOV,DOW,DPZ,DVA,DVN,DXCM,EA,EBAY,ECL,ED,EL,ELV,EME,EMR,EQR,EQT,ERIE,ES,ESS,ETN,ETR,EVRG,EW,EXC,EXE,F,FANG,FAST,FCX,FDS,FE,FFIV,FICO,FIS,FISV,FITB,FIX,FRT,FSLR,FTV,GD,GDDY,GE,GILD,GIS,GLW,GM,GNRC,GPC,GPN,GRMN,GS,GWW,HAL,HAS,HBAN,HCA,HD,HIG,HII,HLT,HOOD,HPE,HPQ,HSIC,HST,HSY,HUBB,IBKR,ICE,IDXX,IEX,INTU,INVH,IQV,IR,IRM,ISRG,IT,J,JCI,JKHY,JNJ,JPM,KEY,KKR,KLAC,KO,KR,L,LDOS,LHX,LII,LIN,LNT,LOW,LRCX,LW,LYV,MA,MAA,MCK,MDLZ,META,MKC,MLM,MNST,MOH,MOS,MPC,MRNA,MRSH,MRVL,MS,MSCI,MSFT,MSTR,MTD,MU,NCLH,NDAQ,NDSN,NFLX,NI,NOW,NRG,NSC,NTAP,NTRS,NUE,NVDA,NWS,NWSA,O,OKE,ON,OTIS,OXY,PAYC,PCAR,PEG,PEP,PG,PGR,PH,PHM,PKG,PLD,PLTR,PNR,POOL,PPG,PPL,PRU,PSKY,PWR,QQQ,RCL,REGN,ROST,RSG,RTX,SCHW,SHW,SMCI,SNPS,SO,SPG,SPY,STE,STLD,SYF,SYK,SYY,TDG,TEL,TGT,TJX,TMUS,TPL,TPR,TRGP,TRI,TRMB,TROW,TRV,TSCO,TSN,TT,TXN,TXT,TYL,UAL,UBER,UDR,UHS,UNP,URI,USB,V,VICI,VLO,VMC,VRSN,VST,WAB,WAT,WEC,WELL,WFC,WM,WMT,WRB,WSM,WTW,WY,WYNN,XOM,XYL,XYZ,ZBH,ZBRA,^VIX","AAPL,ACN,ADI,AKAM,ALNY,AMGN,APTV,AWK,BR,BXP,CDNS,CHRW,CHTR,CPAY,CPB,CRWD,DLR,DRI,EIX,EXPD,GEN,GL,HON,HUM,IFF,INCY,INSM,ITW,IVZ,JBHT,KDP,KEYS,KHC,KIM,LMT,LULU,MCD,MDT,MET,MGM,MSI,PANW,PCG,PDD,ROK,ROL,ROP,SBAC,SJM,SPGI,STT,SW,T,TDY,TECH,TTWO,VRSK,VTR,ZS,ZTS",313,60,[],[]
2024-03-21,"A,ABBV,ABNB,ACGL,ADM,ADSK,AEE,AEP,AIG,AIZ,AJG,ALGN,ALL,ALLE,AMAT,AMD,AME,AMP,AMZN,ANET,AON,AOS,APH,APO,APP,ARE,ARES,ARM,ASML,ATO,AVGO,AVY,AXON,AXP,AZO,BAC,BALL,BAX,BBY,BKR,BLDR,BMY,BRK.B,BRO,BX,C,CAG,CAH,CAT,CB,CBOE,CBRE,CCEP,CCL,CDW,CEG,CF,CHD,CL,CME,CMG,CMI,CNC,CNP,COF,COIN,COO,COP,COR,CPRT,CPT,CRH,CRL,CSX,CTAS,CTRA,CTVA,CVNA,CVS,CVX,D,DAL,DASH,DDOG,DECK,DELL,DG,DGX,DHR,DIS,DOV,DOW,DPZ,DVA,DVN,DXCM,EA,EBAY,ECL,ED,EL,ELV,EME,EMR,EQR,EQT,ERIE,ES,ESS,ETN,ETR,EVRG,EW,EXC,EXE,F,FANG,FAST,FCX,FE,FFIV,FICO,FIS,FISV,FITB,FIX,FRT,FSLR,FTV,GD,GDDY,GE,GILD,GIS,GLW,GM,GNRC,GPC,GPN,GRMN,GS,GWW,HAL,HAS,HBAN,HCA,HD,HIG,HII,HLT,HOOD,HPE,HPQ,HSIC,HST,HSY,HUBB,IBKR,ICE,IDXX,IEX,INTU,INVH,IQV,IR,IRM,ISRG,IT,J,JCI,JKHY,JNJ,JPM,KEY,KKR,KLAC,KO,KR,L,LDOS,LHX,LII,LIN,LNT,LOW,LRCX,LW,LYV,MA,MAA,MCK,MDLZ,META,MKC,MLM,MNST,MOH,MOS,MPC,MRNA,MRSH,MRVL,MS,MSCI,MSFT,MSTR,MTD,MU,NCLH,NDAQ,NDSN,NFLX,NI,NOW,NRG,NSC,NTAP,NTRS,NUE,NVDA,NWS,NWSA,O,OKE,ON,OTIS,OXY,PAYC,PCAR,PEG,PEP,PG,PGR,PH,PHM,PKG,PLD,PLTR,PNR,POOL,PPG,PPL,PRU,PSKY,PWR,QQQ,RCL,REGN,ROST,RSG,RTX,SCHW,SHW,SMCI,SNPS,SO,SPG,SPY,STE,STLD,SYF,SYK,SYY,TDG,TEL,TGT,TJX,TMO,TMUS,TPL,TPR,TRGP,TRI,TRMB,TROW,TRV,TSCO,TSN,TT,TXN,TXT,TYL,UAL,UBER,UDR,UHS,UNP,URI,USB,V,VICI,VLO,VMC,VRSN,VST,WAB,WAT,WEC,WELL,WFC,WM,WMT,WRB,WSM,WTW,WY,WYNN,XOM,XYL,XYZ,ZBH,ZBRA,^VIX","AAPL,ACN,ADI,AKAM,ALNY,AMGN,APTV,AWK,BR,BXP,CHRW,CHTR,CPAY,CPB,CRWD,DLR,DRI,EIX,EXPD,GL,HON,HUM,IFF,INCY,INSM,ITW,IVZ,JBHT,KDP,KHC,MCD,MDT,MELI,MET,MGM,MSI,PANW,PCG,PDD,PODD,ROK,ROL,ROP,SBAC,SJM,SPGI,SW,T,TDY,TECH,VRSK,VTR,WBD,ZS,ZTS",313,55,[],[]
2024-03-22,"A,ABBV,ABNB,ACGL,ADM,ADSK,AEE,AEP,AIG,AIZ,ALGN,ALL,ALLE,AMAT,AMD,AME,AMP,AMZN,ANET,AON,AOS,APH,APO,APP,ARE,ARES,ARM,ASML,ATO,AVGO,AVY,AXON,AXP,AZO,BAC,BALL,BAX,BBY,BKR,BLDR,BMY,BRK.B,BRO,BX,C,CAG,CAH,CAT,CB,CBOE,CBRE,CCEP,CCL,CDW,CEG,CF,CHD,CL,CME,CMG,CMI,CNC,CNP,COF,COIN,COO,COP,COR,CPRT,CPT,CRH,CRL,CSX,CTAS,CTRA,CTVA,CVNA,CVS,CVX,D,DAL,DASH,DDOG,DECK,DELL,DG,DGX,DHR,DIS,DOV,DOW,DPZ,DVA,DVN,DXCM,EA,EBAY,ECL,ED,EL,ELV,EME,EMR,EQR,EQT,ERIE,ES,ESS,ETN,ETR,EVRG,EW,EXC,EXE,F,FANG,FAST,FCX,FE,FFIV,FICO,FIS,FISV,FITB,FIX,FRT,FSLR,FTV,GD,GDDY,GE,GILD,GIS,GLW,GM,GNRC,GPC,GPN,GRMN,GS,GWW,HAL,HAS,HBAN,HCA,HD,HIG,HII,HLT,HOOD,HPE,HPQ,HSIC,HST,HSY,HUBB,IBKR,ICE,IDXX,IEX,INTU,INVH,IQV,IR,IRM,ISRG,IT,J,JCI,JKHY,JNJ,JPM,KEY,KKR,KLAC,KO,KR,L,LDOS,LHX,LII,LIN,LNT,LOW,LRCX,LW,LYV,MA,MAA,MCK,MDLZ,META,MKC,MLM,MNST,MOH,MPC,MRNA,MRSH,MRVL,MS,MSCI,MSFT,MSTR,MTD,MU,NCLH,NDAQ,NDSN,NFLX,NI,NOW,NRG,NSC,NTAP,NTRS,NUE,NVDA,NWS,NWSA,O,OKE,ON,OTIS,OXY,PAYC,PCAR,PEG,PEP,PG,PGR,PH,PHM,PKG,PLD,PLTR,PNR,POOL,PPG,PPL,PRU,PSKY,PWR,QQQ,RCL,REGN,ROST,RSG,RTX,SCHW,SHW,SMCI,SNPS,SO,SPG,SPY,STE,STLD,SYF,SYK,SYY,TDG,TEL,TGT,TJX,TMO,TMUS,TPL,TPR,TRGP,TRI,TRMB,TROW,TRV,TSCO,TSN,TT,TXN,TXT,TYL,UAL,UBER,UDR,UHS,UNP,URI,USB,V,VICI,VLO,VMC,VRSN,VST,WAB,WAT,WEC,WELL,WFC,WM,WMT,WRB,WSM,WTW,WY,WYNN,XOM,XYL,XYZ,ZBH,ZBRA,^VIX","AAPL,ACN,ADI,AKAM,ALNY,AMGN,APTV,AWK,BR,BXP,CHRW,CHTR,CPAY,CPB,CRWD,DLR,DRI,EIX,EXPD,GL,HON,HUM,IFF,INCY,INSM,ITW,IVZ,JBHT,KDP,KHC,MCD,MDT,MELI,MET,MGM,MSI,PANW,PCG,PDD,PODD,ROK,ROL,ROP,SBAC,SJM,SPGI,SW,T,TDY,TECH,VRSK,VTR,VZ,WBD,ZS,ZTS",311,56,[],[]
2024-03-25,"A,ABBV,ABNB,ACGL,ADM,ADSK,AEE,AEP,AIG,AIZ,ALGN,ALL,ALLE,AMAT,AMD,AME,AMP,AMZN,ANET,AON,AOS,APH,APO,APP,ARE,ARES,ARM,ASML,ATO,AVGO,AVY,AXON,AXP,AZO,BAC,BALL,BAX,BBY,BKR,BLDR,BMY,BRK.B,BRO,BX,C,CAG,CAH,CAT,CB,CBOE,CBRE,CCEP,CCL,CDW,CEG,CF,CHD,CL,CME,CMG,CMI,CNC,CNP,COF,COIN,COO,COP,COR,CPRT,CPT,CRH,CRL,CSX,CTAS,CTRA,CTVA,CVNA,CVS,CVX,D,DAL,DASH,DDOG,DECK,DELL,DG,DGX,DIS,DOV,DOW,DPZ,DVA,DVN,DXCM,EA,EBAY,ECL,ED,ELV,EME,EMR,EQR,EQT,ERIE,ES,ESS,ETN,ETR,EVRG,EW,EXC,EXE,F,FANG,FAST,FCX,FE,FFIV,FICO,FIS,FISV,FITB,FIX,FRT,FSLR,FTV,GD,GDDY,GE,GILD,GIS,GLW,GM,GNRC,GPC,GPN,GRMN,GS,GWW,HAL,HAS,HBAN,HCA,HD,HIG,HII,HLT,HOOD,HPE,HPQ,HSIC,HST,HSY,HUBB,IBKR,ICE,IDXX,IEX,INTU,INVH,IQV,IR,IRM,ISRG,IT,J,JCI,JNJ,JPM,KEY,KKR,KLAC,KO,KR,L,LDOS,LHX,LII,LIN,LNT,LOW,LRCX,LW,LYV,MAA,MCK,MDLZ,META,MKC,MLM,MNST,MOH,MPC,MRNA,MRSH,MRVL,MS,MSCI,MSFT,MSTR,MTD,MU,NCLH,NDAQ,NDSN,NFLX,NI,NOW,NRG,NTAP,NTRS,NUE,NVDA,NWS,NWSA,O,OKE,ON,OTIS,OXY,PAYC,PCAR,PEG,PEP,PG,PGR,PH,PHM,PKG,PLD,PLTR,PNR,POOL,PPG,PPL,PRU,PSKY,PWR,QQQ,RCL,REGN,ROST,RSG,RTX,SCHW,SHW,SMCI,SNPS,SO,SPG,SPY,STLD,STX,SYF,SYK,SYY,TDG,TEL,TGT,TJX,TMO,TMUS,TPL,TRGP,TRI,TRMB,TROW,TRV,TSCO,TSN,TT,TXN,TXT,TYL,UAL,UBER,UDR,UHS,UNP,URI,USB,V,VICI,VLO,VMC,VRSN,VST,WAB,WAT,WEC,WELL,WFC,WM,WMT,WRB,WSM,WTW,WY,WYNN,XOM,XYL,XYZ,ZBH,ZBRA,^VIX","AAPL,ACN,ADI,AES,AKAM,AMGN,APTV,AWK,BR,BXP,CHRW,CHTR,CPAY,CPB,CRWD,DLR,DRI,EIX,EXPD,GL,HON,HUM,IFF,INCY,INSM,ITW,IVZ,JBHT,MCD,MDT,MELI,MET,MGM,MSI,PANW,PCG,PDD,PODD,ROK,ROL,ROP,SBAC,SJM,SPGI,T,TDY,TECH,UNH,VRSK,VTR,VZ,WBD,WDAY,ZS,ZTS",305,55,[],[]
2024-03-26,"A,ABBV,ABNB,ACGL,ADM,ADSK,AEE,AEP,AIG,AIZ,ALGN,ALL,ALLE,AMAT,AMD,AME,AMP,AMZN,ANET,AON,AOS,APH,APO,APP,ARE,ARES,ARM,ASML,ATO,AVGO,AVY,AXON,AXP,AZO,BAC,BALL,BAX,BBY,BKR,BLDR,BMY,BRK.B,BRO,BX,C,CAG,CAH,CAT,CB,CBOE,CBRE,CCEP,CCL,CDW,CEG,CF,CHD,CL,CME,CMG,CMI,CNC,COF,COIN,COO,COP,COR,CPRT,CRH,CRL,CTAS,CTRA,CTVA,CVNA,CVS,CVX,D,DAL,DASH,DDOG,DECK,DELL,DG,DGX,DIS,DOV,DOW,DPZ,DVA,DVN,DXCM,EA,EBAY,ECL,ELV,EME,EMR,EQR,EQT,ERIE,ESS,ETN,ETR,EVRG,EW,EXC,EXE,F,FANG,FAST,FCX,FE,FFIV,FICO,FIS,FISV,FITB,FIX,FRT,FSLR,FTV,GD,GDDY,GE,GILD,GIS,GLW,GM,GNRC,GPC,GPN,GRMN,GS,GWW,HAL,HAS,HBAN,HCA,HD,HIG,HII,HLT,HOOD,HPE,HPQ,HSIC,HSY,HUBB,IBKR,ICE,IDXX,IEX,INTU,INVH,IQV,IR,IRM,ISRG,IT,J,JCI,JNJ,JPM,KEY,KKR,KLAC,KO,KR,L,LDOS,LHX,LII,LIN,LNT,LOW,LRCX,LW,LYV,MAA,MCK,META,MKC,MLM,MNST,MOH,MPC,MRNA,MRSH,MRVL,MS,MSCI,MSFT,MSTR,MTD,MU,NCLH,NDAQ,NDSN,NFLX,NI,NOW,NRG,NTAP,NTRS,NUE,NVDA,NWS,NWSA,O,OKE,ON,OTIS,OXY,PAYC,PCAR,PEG,PEP,PG,PGR,PH,PHM,PKG,PLTR,PNR,POOL,PPG,PRU,PSKY,PWR,QQQ,RCL,REGN,ROST,RSG,RTX,SCHW,SHW,SMCI,SNPS,SO,SPG,SPY,STLD,STX,SYF,SYK,SYY,TDG,TEL,TGT,TJX,TMO,TMUS,TPL,TRGP,TRI,TRMB,TROW,TRV,TSCO,TSN,TT,TXN,TXT,TYL,UAL,UBER,UDR,UHS,URI,USB,V,VICI,VLO,VMC,VRSN,VST,WAB,WAT,WELL,WFC,WM,WMT,WRB,WSM,WTW,WY,WYNN,XOM,XYL,XYZ,ZBH,ZBRA,^VIX","AAPL,ACN,ADI,AES,AKAM,AMGN,APTV,AWK,BR,BXP,CHRW,CHTR,CI,CPAY,CPB,CRWD,DLR,DRI,EIX,EXPD,GL,HON,HUM,IFF,INCY,INSM,ITW,IVZ,JBHT,MCD,MDT,MELI,MET,MSI,PANW,PCG,PDD,PODD,ROK,ROL,ROP,SBAC,SJM,SPGI,T,TDY,TECH,UNH,VRSK,VTR,VTRS,VZ,WBD,WDAY,ZS,ZTS",294,56,[],[]
2024-03-27,"A,ABBV,ABNB,ACGL,ADM,ADSK,AEE,AEP,AIG,AIZ,ALGN,ALL,ALLE,AMAT,AMD,AME,AMP,AMT,AMZN,ANET,AON,AOS,APH,APO,APP,ARE,ARES,ARM,ASML,ATO,AVGO,AVY,AXON,AXP,AZO,BAC,BALL,BAX,BBY,BKR,BLDR,BMY,BRK.B,BRO,BX,C,CAG,CAH,CAT,CB,CBOE,CBRE,CCEP,CCL,CDW,CEG,CF,CHD,CL,CME,CMG,CMI,CNC,COF,COIN,COO,COP,COR,CPRT,CRH,CRL,CRM,CTAS,CTRA,CTVA,CVNA,CVS,CVX,D,DAL,DASH,DDOG,DECK,DELL,DG,DGX,DIS,DOV,DOW,DPZ,DVA,DVN,DXCM,EA,EBAY,ECL,ELV,EME,EMR,EQR,EQT,ERIE,ESS,ETN,ETR,EVRG,EW,EXC,EXE,F,FANG,FAST,FCX,FE,FFIV,FICO,FIS,FISV,FITB,FIX,FRT,FSLR,FTV,GD,GDDY,GE,GILD,GIS,GLW,GM,GNRC,GPC,GPN,GRMN,GS,GWW,HAL,HAS,HBAN,HCA,HD,HIG,HII,HLT,HOOD,HPE,HPQ,HRL,HSIC,HSY,HUBB,IBKR,ICE,IDXX,IEX,INTU,INVH,IQV,IR,IRM,ISRG,IT,J,JCI,JNJ,JPM,KEY,KKR,KLAC,KO,KR,L,LDOS,LHX,LII,LIN,LNT,LOW,LRCX,LW,LYV,MAA,MCK,META,MKC,MLM,MNST,MOH,MPC,MRNA,MRSH,MRVL,MS,MSCI,MSFT,MSTR,MTD,MU,NCLH,NDAQ,NDSN,NFLX,NI,NOW,NRG,NTAP,NTRS,NUE,NVDA,NWS,NWSA,O,OKE,ON,OTIS,OXY,PAYC,PCAR,PEG,PEP,PG,PGR,PH,PHM,PKG,PLTR,PNR,POOL,PPG,PRU,PSKY,PWR,QQQ,RCL,REGN,ROST,RSG,RTX,SCHW,SHW,SMCI,SNPS,SO,SPG,SPY,STLD,STX,SYF,SYK,SYY,TDG,TEL,TGT,TJX,TMO,TMUS,TPL,TRGP,TRI,TRMB,TROW,TRV,TSCO,TSN,TT,TXN,TXT,TYL,UAL,UBER,UDR,UHS,URI,USB,V,VICI,VLO,VMC,VRSN,VST,WAB,WAT,WDC,WELL,WFC,WM,WMT,WRB,WSM,WTW,WY,WYNN,XOM,XYL,XYZ,ZBH,ZBRA,^VIX","AAPL,ACN,ADI,AKAM,APTV,BR,BXP,CHRW,CHTR,CPAY,CPB,CRWD,DRI,EIX,EXPD,GL,HUM,INCY,INSM,ITW,IVZ,JBHT,MCD,MELI,MET,MSI,PANW,PDD,PODD,ROK,ROL,ROP,SBAC,SJM,SPGI,TDY,TECH,UNH,VRSK,VRTX,VTR,VTRS,WBD,WDAY,XEL,ZS,ZTS",298,47,[],[]
2024-03-28,"A,ABBV,ABNB,ACGL,ADM,ADSK,AEE,AEP,AIG,AIZ,ALGN,ALL,ALLE,AMAT,AMD,AME,AMP,AMT,AMZN,ANET,AON,AOS,APH,APO,APP,ARE,ARES,ARM,ASML,ATO,AVGO,AVY,AXON,AXP,AZO,BAC,BALL,BAX,BBY,BKR,BLDR,BMY,BRK.B,BRO,BX,C,CAG,CAH,CAT,CB,CBOE,CBRE,CCL,CDW,CEG,CF,CHD,CL,CME,CMG,CMI,CNC,COF,COIN,COO,COP,COR,CPRT,CRH,CRL,CRM,CTAS,CTRA,CTVA,CVNA,CVS,CVX,D,DAL,DASH,DDOG,DECK,DELL,DG,DGX,DIS,DOV,DOW,DPZ,DVA,DVN,DXCM,EA,EBAY,ECL,ELV,EME,EMR,EQR,EQT,ERIE,ESS,ETN,ETR,EVRG,EW,EXC,EXE,F,FANG,FAST,FCX,FE,FFIV,FICO,FIS,FISV,FITB,FIX,FRT,FSLR,FTV,GD,GDDY,GE,GILD,GIS,GLW,GM,GNRC,GPC,GPN,GRMN,GS,GWW,HAL,HAS,HBAN,HCA,HD,HIG,HII,HLT,HOOD,HPE,HPQ,HRL,HSIC,HSY,HUBB,IBKR,ICE,IDXX,IEX,INTU,INVH,IQV,IR,IRM,ISRG,IT,J,JCI,JNJ,JPM,KEY,KKR,KLAC,KO,KR,L,LDOS,LHX,LII,LIN,LNT,LOW,LRCX,LW,LYV,MAA,MCHP,MCK,META,MKC,MLM,MNST,MOH,MPC,MRNA,MRSH,MRVL,MS,MSCI,MSFT,MSTR,MTD,MU,NCLH,NDAQ,NDSN,NFLX,NI,NOW,NRG,NTAP,NTRS,NUE,NVDA,NWS,NWSA,O,OKE,ON,OTIS,OXY,PAYC,PCAR,PEG,PEP,PG,PGR,PH,PHM,PKG,PNR,POOL,PPG,PRU,PSKY,PWR,QCOM,QQQ,RCL,REGN,ROST,RSG,RTX,SCHW,SHW,SMCI,SNPS,SO,SPG,SPY,STLD,STX,SYF,SYK,SYY,TDG,TEL,TER,TGT,TJX,TMO,TMUS,TPL,TRGP,TRI,TRMB,TROW,TRV,TSCO,TSN,TT,TXN,TXT,TYL,UAL,UBER,UDR,UHS,URI,USB,V,VICI,VLO,VMC,VRSN,VST,WAB,WAT,WDC,WELL,WFC,WM,WMT,WRB,WSM,WTW,WY,WYNN,XOM,XYL,XYZ,ZBH,ZBRA,^VIX","AAPL,ACN,ADI,AKAM,APTV,BR,BXP,CHRW,CHTR,CPAY,CPB,CRWD,DRI,EXPD,GL,HUM,INCY,INSM,ITW,IVZ,JBHT,LVS,MCD,MELI,MET,MSI,PANW,PDD,PODD,ROK,ROL,ROP,SBAC,SJM,SPGI,TDY,TECH,UNH,VRSK,VRTX,VTR,VTRS,WBD,WDAY,XEL,ZS,ZTS",299,47,[],[]
2024-04-01,"A,ABBV,ABNB,ACGL,ADM,ADSK,AEE,AEP,AIG,AIZ,ALGN,ALL,ALLE,AMAT,AMD,AME,AMP,AMT,AMZN,ANET,AON,AOS,APH,APO,APP,ARE,ARES,ARM,ASML,ATO,AVB,AVGO,AVY,AXON,AXP,AZO,BAC,BALL,BAX,BBY,BKR,BLDR,BLK,BMY,BRK.B,BRO,BX,C,CAG,CAH,CAT,CB,CBOE,CBRE,CCL,CDW,CEG,CF,CHD,CL,CME,CMG,CMI,CNC,COF,COIN,COO,COP,COR,CPRT,CRH,CRL,CRM,CTAS,CTRA,CTVA,CVNA,CVS,CVX,D,DAL,DASH,DDOG,DECK,DELL,DG,DGX,DIS,DOV,DOW,DPZ,DVA,DVN,DXCM,EA,EBAY,ECL,ELV,EME,EMR,EQR,EQT,ERIE,ESS,ETN,ETR,EVRG,EW,EXC,EXE,EXR,F,FANG,FAST,FCX,FE,FFIV,FICO,FIS,FISV,FITB,FIX,FRT,FSLR,FTV,GD,GDDY,GE,GILD,GIS,GLW,GM,GNRC,GPC,GPN,GRMN,GS,GWW,HAL,HAS,HBAN,HCA,HIG,HII,HLT,HOOD,HPE,HPQ,HRL,HSIC,HSY,HUBB,IBKR,IBM,ICE,IDXX,IEX,INTC,INTU,INVH,IQV,IR,IRM,ISRG,IT,J,JCI,JNJ,JPM,KEY,KKR,KLAC,KO,KR,L,LDOS,LHX,LII,LIN,LNT,LOW,LRCX,LW,LYB,LYV,MAA,MCHP,MCK,META,MKC,MLM,MOH,MPC,MRNA,MRSH,MRVL,MS,MSCI,MSFT,MSTR,MTD,MU,NCLH,NDAQ,NDSN,NEM,NFLX,NI,NOW,NRG,NTAP,NTRS,NUE,NVDA,NWS,NWSA,O,OKE,ON,OTIS,OXY,PAYC,PCAR,PEG,PEP,PG,PGR,PH,PHM,PKG,PNC,PNR,POOL,PPG,PRU,PSKY,PWR,QCOM,QQQ,RCL,REGN,ROST,RSG,RTX,SCHW,SHW,SMCI,SNA,SNPS,SO,SPG,SPY,STLD,STX,SYF,SYK,SYY,TDG,TEL,TER,TGT,TJX,TMO,TMUS,TPL,TRGP,TRI,TRMB,TROW,TRV,TSCO,TSN,TT,TXN,TXT,TYL,UAL,UBER,UDR,UHS,URI,USB,V,VICI,VLO,VMC,VRSN,VST,WAB,WAT,WDC,WELL,WFC,WM,WMT,WRB,WSM,WTW,WY,WYNN,XOM,XYL,XYZ,ZBH,ZBRA,^VIX","AAPL,ACN,ADI,AKAM,APTV,BR,BXP,CHRW,CHTR,CPAY,CPB,CRWD,DRI,EXPD,GL,HUM,INCY,INSM,ITW,IVZ,JBHT,MCD,MELI,MET,MO,MSI,NKE,PANW,PDD,PODD,ROK,ROL,ROP,SBAC,SJM,SPGI,TDY,TECH,TSLA,UNH,VRSK,VRTX,VTR,VTRS,WBD,WDAY,XEL,ZS,ZTS",306,49,[],[]
2024-04-02,"A,ABBV,ABNB,ACGL,ADM,AEE,AEP,AIG,AIZ,ALGN,ALL,ALLE,AMAT,AMD,AME,AMP,AMT,AMZN,ANET,AON,AOS,APH,APO,APP,ARE,ARES,ARM,ASML,ATO,AVB,AVGO,AVY,AXON,AXP,AZO,BAC,BALL,BAX,BBY,BKR,BLDR,BLK,BMY,BRK.B,BRO,BX,C,CAG,CAH,CAT,CB,CBOE,CBRE,CCL,CDW,CEG,CF,CFG,CHD,CL,CME,CMG,CMI,COF,COIN,COP,COR,CPRT,CRH,CRM,CTAS,CTRA,CTVA,CVNA,CVX,D,DAL,DASH,DDOG,DECK,DELL,DG,DGX,DIS,DOV,DOW,DPZ,DVA,DVN,DXCM,EA,EBAY,ECL,EME,EMR,EQR,EQT,ERIE,ESS,ETN,ETR,EVRG,EW,EXC,EXE,EXR,F,FANG,FAST,FCX,FE,FFIV,FICO,FIS,FISV,FITB,FIX,FRT,FSLR,FTV,GD,GDDY,GE,GILD,GIS,GLW,GM,GNRC,GPC,GPN,GRMN,GS,GWW,HAL,HAS,HBAN,HCA,HIG,HII,HLT,HOOD,HPE,HPQ,HRL,HSIC,HSY,HUBB,IBKR,IBM,ICE,IEX,INTC,INTU,INVH,IQV,IR,IRM,IT,J,JCI,JNJ,JPM,KEY,KKR,KLAC,KO,KR,L,LDOS,LII,LIN,LNT,LRCX,LW,LYB,LYV,MAA,MCHP,MCK,META,MKC,MLM,MPC,MRNA,MRSH,MRVL,MS,MSCI,MSFT,MSTR,MTB,MTD,MU,NDAQ,NDSN,NEM,NFLX,NI,NOW,NRG,NTAP,NTRS,NUE,NVDA,NWS,NWSA,O,OKE,OXY,PAYC,PCAR,PEG,PEP,PG,PGR,PH,PHM,PKG,PNC,PNR,POOL,PPG,PRU,PSKY,PWR,QCOM,QQQ,RCL,REGN,RF,ROST,RSG,RTX,SCHW,SHW,SMCI,SNA,SNPS,SO,SPY,STLD,STX,SYF,SYK,SYY,TDG,TEL,TER,TGT,TJX,TMO,TMUS,TPL,TRGP,TRI,TRMB,TROW,TRV,TSCO,TSN,TT,TXN,TYL,UAL,UBER,UDR,UHS,USB,V,VICI,VLO,VRSN,VST,WAB,WAT,WDC,WELL,WFC,WM,WRB,WSM,WY,WYNN,XOM,XYL,XYZ,ZBH,ZBRA,^VIX","AAPL,ACN,ADI,AKAM,APTV,BR,BXP,CHRW,CHTR,CPAY,CPB,CRWD,DRI,EXPD,GL,HUM,INCY,INSM,ITW,IVZ,JBHT,MCD,MELI,MET,MO,MSI,NKE,ODFL,PANW,PAYX,PDD,PODD,PTC,ROK,ROL,ROP,SBAC,SBUX,SJM,SPGI,SWKS,TDY,TECH,TSLA,UNH,VRSK,VRTX,VTR,VTRS,WBD,WDAY,XEL,ZS,ZTS",289,54,[],[]
2024-04-03,"A,ABBV,ABNB,ACGL,ADM,AEE,AEP,AFL,AIG,AIZ,ALGN,ALL,ALLE,AMAT,AMD,AME,AMP,AMT,AMZN,ANET,AON,AOS,APH,APO,APP,ARE,ARES,ARM,ASML,ATO,AVB,AVGO,AVY,AXON,AXP,AZO,BAC,BALL,BAX,BBY,BKR,BLDR,BLK,BMY,BRK.B,BRO,BX,C,CAG,CAH,CAT,CB,CBOE,CBRE,CCL,CDW,CEG,CF,CFG,CHD,CINF,CL,CME,CMG,CMI,COF,COIN,COP,COR,CPRT,CRH,CRM,CTAS,CTRA,CTVA,CVNA,CVX,D,DAL,DASH,DDOG,DECK,DELL,DG,DGX,DIS,DOC,DOV,DOW,DPZ,DVA,DVN,DXCM,EA,EBAY,ECL,EME,EMR,EQR,EQT,ERIE,ESS,ETN,ETR,EVRG,EW,EXC,EXE,EXR,F,FANG,FAST,FCX,FE,FFIV,FICO,FIS,FISV,FITB,FIX,FRT,FSLR,FTV,GD,GDDY,GE,GIS,GLW,GM,GNRC,GPC,GPN,GRMN,GS,GWW,HAL,HAS,HBAN,HCA,HIG,HII,HLT,HOOD,HPE,HPQ,HRL,HSIC,HSY,HUBB,IBKR,IBM,ICE,IEX,INTU,INVH,IQV,IR,IRM,IT,J,JCI,JNJ,JPM,KEY,KKR,KLAC,KO,KR,L,LDOS,LII,LIN,LNT,LRCX,LYB,LYV,MAA,MCHP,MCK,META,MKC,MLM,MPC,MRNA,MRSH,MRVL,MS,MSCI,MSFT,MSTR,MTB,MTD,MU,NDAQ,NDSN,NEM,NFLX,NI,NOW,NRG,NTAP,NTRS,NUE,NVDA,NWS,NWSA,O,OKE,OXY,PAYC,PCAR,PEG,PEP,PGR,PH,PHM,PKG,PNC,PNR,POOL,PPG,PRU,PSKY,PWR,QCOM,QQQ,RCL,REGN,RF,RSG,RTX,SCHW,SHW,SMCI,SNA,SNPS,SO,SPY,STLD,STX,SYF,SYK,SYY,TDG,TEL,TER,TGT,TMO,TMUS,TPL,TRGP,TRI,TRMB,TROW,TRV,TSCO,TSN,TT,TXN,TYL,UAL,UBER,UDR,UHS,USB,V,VICI,VLO,VRSN,VST,WAB,WAT,WDC,WELL,WFC,WM,WRB,WSM,WY,WYNN,XOM,XYL,XYZ,ZBH,ZBRA,^VIX","AAPL,ACN,ADI,AKAM,APTV,BF.B,BR,BXP,CHRW,CHTR,CPAY,CPB,CRWD,CTSH,DRI,EXPD,GL,HUM,INCY,INSM,ITW,IVZ,JBHT,MCD,MELI,MET,MO,MSI,NKE,ODFL,PANW,PAYX,PDD,PODD,PTC,ROK,ROL,ROP,SBAC,SBUX,SJM,SPGI,SWKS,TDY,TECH,TSLA,UNH,VRSK,VRTX,VTR,VTRS,WBD,WDAY,XEL,ZS,ZTS",286,56,[],[]
2024-04-04,"A,ABNB,ACGL,ADM,AEE,AEP,AFL,AIG,ALGN,ALL,ALLE,AMAT,AME,AMP,AMT,AMZN,ANET,AOS,APH,APO,APP,ARE,ARES,ARM,ASML,ATO,AVB,AVGO,AVY,AXON,BAC,BALL,BAX,BBY,BKR,BLDR,BMY,BRK.B,BX,C,CAG,CAH,CARR,CAT,CBOE,CBRE,CCL,CDW,CEG,CF,CFG,CINF,CME,CMG,CMI,COF,COIN,COP,COR,CRH,CRM,CTAS,CTRA,CTVA,CVNA,CVX,D,DAL,DASH,DD,DDOG,DECK,DELL,DG,DGX,DIS,DOC,DOV,DOW,DPZ,DVA,DVN,DXCM,EBAY,ECL,EME,EMR,EQR,EQT,ERIE,ESS,ETN,ETR,EVRG,EXC,EXE,EXR,F,FANG,FAST,FCX,FE,FFIV,FICO,FIS,FITB,FIX,FRT,FSLR,FTV,GD,GDDY,GE,GIS,GLW,GM,GNRC,GPN,GRMN,GS,GWW,HAL,HAS,HBAN,HCA,HIG,HII,HLT,HOOD,HPE,HPQ,HRL,HSIC,HSY,HUBB,IBKR,IBM,ICE,INTU,INVH,IR,IRM,IT,J,JCI,JPM,KEY,KKR,KLAC,KMB,KR,L,LDOS,LIN,LNT,LRCX,LYB,LYV,MAA,MCHP,MCK,MCO,META,MKC,MLM,MPC,MRNA,MRSH,MRVL,MS,MSCI,MSFT,MSTR,MTB,MU,NDAQ,NDSN,NEM,NFLX,NI,NOW,NRG,NTAP,NTRS,NUE,NVDA,NWS,NWSA,O,OKE,OMC,OXY,PAYC,PCAR,PEG,PEP,PGR,PH,PHM,PKG,PNC,PNR,PNW,POOL,PPG,PRU,PSKY,PSX,PWR,QCOM,RCL,RF,RTX,SCHW,SHW,SLB,SMCI,SNA,SNPS,SO,STLD,STX,STZ,SYF,SYK,TAP,TDG,TEL,TER,TGT,TMO,TMUS,TPL,TRGP,TRI,TRMB,TROW,TRV,TSCO,TSN,TT,TXN,TYL,UAL,UBER,UDR,UHS,USB,V,VICI,VLO,VRSN,VST,WAB,WAT,WDC,WELL,WFC,WRB,WSM,WY,WYNN,XOM,XYL,ZBH,ZBRA,^VIX","AAPL,ACN,ADI,AKAM,APTV,BF.B,BR,BXP,CHRW,CHTR,CIEN,CPAY,CPB,CRWD,CTSH,DRI,EXPD,GL,HUM,INCY,INSM,ITW,IVZ,JBHT,MCD,MELI,MET,MO,MSI,NKE,ODFL,PANW,PAYX,PDD,PODD,PTC,ROK,ROL,ROP,SBAC,SBUX,SJM,SPGI,SWKS,TDY,TECH,TSLA,UNH,VRSK,VRTX,VTR,VTRS,WBD,WDAY,XEL,ZS,ZTS",267,57,[],[]
2024-04-05,"A,ABNB,ACGL,ADM,AEE,AEP,AFL,AIG,ALGN,ALL,ALLE,AMAT,AME,AMP,AMT,AMZN,ANET,AOS,APH,APO,APP,ARE,ARES,ARM,ASML,ATO,AVB,AVGO,AVY,AXON,BAC,BALL,BAX,BBY,BKR,BLDR,BMY,BRK.B,BX,C,CAG,CAH,CARR,CAT,CBOE,CBRE,CCL,CDW,CEG,CF,CFG,CINF,CME,CMG,CMI,COF,COIN,COP,COR,CRH,CRM,CTAS,CTRA,CTVA,CVNA,CVX,D,DAL,DASH,DD,DDOG,DECK,DELL,DG,DGX,DIS,DOC,DOV,DOW,DPZ,DVA,DVN,DXCM,EBAY,ECL,EME,EMR,EQR,EQT,ERIE,ESS,ETN,ETR,EVRG,EXC,EXE,EXR,F,FANG,FAST,FCX,FE,FFIV,FICO,FIS,FITB,FIX,FRT,FSLR,FTV,GD,GDDY,GE,GIS,GLW,GM,GNRC,GPN,GRMN,GS,GWW,HAL,HAS,HBAN,HCA,HIG,HII,HLT,HOLX,HOOD,HPE,HPQ,HRL,HSIC,HSY,HUBB,IBKR,IBM,ICE,INTU,INVH,IR,IRM,IT,J,JCI,JPM,KEY,KKR,KLAC,KMB,KR,L,LDOS,LIN,LNT,LRCX,LYB,LYV,MAA,MCHP,MCK,MCO,META,MKC,MLM,MPC,MRNA,MRSH,MRVL,MS,MSCI,MSFT,MSTR,MTB,MU,NDAQ,NDSN,NEE,NEM,NFLX,NI,NOW,NRG,NTAP,NTRS,NUE,NVDA,NWS,NWSA,O,OKE,OXY,PAYC,PCAR,PEG,PEP,PGR,PH,PHM,PKG,PM,PNC,PNR,PNW,POOL,PPG,PRU,PSA,PSKY,PSX,PWR,QCOM,RCL,RF,RTX,SCHW,SHW,SLB,SMCI,SNA,SNPS,SO,STLD,STX,STZ,SYF,SYK,TAP,TDG,TEL,TER,TGT,TMO,TMUS,TPL,TRGP,TRI,TRMB,TROW,TRV,TSCO,TSN,TT,TXN,TYL,UAL,UBER,UDR,UHS,USB,V,VICI,VLO,VRSN,VST,WAB,WAT,WDC,WELL,WFC,WRB,WSM,WY,WYNN,XOM,XYL,ZBH,ZBRA,^VIX","AAPL,ACN,ADI,AKAM,APTV,BF.B,BR,BXP,CHRW,CHTR,CIEN,COST,CPAY,CPB,CRWD,CTSH,DRI,EXPD,GL,HUM,INCY,INSM,ITW,IVZ,JBHT,MCD,MELI,MET,MO,MSI,NKE,ODFL,PANW,PAYX,PDD,PODD,PTC,ROK,ROL,ROP,SBAC,SBUX,SJM,SPGI,SWKS,TDY,TECH,TSLA,UNH,VRSK,VRTX,VTR,VTRS,WBD,WDAY,XEL,ZS,ZTS",270,58,[],[]
2024-04-08,"A,ABNB,ACGL,ADM,AEE,AEP,AFL,AIG,ALGN,ALL,ALLE,AMAT,AME,AMP,AMT,AMZN,ANET,AOS,APH,APO,APP,ARE,ARES,ARM,ASML,ATO,AVB,AVGO,AVY,AXON,BAC,BALL,BAX,BBY,BKR,BLDR,BMY,BRK.B,BX,C,CAG,CAH,CARR,CAT,CBOE,CBRE,CCL,CDW,CEG,CFG,CINF,CMCSA,CME,CMG,CMI,COF,COIN,COP,COR,CRH,CRM,CTAS,CTRA,CTVA,CVNA,CVX,D,DAL,DASH,DD,DDOG,DECK,DELL,DG,DGX,DIS,DOC,DOV,DOW,DPZ,DVA,DVN,DXCM,EBAY,ECL,EME,EMR,EQR,EQT,ERIE,ESS,ETN,ETR,EVRG,EXC,EXE,EXR,F,FANG,FAST,FCX,FDX,FE,FFIV,FICO,FIS,FITB,FIX,FOX,FOXA,FRT,FSLR,FTV,GD,GDDY,GE,GIS,GLW,GM,GNRC,GPN,GRMN,GS,GWW,HAL,HAS,HBAN,HCA,HIG,HII,HLT,HOLX,HOOD,HPE,HPQ,HRL,HSIC,HSY,HUBB,IBKR,IBM,ICE,INTU,INVH,IR,IRM,IT,JCI,JPM,KEY,KKR,KLAC,KMB,L,LDOS,LIN,LNT,LRCX,LYB,LYV,MAA,MCHP,MCK,MCO,META,MKC,MLM,MPC,MRNA,MRSH,MRVL,MS,MSCI,MSFT,MSTR,MTB,MU,NDAQ,NDSN,NEE,NEM,NFLX,NI,NOW,NRG,NTAP,NTRS,NUE,NVDA,NWS,NWSA,O,OKE,OXY,PAYC,PCAR,PEG,PEP,PGR,PH,PHM,PKG,PM,PNC,PNR,PNW,POOL,PPG,PRU,PSA,PSKY,PSX,PWR,QCOM,RCL,RF,RTX,SCHW,SHW,SLB,SMCI,SNA,SNPS,SO,SRE,STLD,STX,STZ,SYF,SYK,TAP,TDG,TEL,TER,TGT,TMO,TMUS,TPL,TRGP,TRI,TRMB,TROW,TRV,TSCO,TSN,TT,TXN,TYL,UAL,UBER,UDR,UHS,USB,V,VICI,VLO,VRSN,VST,WAB,WAT,WDC,WELL,WFC,WRB,WSM,WY,WYNN,XOM,XYL,ZBH,ZBRA,^VIX","AAPL,ACN,ADI,AKAM,APTV,BA,BF.B,BR,BSX,BXP,CHRW,CHTR,CIEN,COST,CPAY,CPB,CRWD,CTSH,DRI,EXPD,GL,HUM,HWM,INCY,INSM,ITW,IVZ,JBHT,LLY,MCD,MELI,MET,MO,MSI,NKE,ODFL,PANW,PAYX,PDD,PODD,PTC,ROK,ROL,ROP,SBAC,SBUX,SJM,SPGI,SWKS,TDY,TECH,TSLA,UNH,VRSK,VRTX,VTR,VTRS,WBD,WDAY,XEL,ZS,ZTS",272,62,[],[]
2024-04-09,"A,ABNB,ACGL,ADM,AEE,AEP,ALGN,ALL,ALLE,AMAT,AME,AMP,AMT,AMZN,ANET,AOS,APH,APO,APP,ARE,ARES,ARM,ASML,ATO,AVB,AVGO,AVY,AXON,BAC,BALL,BAX,BBY,BKR,BLDR,BMY,BRK.B,BX,C,CAG,CAH,CARR,CAT,CBOE,CBRE,CCL,CDW,CEG,CFG,CINF,CMCSA,CME,CMG,CMI,COF,COIN,COP,COR,CRH,CRM,CTAS,CTRA,CTVA,CVNA,CVX,D,DAL,DASH,DD,DDOG,DECK,DELL,DG,DGX,DIS,DOC,DOV,DOW,DPZ,DVA,DVN,DXCM,EBAY,ECL,EME,EMR,EQR,EQT,ERIE,ESS,ETN,ETR,EVRG,EXC,EXE,EXR,F,FANG,FAST,FCX,FDX,FE,FFIV,FICO,FIS,FITB,FIX,FOX,FOXA,FRT,FSLR,FTV,GD,GDDY,GE,GIS,GLW,GM,GNRC,GPN,GRMN,GS,GWW,HAL,HAS,HBAN,HCA,HLT,HOLX,HOOD,HPE,HPQ,HRL,HSIC,HSY,HUBB,IBKR,IBM,ICE,INTU,INVH,IR,IRM,IT,JCI,JPM,KEY,KKR,KLAC,KMB,LIN,LNT,LRCX,LYB,LYV,MAA,MCHP,MCK,MCO,META,MKC,MLM,MMM,MPC,MRNA,MRSH,MRVL,MS,MSCI,MSFT,MSTR,MTB,MU,NDAQ,NDSN,NEE,NEM,NFLX,NI,NOW,NRG,NTAP,NTRS,NUE,NVDA,NWS,NWSA,O,OKE,ORCL,OXY,PAYC,PCAR,PEG,PEP,PH,PHM,PKG,PM,PNC,PNR,PNW,POOL,PPG,PRU,PSA,PSKY,PSX,PWR,QCOM,RCL,RF,RTX,SCHW,SHW,SLB,SMCI,SNA,SNPS,SO,SRE,STLD,STX,STZ,SYF,SYK,TAP,TDG,TEL,TER,TGT,TMO,TMUS,TPL,TRGP,TRI,TRMB,TROW,TSCO,TSN,TT,TXN,TYL,UAL,UBER,UDR,UHS,USB,V,VICI,VLO,VRSN,VST,WAB,WAT,WDC,WELL,WFC,WSM,WY,WYNN,XOM,XYL,ZBH,ZBRA,^VIX","AAPL,ACN,AKAM,APTV,BA,BF.B,BSX,BXP,CHRW,CHTR,CIEN,COST,CPAY,CPB,CRWD,CTSH,DRI,GL,HUM,HWM,INCY,INSM,ITW,IVZ,JBHT,LLY,LUV,MCD,MELI,MET,MO,MSI,NKE,ODFL,PANW,PAYX,PDD,PTC,ROK,ROL,ROP,SBUX,SJM,SPGI,SWKS,TDY,TSLA,UNH,VRSK,VRTX,VTR,VTRS,WBD,WDAY,XEL,ZS,ZTS",265,57,[],[]
2024-04-10,"A,ABNB,ACGL,ADM,AEE,AEP,ALGN,ALL,AMAT,AME,AMP,AMZN,ANET,AOS,APA,APH,APO,APP,ARE,ARES,ARM,ASML,ATO,AVB,AVGO,AVY,AXON,BAC,BALL,BAX,BBY,BKR,BRK.B,BX,C,CAG,CAH,CARR,CAT,CBOE,CCL,CDW,CEG,CFG,CINF,CME,CMG,CMI,COF,COIN,COP,COR,CRH,CRM,CTAS,CTRA,CTVA,CVNA,CVX,D,DAL,DASH,DD,DDOG,DELL,DG,DGX,DIS,DOC,DOV,DOW,DPZ,DVA,DVN,DXCM,EBAY,ECL,EME,EMR,EQR,EQT,ERIE,ESS,ETN,ETR,EVRG,EXC,EXE,EXR,F,FANG,FAST,FCX,FDX,FE,FFIV,FIS,FITB,FIX,FOX,FOXA,FRT,FSLR,FTV,GD,GDDY,GE,GIS,GLW,GM,GNRC,GPN,GRMN,GS,GWW,HAL,HAS,HBAN,HCA,HLT,HOLX,HOOD,HPE,HPQ,HRL,HSIC,HSY,HUBB,IBKR,IBM,INTU,INVH,IR,IT,JCI,JPM,KEY,KKR,KLAC,KMB,LIN,LNT,LRCX,LYB,LYV,MAA,MCHP,MCK,META,MKC,MLM,MMM,MPC,MRNA,MRSH,MRVL,MS,MSCI,MSFT,MSTR,MU,NDAQ,NDSN,NEE,NEM,NFLX,NI,NOW,NRG,NTAP,NTRS,NUE,NVDA,OKE,ORCL,OXY,PAYC,PCAR,PEG,PEP,PH,PKG,PM,PNC,PNR,PNW,PPG,PRU,PSA,PSKY,PSX,PWR,PYPL,QCOM,RCL,RF,RTX,SCHW,SLB,SMCI,SNA,SNPS,SO,SRE,STLD,STX,STZ,SYF,SYK,TAP,TDG,TEL,TER,TGT,TMO,TMUS,TPL,TRGP,TRI,TRMB,TROW,TSCO,TSN,TT,TXN,TYL,UAL,UBER,UDR,UHS,USB,V,VLO,VRSN,VST,WAB,WAT,WDC,WELL,WFC,WYNN,XOM,XYL,ZBH,ZBRA,^VIX","AAPL,ACN,AKAM,APTV,BA,BF.B,BSX,BXP,CHRW,CHTR,CIEN,COST,CPAY,CPB,CRWD,CTSH,DLTR,DRI,EQIX,GEHC,GL,HUM,HWM,INCY,INSM,ITW,IVZ,JBHT,LLY,LUV,MCD,MELI,MET,MO,MSI,NKE,ODFL,PANW,PAYX,PDD,PTC,ROK,ROL,ROP,SBUX,SJM,SPGI,SWKS,TDY,TSLA,UNH,VRSK,VRTX,VTR,VTRS,WBD,WDAY,XEL,ZS,ZTS",246,60,[],[]
2024-04-11,"A,ABNB,ACGL,ADM,AEE,AEP,ALGN,ALL,AMAT,AME,AMP,AMZN,ANET,AOS,APA,APH,APO,APP,ARE,ARES,ARM,ASML,ATO,AVB,AVGO,AVY,AXON,BAC,BALL,BAX,BBY,BKR,BRK.B,BX,C,CAG,CAH,CARR,CAT,CBOE,CCL,CDW,CEG,CFG,CINF,CME,CMG,CMI,COF,COIN,COP,CRH,CRM,CTAS,CTRA,CTVA,CVNA,CVX,D,DAL,DASH,DD,DDOG,DELL,DG,DGX,DIS,DOC,DOV,DOW,DPZ,DVA,DVN,DXCM,EBAY,ECL,EME,EMR,EQR,EQT,ESS,ETN,ETR,EVRG,EXC,EXE,EXR,F,FANG,FCX,FDX,FE,FFIV,FIS,FITB,FIX,FOX,FOXA,FRT,FSLR,FTV,GD,GDDY,GE,GLW,GM,GNRC,GPN,GRMN,GS,HAL,HAS,HBAN,HCA,HLT,HOLX,HOOD,HPE,HPQ,HRL,HSIC,HSY,HUBB,IBKR,IBM,INTU,INVH,IR,IT,JCI,JPM,KEY,KKR,KLAC,KMB,LIN,LNT,LRCX,LYB,LYV,MAA,MCHP,MCK,META,MKC,MLM,MMM,MPC,MRNA,MRSH,MRVL,MSCI,MSFT,MSTR,MU,NDAQ,NDSN,NEE,NEM,NFLX,NI,NOW,NRG,NTAP,NTRS,NUE,NVDA,OKE,ORCL,OXY,PAYC,PCAR,PEG,PEP,PH,PKG,PM,PNC,PNR,PNW,PPG,PSA,PSKY,PSX,PWR,PYPL,QCOM,RCL,RF,RTX,SCHW,SLB,SMCI,SNA,SNPS,SO,SRE,STLD,STX,STZ,SYF,SYK,TAP,TDG,TEL,TER,TGT,TMO,TMUS,TPL,TRGP,TRI,TRMB,TROW,TSCO,TSN,TT,TXN,TYL,UAL,UBER,UDR,UHS,USB,V,VLO,VRSN,VST,WAB,WAT,WDC,WELL,WFC,WST,WYNN,XOM,XYL,ZBH,ZBRA,^VIX","AAPL,ACN,AKAM,APTV,BA,BF.B,BSX,BXP,CCI,CHRW,CHTR,CIEN,CLX,CPAY,CPB,CRWD,CTSH,DLTR,DRI,EFX,EQIX,GEHC,GL,HUM,HWM,INCY,INSM,ITW,IVZ,JBHT,KMI,LEN,LH,LLY,LUV,MCD,MELI,MET,MO,MSI,NKE,ODFL,PANW,PAYX,PDD,PTC,REG,ROK,ROL,ROP,SBUX,SJM,SPGI,SWKS,TDY,TSLA,UNH,VRSK,VRTX,VTR,VTRS,WBD,WDAY,XEL,ZS,ZTS",240,66,[],[]
2024-04-12,"ABNB,ACGL,AEE,AEP,ALGN,ALL,AMAT,AME,AMZN,AOS,APA,APH,APO,APP,ARE,ARES,ARM,ASML,ATO,AVB,AVGO,AVY,AXON,BALL,BBY,BX,C,CAG,CARR,CAT,CBOE,CCL,CDW,CEG,CFG,CINF,CME,CMG,CMI,COF,COIN,COP,CRH,CRM,CTAS,CTRA,CVX,D,DAL,DASH,DDOG,DELL,DGX,DIS,DOC,DOV,DPZ,DVA,DVN,DXCM,EBAY,ECL,EME,EMR,EQR,EQT,ESS,ETN,ETR,EVRG,EXC,EXE,EXR,F,FANG,FCX,FDX,FE,FFIV,FITB,FIX,FRT,FSLR,FTV,GD,GDDY,GE,GM,GNRC,GPN,HAS,HBAN,HCA,HLT,HOLX,HOOD,HPE,HPQ,HSIC,HUBB,IBKR,IBM,INTU,INVH,IR,IT,JCI,KEY,KKR,KLAC,LIN,LNT,LRCX,LYV,MAA,MCHP,MCK,META,MKC,MLM,MMM,MPC,MRNA,MRSH,MRVL,MSCI,MSFT,MSTR,MU,NDAQ,NDSN,NEE,NEM,NFLX,NI,NOW,NRG,NTAP,NTRS,NUE,NVDA,OKE,ORCL,OXY,PAYC,PCAR,PEG,PEP,PH,PM,PNC,PNR,PNW,PSA,PSKY,PSX,PWR,PYPL,QCOM,RCL,RF,RTX,SCHW,SMCI,SNA,SNPS,SO,SRE,STX,STZ,SYF,SYK,TAP,TDG,TEL,TER,TMO,TMUS,TPL,TRGP,TRI,TRMB,TROW,TSCO,TSN,TT,TXN,TYL,UAL,UBER,UDR,UHS,USB,V,VLO,VRSN,VST,WAB,WDC,WELL,WFC,WST,WYNN,XOM,XYL,ZBH,ZBRA,^VIX","ABT,ACN,ADBE,AKAM,APTV,BA,BF.B,BSX,BXP,CCI,CHRW,CHTR,CIEN,CLX,CPAY,CPB,CRWD,CTSH,DLTR,DRI,EFX,EQIX,GEHC,GL,HUM,HWM,INCY,INSM,ITW,IVZ,JBHT,JBL,KMI,LEN,LH,LLY,LUV,MCD,MELI,MET,MO,MSI,NKE,NXPI,ODFL,PANW,PAYX,PDD,PTC,REG,ROK,ROL,ROP,SBUX,SJM,SPGI,SWKS,TDY,TSLA,ULTA,UNH,VRSK,VRTX,VTR,VTRS,WBD,WDAY,XEL,ZS,ZTS",208,70,[],[]
2024-04-15,"ABNB,ACGL,AEE,AEP,ALGN,ALL,AMAT,AME,AMZN,AOS,APH,APO,APP,ARE,ARES,ARM,ASML,ATO,AVB,AVGO,AVY,AXON,BX,C,CAG,CARR,CAT,CBOE,CCL,CDW,CEG,CFG,CMG,CMI,COF,COP,CTAS,CTRA,CVX,D,DAL,DASH,DDOG,DELL,DGX,DIS,DOC,DOV,DPZ,DVA,DVN,DXCM,EBAY,ECL,EME,EMR,EQT,ESS,ETN,ETR,EVRG,EXC,EXE,EXR,FANG,FCX,FDX,FE,FITB,FIX,FRT,FSLR,FTV,GD,GE,GM,GNRC,GOOG,GOOGL,GPN,HAS,HBAN,HCA,HLT,HOLX,HOOD,HPE,HSIC,HUBB,IBKR,IBM,INTU,IR,IT,JCI,KEY,KKR,KLAC,LIN,LNT,LRCX,LYV,MAA,MCHP,MCK,META,MKC,MLM,MMM,MPC,MRNA,MRSH,MRVL,MSTR,MU,NDSN,NEE,NEM,NFLX,NI,NRG,NTAP,NTRS,NUE,NVDA,OKE,ORCL,OXY,PAYC,PCAR,PEP,PH,PM,PNC,PNR,PNW,PSA,PSKY,PSX,PWR,PYPL,QCOM,RCL,RF,RTX,SCHW,SMCI,SNPS,SO,SRE,STX,STZ,SYF,SYK,TDG,TEL,TER,TMUS,TPL,TRGP,TRI,TROW,TSN,TT,TXN,UAL,UBER,UDR,UHS,USB,V,VST,WAB,WDC,WELL,WFC,WST,WYNN,XOM,XYL,ZBH,^VIX","ABT,ACN,ADBE,AKAM,APTV,BA,BF.B,BSX,BXP,CCI,CHRW,CHTR,CIEN,CLX,CPAY,CPB,CRWD,CTSH,DLTR,DRI,EFX,EPAM,EQIX,GEHC,GL,HUM,HWM,INCY,INSM,ITW,IVZ,JBHT,JBL,KMI,LEN,LH,LLY,LUV,MCD,MELI,MET,MO,MSI,NKE,NXPI,ODFL,PANW,PAYX,PDD,PTC,REG,ROK,ROL,ROP,SBUX,SJM,SPGI,SWKS,TDY,TSLA,ULTA,UNH,VRSK,VRTX,VTR,VTRS,WBD,WDAY,XEL,ZS,ZTS",182,71,[],[]
2024-04-16,"ABNB,ACGL,AEE,ALGN,ALL,AMAT,AME,AMZN,AOS,APH,APO,APP,ARE,ARES,ARM,ASML,ATO,AVB,AVGO,AVY,AXON,BX,C,CAG,CARR,CAT,CBOE,CCL,CDW,CEG,CFG,CMG,CMI,COF,COP,CTAS,CTRA,CVX,DAL,DASH,DDOG,DELL,DGX,DIS,DOC,DOV,DPZ,DVA,DVN,DXCM,ECL,EME,EMR,EQT,ETN,EXE,EXR,FANG,FCX,FDX,FITB,FIX,FRT,FSLR,FTV,GD,GE,GM,GNRC,GOOG,GOOGL,GPN,HAS,HBAN,HLT,HOOD,HPE,HSIC,HUBB,IBKR,IBM,INTU,IP,IR,IT,JCI,KEY,KKR,KLAC,LIN,LNT,LRCX,MCHP,MCK,META,MKC,MLM,MMM,MPC,MRNA,MRSH,MRVL,MSTR,MU,NDSN,NEE,NEM,NFLX,NI,NRG,NTAP,NUE,NVDA,OKE,ORCL,OXY,PCAR,PEP,PH,PM,PNR,PNW,PSA,PSKY,PWR,PYPL,QCOM,RCL,RF,RTX,SCHW,SMCI,SNPS,SO,STX,STZ,SYF,SYK,TDG,TEL,TER,TMUS,TPL,TRGP,TRI,TSN,TT,TXN,UAL,UBER,UHS,USB,V,VST,WAB,WDC,WELL,WFC,WST,WYNN,XOM,XYL,ZBH,^VIX","ABT,ACN,ADBE,AKAM,APTV,BA,BF.B,BSX,BXP,CCI,CHRW,CHTR,CIEN,CLX,CPAY,CPB,CRWD,CTSH,DLTR,DRI,EFX,EPAM,EQIX,GEHC,GL,HUM,HWM,INCY,INSM,ITW,IVZ,JBHT,JBL,KMI,LEN,LH,LLY,LUV,MCD,MELI,MET,MO,MPWR,MSI,NKE,NXPI,ODFL,PANW,PAYX,PDD,PTC,REG,ROK,ROL,ROP,SBUX,SJM,SPGI,SWKS,TDY,TSLA,ULTA,UNH,VRSK,VRTX,VTR,VTRS,WBD,WDAY,XEL,ZS,ZTS",164,72,[],[]
2024-04-17,"ABNB,ACGL,ADP,AEE,ALGN,ALL,AMAT,AME,AMZN,AOS,APH,APO,APP,ARE,ARES,ATO,AVB,AVGO,AVY,AXON,BK,BKNG,BX,C,CAG,CARR,CAT,CBOE,CCL,CDW,CEG,CFG,CMG,CMI,COF,COP,CTAS,CTRA,CVX,DAL,DASH,DDOG,DELL,DGX,DIS,DOC,DOV,DPZ,DVA,DVN,DXCM,ECL,EME,EOG,EQT,ETN,EXE,EXR,FANG,FCX,FDX,FITB,FIX,FRT,FSLR,FTV,GD,GE,GM,GNRC,GOOG,GOOGL,GPN,HAS,HBAN,HLT,HOOD,HPE,HSIC,HUBB,IBKR,IBM,INTU,JCI,KEY,KKR,KLAC,LIN,LNT,MCHP,MCK,META,MKC,MLM,MMM,MPC,MRNA,MRSH,MRVL,MSTR,MU,NDSN,NEE,NEM,NFLX,NI,NRG,NTAP,NUE,NVDA,OKE,ORCL,OXY,PCAR,PEP,PH,PM,PNR,PNW,PSA,PSKY,PWR,PYPL,RCL,RF,RTX,SCHW,SMCI,SO,STX,STZ,SWK,SYF,SYK,TDG,TEL,TER,TKO,TMUS,TPL,TRGP,TRI,TSN,TT,TXN,UAL,UBER,UHS,V,VST,WAB,WDC,WELL,WFC,WST,WYNN,XOM,XYL,ZBH,^VIX","ABT,ACN,ADBE,AKAM,AMCR,APD,APTV,BA,BF.B,BSX,BXP,CCI,CHRW,CHTR,CIEN,CLX,CPAY,CPB,CRWD,CTSH,DLTR,DRI,EFX,EPAM,EQIX,GEHC,GL,HUM,HWM,INCY,INSM,ITW,IVZ,JBHT,JBL,KMI,LEN,LH,LLY,LUV,MCD,MELI,MET,MO,MPWR,MSI,NKE,NXPI,ODFL,PANW,PAYX,PDD,PTC,REG,ROK,ROL,ROP,SBUX,SJM,SPGI,SWKS,TDY,TSLA,ULTA,UNH,VRSK,VRTX,VTR,VTRS,WBD,WDAY,XEL,ZS,ZTS",160,74,[],[]
2024-04-18,"ABNB,ACGL,ADP,AEE,ALGN,ALL,AME,AMZN,AOS,APH,APO,APP,ARE,ARES,ATO,AVB,AVGO,AVY,AXON,BK,BKNG,BX,C,CAG,CAT,CBOE,CCL,CDW,CEG,CFG,CMG,CMI,COF,COP,CTAS,CTRA,CVX,DAL,DASH,DDOG,DELL,DGX,DIS,DOC,DOV,DPZ,DVA,DVN,DXCM,ECL,EME,EOG,EQT,ETN,EXE,EXR,FANG,FCX,FDX,FITB,FIX,FRT,FSLR,FTV,GD,GE,GM,GNRC,GOOG,GOOGL,GPN,HAS,HBAN,HLT,HOOD,HPE,HSIC,HUBB,IBKR,IBM,INTU,JCI,KEY,KKR,LIN,LMT,LNT,MCHP,MCK,META,MKC,MLM,MMM,MRNA,MRSH,MRVL,MSTR,NDSN,NEE,NEM,NFLX,NI,NRG,NTAP,NUE,NVDA,OKE,OXY,PCAR,PEP,PH,PM,PNR,PNW,PSA,PSKY,PWR,PYPL,RCL,RF,RTX,SCHW,SMCI,SO,STT,STX,STZ,SWK,SYF,TDG,TEL,TER,TKO,TMUS,TPL,TRGP,TRI,TSN,TT,TXN,UAL,UBER,V,VST,WAB,WDC,WELL,WFC,WST,WYNN,XOM,XYL,^VIX","ABT,ACN,ADBE,AKAM,AMCR,APD,APTV,BA,BF.B,BSX,BXP,CCI,CHRW,CHTR,CIEN,CLX,CPAY,CPB,CRWD,CTSH,DLTR,DRI,EFX,EPAM,EQIX,FDS,GEHC,GL,HUM,HWM,INCY,INSM,ITW,IVZ,JBHT,JBL,KMI,LEN,LH,LLY,LUV,MCD,MELI,MET,MO,MPWR,MSI,NXPI,ODFL,PANW,PAYX,PDD,PTC,REG,ROK,ROL,ROP,SBUX,SJM,SPGI,SWKS,TDY,TSLA,ULTA,UNH,VRSK,VRTX,VTR,VTRS,WBD,WDAY,XEL,ZS,ZTS",153,74,[],[]
2024-04-19,"ABNB,ACGL,ADP,AEE,ALGN,ALL,AME,AOS,APH,APO,ARE,ARES,ATO,AVB,AVY,AXON,BK,BKNG,BX,C,CAG,CAT,CBOE,CCL,CDW,CEG,CFG,CMG,COF,COP,CTAS,CTRA,CVX,DAL,DASH,DELL,DGX,DIS,DOC,DOV,DPZ,DVA,DVN,DXCM,ECL,EME,EOG,EQT,ETN,EXE,EXR,FANG,FCX,FDX,FITB,FIX,FRT,FSLR,FTV,GD,GE,GM,GNRC,GOOG,GOOGL,GPN,HAS,HBAN,HOOD,HPE,HSIC,HUBB,IBKR,IBM,INTU,JCI,KEY,KKR,LIN,LMT,LNT,MCK,MKC,MLM,MMM,MRNA,MRSH,MSTR,NDSN,NEE,NEM,NI,NRG,NUE,OKE,OXY,PEP,PH,PM,PNR,PNW,PSA,PSKY,PWR,PYPL,RCL,RF,RTX,SCHW,SO,STT,STX,STZ,SWK,SYF,TDG,TEL,TKO,TMUS,TPL,TRGP,TRI,TSN,TT,UAL,V,VST,WAB,WELL,WFC,WST,WYNN,XOM,XYL,^VIX","ABT,ACN,ADBE,AJG,AKAM,AMCR,APD,APTV,BA,BF.B,BSX,BXP,CCI,CHRW,CHTR,CIEN,CLX,CPAY,CPB,CRWD,CTSH,DLTR,DRI,EFX,EPAM,EQIX,FDS,GEHC,GL,HUM,HWM,INCY,INSM,ITW,IVZ,JBHT,JBL,LEN,LH,LLY,LULU,LUV,MCD,MELI,MET,MO,MOS,MPWR,MSI,NXPI,ODFL,PANW,PAYX,PDD,PTC,REG,ROK,ROL,ROP,SBUX,SPGI,SWKS,TDY,TSLA,ULTA,UNH,VRSK,VRTX,VTR,VTRS,WBD,WDAY,ZS,ZTS",135,74,[],[]
2024-04-22,"ABNB,ACGL,ADP,AEE,ALGN,ALL,ALNY,AME,AOS,APH,APO,ARE,ARES,ATO,AVB,AVY,AXON,BK,BKNG,BX,C,CAG,CAT,CBOE,CCL,CDW,CEG,CFG,CMG,COF,COP,CTAS,CTRA,CVX,DAL,DASH,DELL,DGX,DIS,DOC,DOV,DPZ,DVA,DVN,DXCM,ECL,EME,EOG,EQT,ETN,EXE,EXR,FANG,FCX,FDX,FITB,FIX,FRT,FSLR,FTV,GD,GE,GM,GNRC,GOOG,GOOGL,GPN,HAS,HBAN,HOOD,HPE,HSIC,HUBB,IBKR,IBM,INTU,JCI,KDP,KEY,KKR,LIN,LMT,LNT,MCK,MKC,MLM,MMM,MRNA,MRSH,MSTR,NDSN,NEE,NEM,NI,NRG,NUE,OKE,OXY,PEP,PH,PM,PNR,PNW,PSA,PSKY,PWR,PYPL,RCL,RF,RTX,SCHW,SO,STT,STX,STZ,SW,SWK,SYF,TDG,TEL,TKO,TMUS,TPL,TRGP,TRI,TSN,TT,UAL,V,VST,WAB,WELL,WFC,WST,WYNN,XOM,XYL,^VIX","ABT,ACN,ADBE,AJG,AKAM,AMCR,APD,APTV,BA,BF.B,BSX,BXP,CCI,CHRW,CHTR,CIEN,CLX,CPAY,CRWD,CTSH,DHR,DLTR,DRI,EFX,EPAM,EQIX,FDS,GEHC,GL,HUM,HWM,INCY,INSM,ITW,IVZ,JBHT,JBL,JKHY,LEN,LH,LLY,LULU,LUV,MA,MELI,MET,MOS,MPWR,MSI,NSC,NXPI,ODFL,PANW,PAYX,PTC,REG,ROK,ROL,ROP,SBUX,SPGI,STE,SWKS,TDY,TSLA,ULTA,UNH,VRSK,VRTX,VTR,VTRS,WBD,WDAY,ZS,ZTS",138,75,[],[]
2024-04-23,"ABNB,ACGL,ADP,AEE,ALGN,ALL,ALNY,AME,AOS,APH,APO,ARE,ARES,ATO,AVB,AVY,AXON,BK,BKNG,BX,C,CAG,CAT,CBOE,CCL,CDW,CEG,CFG,CMG,COF,COP,CTAS,CTRA,CVX,DAL,DASH,DELL,DGX,DIS,DOC,DOV,DPZ,DVA,DVN,DXCM,ECL,EME,EOG,EQT,ETN,EXE,EXR,FANG,FCX,FDX,FITB,FIX,FRT,FSLR,FTV,GD,GE,GM,GNRC,GOOG,GOOGL,GPN,HAS,HBAN,HOOD,HPE,HSIC,HUBB,IBKR,IBM,INTU,JCI,KDP,KEY,KKR,LIN,LMT,LNT,MCK,MKC,MLM,MMM,MRNA,MRSH,MSTR,NDSN,NEE,NEM,NI,NRG,OKE,OXY,PEP,PH,PM,PNR,PNW,PSA,PSKY,PWR,PYPL,RCL,RF,RTX,SCHW,SO,SOLV,STT,STX,STZ,SW,SWK,SYF,TDG,TEL,TKO,TMUS,TPL,TRGP,TRI,TSN,TT,UAL,V,VST,WAB,WELL,WFC,WST,WYNN,XOM,XYL,^VIX","ABT,ACN,ADBE,AJG,AKAM,AMCR,APD,APTV,BA,BF.B,BSX,BXP,CCI,CHRW,CHTR,CIEN,CPAY,CRWD,CSX,CTSH,DLTR,DRI,EFX,EPAM,EQIX,FDS,GEHC,GL,HST,HUM,HWM,INCY,INSM,ITW,IVZ,JBHT,JBL,JKHY,LEN,LLY,LULU,LUV,MA,MELI,MET,MOS,MPWR,MSI,NSC,NXPI,ODFL,PAYX,PLD,PTC,ROK,ROL,ROP,SBUX,SPGI,STE,SWKS,TDY,TSLA,ULTA,UNH,UNP,VRSK,VRTX,VTR,VTRS,WBD,WDAY,ZS,ZTS",138,74,[],[]
2024-04-24,"ABNB,ACGL,ADP,AEE,ALGN,ALL,ALNY,AME,AOS,APH,APO,ARE,ARES,ATO,AVB,AVY,AWK,AXON,BK,BKNG,BX,C,CAG,CAT,CBOE,CCL,CDW,CEG,CFG,CMG,CMS,COF,COP,CTAS,CTRA,CVX,DAL,DASH,DELL,DGX,DIS,DLR,DOC,DOV,DPZ,DUK,DVA,DVN,DXCM,ECL,ED,EME,EOG,EQT,ETN,EXE,EXR,FANG,FCX,FDX,FITB,FIX,FRT,FSLR,GE,GEV,GM,GNRC,GOOG,GOOGL,GPN,HAS,HBAN,HOOD,HPE,HSIC,HUBB,IBKR,IBM,IFF,INTU,JCI,KDP,KEY,KKR,LIN,LMT,LNT,MCK,MKC,MLM,MMM,MRK,MRNA,MRSH,MSTR,NDSN,NEE,NEM,NI,NRG,OKE,OXY,PEP,PH,PM,PNR,PNW,PSA,PSKY,PWR,PYPL,RCL,RF,RTX,SCHW,SO,SOLV,STT,STX,STZ,SW,SWK,SYF,TDG,TEL,TKO,TMUS,TPL,TRGP,TRI,TSN,TT,UAL,V,VST,WAB,WELL,WFC,WST,WYNN,XOM,XYL,^VIX","ABT,ACN,ADBE,AJG,AKAM,AMCR,APD,APTV,BA,BF.B,BXP,CCI,CHRW,CHTR,CIEN,CPAY,CRWD,CSX,CTSH,DLTR,DRI,EFX,EPAM,EQIX,FDS,GEHC,GL,HST,HUM,HWM,INCY,INSM,ITW,IVZ,JBHT,JBL,JKHY,LEN,LLY,LULU,LUV,MA,MELI,MET,MOS,MPWR,MSI,NSC,ODFL,PAYX,PLD,PTC,ROK,ROL,ROP,SBUX,SPGI,STE,SWKS,TDY,ULTA,UNH,UNP,VRSK,VRTX,VTR,VTRS,WBD,WDAY,ZS,ZTS",144,71,[],[]
2024-04-25,"ABNB,ACGL,ADP,AEE,ALGN,ALL,ALNY,AME,APH,APO,ARE,ARES,ATO,AVB,AVY,AWK,AXON,BK,BKNG,BX,C,CAG,CBOE,CCL,CDW,CEG,CFG,CMG,CMS,COF,COP,CTAS,CTRA,CVX,DAL,DASH,DELL,DGX,DIS,DLR,DOC,DOV,DPZ,DUK,DVA,DVN,DXCM,ECL,ED,EIX,EL,EME,EOG,EQT,ETN,EXE,EXR,FANG,FCX,FDX,FITB,FIX,FRT,FSLR,GE,GEV,GM,GNRC,GOOG,GOOGL,GPN,HAS,HBAN,HOOD,HPE,HSIC,HUBB,IBKR,IFF,INTU,JCI,KDP,KEY,KKR,LIN,LMT,LNT,MCK,MKC,MLM,MMM,MRK,MRNA,MRSH,MSTR,NDSN,NEE,NEM,NI,NRG,OKE,OXY,PEP,PH,PM,PNR,PNW,PSA,PSKY,PWR,PYPL,RCL,RF,RTX,SCHW,SO,SOLV,STT,STX,STZ,SW,SWK,SYF,TDG,TEL,TKO,TMUS,TPL,TRGP,TRI,TSN,TT,UAL,V,VST,WAB,WEC,WELL,WFC,WYNN,XOM,XYL,^VIX","ABT,ACN,ADBE,AJG,AKAM,AMCR,APD,APTV,BA,BF.B,BXP,CCI,CHRW,CHTR,CIEN,CPAY,CRWD,CSX,CTSH,DLTR,DRI,EFX,EPAM,EQIX,FDS,GEHC,GL,HST,HUM,HWM,INCY,INSM,ITW,IVZ,JBHT,JBL,JKHY,LEN,LLY,LULU,LUV,MA,MELI,MET,MOS,MPWR,MSI,NSC,ODFL,PAYX,PLD,PLTR,PTC,ROK,ROP,SBUX,SPGI,STE,SWKS,TDY,ULTA,UNH,VRSK,VRTX,VTR,VTRS,WBD,WDAY,ZS,ZTS",143,70,[],[]
2024-04-26,"ABNB,ACGL,ADP,AEE,ALGN,ALL,ALNY,AME,APH,APO,ARE,ARES,ATO,AVB,AVY,AWK,AXON,BK,BKNG,BX,C,CAG,CBOE,CCL,CDW,CEG,CFG,CMG,CMS,COF,COP,CTAS,CTRA,CVX,DAL,DASH,DELL,DGX,DIS,DLR,DOC,DOV,DPZ,DUK,DVA,DVN,ECL,ED,EIX,EL,EME,EOG,EQT,ETN,EXE,EXR,FANG,FCX,FDX,FITB,FIX,FRT,FSLR,GE,GEV,GM,GNRC,GOOG,GOOGL,GPN,HAS,HBAN,HOOD,HPE,HSIC,HUBB,IBKR,IFF,INTU,JCI,KDP,KEY,KKR,LIN,LMT,LNT,MCK,MKC,MLM,MMM,MRK,MRNA,MRSH,MSTR,NDSN,NEE,NEM,NI,NRG,OKE,OXY,PEP,PH,PM,PNR,PNW,PSA,PSKY,PWR,PYPL,RCL,RF,RTX,SCHW,SO,SOLV,STT,STX,STZ,SW,SWK,SYF,TDG,TEL,TKO,TMUS,TPL,TRGP,TRI,TSN,TT,UAL,V,VST,WAB,WEC,WELL,WFC,WYNN,XOM,XYL,^VIX","ABT,ACN,ADBE,AJG,AKAM,AMCR,APD,APTV,BA,BF.B,BXP,CCI,CHRW,CHTR,CIEN,CPAY,CRWD,CSX,CTSH,DLTR,DRI,EFX,EPAM,EQIX,FDS,GEHC,GL,HD,HST,HUM,INCY,INSM,ITW,IVZ,JBHT,JBL,JKHY,LEN,LLY,LULU,LUV,MA,MELI,MET,MNST,MOS,MSI,NSC,ODFL,PAYX,PLD,PLTR,PTC,ROK,ROP,SBUX,SPGI,STE,TDY,ULTA,UNH,VRSK,VRTX,VTR,VTRS,WBD,WDAY,ZS,ZTS",142,69,[],[]
2024-04-29,"ABNB,ACGL,ADP,AEE,ALGN,ALL,ALNY,AME,APH,APO,ARE,ARES,ATO,AVB,AVY,AWK,AXON,BK,BKNG,BX,C,CAG,CBOE,CCL,CDW,CEG,CFG,CMG,CMS,COF,COP,CTAS,CTRA,CVX,DAL,DASH,DELL,DGX,DIS,DLR,DOC,DOV,DPZ,DUK,DVA,DVN,ECL,ED,EIX,EL,EME,EOG,EQT,ETN,EXE,EXR,FANG,FCX,FDX,FITB,FIX,FRT,FSLR,GE,GEV,GM,GNRC,GOOG,GOOGL,GPN,HAS,HBAN,HOOD,HPE,HSIC,HUBB,IBKR,IFF,INTU,JCI,KDP,KEY,KKR,LIN,LMT,LNT,MCK,MKC,MLM,MMM,MRK,MRNA,MRSH,MSTR,NDSN,NEE,NEM,NI,NRG,OKE,OXY,PEP,PH,PM,PNR,PNW,PSA,PSKY,PWR,PYPL,RCL,RF,RTX,SCHW,SO,SOLV,STT,STX,STZ,SW,SWK,SYF,TDG,TEL,TKO,TMUS,TPL,TRGP,TRI,TSN,TT,UAL,V,VST,WAB,WEC,WELL,WFC,WYNN,XOM,XYL,^VIX","ABT,ACN,ADBE,ADSK,AJG,AKAM,AMCR,APD,APTV,BA,BF.B,BXP,CCI,CHRW,CHTR,CIEN,CNC,COO,CPAY,CRL,CRWD,CSX,CTSH,CVS,DHI,DLTR,DRI,EFX,ELV,EPAM,EQIX,FDS,GL,HD,HST,HUM,IDXX,INCY,INSM,ISRG,ITW,IVZ,JBHT,JBL,JKHY,LEN,LLY,LOW,LULU,LUV,MA,MAR,MELI,MET,MNST,MOH,MOS,MSI,NCLH,NSC,ODFL,OTIS,PAYX,PLD,PTC,ROK,ROP,SBUX,SPG,SPGI,STE,TDY,TXT,ULTA,UNH,VMC,VRSK,VRTX,VTR,VTRS,WBD,WDAY,WTW,ZS,ZTS",142,85,[],[]
2024-04-30,"ABNB,ACGL,ADP,AEE,ALL,ALNY,AME,APH,APO,ARE,ARES,ATO,AVB,AVY,AWK,AXON,BK,BKNG,BX,C,CAG,CBOE,CCL,CDW,CEG,CFG,CMG,CMS,COF,CTAS,CTRA,CVX,DAL,DASH,DELL,DGX,DIS,DLR,DOC,DOV,DPZ,DUK,DVA,DVN,ECL,ED,EIX,EL,EME,EOG,EQT,ETN,EXE,EXR,FANG,FCX,FDX,FITB,FIX,FRT,FSLR,FTNT,GE,GEV,GM,GNRC,GOOG,GOOGL,GPN,HAS,HBAN,HOOD,HPE,IBKR,IFF,INTU,JCI,KDP,KEY,KKR,LIN,LMT,LNT,MCK,MKC,MLM,MMM,MRK,MRNA,MRSH,NDSN,NEE,NEM,NI,NRG,OKE,OXY,PEP,PH,PM,PNR,PNW,PSA,PSKY,PWR,PYPL,RCL,RF,RTX,SCHW,SO,SOLV,STT,STX,STZ,SW,SWK,SYF,TDG,TEL,TKO,TMUS,TPL,TRGP,TRI,TSN,TT,UAL,V,VST,WAB,WEC,WELL,WFC,XOM,XYL,^VIX","ABT,ACN,ADBE,ADSK,AJG,AKAM,AMCR,APD,APTV,BA,BF.B,BXP,CCI,CHRW,CHTR,CIEN,CNC,COO,CPAY,CRL,CRWD,CSX,CTSH,CVS,DHI,DLTR,DRI,EFX,ELV,EPAM,EQIX,FDS,GILD,GL,HD,HON,HST,HUM,IDXX,INCY,INSM,INTC,ISRG,ITW,IVZ,JBHT,JBL,JKHY,KVUE,LEN,LOW,LULU,LUV,LW,MA,MAR,MELI,MET,MNST,MOH,MOS,MSI,NCLH,NSC,ODFL,OTIS,PAYX,PG,PLD,PTC,ROK,ROP,ROST,SBUX,SPG,SPGI,STE,TDY,TXT,ULTA,UNH,VMC,VRSK,VRTX,VTR,VTRS,WBD,WDAY,WTW,ZS,ZTS",137,91,[],[]
2024-05-01,"ABNB,ACGL,ADP,AEE,ALL,ALNY,AME,APH,APO,ARE,ARES,ATO,AVB,AVY,AWK,AXON,BK,BKNG,BX,C,CAG,CBOE,CCL,CEG,CFG,CMG,CMS,COF,CTAS,CVX,DAL,DASH,DELL,DGX,DIS,DLR,DOC,DOV,DPZ,DUK,DVA,ECL,ED,EIX,EME,EQT,ETN,EXR,FCX,FDX,FITB,FIX,FRT,FSLR,FTNT,GE,GEV,GM,GOOG,GOOGL,HAS,HBAN,HOOD,IBKR,IFF,INTU,KDP,KEY,KKR,LIN,LMT,LNT,MCK,MKC,MLM,MMM,MRK,MRNA,MRSH,NDSN,NEE,NEM,NI,NRG,PEP,PH,PM,PNR,PNW,PSA,PSKY,PWR,PYPL,RCL,RF,RTX,SCHW,SO,SOLV,STT,STX,STZ,SW,SWK,SYF,TDG,TEL,TKO,TMUS,TRGP,TRI,TSN,TT,UAL,V,VST,WAB,WEC,WELL,WFC,XOM,XYL,^VIX","ABBV,ABT,ACN,ADBE,ADSK,AIZ,AJG,AKAM,AMD,AMGN,AON,APD,APTV,AZO,BA,BF.B,BLK,BRO,BXP,CB,CCI,CHRW,CHTR,CIEN,CNC,COO,CPAY,CPRT,CRL,CRWD,CSX,CTSH,CVS,DHI,DLTR,DRI,EA,EFX,EG,ELV,EPAM,EQIX,EW,FDS,GILD,GL,HD,HON,HST,HUM,IDXX,IEX,INCY,INSM,INTC,ISRG,ITW,IVZ,JBHT,JBL,JKHY,KVUE,LEN,LII,LOW,LULU,LUV,LW,MA,MAR,MELI,MET,MNST,MOH,MOS,MSI,MTCH,MTD,NCLH,NSC,ODFL,ORLY,OTIS,PAYX,PG,PLD,PTC,QQQ,REGN,ROK,ROP,ROST,SBUX,SPG,SPGI,SPY,STE,SYY,TDY,TPR,TXT,ULTA,UNH,VMC,VRTX,VTR,VTRS,WBD,WDAY,WTW,XYZ,YUM,ZS,ZTS",123,114,[],[]
2024-05-02,"ABNB,ACGL,ADP,AEE,ALL,ALNY,APH,APO,ARE,ARES,ATO,AVB,AVY,AWK,AXON,BK,BKNG,BX,C,CAG,CCL,CEG,CFG,CMG,CMS,COF,CTAS,CVX,DAL,DELL,DGX,DIS,DLR,DOC,DOV,DPZ,DUK,DVA,ECL,ED,EIX,EME,EQT,ETN,EXR,FCX,FDX,FITB,FIX,FRT,FSLR,FTNT,GE,GEV,GM,GOOG,GOOGL,HAS,HBAN,HOOD,IBKR,IFF,INTU,KDP,KEY,KKR,LMT,LNT,MCK,MKC,MLM,MMM,MRK,MRNA,MRSH,NDSN,NEE,NEM,NI,NRG,PEP,PH,PM,PNR,PNW,PSA,PSKY,PWR,PYPL,RCL,RF,RTX,SCHW,SO,SOLV,STT,STX,STZ,SW,SYF,TDG,TEL,TKO,TMUS,TRGP,TRI,TSN,TT,UAL,V,VST,WAB,WEC,WELL,WFC,XOM,XYL,^VIX","ABBV,ABT,ACN,ADBE,ADSK,AIZ,AJG,AKAM,AMD,AMGN,AON,APD,AZO,BA,BF.B,BLK,BRO,BXP,CB,CCI,CHTR,CIEN,CNC,COO,CPAY,CPRT,CRL,CRWD,CSX,CTSH,CVS,DHI,DLTR,DRI,EA,EFX,EG,ELV,EPAM,EQIX,EW,FDS,GILD,GL,HD,HON,HST,HUM,IDXX,IEX,INCY,INSM,INTC,ISRG,ITW,IVZ,JBHT,JBL,JKHY,KVUE,LEN,LII,LOW,LULU,LUV,LW,MA,MAR,MELI,MET,MNST,MOH,MOS,MSI,MTCH,MTD,NCLH,NSC,ODFL,ORLY,OTIS,PAYX,PG,PLD,PTC,QQQ,ROK,ROP,ROST,SBUX,SPG,SPGI,SPY,STE,SYY,TDY,TPR,TXT,ULTA,UNH,VMC,VRTX,VTRS,WBD,WDAY,WTW,XYZ,YUM,ZS,ZTS",118,110,[],[]
2024-05-03,"ABNB,ACGL,ADP,AEE,ALL,ALNY,APH,APO,ARE,ARES,ATO,AVB,AVY,AWK,AXON,BK,BKNG,BX,C,CAG,CCL,CEG,CFG,CMG,CMS,COF,CPT,CTAS,CVX,DAL,DELL,DGX,DIS,DLR,DOC,DOV,DPZ,DUK,DVA,ECL,ED,EIX,EME,EQT,ETN,EXR,FCX,FDX,FITB,FIX,FRT,FSLR,GE,GEV,GM,GOOG,GOOGL,HAS,HBAN,HOOD,IBKR,IFF,INTU,KDP,KEY,KKR,LMT,LNT,MCK,MKC,MLM,MMM,MRK,MRNA,MRSH,NDSN,NEE,NEM,NI,NRG,PEP,PH,PM,PNR,PNW,PSA,PSKY,PWR,PYPL,RCL,RF,RTX,RVTY,SCHW,SO,SOLV,STT,STX,STZ,SW,SYF,TDG,TEL,TKO,TMUS,TRGP,TRI,TSN,TT,UAL,V,VST,WAB,WEC,WELL,WFC,XOM,XYL,^VIX","ABBV,ABT,ACN,ADBE,ADSK,AIZ,AJG,AKAM,AMD,AON,APD,AZO,BA,BF.B,BLK,BRO,BXP,CB,CCI,CF,CHTR,CIEN,CNC,COO,CPAY,CPRT,CRL,CRWD,CSX,CTSH,CVS,DHI,DLTR,DRI,EA,EFX,EG,ELV,EPAM,EQIX,EW,FDS,GILD,GL,HON,HST,HUM,IDXX,IEX,INCY,INSM,INTC,ISRG,ITW,IVZ,JBHT,JBL,JKHY,KR,KVUE,LEN,LII,LOW,LULU,LUV,LW,MA,MAR,MET,MNST,MOH,MOS,MTCH,MTD,NCLH,NSC,ODFL,ORLY,OTIS,PAYX,PG,PLD,PTC,QQQ,ROK,ROP,ROST,SBUX,SPG,SPGI,SPY,STE,SYY,TDY,TPR,TXT,ULTA,UNH,VMC,VRTX,VTRS,WBD,WDAY,WTW,XYZ,YUM,ZS,ZTS",119,108,[],[]
2024-05-06,"ABNB,ACGL,ADP,AEE,ALL,ALNY,APH,APO,ARE,ARES,ATO,AVB,AVY,AWK,AXON,BK,BKNG,BX,C,CAG,CCL,CEG,CFG,CMG,CMS,COF,CPT,CSCO,CTAS,CVX,DAL,DELL,DGX,DIS,DLR,DOC,DOV,DPZ,DUK,DVA,ECL,ED,EIX,EME,EQT,ETN,EXPD,EXR,FCX,FDX,FITB,FIX,FRT,FSLR,GE,GEV,GM,GOOG,GOOGL,HAS,HBAN,HOOD,IBKR,IFF,INTU,KDP,KEY,KKR,LMT,LNT,MCK,MKC,MLM,MMM,MRK,MRNA,MRSH,NDSN,NEE,NEM,NI,NRG,PEP,PH,PM,PNR,PNW,PODD,PSA,PSKY,PWR,PYPL,RCL,RF,RTX,RVTY,SCHW,SO,SOLV,STT,STX,STZ,SW,SYF,TDG,TEL,TKO,TMUS,TRGP,TRI,TT,UAL,V,VST,WAB,WEC,WELL,WFC,XOM,XYL,^VIX","ABBV,ABT,ACN,ADSK,AFL,AJG,AKAM,AMD,AON,APD,AZO,BA,BF.B,BLK,BRO,BXP,CB,CCI,CF,CHTR,CNC,COO,CPAY,CPRT,CRL,CSX,CTSH,CVS,DHI,DLTR,DRI,EA,EFX,EG,ELV,EPAM,EQIX,EW,FDS,GILD,GL,HIG,HII,HON,HST,HUM,IDXX,IEX,INCY,INSM,INTC,ISRG,ITW,IVZ,JBHT,JBL,JKHY,KR,KVUE,LEN,LII,LOW,LULU,LUV,LW,MA,MAR,MET,MNST,MOH,MOS,MTCH,MTD,NCLH,NSC,ODFL,ORLY,OTIS,PAYX,PFG,PG,PLD,PTC,ROK,ROP,ROST,SBUX,SPG,SPGI,STE,SYY,TDY,TPR,TRV,TXT,ULTA,UNH,VMC,VRTX,VTRS,WBD,WDAY,WRB,WTW,XYZ,YUM,ZS,ZTS",121,108,[],[]
2024-05-07,"ABNB,ACGL,ADP,AEE,ALL,ALNY,APH,APO,ARE,ARES,ATO,AVB,AVY,AWK,AXON,BK,BKNG,BX,C,CAG,CCL,CEG,CFG,CMG,CMS,COF,CPT,CSCO,CTAS,CVX,DAL,DELL,DGX,DLR,DOC,DOV,DPZ,DUK,DVA,ECL,ED,EIX,EME,EQT,ETN,EXPD,EXR,FCX,FDX,FITB,FIX,FRT,FSLR,GE,GEV,GM,GOOG,GOOGL,HAS,HBAN,HOOD,IBKR,IFF,INTU,KDP,KEY,KKR,LMT,LNT,MCK,MKC,MLM,MMM,MRK,MRNA,MRSH,NDSN,NEE,NEM,NI,NRG,PEP,PH,PM,PNR,PNW,PODD,PSA,PSKY,PWR,PYPL,RCL,RF,RTX,RVTY,SCHW,SO,SOLV,STT,STX,STZ,SW,SYF,TDG,TEL,TKO,TMUS,TRGP,TRI,TT,UAL,V,VST,WAB,WEC,WELL,WFC,WMT,XOM,XYL,^VIX","ABBV,ABT,ACN,ADSK,AFL,AJG,AKAM,ALLE,AMD,AMT,AON,APD,AZO,BA,BEN,BF.B,BMY,BXP,CB,CBRE,CCI,CF,CHTR,CMCSA,CNC,CPAY,CPRT,CRL,CSX,CTSH,CVS,DECK,DHI,DLTR,DRI,EA,EFX,EG,ELV,EPAM,EQIX,EW,FDS,GILD,GL,HIG,HII,HON,HST,HUM,ICE,IDXX,IEX,INCY,INSM,INTC,IRM,ISRG,ITW,IVZ,JBHT,JBL,JKHY,KIM,KR,LEN,LII,LOW,LULU,LUV,LW,MA,MAR,MAS,MET,MGM,MNST,MOH,MOS,MTB,MTCH,MTD,NCLH,NSC,NVR,NWS,NWSA,ODFL,ORLY,OTIS,PAYX,PFG,PG,PLD,POOL,PTC,ROK,ROP,ROST,SBAC,SBUX,SHW,SPGI,SYY,TDY,TPR,TRV,TXT,ULTA,UNH,VMC,VRTX,VTRS,WBD,WDAY,WRB,WTW,WY,XYZ,YUM,ZS,ZTS",121,122,[],[]
2024-05-08,"ABNB,ACGL,ADP,AEE,ALL,ALNY,APH,APO,ARE,ARES,ATO,AVB,AVY,AWK,AXON,BK,BKNG,BX,C,CAG,CCL,CEG,CFG,CMG,CMS,COF,COST,CPT,CSCO,CTAS,CVX,DAL,DELL,DGX,DLR,DOC,DOV,DPZ,DUK,DVA,ECL,ED,EIX,EME,EQT,ETN,EXPD,EXR,FCX,FDX,FITB,FIX,FRT,FSLR,GE,GEV,GM,GOOG,GOOGL,HAS,HBAN,HOOD,IBKR,IFF,INTU,KDP,KEY,KKR,LMT,LNT,MCK,MKC,MLM,MMM,MRK,MRNA,MRSH,NDSN,NEE,NEM,NI,NRG,PEP,PH,PM,PNR,PNW,PODD,PSA,PSKY,PWR,PYPL,RCL,RF,RTX,RVTY,SCHW,SO,SOLV,STT,STX,STZ,SW,SYF,TDG,TEL,TKO,TMUS,TRGP,TRI,TT,UAL,V,VST,WAB,WEC,WELL,WFC,WMT,XOM,XYL,^VIX","ABBV,ABT,ACN,ADSK,AFL,AJG,AKAM,ALLE,AMD,AMT,AON,APD,AZO,BA,BEN,BF.B,BMY,BXP,CB,CBRE,CCI,CF,CHTR,CI,CMCSA,CNC,COR,CPAY,CPRT,CRL,CSX,CTSH,CVS,DECK,DHI,DLTR,DRI,EA,EFX,EG,ELV,EPAM,EQIX,EW,FAST,FDS,GEN,GILD,GWW,HIG,HII,HON,HST,HUM,ICE,IDXX,IEX,INCY,INSM,INTC,IRM,ISRG,ITW,IVZ,JBHT,JBL,JKHY,KIM,KR,LEN,LII,LOW,LULU,LUV,LW,MA,MAR,MAS,MET,MGM,MNST,MOH,MOS,MTCH,MTD,NCLH,NSC,NVR,NWS,NWSA,ODFL,ORLY,OTIS,PAYX,PFG,PG,PLD,POOL,PRU,PTC,RJF,ROK,ROP,ROST,SBAC,SBUX,SHW,SPGI,SYY,T,TDY,TPR,TRV,TXT,ULTA,UNH,VMC,VRTX,VTRS,WBD,WDAY,WRB,WTW,WY,XYZ,YUM,ZS,ZTS",122,128,[],[]
2024-05-09,"AAPL,ACGL,ADP,AEE,ALL,ALNY,APH,APO,ARE,ARES,ATO,AVB,AVY,AWK,AXON,BK,BKNG,BX,C,CAG,CCL,CEG,CFG,CMG,CMS,COF,COST,CPT,CSCO,CTAS,CVX,DAL,DELL,DGX,DLR,DOC,DOV,DPZ,DUK,DVA,ECL,ED,EIX,EME,EQT,ETN,EXPD,EXR,FCX,FDX,FITB,FIX,FRT,FSLR,GE,GEV,GM,GOOG,GOOGL,HAS,HBAN,HOOD,IBKR,IFF,INTU,KDP,KEY,KKR,LMT,LNT,MCK,MKC,MLM,MMM,MRK,MRNA,MRSH,NDSN,NEE,NEM,NI,NRG,PEP,PH,PM,PNR,PNW,PODD,PSA,PSKY,PWR,PYPL,RCL,RF,RTX,RVTY,SCHW,SO,SOLV,STT,STX,STZ,SW,SYF,TDG,TEL,TKO,TMUS,TRGP,TRI,TT,UAL,V,VST,WAB,WEC,WELL,WFC,WMT,XOM,XYL,^VIX","ABBV,ABT,ACN,ADM,ADSK,AFL,AJG,AKAM,ALLE,AMD,AMP,AMT,AON,APD,AZO,BA,BAX,BEN,BF.B,BKR,BMY,BRK.B,BXP,CAH,CB,CBRE,CF,CHTR,CI,CMCSA,CNC,COR,CPAY,CPRT,CRL,CSX,CTSH,CVS,DE,DECK,DG,DHI,DLTR,DOW,DRI,EA,EFX,EG,ELV,EPAM,EW,FAST,FDS,GEN,GILD,GWW,HAL,HIG,HII,HON,HST,HUM,ICE,IDXX,IEX,INCY,INSM,INTC,IRM,ISRG,ITW,IVZ,JBHT,JBL,JKHY,JPM,KIM,KR,LEN,LII,LOW,LULU,LUV,LW,LYB,MA,MAR,MAS,MDT,MET,MGM,MNST,MOH,MOS,MTCH,MTD,NCLH,NSC,NVR,NWS,NWSA,ODFL,ORLY,OTIS,PAYX,PFG,PG,PKG,PLD,POOL,PPG,PRU,PTC,RJF,ROK,ROP,SBAC,SBUX,SHW,SLB,SPGI,STLD,SYY,T,TDY,TGT,TPR,TRV,TXT,ULTA,UNH,VMC,VRTX,VTRS,VZ,WAT,WBD,WDAY,WMB,WRB,WTW,WY,XYZ,YUM,ZS,ZTS",122,146,[],[]
2024-05-10,"AAPL,ACGL,ADP,AEE,ALL,ALNY,APH,APO,ARE,ARES,ATO,AVB,AVY,AWK,AXON,BK,BKNG,BX,C,CAG,CCL,CEG,CFG,CMG,CMS,COF,COST,CPT,CSCO,CTAS,CVX,DAL,DELL,DGX,DLR,DOC,DOV,DPZ,DUK,DVA,ECL,ED,EIX,EME,EQT,ETN,EXPD,EXR,FCX,FDX,FITB,FIX,FRT,FSLR,GE,GEV,GM,GOOG,GOOGL,HAS,HBAN,HOOD,IBKR,IFF,INTU,KDP,KEY,KKR,LMT,LNT,MCK,MKC,MLM,MMM,MRK,MRNA,MRSH,NDSN,NEE,NEM,NI,NRG,PEP,PH,PM,PNR,PNW,PSA,PSKY,PWR,PYPL,RCL,RF,RTX,RVTY,SCHW,SO,SOLV,STT,STX,STZ,SW,SYF,TDG,TEL,TKO,TMUS,TRGP,TRI,TT,UAL,V,VST,WAB,WEC,WELL,WFC,WMT,XOM,XYL,^VIX","ABBV,ABT,ACN,ADM,ADSK,AFL,AKAM,ALLE,AMD,AMP,AMT,AON,APA,APD,AZO,BA,BAX,BBY,BEN,BKR,BMY,BXP,CAH,CB,CF,CHTR,CI,CINF,CMCSA,CME,CNC,COIN,COR,CPAY,CPRT,CRL,CRM,CSX,CTSH,CVS,DE,DECK,DG,DHI,DLTR,DOW,DRI,EA,EFX,EG,ELV,EPAM,EW,F,FAST,FDS,FFIV,GILD,GWW,HAL,HIG,HII,HON,HST,HUM,ICE,IDXX,IEX,INCY,INSM,INTC,INVH,IRM,ISRG,ITW,IVZ,JBHT,JBL,JKHY,JPM,KIM,KR,LEN,LII,LOW,LULU,LUV,LW,LYB,MA,MAR,MAS,MDT,MET,MGM,MNST,MOH,MOS,MSCI,MSFT,MTCH,NCLH,NDAQ,NOW,NSC,NVR,NWS,NWSA,ODFL,ORLY,OTIS,PAYX,PFG,PG,PKG,PLD,POOL,PPG,PRU,PTC,RJF,ROK,ROP,SBAC,SBUX,SHW,SLB,SPGI,STLD,SYY,T,TAP,TDY,TEAM,TGT,TPR,TRMB,TRV,TXT,ULTA,VLO,VMC,VRSN,VRTX,VTRS,VZ,WBD,WDAY,WMB,WRB,WTW,WY,XYZ,YUM,ZS,ZTS",121,156,[],[]
2024-05-13,"AAPL,ACGL,ADP,AEE,ALL,ALNY,APH,APO,ARE,ARES,ATO,AVB,AVY,AWK,AXON,BK,BKNG,BX,C,CAG,CCL,CEG,CFG,CMG,CMS,COF,COST,CPT,CSCO,CTAS,CVX,DAL,DELL,DGX,DLR,DOC,DOV,DPZ,DUK,DVA,ECL,ED,EIX,EME,EQT,ETN,EXPD,EXR,FCX,FDX,FITB,FIX,FRT,FSLR,GE,GEV,GM,GOOG,GOOGL,HAS,HBAN,HOOD,IBKR,IFF,INTU,KDP,KEY,KKR,LMT,LNT,MCK,MKC,MLM,MMM,MRK,MRNA,MRSH,NDSN,NEE,NEM,NI,NRG,PEP,PH,PM,PNR,PNW,PSA,PSKY,PWR,PYPL,RCL,RF,RTX,RVTY,SCHW,SO,SOLV,STT,STX,STZ,SW,SYF,TDG,TEL,TKO,TMUS,TRGP,TRI,TT,UAL,V,VST,WAB,WEC,WELL,WFC,WMT,XOM,XYL,^VIX","ABBV,ABT,ACN,ADM,ADSK,AFL,AKAM,ALLE,AMD,AMP,AMT,AON,APA,APD,AZO,BA,BAX,BBY,BEN,BKR,BMY,BXP,CAH,CB,CF,CHTR,CI,CINF,CMCSA,CME,CNC,COIN,COR,CPAY,CPRT,CRL,CRM,CSX,CTSH,CVS,DE,DECK,DG,DHI,DLTR,DOW,DRI,EA,EBAY,EG,ELV,EPAM,EW,F,FAST,FDS,FFIV,GWW,HAL,HCA,HIG,HII,HOLX,HON,HST,HUM,ICE,IDXX,IEX,INSM,INTC,INVH,IRM,ISRG,ITW,JBHT,JBL,JKHY,JPM,KIM,KR,LEN,LII,LOW,LULU,LUV,LW,LYB,LYV,MA,MAR,MAS,MDT,MET,MGM,MNST,MOH,MOS,MSCI,MSFT,MTCH,NCLH,NDAQ,NOW,NSC,NTRS,NVR,NWS,NWSA,ODFL,ORLY,OTIS,PAYC,PCG,PFG,PG,PKG,PLD,POOL,PPG,PRU,PSX,PTC,RJF,ROK,ROP,SBAC,SBUX,SHW,SLB,SPGI,STLD,SYY,T,TAP,TDY,TEAM,TGT,TPR,TRMB,TROW,TRV,TXT,ULTA,VLO,VMC,VRSN,VRTX,VTRS,VZ,WBD,WDAY,WMB,WRB,WTW,WY,XYZ,YUM,ZS,ZTS",121,160,[],[]
2024-05-14,"AAPL,ACGL,ADP,AEE,ALL,ALNY,APH,APO,ARE,ARES,ATO,AVB,AVY,AWK,AXON,BK,BKNG,BX,C,CAG,CCL,CEG,CFG,CMG,CMS,COF,COST,CPT,CSCO,CTAS,CVX,DAL,DELL,DGX,DLR,DOC,DOV,DPZ,DUK,DVA,ECL,ED,EIX,EME,EQT,ETN,EXPD,EXR,FCX,FDX,FITB,FIX,FRT,FSLR,GE,GEV,GM,GOOG,GOOGL,HAS,HBAN,HOOD,IBKR,IFF,INTU,KDP,KEY,KKR,LMT,LNT,MCK,MKC,MLM,MMM,MRK,MRNA,MRSH,NDSN,NEE,NEM,NI,NRG,PEP,PH,PM,PNR,PNW,PSA,PSKY,PWR,PYPL,RCL,RF,RTX,RVTY,SCHW,SO,SOLV,STT,STX,STZ,SW,SYF,TDG,TEL,TKO,TMUS,TRGP,TRI,TT,UAL,V,VST,WAB,WEC,WELL,WFC,WMT,XOM,XYL,^VIX","ABBV,ABT,ACN,ADM,ADSK,AFL,AKAM,ALLE,AMD,AMP,AMT,AON,APA,APD,ASML,AZO,BA,BAX,BBY,BEN,BKR,BMY,BXP,CAH,CB,CF,CHTR,CI,CINF,CMCSA,CME,CNC,COIN,COR,CPAY,CPRT,CRL,CRM,CSX,CTSH,CVS,DE,DECK,DG,DHI,DLTR,DOW,DRI,EA,EBAY,EG,ELV,EPAM,EW,F,FAST,FDS,FFIV,GWW,HAL,HCA,HIG,HII,HOLX,HON,HST,HUM,ICE,IDXX,IEX,INSM,INTC,INVH,IRM,ISRG,IT,ITW,JBHT,JBL,JKHY,JPM,KIM,KR,LEN,LII,LOW,LRCX,LULU,LUV,LW,LYB,LYV,MA,MAR,MAS,MET,MGM,MNST,MOH,MOS,MSCI,MSFT,MTCH,NCLH,NDAQ,NOW,NSC,NTRS,NVR,NWS,NWSA,ODFL,ORLY,OTIS,PAYC,PCG,PFG,PG,PKG,PLD,POOL,PPG,PRU,PSX,PTC,RJF,ROK,ROP,SBAC,SBUX,SHW,SLB,SNPS,SPGI,STLD,SYY,T,TAP,TDY,TEAM,TGT,TPR,TRMB,TROW,TRV,TXT,ULTA,USB,VLO,VMC,VRSN,VRTX,VTRS,VZ,WBD,WDAY,WMB,WRB,WTW,WY,XYZ,YUM,ZS,ZTS",121,164,[],[]
2024-05-15,"AAPL,ACGL,ADP,AEE,ALL,ALNY,APH,APO,ARE,ARES,ATO,AVB,AVY,AWK,AXON,BK,BKNG,BX,C,CAG,CCL,CEG,CFG,CMG,CMS,COF,COST,CPT,CSCO,CTAS,CVX,DAL,DELL,DGX,DLR,DOC,DOV,DPZ,DUK,DVA,ECL,ED,EIX,EME,EQT,ETN,EXPD,EXR,FCX,FDX,FITB,FIX,FRT,FSLR,GE,GEV,GM,GOOG,GOOGL,GPC,HAS,HBAN,HOOD,IBKR,IFF,INTU,KDP,KEY,KKR,LMT,LNT,MCK,MKC,MLM,MMM,MRK,MRNA,MRSH,NDSN,NEE,NEM,NI,NRG,PEP,PH,PM,PNR,PNW,PSA,PSKY,PWR,PYPL,RCL,RF,RTX,RVTY,SCHW,SO,SOLV,STT,STX,STZ,SW,SYF,TDG,TEL,TKO,TMUS,TRGP,TRI,TT,UAL,V,VST,WAB,WEC,WELL,WFC,WMT,XOM,XYL,^VIX","ABBV,ABT,ACN,ADM,ADSK,AFL,AKAM,ALLE,AMD,AMP,AON,APA,APD,ASML,AZO,BA,BAX,BBY,BEN,BKR,BMY,BXP,CAH,CB,CDNS,CF,CHTR,CI,CINF,CMCSA,CME,CNC,COIN,COR,CPAY,CPRT,CRL,CSX,CTSH,CVS,DE,DECK,DG,DLTR,DOW,DRI,EA,EBAY,EG,ELV,EPAM,F,FAST,FDS,FFIV,GWW,HAL,HCA,HIG,HII,HOLX,HON,HST,HUM,ICE,IEX,INSM,INTC,INVH,IT,ITW,JBHT,JBL,JKHY,JPM,KIM,KR,LII,LOW,LULU,LUV,LVS,LW,LYB,LYV,MA,MAR,MAS,MET,MGM,MNST,MOH,MOS,MPC,MSCI,MSFT,MTCH,NCLH,NDAQ,NOW,NSC,NTRS,NVR,NWS,NWSA,ODFL,ORLY,OTIS,PAYC,PCG,PFG,PG,PKG,PLD,POOL,PPG,PRU,PSX,PTC,RJF,ROK,ROP,SBAC,SBUX,SHW,SLB,SPGI,STLD,SYK,SYY,T,TAP,TDY,TEAM,TGT,TPR,TRMB,TROW,TRV,TXT,UHS,ULTA,USB,VLO,VMC,VRSN,VRTX,VTRS,VZ,WBD,WDAY,WMB,WRB,WTW,WY,XYZ,YUM,ZBH,ZS,ZTS",122,160,[],[]
2024-05-16,"AAPL,ACGL,ADP,AEE,AEP,ALL,ALNY,APH,APO,ARE,ARES,ATO,AVB,AVY,AWK,AXON,AXP,BG,BK,BKNG,BX,C,CAG,CCL,CEG,CFG,CMG,CMS,CNP,COF,COST,CPT,CSCO,CTAS,CVX,DAL,DELL,DGX,DLR,DOC,DOV,DPZ,DUK,DVA,ECL,ED,EIX,EME,EQT,ETN,ETR,EXC,EXPD,EXR,FCX,FDX,FE,FITB,FIX,FOX,FRT,FSLR,GE,GEV,GIS,GM,GOOG,GOOGL,GPC,HAS,HBAN,HOOD,IBKR,IFF,INTU,KDP,KEY,KKR,KMI,KO,LMT,LNT,MCK,MKC,MMM,MRK,MRNA,MRSH,NDSN,NEE,NEM,NI,NRG,PEP,PH,PM,PNR,PNW,PSA,PSKY,PWR,PYPL,RCL,RF,RTX,RVTY,SCHW,SJM,SO,SOLV,SRE,STT,STX,STZ,SW,SYF,TDG,TEL,TKO,TMUS,TRGP,TRI,TT,UAL,V,VST,WAB,WEC,WELL,WFC,WMT,XEL,XOM,XYL,^VIX","ABBV,ABT,ACN,ADM,ADSK,AFL,AKAM,ALLE,AMD,AMP,AMZN,AON,APA,APD,ASML,AZO,BA,BAX,BBY,BEN,BKR,BMY,BXP,CAH,CDNS,CF,CHTR,CI,CINF,CMCSA,CME,CNC,COIN,COR,CPAY,CPRT,CRL,CSX,CVS,DDOG,DE,DECK,DLTR,DOW,DRI,EA,EBAY,EG,ELV,EPAM,F,FAST,FDS,FFIV,GWW,HAL,HCA,HIG,HII,HLT,HOLX,HST,HUM,ICE,IEX,INSM,INTC,INVH,IT,ITW,JBHT,JBL,JKHY,JPM,KIM,KR,LII,LOW,LULU,LUV,LVS,LW,LYB,LYV,MA,MAR,MAS,MET,META,MGM,MNST,MOH,MOS,MPC,MSCI,MSFT,MTCH,NCLH,NDAQ,NFLX,NOW,NSC,NTRS,NVDA,NVR,NWS,NWSA,ODFL,ORLY,OTIS,PAYC,PCAR,PFG,PG,PKG,PLD,POOL,PPG,PRU,PSX,PTC,RJF,ROK,SBAC,SBUX,SHW,SLB,SPGI,STLD,SYK,SYY,T,TAP,TDY,TEAM,TGT,TPR,TRMB,TROW,TRV,TXT,UBER,UHS,ULTA,USB,VLO,VMC,VRSN,VRTX,VTRS,VZ,WBD,WDAY,WDC,WRB,WTW,WY,XYZ,YUM,ZBH,ZS,ZTS",135,162,[],[]
2024-05-17,"AAPL,ACGL,ADP,AEE,AEP,ALL,ALNY,APH,APO,ARE,ARES,ATO,AVB,AVY,AWK,AXON,AXP,BG,BK,BKNG,BX,C,CAG,CCEP,CCL,CEG,CFG,CHD,CL,CMG,CMS,CNP,COF,COST,CPB,CPT,CSCO,CTAS,CVX,D,DAL,DELL,DGX,DLR,DOC,DOV,DPZ,DTE,DUK,DVA,ECL,ED,EIX,EME,EQT,ES,ETN,ETR,EXC,EXPD,EXR,FCX,FDX,FE,FITB,FIX,FOX,FRT,FSLR,GE,GEV,GIS,GM,GOOG,GOOGL,GPC,HAS,HBAN,HOOD,HRL,IBKR,IFF,INTU,KDP,KEY,KKR,KMB,KMI,KO,L,LHX,LMT,LNT,MCD,MCK,MDLZ,MKC,MMM,MO,MRK,MRNA,MRSH,NDSN,NEE,NEM,NI,NRG,PDD,PEG,PEP,PH,PM,PNR,PNW,PPL,PSA,PSKY,PWR,PYPL,RCL,RF,RTX,RVTY,SCHW,SJM,SO,SOLV,SRE,STT,STX,STZ,SW,SYF,TDG,TEL,TFC,TKO,TMUS,TRGP,TRI,TT,UAL,V,VST,WAB,WEC,WELL,WFC,WMT,XEL,XOM,XYL,^VIX","ABBV,ABT,ACN,ADM,ADSK,AFL,AKAM,ALLE,AMD,AMP,AMZN,AON,APA,ASML,AZO,BA,BAX,BBY,BEN,BKR,BMY,BXP,CAH,CDNS,CF,CHTR,CI,CINF,CMCSA,CME,CNC,COIN,COR,CPAY,CPRT,CRL,CSX,CVS,DDOG,DE,DECK,DLTR,DOW,EA,EBAY,EG,EPAM,F,FAST,FDS,FFIV,GWW,HAL,HCA,HIG,HII,HLT,HOLX,HST,HUM,ICE,IEX,INSM,INTC,INVH,IT,ITW,JBHT,JBL,JKHY,JPM,KIM,KR,LII,LOW,LULU,LUV,LVS,LW,LYB,LYV,MA,MAR,MAS,MET,META,MGM,MNST,MOH,MOS,MPC,MSCI,MSFT,MTCH,NCLH,NDAQ,NFLX,NOW,NSC,NTRS,NVDA,NVR,NWS,NWSA,ODFL,ORLY,OTIS,PAYC,PCAR,PFG,PG,PKG,PLD,POOL,PPG,PRU,PSX,PTC,RJF,ROK,SBAC,SBUX,SHW,SLB,SPGI,STLD,SYK,SYY,T,TAP,TDY,TEAM,TGT,TPR,TRMB,TROW,TRV,TXT,UBER,UHS,ULTA,USB,VMC,VRSN,VRTX,VTRS,VZ,WBD,WDAY,WDC,WRB,WTW,WY,XYZ,YUM,ZBH,ZS,ZTS",153,158,[],[]
2024-05-20,"AAPL,ACGL,ADP,AEE,AEP,ALL,ALNY,APH,APO,ARE,ARES,ATO,AVB,AVY,AWK,AXON,AXP,BAC,BG,BK,BKNG,BX,C,CAG,CCEP,CCL,CEG,CFG,CHD,CL,CMG,CMS,CNP,COF,COST,CPB,CPT,CSCO,CTAS,CVX,D,DAL,DELL,DGX,DHR,DLR,DOC,DOV,DPZ,DTE,DUK,DVA,ECL,ED,EIX,EME,EQT,ES,ETN,ETR,EXC,EXPD,EXR,FCX,FDX,FE,FISV,FITB,FIX,FOX,FRT,FSLR,GE,GEV,GIS,GM,GOOG,GOOGL,GPC,HAS,HBAN,HOOD,HRL,IBKR,IFF,INTU,KDP,KEY,KKR,KMB,KMI,KO,L,LDOS,LHX,LMT,LNT,MCD,MCK,MDLZ,MKC,MMM,MO,MRK,MRNA,MRSH,NDSN,NEE,NEM,NI,NRG,PANW,PDD,PEG,PEP,PH,PHM,PM,PNC,PNR,PNW,PPL,PSA,PSKY,PWR,PYPL,RCL,REG,RF,RL,RTX,RVTY,SCHW,SJM,SO,SOLV,SRE,STT,STX,STZ,SW,SYF,TDG,TEL,TFC,TKO,TMO,TMUS,TRGP,TRI,TT,UAL,UPS,V,VLTO,VST,WAB,WEC,WELL,WFC,WMT,XEL,XOM,XYL,^VIX","ABBV,ABT,ACN,ADM,ADSK,AFL,AKAM,ALLE,AMD,AMP,AMZN,AON,APA,ASML,AZO,BA,BAX,BBY,BEN,BKR,BMY,BXP,CAH,CDNS,CF,CHTR,CI,CINF,CMCSA,CME,CNC,COIN,COR,CPAY,CPRT,CRL,CSX,CVS,DDOG,DE,DECK,DLTR,DOW,EA,EBAY,EG,EPAM,F,FAST,FFIV,GWW,HAL,HCA,HIG,HII,HLT,HOLX,HST,HUM,ICE,IEX,INSM,INTC,INVH,IT,ITW,JBHT,JBL,JKHY,JPM,KIM,KR,LII,LOW,LULU,LUV,LVS,LW,LYB,LYV,MA,MAR,MAS,MET,META,MGM,MNST,MOH,MOS,MPC,MSFT,MTCH,NCLH,NDAQ,NOW,NSC,NTRS,NUE,NVDA,NVR,NWS,NWSA,ODFL,ORLY,OTIS,PAYC,PCAR,PFG,PG,PKG,PLD,POOL,PPG,PRU,PSX,PTC,RJF,ROK,SBAC,SBUX,SHW,SLB,SPGI,STLD,SYK,SYY,T,TAP,TDY,TEAM,TGT,TPR,TRMB,TROW,TRV,TXT,UBER,UHS,ULTA,USB,VMC,VRSN,VRTX,VTRS,VZ,WBD,WDAY,WDC,WRB,WTW,WY,XYZ,YUM,ZBH,ZS,ZTS",165,156,[],[]
2024-05-21,"AAPL,ACGL,ADI,ADP,AEE,AEP,ALL,ALNY,APH,APO,ARE,ARES,ATO,AVB,AVY,AWK,AXON,AXP,BAC,BG,BIIB,BK,BKNG,BSX,BX,C,CAG,CCEP,CCL,CEG,CFG,CHD,CL,CMG,CMS,CNP,COF,COST,CPB,CPT,CSCO,CSGP,CTAS,CVX,D,DAL,DELL,DGX,DHR,DLR,DOC,DOV,DPZ,DTE,DUK,DVA,ECL,ED,EIX,EME,EQR,EQT,ES,ESS,ETN,ETR,EXC,EXPD,EXR,FCX,FDX,FE,FISV,FITB,FIX,FOX,FRT,FSLR,GE,GEV,GIS,GM,GOOG,GOOGL,GPC,HAS,HBAN,HOOD,HRL,IBKR,IFF,INTU,KDP,KEY,KKR,KMB,KMI,KO,L,LDOS,LHX,LMT,LNT,MCD,MCHP,MCK,MDLZ,MKC,MMM,MO,MRK,MRNA,MRSH,NEE,NEM,NI,NRG,NXPI,OMC,PANW,PDD,PEG,PEP,PH,PHM,PM,PNC,PNR,PNW,PPL,PSA,PSKY,PWR,PYPL,RCL,REG,RF,RL,RTX,RVTY,SCHW,SJM,SO,SOLV,SRE,STT,STX,STZ,SW,SYF,TDG,TEL,TFC,TKO,TMO,TMUS,TRGP,TRI,TSLA,TT,TXN,UAL,UDR,UPS,V,VLTO,VST,WAB,WEC,WELL,WFC,WMT,XEL,XOM,XYL,^VIX","ABBV,ABT,ACN,ADM,ADSK,AFL,AKAM,ALLE,AMD,AMP,AMZN,AON,APA,ASML,AZO,BA,BAX,BBY,BEN,BKR,BMY,BXP,CAH,CDNS,CF,CHTR,CI,CINF,CMCSA,CME,CNC,COIN,COR,CPAY,CPRT,CRL,CSX,CVS,DDOG,DE,DECK,DLTR,DOW,EA,EBAY,EG,EPAM,F,FAST,FFIV,FTV,GD,GWW,HAL,HCA,HIG,HII,HLT,HOLX,HST,HUM,ICE,IEX,INSM,INTC,INVH,IT,ITW,JBHT,JBL,JKHY,JPM,KIM,KR,LII,LOW,LULU,LUV,LVS,LW,LYB,LYV,MA,MAR,MAS,MET,META,MGM,MNST,MOH,MOS,MPC,MSFT,MTCH,NCLH,NDAQ,NOW,NSC,NTRS,NUE,NVDA,NVR,NWS,NWSA,ODFL,ORLY,OTIS,PAYC,PCAR,PFG,PG,PKG,PLD,POOL,PPG,PRU,PSX,PTC,RJF,ROK,SBAC,SBUX,SHW,SLB,SPGI,STLD,SYK,SYY,T,TAP,TDY,TEAM,TGT,TPR,TRMB,TROW,TRV,TXT,UBER,UHS,ULTA,USB,VMC,VRSN,VRTX,VTRS,VZ,WBD,WDAY,WDC,WRB,WTW,WY,XYZ,YUM,ZBH,ZS,ZTS",176,158,[],[]
2024-05-22,"AAPL,ACGL,ADI,ADP,AEE,AEP,ALL,ALNY,APH,APO,ARE,ARES,ATO,AVB,AVY,AWK,AXON,AXP,BAC,BG,BIIB,BK,BKNG,BSX,BX,C,CAG,CARR,CCEP,CCL,CEG,CFG,CHD,CL,CMG,CNP,COF,COST,CPB,CPT,CSCO,CSGP,CTAS,CVX,D,DAL,DELL,DGX,DHR,DLR,DOC,DOV,DPZ,DTE,DUK,DVA,ECL,ED,EIX,EME,EQR,EQT,ES,ESS,ETN,ETR,EXC,EXPD,EXR,FDX,FE,FISV,FITB,FIX,FOX,FRT,FSLR,GE,GEV,GIS,GOOG,GOOGL,GPC,HAS,HBAN,HOOD,IBKR,IFF,INTU,KDP,KEY,KKR,KMB,KMI,KO,L,LDOS,LHX,LMT,LNT,MCD,MCHP,MCK,MDLZ,MKC,MMM,MO,MRK,MRNA,MRSH,NEE,NEM,NI,NOC,NRG,NXPI,OMC,PANW,PDD,PEG,PEP,PH,PHM,PM,PNC,PNR,PNW,PPL,PSA,PSKY,PWR,PYPL,RCL,REG,RL,ROL,RTX,RVTY,SJM,SO,SOLV,SRE,STT,STX,STZ,SW,SYF,TDG,TEL,TER,TFC,TJX,TKO,TMO,TMUS,TRGP,TRI,TSCO,TSLA,TT,TXN,TYL,UAL,UDR,UPS,URI,V,VLTO,VST,WAB,WELL,WFC,WM,WMT,XEL,XYL,ZBRA,^VIX","ABBV,ABT,ACN,ADM,ADSK,AFL,AKAM,ALLE,AMD,AMP,AMZN,AON,AOS,APA,ASML,AZO,BA,BAX,BBY,BEN,BKR,BMY,BXP,CAH,CAT,CDNS,CF,CHTR,CI,CINF,CMCSA,CME,CNC,COIN,COR,CPAY,CPRT,CRL,CSX,CVS,DDOG,DE,DECK,DLTR,DOW,EBAY,EG,EPAM,F,FAST,FFIV,FTV,GD,GWW,HAL,HCA,HIG,HII,HLT,HOLX,HST,HUM,ICE,IEX,INSM,INTC,INVH,IT,ITW,JBHT,JBL,JKHY,JPM,KIM,KR,LH,LII,LOW,LULU,LUV,LVS,LYB,LYV,MA,MAR,MAS,MET,META,MGM,MNST,MOH,MOS,MPC,MSFT,MTCH,NCLH,NDAQ,NOW,NSC,NTRS,NUE,NVDA,NVR,NWS,NWSA,ODFL,ORLY,PAYC,PCAR,PFG,PG,PKG,PLD,POOL,PPG,PRU,PSX,PTC,RJF,ROK,SBAC,SHW,SLB,SPGI,STLD,SYK,SYY,T,TAP,TDY,TEAM,TGT,TPR,TRMB,TROW,TRV,TXT,UBER,UHS,ULTA,USB,VMC,VRSN,VRTX,VTRS,VZ,WBD,WDAY,WDC,WRB,WST,WTW,WY,XYZ,YUM,ZBH,ZS,ZTS",178,158,[],[]
2024-05-23,"AAPL,ACGL,ADI,ADP,ALNY,APH,APO,APP,ARES,AVY,AXON,BAC,BG,BK,BKNG,BSX,BX,C,CAG,CARR,CCEP,CCL,CEG,CHD,CL,CMG,COF,COST,CPB,CPT,CSCO,CSGP,CTAS,CVNA,CVX,D,DAL,DELL,DGX,DHR,DLR,DOV,DUK,DVA,ECL,EME,EQR,EQT,ETN,EXPD,FDX,FISV,FIX,FOX,FRT,FSLR,GE,GEV,GOOG,GOOGL,HAS,HOOD,HWM,IBKR,IFF,INTU,KDP,KKR,KLAC,LDOS,LHX,LMT,MCHP,MCK,MMM,MO,MPWR,MRK,MRNA,MRSH,NEE,NOC,NRG,NXPI,OMC,PANW,PDD,PEG,PEP,PHM,PM,PNR,PSKY,PWR,PYPL,RCL,REG,RL,ROL,RTX,RVTY,SJM,SOLV,STX,STZ,SW,SYF,TDG,TEL,TER,TJX,TKO,TMO,TMUS,TRGP,TRI,TSCO,TSLA,TT,TXN,TYL,UAL,UDR,URI,V,VLTO,VST,WAB,WELL,WM,WMT,XYL,ZBRA,^VIX","ABBV,ABT,ACN,ADM,ADSK,AFL,AKAM,ALLE,AMD,AMP,AMZN,AON,AOS,APA,ASML,AZO,BA,BAX,BBY,BEN,BKR,BMY,BXP,CAH,CAT,CDNS,CF,CHTR,CI,CINF,CMCSA,CME,CNC,COIN,COR,CPAY,CPRT,CRL,CSX,CVS,DDOG,DE,DECK,DLTR,DOW,DXCM,EBAY,EG,EPAM,F,FAST,FFIV,FTV,GD,GWW,HAL,HCA,HIG,HII,HLT,HOLX,HST,HUM,ICE,IEX,INSM,INTC,INVH,IT,ITW,JBHT,JBL,JKHY,JPM,KIM,KR,LH,LII,LOW,LULU,LUV,LVS,LYB,LYV,MA,MAR,MAS,MET,META,MGM,MNST,MOH,MOS,MPC,MSFT,MTCH,NCLH,NDAQ,NOW,NSC,NTRS,NUE,NVR,NWS,NWSA,ODFL,ORLY,PAYC,PCAR,PFG,PG,PKG,PLD,POOL,PPG,PRU,PSX,PTC,RJF,ROK,SBAC,SHW,SLB,SPGI,STLD,SYK,SYY,T,TAP,TDY,TEAM,TGT,TPR,TRMB,TROW,TRV,TXT,UBER,UHS,ULTA,USB,VMC,VRSN,VRTX,VTRS,VZ,WBD,WDAY,WDC,WRB,WST,WTW,WY,XYZ,YUM,ZBH,ZS,ZTS",134,158,[],[]
2024-05-24,"AAPL,ACGL,ADI,ADP,ALB,ALNY,APH,APO,APP,ARES,AVY,AXON,BAC,BG,BK,BKNG,BSX,BX,C,CAG,CARR,CCEP,CCL,CEG,CHD,CL,CMG,COF,COST,CPB,CPT,CSCO,CSGP,CVNA,CVX,D,DAL,DELL,DGX,DHR,DLR,DOV,DUK,DVA,ECL,EME,EQR,EQT,ETN,EXPD,FDX,FISV,FIX,FOX,FSLR,GE,GEV,GOOG,GOOGL,HAS,HOOD,HWM,IBKR,IFF,KDP,KKR,KLAC,LDOS,LHX,LMT,MCHP,MCK,MMM,MO,MPWR,MRK,MRNA,MRSH,NEE,NOC,NRG,NXPI,OMC,ON,PANW,PDD,PEG,PEP,PHM,PM,PNR,PSKY,PWR,PYPL,RCL,REG,RL,ROL,RTX,RVTY,SJM,SOLV,STX,STZ,SW,SYF,TDG,TEL,TER,TJX,TKO,TMO,TMUS,TRGP,TRI,TSCO,TSLA,TT,TXN,TYL,UAL,UDR,URI,V,VLTO,VST,WAB,WELL,WM,WMT,XYL,ZBRA,^VIX","ABBV,ABT,ACN,ADM,ADSK,AFL,AKAM,ALLE,AMD,AMP,AMZN,AON,AOS,APA,ASML,AZO,BA,BAX,BBY,BEN,BKR,BMY,BXP,CAH,CAT,CDNS,CF,CHTR,CI,CINF,CMCSA,CME,CNC,COIN,COR,CPAY,CPRT,CRL,CSX,CVS,DDOG,DE,DLTR,DOW,DXCM,EG,EPAM,F,FAST,FFIV,FTV,GD,GWW,HAL,HCA,HIG,HII,HLT,HOLX,HST,HUM,ICE,IEX,INSM,INTC,INVH,IT,ITW,JBHT,JBL,JKHY,JPM,KIM,KR,LH,LII,LOW,LULU,LUV,LVS,LYB,LYV,MA,MAR,MAS,MET,META,MGM,MNST,MOH,MOS,MPC,MSFT,MTCH,NCLH,NDAQ,NOW,NSC,NTRS,NUE,NVR,NWS,NWSA,ODFL,ORLY,PAYC,PCAR,PFG,PG,PKG,PLD,POOL,PPG,PRU,PSX,PTC,RJF,ROK,SBAC,SHW,SLB,SPGI,STLD,SYK,SYY,T,TAP,TDY,TEAM,TGT,TPR,TRMB,TROW,TRV,TXT,UBER,UHS,ULTA,USB,VMC,VRSN,VRTX,VTRS,VZ,WBD,WDAY,WDC,WRB,WST,WTW,WY,XYZ,YUM,ZBH,ZS,ZTS",133,156,[],[]
2024-05-28,"AAPL,ACGL,ADI,ALB,ALNY,APH,APO,APP,ARES,AVY,AXON,BAC,BG,BK,BKNG,BSX,BX,C,CARR,CCEP,CCL,CEG,CMG,COF,COST,CSCO,CVX,D,DELL,DGX,DHR,DLR,DOV,DUK,DVA,EME,EQT,ETN,EXPD,FDX,FIX,FOX,FSLR,GE,GEV,GLW,GOOG,GOOGL,HAS,HOOD,HWM,IBKR,IFF,KDP,KKR,KLAC,LLY,LMT,MCHP,MCK,MMM,MO,MPWR,MRNA,NEE,NRG,NXPI,OMC,ON,PANW,PDD,PEG,PHM,PM,PSKY,PWR,PYPL,RCL,REG,RL,ROL,RTX,RVTY,SOLV,STX,STZ,SW,SYF,TDG,TEL,TER,TJX,TKO,TMUS,TRGP,TRI,TSCO,TSLA,TT,TXN,URI,V,VLTO,VST,WAB,WELL,WM,WMT,ZBRA,^VIX","ABBV,ABT,ACN,ADM,ADSK,AFL,AKAM,ALGN,ALLE,AMD,AMP,AMZN,AON,AOS,APA,AZO,BA,BAX,BBY,BEN,BKR,BMY,BXP,CAH,CAT,CDNS,CF,CHTR,CI,CINF,CMCSA,CME,CNC,COIN,COP,COR,CPAY,CPRT,CRL,CSX,CVS,DDOG,DE,DLTR,DOW,DXCM,EG,EPAM,F,FAST,FFIV,FTV,GD,GEHC,GWW,HAL,HCA,HIG,HII,HLT,HOLX,HSIC,HST,HUBB,HUM,ICE,IEX,INTC,INVH,IT,ITW,JBHT,JBL,JKHY,JPM,KIM,KR,LH,LII,LOW,LULU,LUV,LVS,LYB,LYV,MA,MAR,MAS,MET,META,MGM,MNST,MOH,MOS,MPC,MSFT,MTCH,NCLH,NDAQ,NOW,NSC,NTRS,NUE,NVR,NWS,NWSA,ODFL,ORLY,PAYC,PCAR,PFG,PG,PKG,PLD,POOL,PPG,PRU,PSX,PTC,RJF,ROK,SBAC,SHW,SLB,SPGI,STLD,SYK,SYY,T,TAP,TDY,TEAM,TGT,TPR,TRMB,TROW,TRV,TXT,UBER,UHS,ULTA,USB,VMC,VRSN,VRTX,VTRS,VZ,WBD,WDAY,WDC,WRB,WST,WTW,WY,WYNN,XYZ,YUM,ZBH,ZS,ZTS",110,160,[],[]
2024-05-29,"AAPL,ACGL,ADI,ALB,ALNY,APH,APO,APP,ARES,AXON,BAC,BG,BK,BKNG,BSX,C,CCL,CEG,COF,COST,CSCO,CVX,D,DD,DELL,DGX,DHR,DLR,DOV,DVA,EME,EQT,ETN,EXPD,FDX,FIX,FOX,FSLR,GE,GEV,GLW,GOOG,GOOGL,HAS,HOOD,HWM,IBKR,IFF,KDP,KKR,KLAC,LLY,LMT,MCHP,MCK,MMM,MO,MPWR,MRNA,NEE,NRG,NXPI,ON,PANW,PDD,PEG,PFE,PHM,PM,PSKY,PWR,PYPL,RCL,REG,RL,ROL,RTX,RVTY,SOLV,STX,STZ,SW,SYF,TDG,TECH,TER,TJX,TKO,TMUS,TRGP,TSCO,TSLA,TXN,VLTO,VRSK,VST,WAB,WELL,WMT,^VIX","ABBV,ABT,ACN,ADM,ADSK,AFL,AKAM,ALGN,ALLE,AMD,AMP,AMZN,AON,AOS,APA,AZO,BA,BAX,BBY,BEN,BKR,BMY,BXP,CAH,CAT,CDNS,CF,CHTR,CI,CINF,CLX,CMCSA,CME,CNC,COIN,COP,COR,CPAY,CPRT,CRL,CSX,CTRA,CVS,DDOG,DE,DLTR,DOW,DVN,DXCM,EG,EL,EOG,EPAM,EXE,F,FANG,FAST,FFIV,FTV,GD,GEHC,GNRC,GPN,GWW,HAL,HCA,HIG,HII,HLT,HOLX,HSIC,HST,HUBB,HUM,ICE,IEX,INTC,INVH,IT,ITW,JBHT,JBL,JCI,JKHY,JPM,KHC,KIM,KR,LH,LII,LOW,LULU,LUV,LVS,LYB,LYV,MA,MAR,MAS,MET,META,MGM,MNST,MOH,MOS,MPC,MSFT,MTCH,NCLH,NDAQ,NKE,NOW,NSC,NTRS,NUE,NVR,NWS,NWSA,ODFL,OKE,ORLY,OXY,PAYC,PCAR,PFG,PG,PKG,PLD,POOL,PPG,PRU,PSX,PTC,RJF,ROK,RSG,SBAC,SHW,SLB,SPGI,STLD,SWKS,SYK,SYY,T,TAP,TDY,TEAM,TGT,TPR,TRMB,TROW,TRV,TXT,UBER,UHS,ULTA,USB,VMC,VRSN,VRTX,VTRS,VZ,WBD,WDAY,WDC,WRB,WST,WTW,WY,WYNN,XYZ,YUM,ZBH,ZS,ZTS",100,176,[],[]
2024-05-30,"AAPL,ACGL,ADI,AES,AIG,ALB,ALNY,APH,APO,APP,APTV,ARES,AXON,BAC,BG,BK,BKNG,BSX,C,CCL,CEG,CHRW,COF,COST,CSCO,CVX,D,DD,DELL,DGX,DHR,DLR,DOV,DVA,EME,EQT,ETN,EXPD,FDX,FIX,FOX,FSLR,GE,GEV,GLW,GOOG,GOOGL,HAS,HOOD,HWM,IBKR,IFF,KDP,KKR,KLAC,LLY,LMT,MCHP,MCK,MMM,MO,MPWR,MRNA,NEE,NRG,NXPI,ON,PANW,PDD,PEG,PFE,PHM,PM,PSKY,PWR,PYPL,QCOM,RCL,REG,REGN,RL,ROL,RTX,RVTY,SOLV,STX,STZ,SW,SYF,TDG,TECH,TER,TJX,TKO,TMUS,TRGP,TSCO,TSLA,TXN,VLTO,VRSK,VST,WAB,WELL,WMT,^VIX","ABBV,ABT,ACN,ADM,ADSK,AFL,AKAM,ALGN,ALLE,AMD,AME,AMP,AMZN,AON,AOS,APA,AZO,BA,BAX,BEN,BKR,BMY,BXP,CAH,CAT,CBOE,CDNS,CF,CHTR,CI,CINF,CLX,CMCSA,CME,CNC,COIN,COP,COR,CPAY,CPRT,CRL,CSX,CTRA,CVS,DASH,DDOG,DE,DLTR,DOW,DVN,DXCM,EG,EL,EOG,EPAM,EXE,F,FANG,FAST,FFIV,FTV,GD,GEHC,GNRC,GPN,GWW,HAL,HCA,HIG,HII,HLT,HOLX,HSIC,HST,HUBB,HUM,ICE,IEX,INTC,INVH,IQV,IT,ITW,JBHT,JBL,JCI,JKHY,JPM,KHC,KIM,KR,LH,LII,LIN,LOW,LULU,LUV,LVS,LYB,LYV,MA,MAR,MAS,MET,META,MGM,MNST,MOH,MOS,MPC,MSFT,MTCH,NCLH,NDAQ,NKE,NOW,NSC,NTRS,NUE,NVR,NWS,NWSA,ODFL,OKE,ORLY,OXY,PAYC,PCAR,PFG,PG,PKG,PLD,POOL,PPG,PRU,PSX,PTC,RJF,ROK,RSG,SBAC,SHW,SLB,SPGI,STLD,SWK,SWKS,SYK,SYY,T,TAP,TDY,TEAM,TGT,TPR,TRMB,TROW,TRV,TXT,UBER,ULTA,USB,VMC,VRSN,VRTX,VTRS,WBD,WDAY,WDC,WRB,WST,WTW,WY,WYNN,XYZ,YUM,ZBH,ZS,ZTS",106,179,[],[]
2024-05-31,"AAPL,ACGL,ADI,AES,AIG,ALB,ALNY,ANET,APH,APO,APP,APTV,ARES,AXON,BAC,BG,BK,BKNG,BSX,C,CCL,CEG,CHRW,COF,COST,CSCO,CVX,D,DD,DGX,DHR,DLR,DOV,DVA,EME,EQT,ETN,EXPD,FDX,FER,FIX,FOX,FSLR,GE,GEV,GLW,GOOG,GOOGL,HAS,HD,HOOD,HWM,IBKR,IFF,KDP,KKR,KLAC,LLY,LMT,MCHP,MCK,MELI,MMM,MO,MPWR,MRNA,MSI,NEE,NRG,NTAP,NXPI,ON,PANW,PDD,PEG,PFE,PHM,PM,PSKY,PWR,PYPL,QCOM,RCL,REG,REGN,RL,ROL,RTX,RVTY,SOLV,STX,STZ,SW,SYF,TDG,TECH,TER,TJX,TKO,TMUS,TRGP,TSCO,TSLA,TXN,VLTO,VRSK,VST,WAB,WELL,WMT,^VIX","ABT,ACN,ADSK,AKAM,ALGN,ALLE,AMD,AME,AMP,AMZN,AON,AOS,APA,AZO,BA,BAX,BEN,BMY,BXP,CAT,CBOE,CDNS,CF,CINF,CLX,CME,CNC,COIN,COP,CPAY,CPRT,CRL,CSX,DASH,DDOG,DE,DLTR,DOW,DVN,DXCM,EG,EL,EOG,EPAM,EXE,EXPE,F,FANG,FAST,FFIV,FTNT,FTV,GD,GEHC,GNRC,GPN,GWW,HAL,HII,HLT,HOLX,HSIC,HST,HUBB,HUM,ICE,IEX,INTC,INVH,IQV,IR,IT,ITW,JBHT,JBL,JCI,JKHY,JPM,KHC,KR,LH,LII,LIN,LOW,LULU,LUV,LVS,LYB,LYV,MA,MAR,MAS,MET,META,MGM,MNST,MOH,MOS,MPC,MSFT,MTCH,NCLH,NDAQ,NOW,NSC,NTRS,NUE,NWS,NWSA,ODFL,OKE,ORLY,OXY,PAYC,PCAR,PFG,PG,PKG,POOL,PPG,PRU,PSX,PTC,RJF,ROK,RSG,SBAC,SHW,SLB,SPGI,STLD,SWK,SWKS,SYK,SYY,TAP,TDY,TEAM,TGT,TRMB,TROW,TRV,TXT,UBER,USB,VMC,VTRS,WBD,WDAY,WDC,WST,WTW,WY,WYNN,XYZ,YUM,ZBH,ZS,ZTS",111,159,[],[]
2024-06-03,"AAPL,ACGL,ADI,AES,AIG,AIZ,ALB,ALNY,AMAT,ANET,APH,APO,APP,APTV,ARES,AXON,BAC,BG,BK,BKNG,BSX,C,CCL,CEG,CHRW,COF,COST,CRH,CSCO,CVX,D,DD,DGX,DHR,DLR,DOV,DVA,EQT,ETN,EXPD,FDX,FER,FIX,FOX,FOXA,FSLR,GE,GEV,GLW,GOOG,GOOGL,GS,HAS,HD,HOOD,HWM,IBKR,IFF,IP,KDP,KKR,KLAC,LLY,LMT,MCHP,MCK,MELI,MMM,MO,MPWR,MRNA,MSI,MU,NEE,NRG,NTAP,NXPI,ON,PANW,PDD,PEG,PFE,PGR,PHM,PM,PSKY,PWR,PYPL,QCOM,QQQ,RCL,REG,REGN,RL,ROL,RTX,RVTY,SOLV,SPY,STX,STZ,SW,SYF,TDG,TECH,TER,TJX,TKO,TMUS,TRGP,TSLA,TTD,TTWO,TXN,VLTO,VRSK,VST,WAB,WELL,WMT,^VIX","ABT,ACN,ADSK,AKAM,ALGN,ALLE,AMD,AME,AMP,AMZN,AON,AOS,APA,AZO,BA,BAX,BEN,BMY,BXP,CAT,CBOE,CDNS,CF,CINF,CLX,CME,CNC,COIN,COP,CPAY,CPRT,CRL,CSX,DASH,DDOG,DE,DOW,DVN,DXCM,EG,EL,EOG,EPAM,EXE,EXPE,F,FANG,FAST,FFIV,FTNT,FTV,GD,GEHC,GNRC,GPN,GWW,HAL,HII,HLT,HOLX,HSIC,HST,HUBB,HUM,ICE,IEX,INTC,INVH,IQV,IR,IT,ITW,JBHT,JBL,JCI,JKHY,JPM,KHC,KR,LH,LII,LIN,LOW,LULU,LUV,LVS,LYB,LYV,MA,MAR,MAS,MET,META,MGM,MNST,MOH,MOS,MPC,MSFT,NCLH,NDAQ,NOW,NSC,NTRS,NUE,NWS,NWSA,ODFL,OKE,ORLY,OXY,PAYC,PCAR,PFG,PG,PKG,POOL,PPG,PRU,PSX,PTC,RJF,ROK,RSG,SBAC,SHW,SLB,SPGI,STLD,SWK,SWKS,SYK,SYY,TAP,TDY,TEAM,TGT,TRMB,TROW,TRV,TSN,TXT,UBER,USB,VMC,VTRS,WBD,WDAY,WDC,WST,WTW,WY,WYNN,XYZ,ZBH,ZS,ZTS",121,157,[],[]
2024-06-04,"AAPL,ACGL,ADI,AES,AIG,AIZ,ALB,ALNY,AMAT,ANET,APH,APO,APP,APTV,ARES,AXON,BAC,BG,BK,BKNG,BSX,C,CCL,CEG,CHRW,COF,COST,CRH,CSCO,CVX,D,DD,DGX,DHR,DLR,DOV,DVA,EQT,EXPD,FDX,FER,FIS,FOX,FOXA,FSLR,GDDY,GE,GEV,GLW,GOOG,GOOGL,GS,HAS,HD,HOOD,HWM,IBKR,IFF,IP,KDP,KKR,KLAC,LLY,LMT,MCHP,MCK,MMM,MO,MPWR,MRNA,MS,MSI,MU,NEE,NRG,NTAP,NXPI,ON,PANW,PDD,PEG,PFE,PGR,PHM,PM,PSKY,PWR,PYPL,QCOM,QQQ,RCL,REG,REGN,RL,ROL,RTX,RVTY,SOLV,SPG,SPY,STE,STX,STZ,SW,SYF,TDG,TECH,TER,TJX,TKO,TMUS,TRGP,TSLA,TTD,TTWO,TXN,VLTO,VRSK,VST,WAB,WELL,WMT,^VIX","ABT,ACN,ADSK,AKAM,ALGN,ALLE,AMD,AME,AMP,AMZN,AON,AOS,APA,AZO,BA,BAX,BEN,BLDR,BMY,BXP,CAT,CBOE,CDNS,CF,CINF,CLX,CME,CNC,COIN,COP,CPAY,CPRT,CRL,CSX,DASH,DDOG,DE,DIS,DOW,DVN,DXCM,EG,EL,EOG,EPAM,EXE,EXPE,F,FANG,FAST,FFIV,FTNT,FTV,GD,GEHC,GNRC,GPN,GWW,HAL,HII,HLT,HOLX,HSIC,HST,HUBB,HUM,ICE,IEX,INTC,INVH,IQV,IR,IT,ITW,J,JBHT,JBL,JCI,JKHY,JPM,KHC,KR,LH,LII,LIN,LOW,LULU,LUV,LVS,LYB,LYV,MA,MAR,MAS,MET,META,MGM,MNST,MOH,MOS,MPC,MSFT,NDAQ,NOW,NSC,NTRS,NUE,NWS,NWSA,ODFL,OKE,ORLY,OXY,PAYC,PCAR,PFG,PG,PKG,PLTR,POOL,PPG,PRU,PSX,PTC,RJF,ROK,RSG,SBAC,SHW,SLB,SPGI,STLD,SWK,SWKS,SYK,SYY,TAP,TDY,TEAM,TGT,TRMB,TROW,TRV,TSN,TXT,UBER,USB,VMC,VTRS,WBD,WDAY,WDC,WST,WTW,WY,WYNN,XYZ,ZBH,ZS,ZTS",123,160,[],[]
2024-06-05,"AAPL,ACGL,ADI,AES,AIG,AIZ,ALB,ALNY,AMAT,ANET,APH,APO,APP,APTV,ARES,AXON,BAC,BG,BK,BKNG,BSX,C,CCL,CEG,CHRW,COF,COST,CRH,CSCO,CVX,D,DD,DGX,DHR,DLR,DOV,DVA,EQT,EXPD,FDX,FER,FIS,FOX,FOXA,FSLR,GDDY,GE,GEV,GL,GLW,GOOG,GOOGL,GS,HAS,HD,HOOD,HPQ,HWM,IBKR,IFF,IP,KDP,KKR,KLAC,LLY,LMT,MCHP,MCK,MMM,MO,MPWR,MRNA,MS,MSI,MU,NEE,NRG,NTAP,NXPI,ON,PANW,PDD,PEG,PFE,PGR,PHM,PM,PSKY,PWR,PYPL,QCOM,QQQ,RCL,REG,REGN,RL,ROL,RTX,RVTY,SOLV,SPG,SPY,STE,STX,STZ,SW,SYF,TDG,TECH,TER,TJX,TKO,TMUS,TRGP,TSLA,TTD,TTWO,TXN,VLTO,VRSK,VST,WAB,WELL,WMT,^VIX","ABT,ACN,ADSK,AKAM,ALGN,ALLE,AMD,AME,AMP,AMZN,AON,AOS,APA,AZO,BA,BAX,BEN,BLDR,BMY,BR,BXP,CAT,CBOE,CDNS,CF,CINF,CLX,CME,CNC,COIN,COP,CPAY,CPRT,CRL,CSX,DASH,DDOG,DE,DIS,DOW,DVN,DXCM,EG,EL,EOG,EPAM,EXE,EXPE,F,FANG,FAST,FFIV,FTNT,FTV,GD,GEHC,GNRC,GPN,GWW,HAL,HII,HLT,HOLX,HSIC,HST,HUBB,HUM,ICE,IEX,INTC,INVH,IQV,IR,IT,ITW,J,JBHT,JBL,JCI,JKHY,JPM,KHC,KR,LH,LII,LIN,LOW,LULU,LUV,LVS,LYB,LYV,MA,MAR,MAS,MET,MGM,MNST,MOH,MOS,MPC,MSFT,NDAQ,NOW,NSC,NTRS,NUE,NWS,ODFL,OKE,ORLY,OXY,PAYC,PFG,PG,PKG,POOL,PPG,PRU,PSX,PTC,RJF,ROK,RSG,SBAC,SHOP,SHW,SLB,SPGI,STLD,SWK,SWKS,SYK,SYY,TAP,TDY,TEAM,TGT,TRMB,TROW,TRV,TSN,TXT,UBER,USB,VMC,VTRS,WBD,WDAY,WDC,WST,WTW,WY,WYNN,XYZ,ZBH,ZS,ZTS",125,158,[],[]
2024-06-06,"AAPL,ACGL,ADI,AES,AIG,AIZ,ALB,ALNY,AMAT,ANET,APH,APO,APP,APTV,ARES,AXON,BAC,BG,BK,BKNG,BSX,C,CCI,CCL,CEG,CHRW,COF,COST,CRH,CSCO,CVX,D,DD,DGX,DHR,DLR,DOV,DVA,EQIX,EQT,EXPD,FDX,FER,FIS,FOX,FOXA,FSLR,GDDY,GE,GEV,GL,GLW,GOOG,GOOGL,GS,HAS,HD,HOOD,HPQ,HWM,IBKR,IFF,IP,KDP,KKR,KLAC,LLY,LMT,MCHP,MCK,MMM,MO,MPWR,MRNA,MS,MSI,MU,NEE,NRG,NTAP,NXPI,ON,PANW,PDD,PEG,PFE,PGR,PHM,PM,PSKY,PWR,PYPL,QCOM,QQQ,RCL,REG,REGN,RL,ROL,ROST,RTX,RVTY,SOLV,SPG,SPY,STE,STX,STZ,SYF,TDG,TECH,TER,TJX,TKO,TMUS,TRGP,TSLA,TTD,TTWO,TXN,VLTO,VRSK,VST,WAB,WELL,WMT,^VIX","ABNB,ABT,ACN,ADSK,AKAM,ALGN,ALLE,AMD,AME,AMP,AON,AOS,APA,AZO,BA,BAX,BEN,BLDR,BMY,BR,BXP,CAT,CBOE,CDNS,CF,CINF,CLX,CME,CNC,COIN,COP,CPAY,CPRT,CSX,DASH,DDOG,DE,DIS,DOW,DVN,DXCM,EG,EL,EOG,EPAM,EXE,F,FANG,FAST,FFIV,FTNT,FTV,GD,GEHC,GNRC,GPN,GWW,HAL,HII,HLT,HOLX,HSIC,HST,HUBB,HUM,ICE,IEX,INTC,INVH,IQV,IR,IT,ITW,J,JBHT,JBL,JCI,JKHY,JPM,KHC,KR,LH,LII,LIN,LOW,LULU,LUV,LVS,LYB,LYV,MA,MAR,MAS,MET,MGM,MNST,MOH,MOS,MPC,MSFT,NDAQ,NOW,NSC,NTRS,NUE,NWS,ODFL,OKE,ORLY,OXY,PAYC,PFG,PKG,POOL,PPG,PRU,PSX,PTC,RJF,ROK,RSG,SBAC,SHOP,SHW,SLB,SPGI,STLD,SWK,SWKS,SYY,TAP,TDY,TEAM,TGT,TRMB,TROW,TRV,TSN,TXT,USB,VMC,VTRS,WBD,WDAY,WDC,WST,WTW,WY,WYNN,XYZ,ZBH,ZS,ZTS",127,153,[],[]
2024-06-07,"AAPL,ACGL,ADI,AES,AIG,AIZ,ALB,ALNY,AMAT,ANET,APH,APO,APP,APTV,ARES,AXON,BAC,BG,BK,BKNG,BSX,C,CBRE,CCI,CCL,CEG,CHRW,COF,COST,CRH,CSCO,CVX,DD,DGX,DHR,DLR,DOV,DVA,EQIX,EQT,EXPD,FDX,FER,FIS,FOX,FOXA,FSLR,GDDY,GE,GEN,GEV,GL,GLW,GOOG,GOOGL,GS,HAS,HD,HOOD,HPQ,HWM,IBKR,IFF,IP,KDP,KKR,KLAC,LLY,LMT,MCHP,MCK,MMM,MO,MPWR,MRNA,MS,MSI,MTD,MU,NEE,NRG,NTAP,NXPI,ON,PANW,PDD,PEG,PFE,PGR,PHM,PM,PSKY,PWR,PYPL,QCOM,QQQ,RCL,REG,REGN,RL,ROL,ROST,RTX,RVTY,SOLV,SPG,SPY,STE,STX,STZ,SYF,TDG,TECH,TER,TJX,TKO,TMUS,TRGP,TSLA,TTD,TTWO,TXN,VLTO,VRSK,VST,WAB,WELL,WMT,^VIX","ABNB,ACN,ADSK,AKAM,ALGN,ALLE,AMD,AME,AMP,AON,AOS,APA,AZO,BA,BAX,BEN,BLDR,BMY,BR,BXP,CAT,CBOE,CDNS,CF,CINF,CLX,CME,CNC,COIN,COP,CPAY,CPRT,CSX,DASH,DDOG,DE,DIS,DOW,DVN,DXCM,EG,EL,EOG,EPAM,EXE,F,FANG,FAST,FFIV,FTNT,FTV,GD,GEHC,GNRC,GPN,GWW,HAL,HII,HLT,HOLX,HSIC,HST,HUBB,HUM,ICE,IEX,INTC,INVH,IQV,IR,IT,ITW,J,JBHT,JBL,JCI,JKHY,JPM,KHC,KR,LH,LII,LIN,LOW,LULU,LUV,LVS,LYB,LYV,MA,MAR,MAS,MET,MGM,MNST,MOH,MOS,MPC,MSFT,NDAQ,NOW,NSC,NTRS,NUE,NWS,ODFL,OKE,ORLY,OXY,PAYC,PFG,PKG,PODD,POOL,PPG,PRU,PSX,PTC,RJF,ROK,RSG,SBAC,SHOP,SHW,SLB,SPGI,STLD,SWK,SWKS,SYY,TAP,TDY,TEAM,TGT,TRMB,TROW,TRV,TSN,TXT,USB,VMC,VTRS,WBD,WDAY,WDC,WST,WTW,WY,WYNN,XYZ,ZBH,ZS,ZTS",129,153,[],[]
2024-06-10,"AAPL,ACGL,ADI,AES,AIG,AIZ,ALB,ALNY,AMAT,ANET,APH,APO,APP,APTV,ARES,ARM,AXON,BAC,BG,BK,BKNG,BSX,C,CBRE,CCI,CCL,CEG,CHRW,COF,COST,CRH,CSCO,CVX,DD,DGX,DHR,DLR,DOV,DVA,EQIX,EQT,EXPD,FDX,FER,FIS,FSLR,GDDY,GE,GEN,GEV,GL,GLW,GOOG,GOOGL,GS,HAS,HD,HOOD,HPQ,HWM,IBKR,IFF,INCY,IP,KDP,KKR,KLAC,LLY,LMT,MCHP,MCK,MMM,MO,MPWR,MRNA,MS,MSI,MTD,MU,NEE,NRG,NTAP,NXPI,ON,PANW,PDD,PEG,PFE,PGR,PHM,PM,PSKY,PWR,PYPL,QCOM,QQQ,RCL,REG,REGN,RL,ROL,ROST,RTX,RVTY,SOLV,SPG,SPY,STE,STX,STZ,SYF,TDG,TECH,TER,TJX,TKO,TMUS,TRGP,TSLA,TTD,TTWO,TXN,VLTO,VRSK,VST,WAB,WELL,WMT,^VIX","ABNB,ACN,ADSK,AKAM,ALGN,ALLE,AMD,AME,AMP,AON,AOS,APA,AZO,BA,BAX,BEN,BLDR,BR,BXP,CAT,CBOE,CDNS,CF,CINF,CLX,CME,CNC,COIN,COP,CPAY,CPRT,CSX,DASH,DDOG,DE,DIS,DOW,DVN,DXCM,EG,EL,EOG,EPAM,EXE,F,FANG,FAST,FFIV,FTNT,FTV,GD,GEHC,GNRC,GPN,GWW,HAL,HII,HLT,HOLX,HSIC,HST,HUBB,HUM,ICE,IEX,INTC,INVH,IQV,IR,IT,ITW,J,JBHT,JBL,JCI,JKHY,JPM,KHC,KR,LH,LII,LIN,LOW,LULU,LVS,LYB,LYV,MA,MAR,MAS,MET,MGM,MNST,MOH,MOS,MPC,MSFT,NDAQ,NOW,NSC,NTRS,NUE,NWS,ODFL,OKE,ORLY,OXY,PAYC,PFG,PKG,PODD,POOL,PPG,PRU,PSX,PTC,RJF,ROK,RSG,SBAC,SHW,SLB,SPGI,STLD,SWK,SWKS,SYY,TAP,TDY,TEAM,TGT,TRMB,TROW,TRV,TSN,TXT,USB,VMC,VTRS,WBD,WDAY,WDC,WST,WTW,WY,WYNN,XYZ,ZBH,ZS,ZTS",129,150,[],[]
2024-06-11,"AAPL,ACGL,ADI,AES,AIZ,ALB,ALNY,AMAT,ANET,APH,APO,APP,ARES,ARM,AVGO,AXON,BAC,BG,BK,BKNG,BSX,CBRE,CCI,CCL,CEG,CHRW,COF,COST,CRH,CSCO,CVX,DD,DGX,DHR,DLR,DOV,DVA,EQIX,EQT,EXPD,FDX,FER,FIS,FSLR,GDDY,GE,GEN,GEV,GL,GLW,GOOG,GOOGL,HAS,HD,HOOD,HPQ,HWM,IBKR,IFF,INCY,IP,KDP,KKR,KLAC,LLY,LMT,MCHP,MCK,MMM,MO,MPWR,MRNA,MS,MSI,MTD,MU,NRG,NTAP,NXPI,ON,PANW,PDD,PEG,PFE,PGR,PHM,PM,PWR,PYPL,QCOM,QQQ,RCL,REG,REGN,RL,ROL,ROST,RTX,RVTY,SOLV,SPG,SPY,STE,STX,STZ,SYF,TDG,TECH,TER,TJX,TKO,TMUS,TRGP,TSLA,TTD,TXN,VLTO,VRSK,VST,WAB,WELL,WMT,^VIX","ABNB,ACN,ADSK,AKAM,ALGN,ALLE,AMD,AME,AMP,AOS,APA,AZO,BA,BAX,BEN,BLDR,BR,BXP,CAT,CBOE,CDNS,CF,CINF,CLX,CME,CNC,COIN,COP,CPAY,CPRT,CSX,DASH,DDOG,DE,DIS,DOW,DVN,DXCM,EG,EL,EOG,EPAM,EXE,F,FANG,FAST,FFIV,FTNT,FTV,GD,GEHC,GNRC,GPN,GWW,HAL,HII,HLT,HOLX,HSIC,HST,HUBB,HUM,ICE,IEX,INTC,INVH,IQV,IR,IT,ITW,J,JBHT,JBL,JCI,JKHY,JPM,KHC,KR,LH,LII,LIN,LOW,LULU,LVS,LYB,LYV,MA,MAR,MAS,MET,MGM,MNST,MOH,MOS,MPC,MSFT,NDAQ,NOW,NSC,NTRS,NUE,NWS,ODFL,OKE,OXY,PAYC,PFG,PKG,PODD,POOL,PPG,PRU,PSX,PTC,RJF,ROK,RSG,SBAC,SHW,SLB,SPGI,STLD,SWK,SYY,TAP,TDY,TEAM,TGT,TRMB,TROW,TRV,TSN,TXT,USB,VMC,VTRS,WBD,WDAY,WDC,WST,WTW,WY,WYNN,XYZ,ZBH,ZS,ZTS",123,147,[],[]
2024-06-12,"AAPL,ACGL,ADI,AES,AIZ,ALB,ALNY,AMAT,AMT,ANET,APH,APO,APP,ARES,ARM,AVGO,AXON,BAC,BG,BK,BKNG,BSX,CBRE,CCI,CCL,CEG,CHRW,COF,COST,CRH,CSCO,CVX,DD,DGX,DHI,DHR,DLR,DOV,DVA,EQIX,EQT,EW,EXPD,FDX,FER,FIS,FSLR,GDDY,GE,GEN,GEV,GL,GLW,GOOG,GOOGL,HAS,HD,HOOD,HPQ,HWM,IBKR,IDXX,IFF,INCY,IP,IRM,ISRG,KKR,KLAC,LEN,LLY,LMT,LRCX,MCHP,MCK,MMM,MO,MPWR,MRNA,MS,MSI,MSTR,MTD,MU,NRG,NTAP,NXPI,ON,PANW,PDD,PEG,PFE,PHM,PM,PWR,PYPL,QCOM,QQQ,RCL,REG,REGN,RL,ROL,ROST,RTX,RVTY,SMCI,SNPS,SOLV,SPG,SPY,STE,STX,STZ,SYF,TDG,TECH,TER,TJX,TKO,TMUS,TRGP,TSLA,TTD,TXN,VLTO,VRSK,VST,WAB,WELL,WMT,^VIX","ABNB,ACN,ADSK,AKAM,ALLE,AMD,AME,AMP,APA,AZO,BA,BAX,BEN,BLDR,BR,BXP,CAT,CBOE,CF,CINF,CLX,CME,CNC,COIN,COP,CPAY,CPRT,CSX,DASH,DDOG,DE,DIS,DOW,DVN,DXCM,EG,EL,EOG,EPAM,EXE,F,FANG,FAST,FFIV,FTNT,FTV,GD,GEHC,GNRC,GPN,GWW,HAL,HII,HOLX,HSIC,HST,HUBB,HUM,ICE,IEX,INTC,INVH,IQV,IT,ITW,J,JBHT,JCI,JKHY,JPM,KHC,KR,LH,LIN,LULU,LVS,LYB,LYV,MA,MAR,MET,MGM,MNST,MOH,MOS,MPC,NDAQ,NOW,NSC,NTRS,NUE,NWS,ODFL,OKE,OXY,PAYC,PFG,PKG,PODD,POOL,PPG,PRU,PSX,PTC,RJF,ROK,RSG,SBAC,SHW,SLB,STLD,SYY,TAP,TDY,TEAM,TGT,TRMB,TRV,TSN,TXT,USB,VMC,VTRS,WBD,WDAY,WDC,WTW,WY,WYNN,XYZ,ZBH,ZS,ZTS",132,133,[],[]
2024-06-13,"AAPL,ACGL,ADI,AES,AIZ,ALNY,AMAT,AMT,ANET,APH,APO,APP,ARES,ARM,AVGO,AXON,BAC,BG,BK,BKNG,BSX,CB,CBRE,CCI,CCL,CEG,CHRW,COF,COST,CRH,CSCO,CVX,DD,DGX,DHI,DLR,DOV,DVA,EQIX,EQT,EW,EXPD,FDX,FER,FIS,FSLR,GDDY,GE,GEN,GEV,GL,GLW,GOOG,GOOGL,HAS,HD,HOOD,HPQ,HWM,IBKR,IDXX,IFF,INCY,IP,IRM,ISRG,KKR,KLAC,LEN,LLY,LMT,LRCX,MCHP,MCK,MMM,MO,MPWR,MRNA,MS,MSI,MSTR,MTD,MU,NRG,NTAP,NXPI,ON,PANW,PDD,PEG,PFE,PHM,PM,PWR,PYPL,QCOM,QQQ,RCL,REG,REGN,RL,ROL,ROP,ROST,RVTY,SMCI,SNPS,SOLV,SPG,SPY,STE,STX,STZ,SYF,TDG,TECH,TER,TJX,TKO,TMUS,TRGP,TSLA,TTD,TXN,VLTO,VRSK,VST,WAB,WELL,WMB,WMT,^VIX","ABNB,ACN,ADSK,AKAM,ALLE,AMD,AME,AMP,APA,AZO,BA,BAX,BEN,BLDR,BR,BXP,CAT,CBOE,CF,CINF,CLX,CME,CNC,COIN,COP,CPAY,CPRT,CSX,DASH,DDOG,DE,DIS,DOW,DVN,DXCM,EG,EL,EOG,EPAM,EXE,F,FANG,FAST,FFIV,FTNT,FTV,GD,GEHC,GNRC,GPN,GWW,HAL,HII,HOLX,HSIC,HST,HUBB,HUM,ICE,IEX,INTC,INVH,IQV,IT,ITW,J,JBHT,JCI,JKHY,JPM,KHC,KR,LH,LIN,LULU,LVS,LYB,LYV,MA,MET,MGM,MLM,MNST,MOH,MOS,MPC,NDAQ,NOW,NSC,NTRS,NUE,NWS,ODFL,OKE,OXY,PAYC,PFG,PKG,PODD,POOL,PPG,PRU,PSX,PTC,RJF,ROK,RSG,SBAC,SHW,SLB,STLD,SYY,TAP,TDY,TEAM,TGT,TRMB,TRV,TSN,TXT,USB,VMC,VTRS,WBD,WDAY,WDC,WTW,WY,WYNN,XYZ,ZBH,ZS,ZTS",132,133,[],[]
2024-06-14,"AAPL,ACGL,ADI,AES,ALNY,AMAT,AMT,ANET,APD,APH,APO,APP,ARES,ARM,AVGO,AXON,BAC,BG,BK,BKNG,BSX,CB,CBRE,CCI,CEG,CHRW,COF,COST,CRH,CSCO,CVX,DD,DGX,DHI,DLR,DOV,DVA,EQIX,EW,EXPD,FDX,FER,FIS,FSLR,GDDY,GE,GEN,GEV,GL,GLW,GOOG,GOOGL,HAS,HD,HOOD,HPQ,IBKR,IDXX,IFF,INCY,IP,IRM,ISRG,KKR,KLAC,LEN,LLY,LMT,LRCX,MCHP,MCK,MMM,MPWR,MRNA,MS,MSI,MSTR,MTD,MU,NRG,NTAP,NXPI,ON,PANW,PDD,PEG,PFE,PHM,PM,PWR,PYPL,QCOM,QQQ,REG,REGN,RL,ROL,ROP,ROST,RVTY,SMCI,SNPS,SOLV,SPG,SPY,STE,STX,STZ,SYF,TDG,TECH,TER,TJX,TKO,TMUS,TRGP,TSLA,TTD,TXN,VLTO,VRSK,VST,WAB,WELL,WMB,WMT,^VIX","ABNB,ACN,ADSK,AKAM,ALLE,AMD,AME,AMP,APA,AZO,BA,BAX,BEN,BLDR,BR,BXP,CAT,CBOE,CF,CINF,CLX,CME,CNC,COIN,COP,CPAY,CPRT,CSX,DASH,DDOG,DE,DIS,DOW,DVN,DXCM,EG,EL,EOG,EPAM,EXE,F,FANG,FAST,FFIV,FTNT,FTV,GD,GEHC,GNRC,GPN,GWW,HAL,HII,HOLX,HSIC,HST,HUBB,HUM,ICE,IEX,INTC,INVH,IQV,IT,ITW,J,JBHT,JCI,JKHY,JPM,KHC,KR,LH,LIN,LULU,LVS,LYB,LYV,MA,MET,MGM,MLM,MNST,MOH,MOS,MPC,NDAQ,NOW,NSC,NTRS,NUE,NWS,ODFL,OKE,OXY,PAYC,PFG,PKG,PODD,POOL,PPG,PRU,PSX,PTC,RJF,ROK,RSG,SBAC,SHW,SLB,STLD,SYY,TAP,TDY,TEAM,TGT,TRMB,TRV,TSN,TXT,USB,VMC,VTRS,WBD,WDAY,WDC,WTW,WY,WYNN,XYZ,ZBH,ZS,ZTS",127,133,[],[]
2024-06-17,"AAPL,ACGL,ADI,AES,ALNY,AMAT,AMT,ANET,APD,APH,APO,APP,ARES,ARM,AVGO,AXON,BAC,BG,BK,BKNG,BSX,CB,CBRE,CCI,CEG,CHRW,COF,COST,CRH,CSCO,CVX,DD,DGX,DHI,DLR,DOV,DVA,EQIX,EW,EXPD,FDX,FER,FIS,GDDY,GE,GEN,GEV,GL,GLW,GOOG,GOOGL,HAS,HD,HOOD,HPQ,IBKR,IDXX,IFF,INCY,IP,IRM,ISRG,KKR,KLAC,LEN,LLY,LMT,LRCX,MCHP,MCK,MMM,MPWR,MRNA,MS,MSCI,MSI,MSTR,MTD,MU,NFLX,NRG,NTAP,NXPI,PANW,PDD,PEG,PHM,PM,PWR,PYPL,QCOM,QQQ,REG,REGN,RL,ROL,ROP,ROST,RVTY,SMCI,SNPS,SOLV,SPY,STX,STZ,SYF,TDG,TECH,TER,TJX,TKO,TMUS,TRGP,TSLA,TTD,TXN,VLTO,VRSK,VST,WAB,WELL,WMB,WMT,^VIX","ABNB,ACN,AKAM,ALLE,AMD,AME,AMP,APA,BA,BAX,BEN,BLDR,BR,BXP,CAT,CBOE,CF,CINF,CME,CNC,COIN,COP,CPAY,CSX,DASH,DDOG,DE,DIS,DOW,DVN,DXCM,EG,EL,EOG,EPAM,EXE,F,FANG,FAST,FFIV,FTNT,FTV,GD,GEHC,GNRC,GPN,GWW,HAL,HII,HOLX,HSIC,HST,HUBB,HUM,ICE,IEX,INTC,INVH,IQV,IT,ITW,J,JBHT,JCI,JKHY,JPM,KHC,KR,LIN,LULU,LVS,LYB,LYV,MA,MET,MGM,MLM,MNST,MOH,MOS,MPC,NDAQ,NOW,NSC,NTRS,NUE,NWS,ODFL,OKE,OXY,PAYC,PFG,PKG,PODD,POOL,PPG,PRU,PSX,PTC,RJF,ROK,SBAC,SHW,SLB,TAP,TDY,TEAM,TGT,TRMB,TRV,TSN,TXT,USB,VMC,VTRS,WBD,WDAY,WDC,WTW,WY,WYNN,XYZ,ZBH,ZS,ZTS",124,125,[],[]
2024-06-18,"AAPL,ACGL,ADI,AES,ALNY,AMAT,AMT,ANET,APD,APH,APO,APP,ARES,ARM,AVGO,AXON,BAC,BG,BK,BKNG,BSX,CB,CBRE,CCI,CEG,CHRW,COF,COST,CRH,CSCO,CVX,DD,DGX,DHI,DLR,DOV,DVA,EQIX,EW,EXPD,FDX,FER,FIS,GDDY,GE,GEN,GEV,GL,GLW,GOOG,GOOGL,HAS,HD,HOOD,HPQ,IBKR,IBM,IDXX,IFF,INCY,IP,IRM,ISRG,KKR,KLAC,LEN,LLY,LMT,LRCX,MCHP,MCK,MMM,MPWR,MRNA,MS,MSCI,MSI,MSTR,MTD,MU,NFLX,NRG,NTAP,NXPI,PANW,PDD,PEG,PHM,PM,PWR,PYPL,QCOM,QQQ,REG,REGN,RL,ROL,ROP,ROST,RVTY,SMCI,SNPS,SOLV,SPY,STX,STZ,SYF,TDG,TECH,TER,TJX,TKO,TMUS,TRGP,TSLA,TTD,TXN,VLTO,VRSK,VST,WAB,WELL,WMB,WMT,^VIX","ABNB,ACN,AKAM,ALLE,AMD,AME,APA,BA,BAX,BEN,BLDR,BR,BXP,CAT,CBOE,CF,CINF,CME,CNC,COIN,COP,CPAY,CSX,DASH,DDOG,DE,DIS,DOW,DVN,DXCM,EG,EL,EOG,EPAM,EXE,F,FANG,FAST,FFIV,FTNT,FTV,GD,GEHC,GNRC,GPN,GWW,HAL,HII,HOLX,HSIC,HST,HUBB,HUM,ICE,IEX,INTC,INVH,IQV,IT,ITW,J,JBHT,JCI,JKHY,JPM,KEYS,KHC,LIN,LULU,LVS,LYB,LYV,MA,MET,MGM,MLM,MNST,MOH,MOS,MPC,NDAQ,NDSN,NOW,NSC,NTRS,NUE,NWS,ODFL,OKE,OXY,PAYC,PFG,PKG,PODD,POOL,PPG,PRU,PSX,PTC,RJF,ROK,SBAC,SHW,SLB,TAP,TDY,TEAM,TGT,TRMB,TRV,TSN,TXT,UNP,USB,VMC,VTRS,WBD,WDAY,WDC,WTW,WY,WYNN,XYZ,ZBH,ZS,ZTS",125,126,[],[]
2024-06-20,"AAPL,ACGL,ADI,AES,ALNY,AMAT,AMT,ANET,APD,APH,APO,APP,ARES,ARM,AVGO,AXON,BAC,BG,BK,BKNG,BSX,CB,CBRE,CCI,CEG,CHRW,COF,COST,CRH,CSCO,CVX,DD,DGX,DHI,DLR,DOV,DVA,EA,EQIX,EW,EXPD,FDX,FER,FIS,GDDY,GE,GEN,GEV,GL,GLW,GOOG,GOOGL,HAS,HD,HOOD,HPQ,IBKR,IBM,IDXX,IFF,INCY,IP,IRM,ISRG,KKR,KLAC,LEN,LLY,LMT,LRCX,MCHP,MCK,MMM,MPWR,MRNA,MS,MSCI,MSI,MSTR,MTD,MU,NFLX,NRG,NTAP,NXPI,OTIS,PANW,PDD,PEG,PHM,PM,PWR,PYPL,QCOM,QQQ,REG,REGN,RL,ROL,ROP,ROST,RVTY,SBUX,SMCI,SNPS,SOLV,SPY,STX,STZ,SYF,TDG,TECH,TER,TJX,TKO,TMUS,TRGP,TSLA,TTD,TXN,VLTO,VRSK,VST,WAB,WELL,WMB,WMT,^VIX","ABNB,AKAM,ALLE,AMD,AME,APA,BA,BAX,BEN,BLDR,BR,BXP,CAT,CBOE,CF,CME,CNC,COIN,COP,CSX,DASH,DDOG,DE,DIS,DOW,DVN,DXCM,EG,EL,EOG,EXE,F,FANG,FAST,FCX,FFIV,FTNT,FTV,GNRC,GPN,GRMN,GWW,HAL,HII,HOLX,HRL,HSIC,HST,HUBB,HUM,ICE,IEX,INTC,INVH,IQV,IT,ITW,J,JBHT,JCI,JKHY,JPM,KEYS,KHC,LIN,LULU,LVS,LYB,LYV,MA,MET,MGM,MLM,MNST,MOH,MOS,MPC,NDAQ,NDSN,NOW,NSC,NTRS,NUE,NWS,ODFL,OKE,PAYC,PKG,PODD,POOL,PPG,PRU,PSX,PTC,RF,RJF,ROK,SBAC,SCHW,SHW,SLB,TAP,TDY,TEAM,TGT,TRMB,TRV,TSN,TXT,UNP,USB,VMC,VTRS,WBD,WDAY,WDC,WEC,WTW,WY,WYNN,XOM,XYZ,ZBH,ZS,ZTS",128,125,[],[]
2024-06-21,"AAPL,ACGL,ADI,AES,ALNY,AMAT,AMT,ANET,APD,APH,APO,APP,ARES,ARM,AVGO,AXON,BAC,BG,BK,BKNG,BSX,CB,CBRE,CCI,CEG,CHRW,COF,COST,CRH,CSCO,CVX,DD,DGX,DHI,DLR,DOV,DVA,EA,EQIX,EW,EXPD,FDX,FER,FIS,GDDY,GE,GEN,GEV,GL,GLW,GOOG,GOOGL,HAS,HD,HOOD,HPQ,IBKR,IBM,IDXX,IFF,INCY,IP,IRM,ISRG,KKR,KLAC,LEN,LLY,LMT,LRCX,MCHP,MCK,MMM,MPWR,MRNA,MS,MSCI,MSI,MSTR,MTD,MU,NFLX,NRG,NTAP,NVDA,NXPI,OTIS,PANW,PDD,PEG,PHM,PM,PWR,PYPL,QCOM,QQQ,REG,REGN,RL,ROL,ROP,ROST,RVTY,SBUX,SMCI,SNPS,SOLV,SPY,STX,STZ,SYF,TDG,TECH,TER,TJX,TKO,TMUS,TRGP,TSLA,TTD,TXN,VLTO,VRSK,VST,WAB,WELL,WMB,WMT,^VIX","ABNB,AEP,AKAM,ALL,ALLE,AMD,AME,APA,ARE,ATO,AVB,AWK,AXP,BA,BALL,BAX,BEN,BLDR,BLK,BR,BXP,CAT,CF,CFG,CME,CNC,COIN,COP,CSX,DASH,DDOG,DE,DIS,DOW,DVN,DXCM,ED,EG,EL,EOG,ERIE,EVRG,EXC,EXE,F,FANG,FAST,FCX,FFIV,FITB,FTNT,FTV,GIS,GNRC,GPC,GPN,GRMN,GWW,HAL,HBAN,HII,HOLX,HRL,HSIC,HST,HUBB,HUM,ICE,IEX,INTC,INVH,IQV,IT,ITW,J,JBHT,JCI,JKHY,JPM,KEY,KEYS,KHC,LIN,LULU,LVS,LYB,LYV,MA,MAA,MDLZ,MDT,MGM,MKC,MLM,MNST,MOH,MOS,MPC,MTB,NDSN,NEM,NOW,NSC,NTRS,NUE,NWS,ODFL,OKE,PAYC,PH,PKG,PNC,PODD,POOL,PPG,PSX,PTC,RF,RMD,ROK,SBAC,SCHW,SHW,SLB,SNA,STT,TAP,TDY,TEAM,TFC,TGT,TRMB,TRV,TSN,TXT,UNP,UPS,USB,VICI,VMC,VTRS,WBD,WDC,WEC,WY,WYNN,XEL,XOM,XYZ,ZBH,ZS,ZTS",129,152,[],[]
2024-06-24,"AAPL,ACGL,ADI,AES,ALNY,AMAT,AMT,ANET,APD,APH,APO,APP,ARES,ARM,AVGO,AXON,BAC,BG,BK,BKNG,BSX,CB,CBRE,CCI,CEG,CHRW,COF,COST,CRH,CSCO,CVX,DD,DGX,DHI,DLR,DOV,DVA,EA,EBAY,EQIX,EW,EXPD,FDX,FER,FIS,GDDY,GE,GEN,GEV,GL,GLW,GOOG,GOOGL,HAS,HD,HOOD,HPQ,IBKR,IBM,IDXX,IFF,INCY,IP,IRM,ISRG,KKR,KLAC,LEN,LLY,LMT,LRCX,MCHP,MCK,MMM,MPWR,MRNA,MS,MSCI,MSI,MSTR,MTD,MU,NFLX,NRG,NTAP,NXPI,OTIS,PANW,PDD,PEG,PHM,PM,PWR,PYPL,QQQ,REG,REGN,RL,ROL,ROP,ROST,RVTY,SBUX,SMCI,SNPS,SOLV,SPY,STX,STZ,SYF,TDG,TECH,TER,TJX,TKO,TMUS,TRGP,TSLA,TTD,TXN,VLTO,VRSK,VST,WAB,WELL,WMB,WMT,^VIX","ABNB,AEP,AKAM,ALL,ALLE,AMD,AME,APA,ARE,ATO,AWK,AXP,BA,BALL,BAX,BEN,BLDR,BLK,BXP,CAT,CF,CFG,CME,CNC,COIN,CRM,CSX,DASH,DDOG,DE,DIS,DOW,DXCM,ED,EG,EL,ELV,EOG,ERIE,EVRG,EXC,EXE,F,FANG,FAST,FCX,FFIV,FITB,FRT,FTNT,FTV,GIS,GNRC,GPC,GRMN,GWW,HAL,HBAN,HOLX,HRL,HSIC,HST,HSY,HUBB,HUM,ICE,IEX,INTC,INVH,IQV,IT,ITW,J,JBHT,JCI,JKHY,JPM,KEY,KEYS,KHC,LIN,LULU,LVS,LYB,LYV,MA,MDT,MGM,MKC,MLM,MNST,MOH,MPC,MTB,NDSN,NEM,NOW,NSC,NTRS,NUE,NWS,ODFL,OKE,PAYC,PH,PNC,PODD,POOL,PPG,PSX,PTC,RF,RMD,ROK,SBAC,SCHW,SHW,SNA,STT,TAP,TDY,TEAM,TFC,TRMB,TRV,TXT,UNH,UNP,UPS,USB,VICI,VMC,VTRS,WBD,WDC,WEC,WY,WYNN,XEL,XOM,XYZ,ZBH,ZS,ZTS",128,144,[],[]
2024-06-25,"AAPL,ACGL,ADI,AES,ALNY,AMAT,AMT,ANET,APD,APH,APO,APP,ARES,ARM,ASML,AVGO,AXON,BAC,BG,BK,BKNG,BSX,CB,CBRE,CCI,CEG,CHRW,COF,COST,CSCO,CVX,DD,DGX,DHI,DLR,DOV,DVA,EA,EBAY,EW,EXPD,FDX,FER,FIS,GDDY,GE,GEN,GEV,GL,GLW,GOOG,GOOGL,HAS,HOOD,HPQ,IBKR,IBM,IDXX,IFF,INCY,INSM,IP,IRM,ISRG,KKR,KLAC,LEN,LLY,LMT,LRCX,MCHP,MCK,MMM,MPWR,MRNA,MS,MSCI,MSI,MSTR,MTD,MU,NFLX,NRG,NTAP,NXPI,OTIS,PANW,PDD,PEG,PHM,PM,PWR,PYPL,QQQ,REG,REGN,RL,ROL,ROP,ROST,RVTY,SBUX,SMCI,SNPS,SOLV,SPY,STX,STZ,SYF,TDG,TECH,TER,TJX,TKO,TMUS,TRGP,TSLA,TTD,TXN,VLTO,VRSK,VST,WAB,WMB,WMT,^VIX","ABNB,AEP,AKAM,ALL,ALLE,AMD,AME,APA,ARE,ATO,AWK,AXP,BA,BALL,BAX,BEN,BF.B,BLDR,BLK,BXP,CAG,CAT,CF,CFG,CME,CNC,COIN,COO,CRM,CSGP,CSX,DAL,DASH,DDOG,DE,DIS,DOW,DXCM,ED,EG,EL,ELV,EVRG,EXC,EXE,F,FANG,FAST,FCX,FFIV,FISV,FITB,FRT,FTNT,FTV,GIS,GNRC,GPC,GRMN,GWW,HAL,HBAN,HOLX,HRL,HSIC,HST,HSY,HUBB,HUM,ICE,IEX,INTC,INVH,IQV,IT,ITW,J,JBHT,JCI,JKHY,JPM,KEY,KEYS,KHC,LIN,LULU,LVS,LYB,LYV,MA,MDT,MGM,MKC,MLM,MNST,MOH,MPC,MTB,NDSN,NEM,NOC,NOW,NSC,NTRS,NUE,NWS,ODFL,OKE,PAYC,PAYX,PCG,PEP,PH,PNC,PNR,PODD,POOL,PPG,PSX,PTC,RF,RMD,ROK,SBAC,SCHW,SHW,SNA,STT,TAP,TDY,TEAM,TFC,TMO,TRMB,TRV,TXT,UAL,UDR,UNH,UNP,UPS,USB,VICI,VMC,VTRS,WBD,WDC,WEC,WY,WYNN,XEL,XOM,XYL,XYZ,ZBH,ZS,ZTS",126,157,[],[]
2024-06-26,"AAPL,ACGL,ADI,AES,ALNY,AMAT,AMT,ANET,APD,APH,APO,APP,ARES,ARM,ASML,AVGO,AXON,BAC,BG,BK,BKNG,BSX,CB,CBRE,CCI,CEG,CHRW,COF,COST,CSCO,CVX,DD,DGX,DHI,DLR,DOV,DVA,EA,EBAY,EW,EXPD,FDX,FER,FIS,GDDY,GE,GEN,GEV,GL,GLW,GOOG,GOOGL,HAS,HOOD,IBKR,IBM,IDXX,IFF,INCY,INSM,IP,IRM,ISRG,KKR,KLAC,LEN,LLY,LMT,LRCX,MCHP,MCK,MMM,MPWR,MS,MSCI,MSI,MSTR,MTD,MU,NFLX,NRG,NTAP,NXPI,OTIS,PANW,PDD,PEG,PHM,PM,PWR,PYPL,QQQ,REG,REGN,RL,ROL,ROP,ROST,RVTY,SBUX,SMCI,SNPS,SOLV,SPY,STX,STZ,SYF,TDG,TER,TJX,TKO,TMUS,TRGP,TSLA,TTD,TXN,VLTO,VRSK,VST,WAB,WMB,WMT,^VIX","ABNB,AEP,AKAM,ALL,ALLE,AMD,AME,APA,ARE,ATO,AVY,AWK,AXP,BA,BALL,BAX,BEN,BF.B,BLDR,BLK,BX,BXP,CAG,CARR,CAT,CF,CFG,CME,CNC,COIN,COO,CRM,CSGP,CSX,CTVA,DAL,DASH,DE,DIS,DOW,DXCM,ED,EG,EL,ELV,EVRG,EXC,EXE,F,FANG,FAST,FCX,FFIV,FISV,FITB,FRT,FTNT,FTV,GIS,GNRC,GPC,GRMN,GWW,HAL,HBAN,HOLX,HRL,HSIC,HST,HSY,HUBB,HUM,ICE,IEX,INTC,INVH,IQV,IT,ITW,IVZ,J,JBHT,JCI,JKHY,JPM,KEY,KEYS,KHC,LIN,LULU,LVS,LW,LYB,LYV,MA,MDT,MGM,MKC,MLM,MNST,MOH,MPC,MTB,NDSN,NEM,NOC,NOW,NSC,NTRS,NUE,NWS,ODFL,OKE,OMC,PAYC,PAYX,PCG,PEP,PH,PNC,PNR,PODD,POOL,PPG,PSX,PTC,RF,RMD,ROK,SBAC,SCHW,SHW,SNA,STT,TAP,TDY,TEL,TFC,TMO,TRI,TRMB,TRV,TXT,UAL,UDR,UNH,UNP,UPS,URI,USB,VICI,VLO,VMC,VTRS,WBD,WDC,WEC,WY,WYNN,XEL,XOM,XYL,XYZ,ZBH,ZBRA,ZS,ZTS",123,167,[],[]
2024-06-27,"AAPL,ACGL,ADI,AES,ALNY,AMAT,AMT,ANET,APD,APH,APO,APP,ARES,ARM,ASML,AVGO,AXON,BAC,BG,BK,BKNG,BSX,CB,CBRE,CCI,CEG,CHRW,COF,COST,CSCO,CVX,DD,DGX,DHI,DLR,DOV,DVA,EA,EBAY,EW,EXPD,FDX,FER,FIS,GDDY,GE,GEN,GEV,GL,GLW,GOOG,GOOGL,HAS,HOOD,IBKR,IBM,IDXX,IFF,INCY,INSM,IRM,ISRG,KKR,KLAC,LEN,LLY,LMT,LRCX,MCHP,MCK,MMM,MPWR,MS,MSCI,MSI,MSTR,MTD,MU,NFLX,NRG,NTAP,NXPI,OTIS,PANW,PEG,PHM,PM,PWR,PYPL,QQQ,REG,REGN,RL,ROL,ROP,ROST,RVTY,SBUX,SMCI,SNPS,SOLV,SPY,STX,STZ,SYF,TDG,TER,TJX,TKO,TMUS,TRGP,TSLA,TTD,TXN,UHS,VLTO,VRSK,VST,VTR,VZ,WAB,WMB,WMT,^VIX","A,ABNB,AEP,AKAM,ALL,ALLE,AMD,AME,APA,ARE,ATO,AVY,AWK,AXP,BA,BALL,BAX,BEN,BF.B,BLDR,BLK,BX,BXP,CAG,CARR,CAT,CF,CFG,CIEN,CME,CNC,COIN,COO,CSGP,CSX,CTVA,DAL,DASH,DE,DG,DIS,DOW,DXCM,ED,EG,EL,ELV,EVRG,EXC,EXE,F,FANG,FAST,FCX,FFIV,FISV,FITB,FRT,FTNT,FTV,GIS,GNRC,GPC,GRMN,GWW,HAL,HBAN,HRL,HSIC,HST,HSY,HUBB,HUM,ICE,IEX,INTC,INVH,IQV,IT,ITW,IVZ,J,JBHT,JCI,JKHY,JPM,KEY,KEYS,KHC,LIN,LULU,LVS,LW,LYB,LYV,MA,MDT,MGM,MLM,MNST,MOH,MPC,MTB,NDSN,NEM,NOC,NSC,NTRS,NUE,NWS,ODFL,OKE,OMC,PAYC,PAYX,PCG,PEP,PH,PNC,PNR,PODD,POOL,PPG,PSX,RF,RMD,ROK,SBAC,SCHW,SHW,SNA,STT,TAP,TDY,TEL,TFC,TMO,TRMB,TRV,TXT,UAL,UDR,UNH,UNP,UPS,URI,USB,VICI,VLO,VMC,VTRS,WAT,WBD,WDC,WEC,WY,WYNN,XEL,XOM,XYL,XYZ,ZBH,ZBRA",124,163,[],[]
2024-06-28,"AAPL,ABBV,ACGL,ADI,ADM,AEE,AFL,ALNY,AMAT,AMCR,AMT,ANET,APD,APH,APO,APP,ARES,ARM,ASML,AVGO,AXON,BAC,BG,BK,BKNG,BKR,BRK.B,BSX,CAH,CBRE,CCI,CEG,CHRW,CHTR,CI,CMCSA,COF,COST,CSCO,CTRA,CVX,DD,DGX,DHI,DLR,DOC,DOV,DTE,DUK,DVA,EA,EBAY,ETR,EW,EXPD,FDX,FE,FER,FIS,GDDY,GE,GEN,GEV,GL,GLW,GM,GOOG,GOOGL,HAS,HIG,HOOD,IBKR,IBM,IDXX,IFF,INCY,INSM,IRM,ISRG,KIM,KKR,KLAC,KMB,KMI,KO,LEN,LHX,LLY,LMT,LNT,LRCX,MCHP,MCK,MMM,MPWR,MS,MSCI,MSI,MSTR,MTD,MU,NFLX,NI,NRG,NTAP,NVR,NXPI,OTIS,PANW,PEG,PHM,PLD,PM,PNW,PPL,PYPL,QQQ,REG,REGN,RL,ROL,ROP,ROST,RVTY,SBUX,SMCI,SNPS,SO,SOLV,SPY,SRE,STX,STZ,SYF,T,TDG,TER,TJX,TKO,TMUS,TPR,TRGP,TSLA,TTD,TXN,UHS,ULTA,VRSK,VRSN,VRTX,VST,VTR,VZ,WAB,WMB,WMT,WRB,^VIX","A,ABNB,AEP,AKAM,ALL,ALLE,AMD,AME,APA,ARE,ATO,AVY,AWK,AXP,BA,BALL,BAX,BEN,BF.B,BLDR,BLK,BX,BXP,CAG,CARR,CAT,CF,CFG,CIEN,CME,CNC,COIN,COO,CSGP,CSX,CTVA,DAL,DASH,DE,DELL,DIS,DOW,DXCM,ED,EG,EL,ELV,EVRG,EXC,EXE,FANG,FAST,FCX,FISV,FITB,FRT,FTNT,FTV,GIS,GNRC,GPC,GRMN,GWW,HAL,HBAN,HRL,HSIC,HST,HSY,HUBB,ICE,IEX,INTC,INVH,IQV,IT,ITW,IVZ,J,JBHT,JCI,JKHY,JPM,KEYS,KHC,LIN,LULU,LVS,LW,LYB,MA,MDT,MLM,MNST,MOH,MPC,MRVL,MTB,NDSN,NEM,NOC,NSC,NTRS,NUE,NWS,ODFL,OKE,OMC,PAYC,PAYX,PCG,PEP,PH,PNC,PNR,PODD,POOL,PPG,PSX,RMD,ROK,SBAC,SCHW,SHW,SNA,STT,TAP,TDY,TEL,TMO,TRMB,TRV,TXT,UAL,UDR,UNP,UPS,URI,USB,VICI,VLO,VMC,VTRS,WAT,WBD,WDC,WEC,WY,WYNN,XEL,XOM,XYL,XYZ,ZBH,ZBRA",158,155,[],[]
2024-07-01,"AAPL,ABBV,ACGL,ADI,ADM,AEE,AFL,ALNY,AMAT,AMT,ANET,APH,APO,APP,ARES,ARM,ASML,AVGO,AXON,BAC,BDX,BG,BIIB,BK,BKR,BRK.B,BSX,CAH,CBRE,CCI,CEG,CHRW,CHTR,CI,CMCSA,COF,COST,CSCO,CTRA,CVX,DD,DGX,DHI,DLR,DLTR,DOC,DOV,DTE,DUK,DVA,EA,EBAY,ETR,EW,FDX,FE,FER,FIS,GDDY,GE,GEN,GEV,GL,GLW,GM,GOOG,GOOGL,HAS,HIG,HOOD,IBKR,IBM,IDXX,INCY,INSM,IRM,ISRG,KIM,KKR,KLAC,KMB,KMI,KO,LEN,LHX,LLY,LMT,LNT,LRCX,MCHP,MCK,MMM,MPWR,MS,MSCI,MSI,MSTR,MTCH,MU,NFLX,NI,NRG,NTAP,NVR,NXPI,OTIS,PANW,PEG,PHM,PLD,PM,PNW,PPL,PYPL,QQQ,REG,REGN,RL,ROL,ROP,ROST,RVTY,SBUX,SMCI,SNPS,SO,SOLV,SPY,SRE,STX,STZ,SYF,T,TER,TJX,TKO,TMUS,TPR,TRGP,TSLA,TTD,TXN,UHS,ULTA,VRSK,VRSN,VRTX,VST,VTR,VZ,WAB,WMB,WMT,WRB,^VIX","A,ABNB,AEP,AKAM,ALL,ALLE,AMD,AME,APA,ARE,ATO,AVY,AWK,AXP,BALL,BAX,BEN,BF.B,BLDR,BLK,BX,BXP,CAG,CARR,CAT,CF,CFG,CIEN,CME,CNC,COIN,COO,CSGP,CSX,CTVA,DAL,DASH,DE,DELL,DIS,DOW,DXCM,ED,EG,EL,ELV,EME,EVRG,EXC,EXE,FANG,FAST,FCX,FISV,FITB,FRT,FTNT,FTV,GIS,GNRC,GPC,GRMN,GWW,HAL,HBAN,HRL,HSIC,HST,HSY,HUBB,ICE,IEX,INTC,INVH,IQV,IT,ITW,IVZ,J,JBHT,JCI,JKHY,KEYS,KHC,LIN,LULU,LVS,LW,LYB,MA,MDT,MLM,MNST,MOH,MPC,MRVL,MTB,NDSN,NEM,NOC,NSC,NTRS,NUE,NWS,ODFL,OKE,OMC,PAYC,PAYX,PCG,PEP,PH,PNC,PNR,PODD,POOL,PPG,PSX,RMD,ROK,SBAC,SCHW,SHW,SNA,STT,TAP,TDY,TEL,TMO,TRMB,TRV,TSCO,TXT,UAL,UDR,UNP,UPS,URI,USB,VICI,VLO,VMC,VTRS,WAT,WBD,WDC,WEC,WM,WY,WYNN,XEL,XOM,XYL,XYZ,ZBH,ZBRA",155,156,[],[]
2024-07-02,"AAPL,ACGL,ADI,ADM,AEE,AFL,ALNY,AMAT,AMT,ANET,APH,APO,APP,ARES,ARM,ASML,AVGO,AXON,BAC,BDX,BG,BIIB,BK,BKR,BRK.B,BSX,CAH,CBRE,CCI,CEG,CHRW,CHTR,CI,CMCSA,COF,COST,CPT,CSCO,CTRA,CVX,DD,DGX,DHI,DLR,DLTR,DOC,DOV,DTE,DUK,DVA,EA,EBAY,ES,ETR,EW,FDX,FE,FER,FIS,GDDY,GE,GEN,GEV,GL,GLW,GM,GOOG,GOOGL,HAS,HIG,HON,HOOD,IBKR,IBM,IDXX,INCY,INSM,IRM,ISRG,KIM,KKR,KLAC,KMB,KMI,KO,LEN,LHX,LLY,LMT,LNT,LRCX,MCHP,MCK,MMM,MPWR,MS,MSCI,MSI,MSTR,MTCH,MU,NFLX,NI,NRG,NTAP,NVR,NXPI,O,OTIS,PANW,PEG,PHM,PLD,PM,PNW,PPL,PYPL,QQQ,REG,REGN,ROL,ROP,ROST,RVTY,SBUX,SMCI,SNPS,SO,SOLV,SPY,SRE,STX,STZ,SYF,T,TER,TJX,TKO,TMUS,TPR,TRGP,TSLA,TTD,TXN,UHS,ULTA,VRSK,VRSN,VRTX,VST,VTR,VZ,WAB,WMB,WMT,WRB,^VIX","A,ABNB,AEP,AKAM,ALL,ALLE,AMD,AME,APA,ARE,ATO,AVY,AWK,AXP,BALL,BAX,BEN,BF.B,BLDR,BLK,BX,BXP,CAG,CARR,CAT,CF,CFG,CIEN,CME,CNC,COIN,COO,CSGP,CSX,CTVA,DAL,DASH,DE,DELL,DIS,DOW,DXCM,ED,EG,EL,ELV,EME,ETN,EVRG,EXC,EXE,FANG,FAST,FCX,FISV,FITB,FIX,FRT,FTNT,FTV,GIS,GNRC,GPC,GRMN,GWW,HAL,HBAN,HRL,HSIC,HST,HSY,HUBB,IEX,INTC,INVH,IQV,IT,ITW,IVZ,J,JBHT,JCI,JKHY,KEYS,KHC,LIN,LULU,LVS,LW,LYB,MA,MDT,MLM,MNST,MOH,MPC,MRVL,MTB,NDSN,NEM,NOC,NSC,NTRS,NUE,NWS,OKE,OMC,PAYC,PAYX,PCG,PEP,PH,PNR,PODD,POOL,PPG,PSX,RMD,ROK,SBAC,SCHW,SHW,SNA,STT,TAP,TDY,TEL,TMO,TRMB,TRV,TSCO,TXT,UAL,UDR,UNP,UPS,URI,USB,VICI,VLO,VMC,VTRS,WAT,WBD,WDC,WEC,WM,WY,WYNN,XEL,XOM,XYL,XYZ,ZBH,ZBRA",157,155,[],[]
2024-07-03,"AAPL,ADI,ADM,AEE,AFL,ALNY,AMAT,AMT,ANET,APH,APO,APP,ARES,ARM,ASML,AVGO,AXON,BAC,BDX,BG,BIIB,BK,BKR,BRK.B,BSX,CAH,CBRE,CCI,CEG,CHRW,CHTR,CI,CMCSA,COF,COST,CPT,CSCO,CTRA,CVX,DD,DGX,DHI,DLR,DLTR,DOC,DOV,DTE,DUK,DVA,EA,EBAY,ES,ESS,ETR,EW,FDX,FE,FER,FIS,GDDY,GE,GEN,GEV,GL,GLW,GM,GOOG,GOOGL,HAS,HIG,HON,HOOD,HPE,IBKR,IBM,IDXX,IRM,ISRG,KIM,KKR,KLAC,KMB,KMI,KO,LEN,LHX,LLY,LMT,LNT,LRCX,MCHP,MCK,META,MMM,MPWR,MS,MSCI,MSI,MSTR,MTCH,MU,NFLX,NI,NRG,NTAP,NVR,NWSA,NXPI,O,OTIS,PANW,PCAR,PEG,PHM,PLD,PLTR,PM,PNW,PPL,PYPL,QQQ,REG,ROL,ROP,ROST,RVTY,SBUX,SMCI,SNPS,SO,SOLV,SPY,SRE,STX,STZ,SYF,T,TER,TJX,TKO,TMUS,TPR,TRGP,TSLA,TTD,TXN,UHS,ULTA,VRSK,VRSN,VRTX,VST,VTR,VZ,WAB,WMB,WMT,WRB,^VIX","A,ABNB,AEP,AKAM,ALL,ALLE,AMD,AME,APA,ARE,ATO,AVY,AWK,AXP,BALL,BAX,BEN,BF.B,BLDR,BLK,BX,BXP,CAG,CARR,CAT,CF,CFG,CIEN,CME,CNC,COIN,COO,CSGP,CSX,CTVA,DAL,DASH,DE,DELL,DIS,DOW,DXCM,ED,EG,EL,ELV,EME,ETN,EVRG,EXC,EXE,FANG,FAST,FCX,FISV,FITB,FIX,FRT,FTNT,FTV,GIS,GNRC,GPC,GRMN,GWW,HAL,HBAN,HRL,HSIC,HST,HSY,HUBB,IEX,INTC,INVH,IQV,IT,ITW,IVZ,J,JBHT,JCI,JKHY,KEYS,KHC,LIN,LULU,LVS,LW,LYB,MA,MDT,MLM,MNST,MOH,MPC,MRVL,MTB,NDSN,NOC,NSC,NTRS,NUE,NWS,OKE,OMC,PAYC,PAYX,PCG,PEP,PH,PNR,PODD,POOL,PPG,PSX,RMD,ROK,SBAC,SCHW,SHW,SNA,STT,TAP,TDY,TEL,TMO,TRMB,TRV,TSCO,TXT,UAL,UDR,UNP,UPS,URI,USB,VICI,VLO,VMC,VTRS,WAT,WBD,WDC,WEC,WM,WY,WYNN,XEL,XOM,XYL,XYZ,ZBH,ZBRA",159,154,[],[]
2024-07-05,"AAPL,ADI,ADM,AEE,AFL,ALNY,AMAT,AMT,AMZN,ANET,APH,APO,APP,ARES,ARM,ASML,AVGO,AXON,BAC,BDX,BG,BIIB,BK,BKR,BRK.B,BSX,CAH,CBRE,CCI,CEG,CHRW,CHTR,CMCSA,COF,COST,CPT,CRL,CSCO,CTRA,CVX,DD,DGX,DHI,DLR,DLTR,DOC,DOV,DTE,DUK,DVA,EA,EBAY,ES,ESS,ETR,EW,EXPE,FDX,FE,FER,FIS,GDDY,GE,GEN,GEV,GL,GLW,GM,GOOG,GOOGL,HAS,HIG,HON,HOOD,HPE,IBKR,IBM,IDXX,IRM,ISRG,KIM,KKR,KLAC,KMB,KMI,KO,LEN,LHX,LLY,LMT,LNT,LRCX,MCHP,MCK,META,MMM,MPWR,MS,MSCI,MSI,MSTR,MTCH,MU,NFLX,NI,NRG,NTAP,NVR,NWSA,NXPI,O,OTIS,PANW,PCAR,PEG,PHM,PLD,PLTR,PM,PNW,PPL,PYPL,QQQ,REG,ROL,ROP,ROST,RVTY,SBUX,SJM,SMCI,SNPS,SO,SOLV,SPY,SRE,STX,STZ,SYF,SYK,T,TER,TJX,TKO,TMUS,TPR,TRGP,TSLA,TTD,TXN,UBER,UHS,ULTA,VRSK,VRSN,VRTX,VST,VTR,VZ,WAB,WMB,WMT,WRB,^VIX","A,ABNB,AEP,AKAM,ALL,ALLE,AME,APA,ARE,ATO,AVY,AWK,AXP,BALL,BEN,BF.B,BLDR,BLK,BX,BXP,CAG,CARR,CAT,CF,CFG,CIEN,CME,CNC,COIN,COO,CSGP,CSX,CTVA,DAL,DASH,DE,DELL,DIS,DOW,DXCM,ED,EG,EL,ELV,EME,ETN,EVRG,EXC,EXE,FANG,FAST,FISV,FITB,FIX,FRT,FTNT,FTV,GIS,GNRC,GPC,GRMN,GWW,HAL,HBAN,HRL,HSIC,HST,HSY,HUBB,IEX,INVH,IQV,IT,ITW,IVZ,J,JBHT,JCI,JKHY,KEYS,KHC,LIN,LULU,LVS,LW,LYB,MA,MDT,MLM,MNST,MOH,MPC,MRVL,MTB,NDSN,NOC,NSC,NTRS,NUE,NWS,OKE,OMC,PAYC,PAYX,PCG,PEP,PH,PNR,PODD,POOL,PPG,PSX,RMD,ROK,SBAC,SCHW,SHW,SNA,STT,SW,TAP,TDY,TEL,TMO,TRMB,TRV,TSCO,TXT,UAL,UDR,UNP,UPS,URI,USB,VICI,VLO,VMC,VTRS,WAT,WBD,WDC,WEC,WM,WY,WYNN,XEL,XOM,XYL,XYZ,ZBH,ZBRA",164,151,[],[]
2024-07-08,"AAPL,ABT,ADI,ADM,AEE,AFL,ALNY,AMAT,AMT,AMZN,ANET,APH,APP,ARES,ARM,ASML,AVGO,AXON,BAC,BDX,BG,BIIB,BK,BKR,BRK.B,BSX,CAH,CBRE,CCI,CEG,CHRW,CHTR,CMCSA,COF,COST,CPT,CRL,CSCO,CTRA,CVX,DD,DGX,DHI,DLR,DLTR,DOC,DOV,DTE,DUK,DVA,EA,EBAY,ES,ESS,ETR,EW,EXPE,FDX,FE,FER,FIS,GDDY,GE,GEN,GEV,GL,GLW,GM,GOOG,GOOGL,HAS,HIG,HON,HOOD,HPE,IBKR,IBM,IDXX,IRM,ISRG,KIM,KKR,KLAC,KMB,KMI,KO,LEN,LHX,LLY,LMT,LNT,LRCX,MCHP,MCK,META,MMM,MPWR,MS,MSCI,MSI,MSTR,MTCH,MU,NFLX,NI,NRG,NTAP,NVR,NWSA,NXPI,O,OTIS,PANW,PCAR,PEG,PHM,PLD,PLTR,PM,PNW,PPL,PYPL,QQQ,REG,ROL,ROP,ROST,RVTY,SJM,SMCI,SNPS,SO,SOLV,SPY,SRE,STX,STZ,SYF,SYK,T,TER,TJX,TKO,TMUS,TPR,TRGP,TSLA,TTD,TXN,UBER,UHS,ULTA,VRSK,VRSN,VRTX,VST,VTR,VZ,WAB,WMB,WMT,WRB,^VIX","A,ABNB,AEP,ALL,ALLE,AME,APA,ARE,ATO,AVY,AWK,AXP,BALL,BEN,BF.B,BLDR,BLK,BX,BXP,CAG,CARR,CAT,CF,CFG,CIEN,CME,CNC,COIN,COO,CSGP,CSX,CTVA,D,DAL,DASH,DE,DELL,DIS,DOW,DXCM,ED,EG,EL,ELV,EME,ETN,EVRG,EXC,EXE,FANG,FAST,FISV,FITB,FIX,FRT,FTNT,FTV,GIS,GPC,GRMN,GWW,HAL,HBAN,HRL,HSIC,HST,HSY,HUBB,IEX,INVH,IQV,IT,ITW,IVZ,J,JBHT,JCI,JKHY,KEYS,KHC,LIN,LULU,LVS,LW,LYB,MA,MDT,MLM,MNST,MOH,MPC,MRVL,MTB,NDSN,NOC,NSC,NTRS,NUE,NWS,OKE,OMC,PAYC,PAYX,PCG,PEP,PH,PNR,PODD,POOL,PPG,PSX,RMD,ROK,SBAC,SCHW,SHW,SNA,STT,SW,TAP,TDY,TEL,TMO,TRMB,TRV,TSCO,TXT,UAL,UDR,UNP,UPS,URI,USB,VICI,VLO,VMC,VTRS,WAT,WBD,WDC,WEC,WM,WY,WYNN,XEL,XOM,XYL,XYZ,ZBH,ZBRA",163,150,[],[]
2024-07-09,"AAPL,ABT,ADI,ADM,AEE,AFL,ALNY,AMAT,AMT,AMZN,ANET,APH,APP,ARES,ARM,ASML,AVGO,AXON,BAC,BDX,BG,BIIB,BK,BKR,BRK.B,BSX,CAH,CBRE,CCI,CEG,CHRW,CHTR,CMCSA,COF,COST,CPT,CRL,CRWD,CSCO,CTRA,CVX,DD,DGX,DHI,DLR,DLTR,DOC,DOV,DTE,DUK,DVA,EA,EBAY,ES,ESS,ETR,EW,EXPE,FDX,FE,FER,FIS,GDDY,GE,GEN,GEV,GL,GLW,GM,GOOG,GOOGL,HAS,HIG,HON,HOOD,HPE,IBKR,IBM,IDXX,IRM,ISRG,KIM,KKR,KLAC,KMB,KMI,KO,LEN,LHX,LLY,LMT,LNT,LRCX,MCHP,MCK,META,MMM,MPWR,MS,MSCI,MSI,MSTR,MTCH,MU,NFLX,NI,NRG,NTAP,NVR,NWSA,NXPI,O,OTIS,PANW,PCAR,PEG,PHM,PLD,PLTR,PM,PNW,PPL,PYPL,QQQ,REG,ROL,ROST,RVTY,SHOP,SJM,SMCI,SNPS,SO,SPY,SRE,STX,STZ,SYF,SYK,T,TER,TJX,TKO,TMUS,TPL,TPR,TRGP,TSLA,TTD,TXN,UBER,UHS,ULTA,VRSK,VRSN,VRTX,VST,VTR,VZ,WAB,WMB,WMT,WRB,^VIX","A,ABNB,AEP,ALL,ALLE,AME,APA,ARE,ATO,AVY,AWK,AXP,BALL,BEN,BF.B,BLDR,BLK,BX,BXP,CAG,CARR,CAT,CF,CFG,CIEN,CME,CNC,COIN,COO,CSGP,CSX,CTVA,D,DAL,DASH,DE,DELL,DIS,DOW,DXCM,ED,EG,EL,ELV,EME,ETN,EVRG,EXC,EXE,FANG,FAST,FISV,FITB,FIX,FRT,FTNT,FTV,GIS,GPC,GRMN,GWW,HAL,HBAN,HRL,HSIC,HST,HSY,HUBB,IEX,INVH,IQV,IT,ITW,IVZ,J,JBHT,JCI,JKHY,KEYS,KHC,LIN,LULU,LVS,LW,LYB,MA,MDT,MLM,MNST,MOH,MPC,MRVL,MTB,NDSN,NOC,NSC,NTRS,NUE,NWS,OKE,OMC,PAYC,PAYX,PCG,PEP,PH,PNR,PODD,POOL,PPG,PSX,RMD,ROK,SBAC,SCHW,SHW,SNA,STT,SW,TAP,TDY,TEL,TMO,TRMB,TRV,TSCO,TXT,UAL,UDR,UNP,UPS,URI,USB,VICI,VLO,VMC,WAT,WBD,WDC,WEC,WM,WY,WYNN,XEL,XOM,XYL,XYZ,ZBH,ZBRA",164,149,[],[]
2024-07-10,"AAPL,ABT,ADI,ADM,AEE,AFL,ALNY,AMAT,AMT,AMZN,ANET,AON,APH,APP,ARES,ARM,ASML,AVGO,AXON,BAC,BDX,BG,BIIB,BK,BKR,BRK.B,BSX,CAH,CBRE,CCI,CEG,CHRW,CHTR,CMCSA,COF,COST,CPT,CRL,CRWD,CSCO,CTRA,CVX,DD,DGX,DHI,DLR,DOC,DOV,DTE,DUK,DVA,EA,EBAY,ES,ESS,ETR,EW,EXPE,FDX,FE,FER,FIS,GDDY,GE,GEN,GEV,GL,GLW,GM,GOOG,GOOGL,HAS,HIG,HON,HOOD,HPE,IBKR,IBM,IDXX,IRM,ISRG,KIM,KKR,KLAC,KMB,KMI,KO,LEN,LHX,LLY,LMT,LNT,LRCX,MCHP,MCK,META,MMM,MPWR,MS,MSCI,MSI,MSTR,MTCH,MU,NFLX,NI,NRG,NTAP,NVR,NWSA,NXPI,O,OTIS,PANW,PCAR,PEG,PHM,PLD,PLTR,PM,PNW,PPL,PYPL,QQQ,REG,ROL,ROST,RVTY,SHOP,SJM,SMCI,SNPS,SO,SPY,SRE,STX,STZ,SWKS,SYF,SYK,T,TER,TJX,TKO,TMUS,TPL,TPR,TRGP,TSLA,TTD,TXN,UBER,UHS,ULTA,VRSK,VRSN,VRTX,VST,VTR,VZ,WAB,WMB,WMT,WRB,^VIX","A,ABNB,AEP,AIG,ALL,ALLE,AME,APA,APTV,ARE,AVY,AWK,AXP,BALL,BEN,BF.B,BLDR,BX,BXP,CAG,CARR,CAT,CF,CFG,CIEN,CME,CNC,COIN,COO,CSGP,CSX,CTVA,D,DAL,DASH,DE,DELL,DIS,DOW,DXCM,ED,EG,EL,ELV,EME,ETN,EVRG,EXC,EXE,FANG,FAST,FISV,FITB,FIX,FTNT,FTV,GIS,GPC,GRMN,GS,GWW,HAL,HBAN,HRL,HSIC,HST,HSY,HUBB,IEX,INVH,IQV,IT,ITW,J,JBHT,JCI,JKHY,KEYS,KHC,LIN,LULU,LVS,LW,LYB,MA,MDT,MLM,MNST,MOH,MPC,MRVL,MTB,NDSN,NEE,NOC,NSC,NUE,NWS,OKE,OMC,PAYC,PAYX,PCG,PEP,PH,PNR,PODD,POOL,PPG,PSX,RMD,ROK,SBAC,SCHW,SHW,SNA,SW,TAP,TDY,TMO,TRMB,TRV,TSCO,TTWO,TXT,UAL,UDR,UNP,UPS,URI,VICI,VLO,VMC,WAT,WBD,WDC,WEC,WM,WY,WYNN,XEL,XOM,XYL,XYZ,ZBH",165,145,[],[]
2024-07-11,"AAPL,ABT,ADI,ADM,AEE,AFL,ALGN,ALNY,AMAT,AMT,AMZN,ANET,AON,AOS,APH,APP,ARES,ARM,ASML,AVGO,AXON,BAC,BDX,BG,BIIB,BK,BKR,BRK.B,BSX,CAH,CBRE,CCI,CDNS,CEG,CHRW,CHTR,CMCSA,COF,CPT,CRL,CRWD,CSCO,CTRA,CVX,DD,DGX,DHI,DLR,DOC,DOV,DTE,DUK,DVA,EA,EBAY,EFX,ES,ESS,ETR,EW,EXPE,EXR,FDX,FE,FER,FICO,FIS,GDDY,GE,GEN,GEV,GL,GLW,GM,GOOG,GOOGL,HAS,HIG,HLT,HON,HOOD,HPE,IBKR,IBM,IDXX,IR,IRM,ISRG,KIM,KKR,KLAC,KMB,KMI,KO,LEN,LHX,LII,LLY,LMT,LNT,MCHP,MCK,MCO,META,MMM,MPWR,MS,MSCI,MSFT,MSI,MSTR,MTCH,MU,NI,NRG,NTAP,NVR,NWSA,NXPI,O,ORCL,OTIS,PANW,PCAR,PEG,PHM,PLD,PLTR,PM,PNW,PPL,PYPL,QQQ,REG,ROL,ROST,RVTY,SHOP,SJM,SMCI,SNPS,SO,SPGI,SPY,SRE,STX,STZ,SWK,SWKS,SYF,SYK,T,TER,TJX,TKO,TMUS,TPL,TPR,TRGP,TROW,TSLA,TTD,TXN,UBER,UHS,ULTA,VRSK,VRSN,VRTX,VST,VTR,VZ,WAB,WMB,WMT,WRB,WST,^VIX","A,ABNB,AIG,ALL,APA,APTV,AVY,AXP,BALL,BF.B,CAG,CAT,CF,CIEN,CME,CNC,COIN,CSX,CTVA,DAL,DASH,DE,DELL,DIS,DOW,DXCM,EG,EL,ELV,EME,ETN,EXE,FANG,FAST,FISV,FIX,FTNT,FTV,GIS,GPC,GS,GWW,HAL,HSIC,HST,HSY,HUBB,INVH,IT,JKHY,KHC,LIN,LULU,LVS,LW,LYB,MA,MDT,MNST,MOH,MPC,MRVL,NEE,NOC,NSC,NWS,OKE,OMC,PAYC,PAYX,PEP,PGR,PNR,PODD,POOL,PSX,RMD,SW,TAP,TMO,TRMB,TRV,TSCO,TTWO,UAL,UDR,UPS,VLO,WBD,WDC,WM,WYNN,XOM,XYL,XYZ,ZBH",178,96,[],[]
2024-07-12,"AAPL,ABT,ADI,ADM,AEE,AFL,ALGN,ALNY,AMAT,AMT,AMZN,ANET,AON,AOS,APH,APP,ARES,ARM,ASML,AVGO,AXON,BAC,BDX,BG,BIIB,BK,BKR,BRK.B,BSX,CAH,CBRE,CCI,CDNS,CEG,CHRW,CHTR,CMCSA,CMG,COF,CPT,CRL,CRWD,CSCO,CTRA,CVX,DD,DGX,DHI,DLR,DOC,DOV,DTE,DUK,DVA,EA,EBAY,EFX,ES,ESS,ETR,EW,EXPE,EXR,FDX,FE,FER,FICO,FIS,GDDY,GE,GEN,GEV,GL,GLW,GM,GOOG,GOOGL,HAS,HIG,HLT,HON,HOOD,HPE,IBKR,IBM,IDXX,IR,IRM,ISRG,KIM,KKR,KLAC,KMB,KMI,KO,LEN,LHX,LII,LLY,LMT,LNT,MAR,MCHP,MCK,MCO,META,MMM,MPWR,MS,MSCI,MSFT,MSI,MSTR,MTCH,MU,NI,NRG,NTAP,NVR,NWSA,NXPI,O,ORCL,OTIS,PANW,PCAR,PEG,PHM,PLD,PLTR,PM,PNW,PPL,PYPL,QQQ,REG,ROL,ROST,RVTY,SHOP,SJM,SMCI,SNPS,SO,SPGI,SPY,SRE,STX,STZ,SWK,SWKS,SYF,SYK,T,TER,TJX,TKO,TMUS,TPL,TPR,TRGP,TROW,TSLA,TTD,TXN,UBER,UHS,ULTA,VRSK,VRSN,VRTX,VST,VTR,VZ,WAB,WMB,WMT,WRB,WSM,WST,^VIX","A,ABNB,AIG,ALB,APA,APTV,AVY,AXP,BALL,BF.B,CAG,CAT,CF,CIEN,CME,CNC,COIN,CSX,DAL,DASH,DE,DELL,DHR,DIS,DOW,DXCM,EG,EL,ELV,EME,ETN,EXE,FANG,FISV,FIX,FTNT,FTV,GIS,GS,GWW,HAL,HSIC,HST,HSY,HUBB,INVH,IT,JKHY,KHC,LIN,LULU,LVS,LW,LYB,MA,MDT,MNST,MOH,MPC,MRVL,NEE,NOC,NSC,NWS,OMC,PAYX,PEP,PGR,PNR,PODD,POOL,PSX,RMD,RTX,TAP,TMO,TSCO,TTWO,UAL,UDR,VLO,WBD,WDC,WM,WYNN,XOM,XYL,ZBH",181,88,[],[]
2024-07-15,"AAPL,ABT,ADBE,ADI,ADM,AEE,AFL,ALGN,ALNY,AMAT,AMT,AMZN,ANET,AON,AOS,APH,APP,ARES,ARM,ASML,AVGO,AXON,BAC,BDX,BG,BIIB,BK,BKR,BRK.B,BSX,CAH,CBRE,CCI,CDNS,CEG,CHRW,CHTR,CMCSA,CMG,COF,CPT,CRL,CRWD,CSCO,CTRA,CVX,DD,DGX,DHI,DLR,DOC,DOV,DTE,DUK,DVA,EA,EBAY,EFX,ES,ESS,ETR,EXPE,EXR,FDX,FE,FER,FICO,FIS,GDDY,GE,GEN,GEV,GL,GLW,GM,GOOG,GOOGL,HAS,HIG,HLT,HON,HOOD,HPE,IBKR,IBM,IDXX,IR,IRM,ISRG,KIM,KKR,KLAC,KMB,KMI,KO,LEN,LHX,LII,LLY,LMT,LNT,MAR,MCHP,MCK,MCO,META,MMM,MPWR,MS,MSCI,MSFT,MSI,MSTR,MTCH,MU,NI,NTAP,NVR,NWSA,NXPI,O,ORCL,OTIS,PANW,PCAR,PEG,PHM,PLD,PLTR,PM,PNW,PPL,PYPL,QQQ,REG,ROST,RVTY,SHOP,SJM,SMCI,SNPS,SO,SPGI,SPY,SRE,STX,STZ,SWK,SWKS,SYF,T,TER,TJX,TMUS,TPL,TPR,TRGP,TROW,TSLA,TTD,TXN,UBER,UHS,ULTA,VRSK,VRSN,VRTX,VST,VTR,VZ,WAB,WMB,WMT,WRB,WSM,WST,^VIX","A,ABNB,AIG,ALB,APTV,AVY,BALL,BF.B,CAG,CF,CIEN,CME,CNC,DAL,DASH,DE,DELL,DHR,DIS,DOW,DXCM,EL,ELV,EME,EQT,ETN,EXE,FANG,FIX,FTNT,FTV,GIS,HSIC,HST,HSY,HUBB,HWM,INVH,IT,JKHY,KHC,LIN,LULU,LVS,LW,LYB,MA,MDT,MNST,MOH,MPC,MRVL,NCLH,NEE,NOC,NSC,NWS,OMC,PAYX,PEP,PNR,PODD,POOL,RMD,RTX,TAP,TMO,TSCO,TTWO,UAL,UDR,VLO,WBD,WDC,WM,WYNN,XOM,XYL,ZBH",177,79,[],[]
2024-07-16,"AAPL,ABT,ADBE,ADI,ADM,ADSK,AEE,AFL,ALGN,ALNY,AMAT,AMT,AMZN,ANET,AON,AOS,APH,APP,ARES,ARM,ASML,AVGO,AXON,BAC,BDX,BG,BIIB,BK,BKR,BRK.B,BRO,BSX,CAH,CBRE,CCI,CDNS,CEG,CHRW,CHTR,CLX,CMCSA,CMG,COF,CPB,CPRT,CPT,CRL,CRWD,CSCO,CTAS,CTRA,CVX,DD,DGX,DHI,DLR,DOC,DOV,DTE,DUK,DVA,EA,EBAY,EFX,ES,ESS,ETR,EXPE,EXR,FDX,FE,FER,FICO,FIS,GDDY,GE,GEN,GEV,GL,GLW,GM,GOOG,GOOGL,HAS,HIG,HLT,HON,HOOD,HPE,IBKR,IBM,IDXX,IR,IRM,ISRG,KIM,KKR,KLAC,KMB,KMI,KO,KVUE,LEN,LH,LHX,LII,LLY,LMT,LNT,MAR,MCHP,MCK,MCO,META,MMM,MPWR,MS,MSCI,MSFT,MSI,MSTR,MTCH,MU,NI,NTAP,NVR,NWSA,NXPI,O,ORCL,OTIS,PANW,PCAR,PEG,PHM,PLD,PLTR,PM,PNW,PPL,PYPL,QQQ,REG,ROST,RSG,RVTY,SHOP,SJM,SMCI,SNPS,SO,SPGI,SPY,SRE,STLD,STX,STZ,SWK,SWKS,SYF,T,TER,TJX,TMUS,TPL,TPR,TRGP,TROW,TSLA,TTD,TXN,UBER,UHS,ULTA,VRSK,VRSN,VRTX,VST,VTR,VZ,WAB,WMB,WMT,WRB,WSM,WST,^VIX","ABNB,AIG,ALB,APTV,AVY,BALL,BF.B,CAG,CME,DAL,DASH,DELL,DIS,DXCM,EL,EQT,ETN,EXE,FANG,FIX,FSLR,FTNT,GIS,HSY,HWM,INVH,KHC,LIN,LULU,LVS,LW,MA,MDT,MNST,MPC,MRVL,NEE,NOC,NWS,PAYX,PEP,PODD,POOL,RMD,RTX,SPG,TMO,TTWO,UAL,UDR,VLO,WDC,WYNN,XOM,XYL,ZBH",187,56,[],[]
2024-07-17,"AAPL,ABT,ADBE,ADI,ADM,ADSK,AEE,AFL,ALGN,AMT,AMZN,AON,AOS,ARES,AXON,BAC,BDX,BG,BIIB,BK,BKR,BRK.B,BRO,BSX,CAH,CBRE,CCI,CHRW,CHTR,CLX,CMCSA,CMG,COF,CPB,CPT,CRL,CSCO,CTAS,CTRA,CVX,DD,DGX,DHI,DLR,DOC,DOV,DTE,DUK,DVA,EA,EBAY,EFX,ES,ESS,ETR,EXPE,EXR,FDX,FE,FER,FICO,FIS,GDDY,GEN,GL,GLW,GM,HAS,HIG,HLT,HON,HOOD,HPE,IBKR,IBM,IDXX,IR,IRM,KIM,KKR,KMB,KMI,KO,KR,KVUE,LEN,LH,LHX,LII,LMT,LNT,MAR,MCHP,MCK,MCO,MMM,MPWR,MS,MSCI,MSFT,MSI,MSTR,MTCH,NI,NVR,NWSA,NXPI,O,ORCL,OTIS,PANW,PCAR,PEG,PHM,PLD,PLTR,PM,PNW,PPL,PSA,PYPL,REG,ROST,RSG,RVTY,SHOP,SJM,SO,SPGI,SPY,SRE,STLD,STX,STZ,SWK,SWKS,SYF,T,TER,TJX,TMUS,TPL,TPR,TRGP,TROW,TSLA,TXN,UBER,UHS,ULTA,VRSK,VRSN,VRTX,VTR,VZ,WAB,WMB,WMT,WRB,WSM,WST,^VIX","ABNB,AIG,ALB,APTV,AVY,BALL,BF.B,DAL,DASH,DELL,DIS,DXCM,EL,EQT,ETN,EXE,FANG,FIX,FSLR,FTNT,GIS,HWM,INVH,LIN,LULU,LVS,LW,MA,MNST,MPC,MRVL,NEE,NWS,PODD,POOL,RMD,TMO,TTWO,UAL,UDR,VLO,WDC,WYNN,XYL",162,44,[],[]
2024-07-18,"AAPL,ACN,ADBE,ADI,ADM,AEE,AFL,ALGN,AMGN,AMT,AON,AOS,ARES,AXON,BAC,BDX,BG,BIIB,BK,BKR,BRK.B,BRO,CAH,CBRE,CCI,CHRW,CHTR,CINF,CLX,CMCSA,CMI,COF,CPAY,CPB,CPT,CRL,CSCO,CTAS,CTRA,CTSH,CVX,DD,DGX,DHI,DLR,DOC,DOV,DTE,DUK,DVA,EA,EBAY,EFX,EPAM,ES,ESS,ETR,EXPE,EXR,FDX,FE,FER,FICO,FIS,FOX,FOXA,GDDY,GEN,GILD,GL,GLW,GM,HAS,HIG,HLT,HON,HOOD,HPE,IBKR,IBM,IR,IRM,JNJ,KIM,KKR,KMB,KMI,KO,KR,KVUE,LEN,LH,LHX,LII,LMT,LNT,MAR,MCHP,MCK,MCO,MMM,MPWR,MRSH,MS,MSCI,MSFT,MSI,MSTR,MTCH,NI,NVR,NWSA,NXPI,O,ORCL,OTIS,OXY,PANW,PCAR,PEG,PFG,PHM,PLD,PLTR,PM,PNW,PPL,PSA,PYPL,REG,RSG,RVTY,SHOP,SJM,SO,SPGI,SPY,SRE,STLD,STX,STZ,SWK,SWKS,SYF,T,TER,TJX,TMUS,TPL,TPR,TRGP,TROW,TSLA,TXN,UHS,ULTA,VRSK,VRSN,VRTX,VTR,VZ,WAB,WMB,WMT,WRB,WSM,WST,^VIX","ABNB,AIG,ALB,APTV,AVY,BALL,BF.B,DAL,DASH,DECK,DELL,DIS,DXCM,EL,EQT,ETN,EXE,FANG,FIX,FSLR,FTNT,GIS,HWM,INVH,JBL,LIN,LULU,LVS,LW,MA,MNST,MPC,MRVL,NEE,NWS,PODD,POOL,RMD,TMO,TTWO,UAL,UDR,VLO,WDC,WYNN,XYL",168,46,[],[]
2024-07-19,"AAPL,ACN,ADBE,ADI,ADM,AEE,AFL,ALGN,AMGN,AMT,AON,AOS,ARES,AXON,BAC,BDX,BG,BIIB,BK,BKR,BRK.B,BRO,CAH,CBOE,CBRE,CCI,CHRW,CHTR,CLX,CMCSA,CMI,COF,CPAY,CPB,CPT,CRL,CSCO,CTAS,CTRA,CTSH,CVX,DD,DGX,DHI,DLR,DOC,DOV,DTE,DUK,DVA,EBAY,EFX,EPAM,ES,ESS,ETR,EXPE,EXR,FDS,FDX,FE,FER,FICO,FIS,FOX,FOXA,GDDY,GEN,GILD,GL,GLW,GM,HAS,HIG,HLT,HON,HOOD,HPE,IBKR,IBM,IR,IRM,JNJ,KIM,KKR,KMB,KMI,KO,KR,KVUE,LEN,LH,LHX,LII,LMT,LNT,MAR,MCHP,MCK,MCO,MET,MMM,MPWR,MRSH,MS,MSCI,MSFT,MSI,MSTR,MTCH,NDAQ,NI,NVR,NWSA,NXPI,O,ORCL,OTIS,OXY,PANW,PCAR,PEG,PFG,PHM,PLD,PLTR,PM,PNW,PPL,PRU,PSA,PYPL,REG,RSG,RVTY,SHOP,SJM,SO,SPGI,SPY,SRE,STLD,STX,STZ,SWK,SWKS,SYF,T,TER,TMUS,TPL,TPR,TRGP,TSLA,TXN,TYL,UHS,ULTA,VRSK,VRSN,VRTX,VTR,VZ,WAB,WDAY,WMB,WMT,WSM,WST,WTW,^VIX","ABNB,AIG,ALB,APTV,AVY,BALL,BF.B,DAL,DASH,DECK,DELL,DIS,DXCM,EL,EQT,ETN,EXE,FANG,FIX,FSLR,FTNT,GIS,HWM,INVH,JBL,LIN,LULU,LVS,LW,MA,MNST,MPC,MRVL,NEE,NWS,PODD,POOL,RMD,TMO,TTWO,UAL,UDR,VLO,WDC,WYNN,XYL",171,46,[],[]
2024-07-22,"AAPL,ACN,ADBE,ADI,ADM,AEE,AFL,ALGN,AMGN,AMT,AON,AOS,ARES,AVB,AXON,BAC,BDX,BG,BIIB,BK,BKR,BRK.B,BRO,CAH,CBOE,CBRE,CCI,CHRW,CHTR,CLX,CMCSA,CMI,CMS,COF,CPAY,CPB,CPT,CRL,CSCO,CTAS,CTRA,CTSH,CVNA,CVX,DD,DGX,DHI,DLR,DOC,DOV,DTE,DUK,DVA,DVN,EBAY,EFX,EPAM,EQR,ES,ESS,ETR,EXPE,EXR,FDS,FDX,FE,FER,FICO,FIS,FOX,FOXA,GDDY,GEN,GILD,GL,GLW,GM,GPN,HAS,HIG,HII,HLT,HON,HOOD,HPE,IBKR,IBM,IR,IRM,JNJ,KIM,KKR,KMB,KMI,KO,KR,KVUE,LDOS,LEN,LH,LHX,LII,LMT,LNT,MAA,MAR,MCHP,MCK,MCO,MDLZ,MET,MMM,MO,MOS,MPWR,MRSH,MS,MSCI,MSFT,MSI,MSTR,MTCH,NDAQ,NI,NVR,NWSA,NXPI,O,ORCL,OTIS,OXY,PANW,PCAR,PEG,PFG,PHM,PKG,PLD,PLTR,PM,PNW,PPL,PRU,PSA,PYPL,REG,RSG,RVTY,SHOP,SJM,SLB,SO,SPGI,SPY,SRE,STLD,STX,STZ,SWK,SWKS,SYF,TER,TGT,TPL,TPR,TRGP,TSLA,TSN,TXN,TYL,UHS,ULTA,VRSK,VRSN,VRTX,VTR,WAB,WDAY,WMB,WMT,WSM,WST,WTW,^VIX","ABNB,AIG,ALB,APTV,AVY,BALL,BF.B,DAL,DASH,DECK,DELL,DIS,DXCM,EL,EQT,ETN,EXE,FANG,FIX,FSLR,FTNT,GIS,HWM,INVH,JBL,LIN,LULU,LVS,LW,MA,MNST,MPC,MRVL,NEE,NVDA,NWS,PODD,POOL,QCOM,RMD,TMO,TTWO,UAL,UDR,VLO,WDC,WYNN,XYL",184,48,[],[]
2024-07-23,"AAPL,ACN,ADBE,ADI,AEE,AFL,ALGN,AMGN,AMT,AON,ARES,AVB,AXON,BAC,BDX,BG,BIIB,BK,BKR,BRK.B,BRO,CAH,CBOE,CBRE,CCI,CCL,CHRW,CHTR,CLX,CMCSA,CMI,CMS,COF,CPAY,CPB,CPT,CRL,CSCO,CTAS,CTSH,CVNA,DD,DHI,DLR,DOC,DOV,DTE,DUK,DVA,DVN,EBAY,EFX,EPAM,EQR,ERIE,ES,ESS,ETR,EXPE,EXR,FDS,FDX,FE,FER,FICO,FIS,FOX,FOXA,GDDY,GEN,GILD,GL,GLW,GPN,HAS,HIG,HII,HLT,HON,HOOD,HPE,IBKR,IBM,IR,IRM,JNJ,KIM,KKR,KMI,KO,KR,KVUE,LDOS,LEN,LH,LHX,LII,LMT,LNT,MAA,MAR,MCHP,MCK,MCO,MDLZ,MET,MMM,MO,MOS,MPWR,MRSH,MS,MSCI,MSFT,MSI,MSTR,MTCH,NDAQ,NI,NVR,NWSA,NXPI,O,ORCL,OTIS,PANW,PEG,PFG,PHM,PKG,PLD,PLTR,PM,PNW,PPL,PRU,PSA,PYPL,RCL,REG,RVTY,SHOP,SJM,SLB,SO,SPGI,SPY,SRE,STLD,STX,STZ,SWK,SWKS,SYF,TER,TGT,TPL,TPR,TRGP,TSLA,TSN,TXN,TYL,UHS,ULTA,VRSK,VRSN,VRTX,VTR,WAB,WDAY,WMB,WMT,WSM,WST,WTW,^VIX","ABNB,AIG,ALB,APTV,AVY,BF.B,CHD,CNP,DAL,DASH,DECK,DELL,DIS,DXCM,EL,EQT,ETN,EXE,FANG,FIX,FSLR,FTNT,GIS,INVH,JBL,LIN,LULU,LVS,LW,MA,MNST,MPC,MRVL,NEE,NVDA,NWS,PODD,POOL,QCOM,RMD,TMO,TTWO,UAL,UDR,VLO,WDC,WYNN,XYL,YUM",177,49,[],[]
2024-07-24,"AAPL,ACN,ADI,AEE,AFL,ALGN,AMGN,AMT,AON,ARES,AVB,AXON,BAC,BDX,BG,BIIB,BK,BKR,BRK.B,BRO,CAH,CBOE,CBRE,CCI,CCL,CHRW,CHTR,CLX,CMCSA,CMI,CMS,COF,CPAY,CPB,CPT,CRL,CSCO,CTAS,CTSH,CVNA,DD,DHI,DLR,DOC,DTE,DUK,DVA,DVN,EBAY,EFX,EPAM,EQR,ERIE,ES,ESS,ETR,EXPE,EXR,FDX,FE,FER,FICO,FIS,FOX,FOXA,GDDY,GEN,GILD,GL,GLW,GPN,HAS,HIG,HII,HLT,HON,HPE,IBKR,IBM,IRM,JNJ,KIM,KKR,KMI,KO,KR,KVUE,LDOS,LEN,LH,LHX,LII,LMT,LNT,MAA,MCHP,MCK,MCO,MDLZ,MET,MMM,MO,MOS,MPWR,MRSH,MS,MSCI,MSI,MSTR,MTCH,NDAQ,NI,NVR,NWSA,NXPI,O,ORCL,PANW,PEG,PFG,PHM,PKG,PLD,PM,PNW,PPL,PRU,PSA,RCL,REG,RVTY,SHOP,SJM,SLB,SO,SPGI,SRE,STLD,STX,STZ,SWK,SWKS,SYF,TEAM,TER,TGT,TPL,TSN,TXN,UHS,VRSK,VRSN,VRTX,VTR,WDAY,WMT,WSM,WST,WTW,^VIX","ABNB,AIG,AJG,ALB,APTV,AVY,BBY,BF.B,CHD,CNP,DAL,DASH,DECK,DELL,DIS,DXCM,EL,EQT,ETN,EXE,FANG,FIX,FSLR,FTNT,GIS,INVH,JBL,LIN,LULU,LVS,LW,MA,MNST,MPC,MRNA,MRVL,NEE,NVDA,NWS,PODD,POOL,QCOM,RMD,TTWO,UAL,UDR,VLO,WDC,WYNN,XYL,YUM",160,51,[],[]
2024-07-25,"AAPL,ACN,AEE,AFL,AMGN,AMT,AON,ARES,AXON,BAC,BDX,BG,BIIB,BK,BKR,BRK.B,BRO,CAH,CBOE,CBRE,CCI,CHRW,CHTR,CLX,CMCSA,CMI,CMS,COF,CPAY,CPB,CPT,CRL,CRM,CSCO,CTAS,CTSH,CVNA,DD,DHI,DOC,DTE,DUK,DVA,DVN,EBAY,EFX,EPAM,EQR,ERIE,ES,ESS,ETR,EXR,FDX,FE,FER,FICO,FIS,FOX,FOXA,GDDY,GEN,GILD,GL,GLW,GPN,HAS,HIG,HII,HLT,HOLX,IBKR,IBM,IRM,JNJ,KIM,KKR,KMI,KO,KR,KVUE,LDOS,LEN,LH,LHX,LII,LMT,LNT,MAA,MCK,MCO,MDLZ,MET,MKC,MMM,MO,MOS,MPWR,MRSH,MS,MSCI,MSTR,MTCH,NDAQ,NI,NOW,NVR,NWSA,NXPI,O,ORCL,PANW,PEG,PFG,PHM,PKG,PLD,PM,PNW,PPL,PRU,PSA,REG,RVTY,SHOP,SJM,SLB,SO,SPGI,SRE,STLD,STX,STZ,SWK,SWKS,SYF,TEAM,TGT,TPL,TRI,TSN,TXN,UHS,VRSK,VRSN,VRTX,VTR,WDAY,WMT,WSM,WTW,ZTS,^VIX","ABNB,AIG,AJG,ALB,APTV,AVY,BBY,BF.B,CHD,CNP,COR,DAL,DASH,DECK,DELL,DIS,DXCM,EL,EQT,ETN,EXE,FANG,FIX,FSLR,FTNT,GIS,INVH,JBL,LIN,LULU,LVS,LW,MA,MNST,MPC,MRNA,MRVL,NEE,NVDA,NWS,PDD,PODD,QCOM,RMD,TTWO,UAL,UDR,V,WDC,WYNN,XYL,YUM",153,52,[],[]
2024-07-26,"AAPL,ACN,AEE,AFL,AMGN,AMT,AON,ARES,AXON,BAC,BDX,BG,BK,BKR,BRK.B,BRO,C,CAH,CBOE,CBRE,CCI,CHRW,CHTR,CLX,CMCSA,CMI,CMS,COF,CPAY,CPB,CPT,CRL,CRM,CSCO,CTAS,CTSH,CVNA,DD,DHI,DOC,DTE,DUK,DVA,DVN,EBAY,EFX,EPAM,EQR,ERIE,ES,ESS,ETR,EXR,FDX,FE,FER,FICO,FIS,FOX,FOXA,GDDY,GEN,GILD,GL,GLW,GPN,HAS,HIG,HII,HLT,HOLX,HUM,IBKR,IBM,IRM,JNJ,KEY,KIM,KKR,KMI,KO,KR,KVUE,LDOS,LEN,LH,LII,LMT,LNT,LYV,MAA,MCK,MCO,MDLZ,MET,MKC,MMM,MO,MOS,MPWR,MRSH,MS,MSCI,MSTR,MTCH,NDAQ,NI,NOW,NVR,NWSA,NXPI,O,ORCL,PANW,PEG,PHM,PKG,PLD,PM,PNW,PPL,PRU,PSA,REG,RF,RVTY,SHOP,SJM,SLB,SO,SPGI,SRE,STLD,STX,STZ,SWK,SWKS,SYF,TEAM,TFC,TGT,TPL,TRI,TSN,TXN,UHS,UNH,VRSK,VRSN,VRTX,VTR,WDAY,WMT,WSM,WTW,ZTS,^VIX","ABNB,AES,AIG,ALB,APTV,AVY,BBY,BF.B,CCEP,CHD,CNP,COR,DAL,DASH,DECK,DELL,DIS,DXCM,EL,EQT,ETN,EXE,FANG,FIX,FSLR,FTNT,GIS,INVH,JBL,KDP,LIN,LULU,LVS,LW,MA,MNST,MPC,MRK,MRNA,MRVL,NEE,NKE,NVDA,NWS,PDD,PODD,PWR,QCOM,RMD,TTWO,UAL,UDR,V,WDC,WYNN,XYL,YUM",157,57,[],[]
2024-07-29,"AAPL,ACN,AEE,AFL,AMGN,AMT,AON,ARES,AXON,BA,BAC,BDX,BG,BK,BKR,BRK.B,BRO,C,CAH,CBOE,CBRE,CCI,CHRW,CHTR,CLX,CMCSA,CMI,CMS,COF,CPAY,CPB,CPT,CRL,CRM,CSCO,CTAS,CTSH,CVNA,DD,DHI,DOC,DTE,DUK,DVA,DVN,EBAY,EFX,EPAM,EQR,ERIE,ES,ESS,ETR,EXR,FDX,FE,FER,FICO,FIS,FOX,FOXA,GDDY,GEN,GILD,GL,GLW,GPN,HAS,HIG,HII,HLT,HOLX,HUM,IBKR,IBM,IRM,JNJ,JPM,KEY,KIM,KKR,KMI,KO,KR,KVUE,LDOS,LEN,LH,LII,LMT,LNT,LYV,MAA,MCK,MCO,MDLZ,MET,MKC,MMM,MO,MOS,MPWR,MRSH,MS,MSCI,MSTR,MTCH,NDAQ,NI,NOW,NVR,NWSA,NXPI,O,ORCL,PANW,PEG,PHM,PKG,PLD,PM,PNW,PPL,PRU,PSA,REG,RF,RVTY,SHOP,SJM,SLB,SO,SPGI,SRE,STLD,STX,STZ,SWK,SWKS,SYF,TEAM,TFC,TGT,TPL,TRI,TSN,TXN,UHS,UNH,VRSK,VRSN,VRTX,VTR,WDAY,WMT,WSM,WTW,ZTS,^VIX","ABNB,AES,AIG,ALB,APD,APTV,AVY,BBY,BF.B,CCEP,CHD,CL,CNP,COR,DAL,DASH,DECK,DELL,DIS,DPZ,DXCM,EL,EQT,ETN,EXE,EXPD,FANG,FIX,FSLR,FTNT,GIS,IFF,INVH,JBL,KDP,LIN,LULU,LVS,LW,MA,MNST,MPC,MRK,MRNA,MRVL,NEE,NKE,NVDA,NWS,PDD,PODD,PWR,QCOM,RMD,TDG,TT,TTWO,UAL,UDR,V,WDC,WYNN,XYL,YUM",159,64,[],[]
2024-07-30,"AAPL,ACN,AEE,AFL,AMGN,AMT,AON,ARES,AXON,BA,BAC,BDX,BG,BK,BKR,BRK.B,BRO,C,CAH,CBOE,CBRE,CCI,CHRW,CHTR,CLX,CMCSA,CMI,CMS,COF,CPAY,CPB,CPT,CRL,CRM,CSCO,CTAS,CTSH,CVNA,DD,DHI,DOC,DTE,DUK,DVA,DVN,EBAY,EFX,EPAM,EQR,ERIE,ES,ESS,ETR,EXR,FDX,FE,FER,FICO,FIS,FOX,FOXA,GDDY,GEN,GILD,GL,GPN,HAS,HIG,HII,HLT,HOLX,HUM,IBKR,IBM,ICE,IRM,JNJ,JPM,KEY,KIM,KKR,KMI,KO,KR,KVUE,LEN,LH,LII,LMT,LNT,LYV,MAA,MCK,MCO,MDLZ,MET,MKC,MMM,MO,MOS,MPWR,MRSH,MS,MSCI,MSTR,MTCH,NDAQ,NI,NOW,NVR,NWSA,NXPI,O,ODFL,ORCL,PANW,PEG,PHM,PKG,PLD,PM,PNC,PNW,PPL,PRU,PSA,REG,RF,RVTY,SHOP,SJM,SLB,SO,SPGI,SRE,STLD,STX,STZ,SWK,SWKS,SYF,TEAM,TFC,TGT,TPL,TRI,TSN,TXN,UHS,UNH,VRSK,VRSN,VRTX,VTR,WDAY,WELL,WMT,WSM,WTW,ZTS,^VIX","ABNB,AES,AIG,ALB,APD,APTV,AVY,BBY,BF.B,CCEP,CHD,CL,CNP,DAL,DASH,DECK,DELL,DIS,DPZ,DXCM,EL,EQT,ETN,EXE,EXPD,FANG,FIX,FSLR,FTNT,GIS,IFF,INVH,JBL,KDP,LIN,LULU,LVS,LW,MA,MNST,MRK,MRNA,MRVL,NEE,NKE,NVDA,NWS,PDD,PODD,PWR,QCOM,RMD,TDG,TT,TTWO,UAL,UDR,V,WDC,WYNN,XYL",161,61,[],[]
2024-07-31,"AAPL,ACN,AEE,AFL,AMGN,AMT,AON,ARES,AXON,BA,BAC,BDX,BK,BKR,BRK.B,BRO,C,CAH,CBOE,CBRE,CCI,CHRW,CHTR,CLX,CMCSA,CMI,CMS,COF,CPAY,CPB,CPT,CRL,CRM,CSCO,CTAS,CTSH,CVNA,DD,DHI,DOC,DTE,DUK,DVA,DVN,EBAY,EFX,EPAM,EQR,ERIE,ES,ESS,ETR,EXR,FDX,FE,FICO,FIS,FOX,FOXA,GDDY,GEN,GILD,GL,GPN,HAS,HIG,HII,HLT,HOLX,IBKR,IBM,ICE,IRM,JNJ,JPM,KEY,KIM,KKR,KMI,KO,KR,KVUE,LEN,LH,LII,LMT,LNT,LYV,MAA,MCK,MCO,MDLZ,MET,MKC,MMM,MO,MOS,MPWR,MRSH,MS,MSCI,MSTR,MTCH,NDAQ,NEM,NI,NOW,NVR,NWSA,NXPI,O,ODFL,ORCL,PANW,PEG,PHM,PKG,PLD,PM,PNC,PNW,PPL,PRU,PSA,PSKY,REG,RF,RVTY,SHOP,SJM,SLB,SO,SPGI,SRE,STLD,STX,STZ,SWK,SWKS,SYF,TEAM,TFC,TGT,TPL,TRI,TSN,TXN,UHS,UNH,VRSN,VRTX,VTR,WDAY,WELL,WMT,WSM,WTW,ZTS,^VIX","ABNB,ACGL,AES,AIG,ALB,APD,APTV,AVY,BBY,BF.B,CCEP,CHD,CL,CNP,DAL,DASH,DECK,DELL,DIS,DPZ,DXCM,EL,EQT,ETN,EXE,EXPD,FANG,FIX,FSLR,FTNT,GIS,IFF,INVH,JBL,KDP,LIN,LULU,LVS,LW,MNST,MRK,MRNA,MRVL,NEE,NKE,NVDA,NWS,PDD,PODD,PWR,QCOM,RMD,TDG,TT,TTWO,UAL,UDR,V,WDC,WYNN,XYL",159,61,[],[]
2024-08-01,"AAPL,ACN,AEE,AFL,AMGN,AMT,AON,ARES,AXON,BA,BAC,BAX,BDX,BK,BKR,BRK.B,BRO,C,CAH,CBOE,CBRE,CCI,CHRW,CHTR,CLX,CMCSA,CMI,CMS,COF,CPB,CPT,CRL,CRM,CSCO,CTAS,CTSH,CVNA,DD,DHI,DOC,DTE,DUK,DVA,DVN,EBAY,EFX,EPAM,EQR,ERIE,ES,ESS,ETR,EXR,FDX,FE,FICO,FIS,FOX,FOXA,GDDY,GEN,GILD,GL,HAS,HIG,HII,HOLX,IBKR,IBM,ICE,INSM,INTC,IRM,JNJ,JPM,KIM,KKR,KMI,KO,KR,KVUE,LEN,LH,LII,LMT,LNT,LYV,MAA,MCK,MCO,MDLZ,MET,MKC,MMM,MO,MOS,MPWR,MRSH,MS,MSCI,MSTR,MTCH,NDAQ,NEM,NI,NOW,NVR,NWSA,NXPI,O,ODFL,ORCL,PANW,PEG,PHM,PKG,PLD,PM,PNC,PNW,PPL,PRU,PSA,PSKY,REG,RF,RVTY,SHOP,SJM,SLB,SO,SPGI,SRE,STLD,STX,STZ,SWK,SWKS,SYF,TEAM,TFC,TGT,TPL,TSN,TXN,UHS,UNH,VRSN,VRTX,VTR,WDAY,WELL,WMT,WSM,WTW,ZTS,^VIX","ABNB,ACGL,AES,AIG,ALB,AVY,BBY,BF.B,CCEP,CHD,CL,CNP,DAL,DASH,DECK,DELL,DIS,DPZ,DXCM,EL,EQT,ETN,EXE,EXPD,FANG,FIX,FSLR,FTNT,GIS,IFF,INVH,JBL,KDP,LIN,LULU,LUV,LVS,LW,MNST,MRK,MRNA,MRVL,NEE,NKE,NVDA,NWS,PDD,PODD,PWR,QCOM,RMD,TDG,TT,TTWO,UAL,UDR,V,WDC,WYNN,XYL",157,60,[],[]
2024-08-02,"AAPL,ACN,AEE,AFL,AKAM,AMGN,AMT,AON,AXON,BAX,BDX,BRK.B,BRO,CAH,CBOE,CBRE,CCI,CHRW,CHTR,CLX,CMCSA,CMI,CMS,CPB,CPT,CRL,CSCO,CTAS,CTSH,CVNA,DD,DHI,DOC,DTE,DUK,DVA,EBAY,EFX,EPAM,EQR,ERIE,ES,ESS,ETR,EXR,FE,FICO,FIS,FOX,FOXA,GDDY,GEN,GILD,GL,GNRC,HAS,HIG,HII,HOLX,IBM,ICE,INSM,IRM,JNJ,KIM,KMI,KO,KR,KVUE,LEN,LH,LII,LMT,LNT,LYV,MAA,MCK,MCO,MDLZ,MKC,MMM,MO,MPWR,MRSH,MSCI,MSTR,MTCH,NDAQ,NEM,NI,NOW,NVR,NXPI,O,ODFL,ORCL,PEG,PHM,PKG,PLD,PM,PNW,PPL,PSA,PSKY,REG,RVTY,SHOP,SJM,SO,SPGI,SRE,STLD,STZ,SWK,TPL,TSN,UHS,UNH,VRSN,VRTX,VTR,WELL,WMT,WSM,WTW,ZTS,^VIX","ABNB,ACGL,AES,AIG,ALB,AVY,BBY,BF.B,CCEP,CHD,CL,CNP,DAL,DECK,DELL,DIS,DPZ,DXCM,EL,EQT,ETN,EXE,EXPD,FANG,FIX,FSLR,FTNT,GIS,IFF,INVH,JBL,KDP,LIN,LULU,LUV,LVS,LW,MNST,MRK,MRNA,MRVL,NEE,NKE,NVDA,NWS,PDD,PODD,PWR,QCOM,RJF,TDG,TT,TTWO,UAL,UDR,V,WDC,WYNN,XYL",128,59,[],[]
2024-08-05,"AEE,AFL,AMGN,AMT,AON,BAX,BDX,BRO,CAH,CBOE,CBRE,CCI,CHRW,CHTR,CLX,CMCSA,CMI,CMS,CPB,CPT,CRL,CTAS,CTSH,CVNA,DD,DHI,DOC,DTE,DUK,DVA,EBAY,EFX,EPAM,EQR,ERIE,ES,ESS,ETR,EXR,FE,FICO,GDDY,GEN,GILD,GL,GNRC,HAS,HIG,HII,HOLX,IBM,ICE,INSM,IRM,JNJ,KIM,KO,KR,KVUE,LEN,LH,LII,LMT,LNT,MAA,MCK,MCO,MDLZ,MKC,MMM,MO,MPWR,MSCI,MTCH,NDAQ,NEM,NI,NOW,NVR,NXPI,O,ODFL,PEG,PHM,PKG,PLD,PM,PNW,PPL,PSA,REG,RVTY,SHOP,SJM,SO,SPGI,SRE,STLD,SWK,TPL,TSN,UHS,UNH,VRSN,VTR,VTRS,WELL,WMT,WSM,WTW,^VIX","ABNB,ACGL,AES,AIG,ALB,AVY,BBY,BF.B,CCEP,CHD,CL,CNP,DAL,DECK,DELL,DIS,DPZ,DXCM,EL,EQT,ETN,EXE,EXPD,FANG,FIX,FSLR,FTNT,GIS,IFF,INVH,JBL,KDP,LIN,LULU,LUV,LVS,LW,MNST,MRK,MRNA,MRVL,NEE,NKE,NVDA,NWS,PDD,PODD,PTC,PWR,QCOM,RJF,TDG,TT,TTWO,UAL,UDR,V,WDC,WYNN,XYL",111,60,[],[]
2024-08-06,"AEE,AFL,AMGN,AMT,AON,ATO,BAX,BDX,BRO,CAH,CBOE,CBRE,CCI,CHRW,CHTR,CLX,CMCSA,CMI,CMS,CPB,CPT,CRL,CTAS,CTSH,CVNA,DD,DHI,DOC,DTE,DUK,DVA,EBAY,EFX,EPAM,EQR,ERIE,ES,ESS,ETR,EXR,FE,FICO,FRT,GDDY,GEHC,GEN,GILD,GL,GNRC,HAS,HIG,HII,HOLX,IBM,ICE,INSM,IRM,JNJ,KIM,KO,KR,KVUE,LEN,LH,LII,LMT,LNT,MAA,MCK,MCO,MDLZ,MKC,MMM,MO,MPWR,MSCI,MTCH,NDAQ,NEM,NI,NOW,NTRS,NVR,NXPI,O,ODFL,PEG,PHM,PKG,PLD,PM,PNW,PPL,PSA,REG,RVTY,SHOP,SJM,SO,SPGI,SRE,STLD,SWK,TPL,TSN,UHS,UNH,VRSN,VTR,VTRS,WELL,WMT,WSM,WTW,ZBRA,^VIX","ABNB,ACGL,AES,AIG,ALB,AVY,BBY,BF.B,CCEP,CHD,CL,CNP,DAL,DECK,DELL,DIS,DLTR,DPZ,DXCM,EL,EQT,ETN,EXE,EXPD,FANG,FIX,FSLR,FTNT,GIS,IFF,INTU,INVH,JBL,KDP,LIN,LULU,LUV,LVS,LW,MNST,MRK,MRNA,MRVL,NEE,NKE,NVDA,NWS,PODD,PTC,PWR,QCOM,RJF,TDG,TT,TTWO,UAL,UDR,V,WDC,WYNN,XYL",116,61,[],[]
2024-08-07,"AEE,AEP,AFL,AIZ,ALLE,AMT,AON,ATO,AWK,BAX,BDX,BEN,BRO,BXP,CAH,CARR,CBOE,CBRE,CCI,CHRW,CHTR,CLX,CMCSA,CMI,CMS,COO,CPB,CPT,CSGP,CTAS,CTSH,CVNA,D,DD,DHI,DOC,DTE,DUK,DVA,EBAY,ED,EFX,EIX,EPAM,EQR,ERIE,ES,ESS,ETR,EVRG,EXC,EXR,FE,FICO,FRT,GDDY,GEHC,GEN,GILD,GL,GNRC,HAS,HIG,HII,HOLX,HRL,IBM,ICE,INCY,INSM,IQV,IRM,ITW,JBHT,JCI,JNJ,KIM,KO,KR,KVUE,L,LEN,LH,LII,LMT,LNT,LOW,MAA,MAS,MCK,MCO,MDLZ,MKC,MMM,MO,MPWR,MSCI,MTCH,NDAQ,NDSN,NEM,NI,NOW,NTRS,NVR,NXPI,O,ODFL,PEG,PH,PHM,PKG,PLD,PM,PNW,PPL,PSA,REG,REGN,RVTY,SBAC,SHOP,SHW,SJM,SNA,SO,SPGI,SRE,STLD,SWK,TPL,TSN,UHS,UNH,UNP,VICI,VRSN,VTR,VTRS,WAT,WEC,WELL,WMT,WSM,WTW,WY,XEL,ZBRA,^VIX","ABNB,ACGL,AES,AIG,ALB,AVY,BBY,BF.B,CCEP,CHD,CL,CNP,COST,DAL,DECK,DELL,DIS,DLTR,DPZ,DXCM,EL,EQT,ETN,EXE,EXPD,FANG,FIX,FSLR,GIS,IFF,INTU,INVH,JBL,KDP,LIN,LRCX,LULU,LUV,LVS,LW,MNST,MRK,MRNA,MRVL,NEE,NFLX,NKE,NVDA,NWS,PODD,PTC,PWR,QCOM,RJF,TDG,TT,TTWO,UAL,UDR,V,WDC,WYNN,XYL",149,63,[],[]
2024-08-08,"AEE,AEP,AFL,AIZ,ALLE,AMT,AON,ATO,AWK,BAX,BDX,BEN,BRO,BXP,CAH,CARR,CBOE,CBRE,CCI,CHRW,CHTR,CLX,CMCSA,CMI,CMS,COO,CPB,CPT,CSGP,CTAS,CTSH,CVNA,D,DD,DHI,DOC,DTE,DUK,DVA,EBAY,ED,EFX,EIX,EQR,ERIE,ES,ESS,ETR,EVRG,EXC,EXR,FAST,FE,FICO,FRT,GDDY,GEHC,GEN,GILD,GL,GNRC,GPC,HAS,HIG,HII,HOLX,HRL,IBM,ICE,INCY,INSM,IQV,IRM,ITW,JBHT,JCI,JNJ,KIM,KO,KR,KVUE,L,LEN,LH,LII,LMT,LNT,LOW,MAA,MAS,MCO,MDLZ,MKC,MMM,MO,MPWR,MSCI,MTCH,NDAQ,NDSN,NEM,NI,NOW,NTRS,NVR,NXPI,O,ODFL,PAYC,PEG,PH,PHM,PKG,PLD,PM,PNW,PPL,PSA,REG,REGN,RVTY,SBAC,SHOP,SHW,SJM,SNA,SO,SPGI,SRE,STLD,SWK,TPL,TSN,UHS,UNH,UNP,VICI,VLTO,VRSN,VTR,VTRS,WAT,WEC,WELL,WMT,WSM,WTW,WY,XEL,ZBRA,^VIX","ABNB,ACGL,AES,AIG,ALB,AVY,BBY,BF.B,CCEP,CHD,CL,CNP,COST,DAL,DECK,DELL,DIS,DLTR,DPZ,DXCM,EL,EQT,ETN,EXE,EXPD,FANG,FIX,FSLR,GIS,IFF,INTU,INVH,JBL,KDP,LIN,LRCX,LULU,LUV,LW,MNST,MRK,MRNA,MRVL,NEE,NFLX,NKE,NVDA,NWS,PODD,PTC,PWR,QCOM,RJF,TDG,TT,TTWO,UAL,UDR,V,WDC,WFC,WYNN,XYL",151,63,[],[]
2024-08-09,"AEE,AEP,AFL,AIZ,ALLE,AMT,AON,ATO,AWK,BAX,BDX,BEN,BRO,BXP,CAH,CARR,CBOE,CBRE,CCI,CHRW,CHTR,CLX,CMCSA,CMI,CMS,COO,CPB,CPT,CSGP,CTAS,CTSH,CVNA,D,DD,DHI,DOC,DTE,DUK,DVA,EBAY,ED,EFX,EIX,EQR,ERIE,ES,ESS,ETR,EVRG,EXC,EXR,FAST,FE,FICO,FRT,GDDY,GEHC,GEN,GILD,GL,GNRC,GPC,GWW,HAS,HIG,HII,HOLX,HRL,IBM,ICE,INCY,INSM,IQV,IRM,ITW,JBHT,JCI,JNJ,KIM,KO,KR,KVUE,L,LEN,LH,LII,LMT,LNT,LOW,MAA,MAS,MCO,MDLZ,MKC,MMM,MO,MPWR,MSCI,MTCH,NDAQ,NDSN,NEM,NI,NOW,NTRS,NVR,NXPI,O,ODFL,PAYC,PEG,PGR,PH,PHM,PKG,PLD,PM,PNW,PPL,PSA,REG,REGN,RVTY,SBAC,SHOP,SHW,SJM,SNA,SO,SPGI,SRE,STLD,SWK,TPL,TSN,UHS,UNH,UNP,VICI,VLTO,VRSN,VTR,VTRS,WAT,WEC,WELL,WMT,WSM,WTW,WY,XEL,ZBRA,^VIX","ABNB,ACGL,AES,AIG,ALB,AVY,BBY,BF.B,CCEP,CHD,CL,CNP,COST,DAL,DECK,DELL,DIS,DLTR,DPZ,DXCM,EL,EQT,ETN,EW,EXE,EXPD,FANG,FIX,FSLR,GIS,IFF,INTU,INVH,JBL,KDP,LIN,LRCX,LULU,LUV,LW,MNST,MRK,MRNA,MRVL,NEE,NFLX,NKE,NVDA,PODD,PTC,PWR,QCOM,RJF,RL,SYK,TDG,TT,TTWO,UAL,UDR,V,WDC,WFC,WYNN,XYL",153,65,[],[]
2024-08-12,"A,AEE,AEP,AFL,AIZ,ALLE,AMCR,AMT,AON,ATO,AWK,BAX,BDX,BEN,BRO,BXP,CAH,CARR,CBOE,CBRE,CCI,CF,CHRW,CHTR,CLX,CMCSA,CMI,CMS,CNC,COO,CPB,CPT,CSGP,CTAS,CTSH,CVNA,D,DD,DHI,DHR,DOC,DOW,DTE,DUK,DVA,EBAY,ED,EFX,EIX,ELV,EQR,ERIE,ES,ESS,ETR,EVRG,EXC,EXR,FAST,FE,FICO,FRT,GDDY,GEHC,GEN,GILD,GL,GNRC,GPC,GWW,HAS,HIG,HII,HOLX,HRL,HUBB,IBM,ICE,INCY,INSM,IQV,IRM,IT,ITW,JBHT,JCI,JNJ,KIM,KO,KR,KVUE,L,LEN,LH,LII,LMT,LNT,LOW,MAA,MAS,MCO,MDLZ,MKC,MMM,MO,MOH,MPWR,MSCI,MTCH,NDAQ,NDSN,NEM,NI,NOW,NSC,NTRS,NVR,NXPI,O,ODFL,OMC,PAYC,PEG,PFE,PGR,PH,PHM,PKG,PLD,PM,PNR,PNW,PPL,PSA,REG,REGN,RVTY,SBAC,SHOP,SHW,SJM,SNA,SO,SPGI,SRE,STE,STLD,SWK,TPL,TSCO,TSN,UHS,UNH,UNP,VICI,VLTO,VRSN,VTR,VTRS,WAT,WEC,WELL,WMT,WSM,WTW,WY,XEL,ZBRA,^VIX","ABNB,ACGL,AES,AIG,ALB,AVY,BBY,BF.B,CCEP,CHD,CL,CNP,COST,DAL,DECK,DELL,DIS,DLTR,DPZ,DXCM,EL,EQT,ETN,EW,EXE,EXPD,FANG,FIX,FSLR,GIS,IFF,INTU,INVH,JBL,KDP,LIN,LRCX,LULU,LUV,LW,MNST,MRK,MRNA,MRVL,NEE,NFLX,NKE,NVDA,PODD,PTC,PWR,QCOM,RJF,RL,SCHW,SYK,TDG,TT,TTWO,UAL,UDR,V,WDC,WFC,WYNN,XYL",169,66,[],[]
2024-08-13,"A,ABBV,ADP,AEE,AEP,AFL,AIZ,ALLE,AMCR,AMT,AON,ATO,AWK,BAX,BDX,BEN,BMY,BRO,BXP,CAG,CAH,CARR,CB,CBOE,CBRE,CCI,CF,CHRW,CHTR,CLX,CMCSA,CMI,CMS,CNC,COO,CPB,CPT,CSGP,CTAS,CTSH,CVNA,CVS,D,DD,DHI,DHR,DOC,DOW,DRI,DTE,DUK,DVA,EBAY,ED,EFX,EIX,ELV,EQR,ERIE,ES,ESS,ETR,EVRG,EXC,EXR,FAST,FE,FICO,FRT,GDDY,GEHC,GEN,GILD,GL,GNRC,GPC,GWW,HAS,HIG,HII,HOLX,HRL,HSY,HUBB,IBM,ICE,INCY,INSM,IQV,IRM,IT,ITW,JBHT,JCI,JNJ,KHC,KIM,KO,KR,KVUE,L,LEN,LH,LII,LMT,LNT,LOW,MAA,MAS,MCD,MCO,MDLZ,MDT,MKC,MMM,MO,MOH,MPWR,MSCI,MTCH,NDAQ,NDSN,NEM,NI,NOC,NOW,NSC,NTRS,NVR,NXPI,O,ODFL,OMC,PAYC,PAYX,PEG,PEP,PFE,PGR,PH,PHM,PKG,PLD,PM,PNR,PNW,PPL,PSA,REG,REGN,RTX,RVTY,SBAC,SHOP,SHW,SJM,SNA,SO,SOLV,SPG,SPGI,SRE,STE,STLD,SWK,SYY,TPL,TSCO,TSN,UHS,UNH,UNP,VICI,VLTO,VRSN,VTR,VTRS,WAT,WEC,WELL,WMT,WSM,WTW,WY,XEL,ZBH,ZBRA,^VIX","ABNB,ACGL,AES,AIG,ALB,AMAT,AMD,APH,APP,ARM,ASML,AVGO,AVY,BBY,BF.B,CCEP,CDNS,CEG,CHD,CL,CNP,COST,CPRT,CRWD,DAL,DDOG,DECK,DELL,DIS,DLTR,DPZ,DXCM,EL,EME,EQT,ETN,EW,EXE,EXPD,FANG,FIX,GEV,GIS,GOOG,GOOGL,IFF,INTU,INVH,JBL,KDP,KLAC,LIN,LLY,LRCX,LULU,LUV,LW,MNST,MRK,MRNA,MRVL,MU,NEE,NFLX,NTAP,NVDA,PODD,PTC,PWR,QCOM,QQQ,RJF,RL,SCHW,SMCI,SNPS,SYK,TDG,TT,TTWO,UAL,UDR,V,VST,WDC,WFC,WYNN,XYL",188,88,[],[]
2024-08-14,"A,ABBV,ADP,AEE,AEP,AFL,AIZ,ALLE,AMCR,AMT,AON,ATO,AWK,BAX,BDX,BEN,BMY,BRO,BXP,CAG,CAH,CARR,CB,CBOE,CBRE,CCI,CF,CHRW,CHTR,CLX,CMCSA,CMI,CMS,CNC,COO,CPB,CPT,CSGP,CTAS,CTSH,CVNA,CVS,D,DD,DHI,DHR,DOC,DOW,DRI,DTE,DUK,DVA,EBAY,ED,EFX,EIX,ELV,EQR,ERIE,ES,ESS,ETR,EVRG,EXC,EXR,FAST,FE,FICO,FRT,GDDY,GEHC,GEN,GILD,GL,GNRC,GPC,GWW,HAS,HIG,HII,HOLX,HRL,HSY,HUBB,IBM,ICE,INCY,INSM,IQV,IRM,IT,ITW,JBHT,JCI,JNJ,KHC,KIM,KO,KR,KVUE,L,LEN,LH,LII,LMT,LNT,LOW,MAA,MAS,MCD,MCO,MDLZ,MDT,MKC,MMM,MO,MOH,MPWR,MSCI,MTCH,NDAQ,NDSN,NEM,NI,NOC,NOW,NSC,NTRS,NVR,NXPI,O,ODFL,OMC,PAYC,PAYX,PEG,PEP,PFE,PGR,PH,PHM,PKG,PLD,PM,PNR,PNW,PPL,PSA,REG,REGN,RTX,RVTY,SBAC,SHOP,SHW,SJM,SNA,SO,SOLV,SPG,SPGI,SRE,STE,STLD,SWK,SYY,TPL,TSCO,TSN,UHS,UNH,UNP,VICI,VLTO,VRSN,VTR,VTRS,WAT,WEC,WELL,WMT,WSM,WTW,WY,XEL,ZBH,ZBRA,^VIX","ABNB,ACGL,ADSK,AES,AIG,ALB,AMAT,AMD,AMZN,APH,ARM,ASML,AVGO,AVY,BBY,BF.B,BSX,CCEP,CDNS,CEG,CHD,CL,CNP,COST,CPRT,CRWD,DAL,DDOG,DECK,DELL,DIS,DLTR,DPZ,DXCM,EL,EME,EQT,ETN,EW,EXE,EXPD,FANG,FCX,FIX,GEV,GIS,GOOG,GOOGL,IDXX,IFF,INTU,INVH,JBL,KDP,KLAC,LIN,LLY,LRCX,LULU,LUV,LW,MNST,MRK,MRNA,MRVL,MU,NEE,NTAP,NVDA,PODD,PTC,PWR,QCOM,QQQ,RJF,RL,ROST,SMCI,SNPS,SYK,TDG,TT,TTWO,UAL,UBER,UDR,V,VST,WDC,WFC,WYNN,XYL",188,92,[],[]
2024-08-15,"A,ABBV,ADP,AEE,AEP,AFL,AIZ,ALLE,AMCR,AMT,AON,ATO,AWK,BAX,BDX,BEN,BMY,BRO,BXP,CAG,CAH,CARR,CB,CBOE,CBRE,CCI,CF,CHRW,CHTR,CLX,CMCSA,CMI,CMS,CNC,COO,CPB,CPT,CSGP,CTAS,CTSH,CVNA,CVS,D,DD,DHI,DHR,DOC,DOW,DRI,DTE,DUK,DVA,EBAY,ED,EFX,EIX,ELV,EQR,ERIE,ES,ESS,ETR,EVRG,EXC,EXR,FAST,FE,FICO,FRT,GDDY,GEHC,GEN,GILD,GL,GNRC,GPC,GWW,HAS,HIG,HII,HOLX,HRL,HSY,HUBB,IBM,ICE,INCY,INSM,IQV,IRM,ISRG,IT,ITW,JBHT,JCI,JNJ,KHC,KIM,KO,KR,KVUE,L,LEN,LH,LII,LMT,LNT,LOW,MAA,MAS,MCD,MCO,MDLZ,MDT,MKC,MMM,MO,MOH,MPWR,MSCI,MTCH,NDAQ,NDSN,NEM,NI,NOC,NOW,NSC,NTRS,NVR,NXPI,O,ODFL,OMC,PAYC,PAYX,PEG,PEP,PFE,PGR,PH,PHM,PKG,PLD,PM,PNR,PNW,PPL,PSA,REG,REGN,RTX,RVTY,SBAC,SBUX,SHOP,SHW,SJM,SNA,SO,SOLV,SPG,SPGI,SRE,STE,STLD,SWK,SYY,TPL,TSCO,TSN,UHS,UNH,UNP,VICI,VLTO,VRSN,VTR,VTRS,WAT,WEC,WELL,WMT,WSM,WTW,WY,XEL,ZBH,ZBRA,^VIX","ABNB,ACGL,ADSK,AES,AIG,ALB,AMAT,AMD,AMZN,APH,ARM,ASML,AVGO,AVY,BBY,BF.B,BR,BSX,CDNS,CEG,CHD,CINF,CL,CNP,COST,CPRT,CRWD,DAL,DDOG,DECK,DIS,DLTR,DPZ,DXCM,EL,EME,EQT,ETN,EW,EXE,EXPD,FANG,FCX,FIX,GEV,GIS,GOOG,GOOGL,IDXX,IFF,INTU,INVH,JBL,KDP,KEYS,KLAC,LIN,LLY,LRCX,LUV,LW,MNST,MRK,MRNA,NEE,NVDA,PODD,PPG,PTC,PWR,QCOM,QQQ,RJF,RL,SMCI,SNPS,SYK,TDG,TEL,TJX,TRMB,TROW,TRV,TT,TTWO,UAL,UBER,UDR,V,VST,WDC,WFC,WRB,WYNN,XYL",190,95,[],[]
2024-08-16,"A,ABBV,ADP,AEE,AEP,AFL,AIZ,ALLE,AMCR,AMT,AON,ATO,AWK,BAX,BDX,BEN,BMY,BRO,BXP,CAG,CAH,CARR,CB,CBOE,CBRE,CCI,CF,CHRW,CHTR,CLX,CMCSA,CMI,CMS,CNC,COO,CPB,CPT,CSGP,CTAS,CTSH,CVNA,CVS,D,DD,DHI,DHR,DOC,DOW,DRI,DTE,DUK,DVA,EBAY,ED,EFX,EIX,ELV,EQR,ERIE,ES,ESS,ETR,EVRG,EXC,EXR,FAST,FE,FICO,FRT,GDDY,GEHC,GEN,GILD,GL,GNRC,GPC,GWW,HAS,HIG,HII,HOLX,HRL,HSY,HUBB,IBM,ICE,INCY,INSM,IP,IQV,IRM,ISRG,IT,ITW,JBHT,JCI,JNJ,KHC,KIM,KO,KR,KVUE,L,LEN,LH,LII,LMT,LNT,LOW,MAA,MAS,MCD,MCO,MDLZ,MDT,MKC,MMM,MO,MOH,MPWR,MSCI,MTCH,NDAQ,NDSN,NEM,NI,NOC,NOW,NSC,NTRS,NVR,NXPI,O,ODFL,OMC,PAYC,PAYX,PEG,PEP,PFE,PGR,PH,PHM,PKG,PLD,PM,PNR,PNW,PPL,PSA,REG,REGN,RTX,RVTY,SBAC,SBUX,SHOP,SHW,SJM,SNA,SO,SOLV,SPG,SPGI,SRE,STE,STLD,SWK,SYY,TPL,TSCO,TSN,UHS,UNH,UNP,VICI,VLTO,VRSN,VTR,VTRS,WAT,WEC,WELL,WMT,WSM,WTW,WY,XEL,ZBH,ZBRA,^VIX","ABNB,ACGL,ADSK,AES,AIG,ALB,AMAT,AMD,AMZN,APH,ARM,ASML,AVGO,AVY,BBY,BF.B,BR,BSX,CDNS,CEG,CHD,CINF,CL,CNP,COP,COST,CPRT,CRWD,DAL,DDOG,DECK,DIS,DLTR,DPZ,DXCM,EL,EME,EQT,ETN,EXE,EXPD,FANG,FCX,FIX,GEV,GIS,GOOG,GOOGL,IDXX,IFF,INTU,INVH,JBL,KDP,KEYS,KLAC,LIN,LLY,LRCX,LUV,LW,MNST,MRK,MRNA,NEE,NVDA,PODD,PPG,PTC,PWR,QCOM,QQQ,RJF,RL,SMCI,SNPS,SYK,T,TDG,TEL,TJX,TRMB,TROW,TRV,TT,TTWO,UAL,UBER,UDR,V,VST,VZ,WDC,WFC,WRB,WYNN,XYL",191,97,[],[]
2024-08-19,"A,ABBV,ADP,AEE,AEP,AFL,AIZ,ALLE,AMCR,AMT,AON,ATO,AWK,BALL,BAX,BDX,BEN,BMY,BRO,BXP,CAG,CAH,CARR,CB,CBOE,CBRE,CCI,CF,CHRW,CHTR,CLX,CMCSA,CMI,CMS,CNC,COO,CPB,CPT,CSGP,CTAS,CTSH,CVNA,CVS,D,DD,DHI,DHR,DOC,DOW,DRI,DTE,DUK,DVA,EBAY,ED,EFX,EIX,ELV,EQR,ERIE,ES,ESS,ETR,EVRG,EXC,EXR,FAST,FE,FICO,FRT,GDDY,GE,GEHC,GEN,GILD,GL,GNRC,GPC,GWW,HAS,HCA,HIG,HII,HOLX,HRL,HSY,HUBB,HWM,IBM,ICE,INCY,INSM,IP,IQV,IRM,ISRG,IT,ITW,JBHT,JCI,JNJ,KHC,KIM,KO,KR,KVUE,L,LEN,LH,LII,LMT,LNT,LOW,MAA,MAS,MCD,MCO,MDLZ,MDT,MKC,MMM,MO,MOH,MPWR,MSCI,MTCH,NDAQ,NDSN,NEM,NI,NOC,NOW,NSC,NTRS,NVR,NXPI,O,ODFL,OMC,PAYC,PAYX,PEG,PEP,PFE,PGR,PH,PHM,PKG,PLD,PM,PNR,PNW,PPL,PSA,REG,REGN,RTX,RVTY,SBAC,SBUX,SHOP,SHW,SJM,SNA,SO,SOLV,SPG,SPGI,SRE,STE,STLD,SWK,SYY,TPL,TSCO,TSN,UHS,UNH,UNP,VICI,VLTO,VRSN,VTR,VTRS,WAT,WEC,WELL,WMT,WSM,WTW,WY,XEL,ZBH,ZBRA,^VIX","ABNB,ACGL,ADM,ADSK,AES,AIG,ALB,AMAT,AMD,AMZN,AOS,APH,ARM,ASML,AVGO,AVY,BBY,BF.B,BR,BSX,CDNS,CEG,CHD,CINF,CL,CNP,COP,COST,CPRT,CRWD,CTRA,CVX,DAL,DDOG,DECK,DGX,DIS,DLTR,DPZ,DXCM,EL,EME,EOG,ETN,EXE,EXPD,FANG,FCX,FIX,GEV,GIS,GM,GOOG,GOOGL,IDXX,IFF,INTU,INVH,JBL,KDP,KLAC,KMB,LIN,LLY,LRCX,LUV,LW,MNST,MRK,MRNA,NEE,NVDA,OXY,PCAR,PODD,PPG,PTC,PWR,QCOM,QQQ,RJF,RL,RSG,SMCI,SNPS,SYK,T,TDG,TEL,TJX,TRMB,TROW,TRV,TT,TTWO,UAL,UBER,UDR,UPS,V,VST,VZ,WDC,WFC,WRB,WYNN,XOM,XYL",195,108,[],[]
2024-08-20,"A,ABBV,ABT,ADP,AEE,AEP,AFL,AIZ,ALLE,AMCR,AMT,AON,ATO,AWK,BALL,BAX,BDX,BEN,BMY,BRO,BXP,CAG,CAH,CARR,CB,CBOE,CBRE,CCI,CF,CHRW,CHTR,CLX,CMCSA,CMI,CMS,CNC,COO,CPB,CPT,CSGP,CTAS,CTSH,CVNA,CVS,D,DD,DHI,DHR,DOC,DOW,DRI,DTE,DUK,DVA,EBAY,ED,EFX,EIX,ELV,EQR,ERIE,ES,ESS,ETR,EVRG,EXC,EXR,FAST,FE,FICO,FRT,GDDY,GE,GEHC,GEN,GILD,GL,GNRC,GPC,GWW,HAS,HCA,HIG,HII,HOLX,HRL,HSY,HUBB,HWM,IBM,ICE,INCY,INSM,IP,IQV,IRM,ISRG,IT,ITW,JBHT,JCI,JNJ,KHC,KIM,KO,KR,KVUE,L,LEN,LH,LII,LMT,LNT,LOW,MAA,MAS,MCD,MCO,MDLZ,MDT,MKC,MMM,MO,MOH,MPWR,MSCI,MTCH,NDAQ,NDSN,NEM,NI,NOC,NOW,NSC,NTRS,NVR,NXPI,O,ODFL,OMC,PAYC,PAYX,PEG,PEP,PFE,PGR,PH,PHM,PKG,PLD,PM,PNR,PNW,PPL,PSA,REG,REGN,RTX,RVTY,SBAC,SBUX,SHOP,SHW,SJM,SNA,SO,SOLV,SPG,SPGI,SRE,STE,STLD,SWK,SYY,TMO,TPL,TSCO,TSN,UHS,UNH,UNP,VICI,VLTO,VRSN,VTR,VTRS,WAT,WEC,WELL,WMT,WSM,WTW,WY,XEL,ZBH,ZBRA,^VIX","ABNB,ACGL,ADBE,ADM,ADSK,AES,AIG,ALB,AMAT,AMD,AME,AMZN,AOS,APH,ARE,ARM,ASML,AVGO,AVY,BBY,BF.B,BKNG,BR,BSX,CDNS,CEG,CHD,CINF,CL,CNP,COP,COST,CPRT,CRWD,CTRA,CVX,DAL,DDOG,DECK,DG,DGX,DIS,DLTR,DOV,DPZ,DXCM,EL,EME,EMR,EOG,ETN,EXE,EXPD,FANG,FCX,FDS,FIX,FTV,GD,GEV,GIS,GM,GOOG,GOOGL,HD,HOOD,HST,IDXX,IEX,IFF,INTU,INVH,IR,J,JBL,KDP,KLAC,KMB,LIN,LLY,LRCX,LUV,LW,MAR,MGM,MLM,MNST,MRK,MRNA,MSFT,NEE,NUE,NVDA,OTIS,OXY,PCAR,PLTR,PODD,PPG,PTC,PWR,QCOM,QQQ,RJF,RL,ROP,RSG,SMCI,SNPS,SPY,SYK,T,TDG,TEL,TJX,TPR,TRGP,TRMB,TROW,TRV,TSLA,TT,UAL,UBER,UDR,UPS,V,VST,VZ,WAB,WDC,WFC,WMB,WRB,WYNN,XOM,XYL,XYZ",197,138,[],[]
2024-08-21,"A,ABBV,ABT,ADP,AEE,AEP,AFL,AIZ,ALLE,AMCR,AMT,AON,ATO,AWK,AZO,BALL,BAX,BDX,BMY,BRO,BXP,CAG,CAH,CARR,CB,CBOE,CBRE,CCI,CF,CHRW,CHTR,CLX,CMCSA,CMI,CMS,CNC,COO,CPB,CPT,CSGP,CTAS,CTSH,CVNA,CVS,D,DD,DHI,DHR,DOC,DOW,DRI,DTE,DUK,DVA,EBAY,ED,EFX,EIX,ELV,EQR,ERIE,ES,ESS,ETR,EVRG,EXC,EXR,FAST,FE,FICO,FRT,GDDY,GE,GEHC,GEN,GILD,GL,GNRC,GPC,GWW,HAS,HCA,HIG,HII,HOLX,HRL,HSY,HUBB,HWM,IBM,ICE,INCY,INSM,IP,IQV,IRM,ISRG,IT,ITW,JBHT,JCI,JNJ,KHC,KIM,KO,KR,KVUE,L,LEN,LH,LII,LMT,LNT,LOW,MAA,MAS,MCD,MCO,MDLZ,MDT,MKC,MMM,MO,MOH,MPWR,MSCI,MTCH,NDAQ,NDSN,NEM,NI,NOC,NOW,NSC,NTRS,NVR,NXPI,O,ODFL,OMC,ORLY,PAYC,PAYX,PEG,PEP,PFE,PGR,PH,PHM,PKG,PLD,PM,PNR,PNW,POOL,PPL,PSA,REG,REGN,RTX,RVTY,SBAC,SBUX,SHOP,SHW,SJM,SNA,SO,SOLV,SPG,SPGI,SRE,STE,STLD,SWK,SYY,TMO,TPL,TSCO,TSN,TYL,UHS,UNH,UNP,VICI,VLO,VLTO,VRSN,VTR,VTRS,WAT,WEC,WELL,WMT,WSM,WTW,WY,XEL,ZBH,ZBRA,^VIX","ABNB,ACGL,ADBE,ADI,ADM,ADSK,AES,AIG,ALB,ALL,AMAT,AMD,AME,AMZN,AOS,APH,ARE,ARM,ASML,AVGO,AVY,BBY,BF.B,BKNG,BR,BSX,CCL,CDNS,CEG,CHD,CINF,CL,CNP,COP,COST,CPRT,CRWD,CTRA,CVX,DAL,DDOG,DECK,DG,DGX,DIS,DLR,DLTR,DOV,DPZ,DXCM,EL,EME,EMR,EOG,ETN,EXE,EXPD,F,FANG,FCX,FDS,FIX,FTV,GD,GEV,GIS,GM,GOOG,GOOGL,HD,HON,HOOD,HPE,HPQ,HST,IDXX,IEX,IFF,INTU,INVH,IR,J,JBL,KDP,KLAC,KMB,LIN,LLY,LRCX,LUV,LW,MAR,MCHP,MGM,MLM,MNST,MRK,MRNA,MSFT,NCLH,NEE,NUE,NVDA,OTIS,OXY,PCAR,PLTR,PODD,PPG,PTC,PWR,QCOM,QQQ,RCL,RJF,RL,ROP,RSG,SMCI,SNPS,SPY,SYK,T,TDG,TEL,TER,TPR,TRGP,TRMB,TROW,TRV,TSLA,TT,UAL,UBER,UDR,UPS,V,VST,VZ,WAB,WDC,WFC,WM,WMB,WRB,WST,WYNN,XOM,XYL,XYZ",201,151,[],[]
2024-08-22,"A,ABBV,ABT,ADP,AEE,AEP,AFL,AIZ,AJG,ALLE,AMCR,AMT,AON,ATO,AWK,AZO,BALL,BAX,BDX,BMY,BRO,BXP,CAG,CAH,CARR,CB,CBOE,CBRE,CCI,CF,CHRW,CHTR,CLX,CMCSA,CMI,CMS,CNC,COO,CPB,CPT,CSGP,CTAS,CTSH,CVNA,CVS,D,DD,DHI,DHR,DOC,DOW,DRI,DTE,DUK,DVA,EBAY,ED,EFX,EIX,ELV,EQR,ERIE,ES,ESS,ETR,EVRG,EXC,EXR,FAST,FE,FICO,FRT,GDDY,GE,GEHC,GEN,GILD,GL,GNRC,GPC,GWW,HAS,HCA,HIG,HII,HOLX,HRL,HSY,HUBB,HWM,IBM,ICE,INCY,INSM,IP,IQV,IRM,ISRG,IT,ITW,JBHT,JCI,JNJ,KHC,KIM,KO,KR,KVUE,L,LEN,LH,LII,LMT,LNT,LOW,MAA,MAS,MCD,MCO,MDLZ,MDT,MKC,MMM,MO,MOH,MPWR,MSCI,MTCH,MTD,NDAQ,NDSN,NEM,NI,NOC,NOW,NSC,NTRS,NVR,NXPI,O,ODFL,OMC,ORLY,PAYC,PAYX,PEG,PEP,PFE,PGR,PH,PHM,PKG,PLD,PM,PNR,PNW,POOL,PPL,PSA,REG,REGN,RTX,RVTY,SBAC,SBUX,SHOP,SHW,SJM,SNA,SO,SOLV,SPG,SPGI,SRE,STE,STLD,SWK,SYY,TMO,TPL,TSCO,TSN,TYL,UHS,UNH,UNP,VICI,VLO,VLTO,VRSN,VTR,VTRS,WAT,WEC,WELL,WMT,WSM,WTW,WY,XEL,ZBH,ZBRA,^VIX","ABNB,ACGL,ADBE,ADI,ADM,ADSK,AES,AIG,ALB,ALL,AMAT,AMD,AME,AMZN,AOS,APH,ARE,ARM,ASML,AVGO,AVY,BBY,BF.B,BIIB,BKNG,BR,BSX,CCL,CDNS,CEG,CHD,CINF,CL,CNP,COP,COST,CPRT,CRWD,CTRA,CVX,DAL,DDOG,DECK,DG,DGX,DIS,DLR,DLTR,DOV,DPZ,DXCM,EL,EME,EMR,EOG,ETN,EXE,EXPD,F,FANG,FCX,FDS,FIX,FTV,GD,GEV,GIS,GM,GOOG,GOOGL,HD,HON,HOOD,HPE,HPQ,HST,IDXX,IEX,IFF,INTU,INVH,IR,J,JBL,KDP,KLAC,KMB,LHX,LIN,LLY,LRCX,LUV,LW,MAR,MCHP,MGM,MLM,MNST,MRK,MRNA,MSFT,NCLH,NEE,NUE,NVDA,OTIS,OXY,PCAR,PFG,PLTR,PODD,PPG,PTC,PWR,QCOM,QQQ,RCL,RJF,RL,ROP,RSG,SMCI,SNPS,SPY,SYK,T,TDG,TEL,TER,TPR,TRGP,TRMB,TROW,TRV,TSLA,TT,UAL,UBER,UDR,UPS,V,VST,VZ,WAB,WDC,WFC,WM,WMB,WRB,WST,WYNN,XOM,XYL,XYZ",203,154,[],[]
2024-08-23,"A,ABBV,ABT,ADP,AEE,AEP,AFL,AIZ,AJG,ALLE,AMCR,AMT,AON,ATO,AWK,AZO,BALL,BAX,BDX,BMY,BRO,BXP,CAG,CAH,CARR,CB,CBOE,CBRE,CCI,CF,CHRW,CHTR,CLX,CMCSA,CMI,CMS,CNC,COO,CPB,CPT,CSGP,CTAS,CTSH,CVNA,CVS,D,DD,DHI,DHR,DOC,DOW,DRI,DTE,DUK,DVA,EBAY,ED,EFX,EIX,ELV,EQR,ERIE,ES,ESS,ETR,EVRG,EXC,EXR,FAST,FE,FICO,FRT,GDDY,GE,GEHC,GEN,GILD,GL,GNRC,GPC,GWW,HAS,HCA,HIG,HII,HOLX,HRL,HSY,HUBB,HWM,IBM,ICE,INCY,INSM,IP,IQV,IRM,ISRG,IT,ITW,JBHT,JCI,JNJ,KHC,KIM,KO,KR,KVUE,L,LEN,LH,LII,LMT,LNT,LOW,MAA,MAS,MCD,MCO,MDLZ,MDT,MKC,MMM,MO,MOH,MPWR,MSCI,MTCH,MTD,NDAQ,NDSN,NEM,NI,NOC,NOW,NSC,NTRS,NVR,NXPI,O,ODFL,OMC,ON,ORLY,PAYC,PAYX,PEG,PEP,PFE,PGR,PH,PHM,PKG,PLD,PM,PNR,PNW,POOL,PPL,PSA,REG,REGN,RTX,RVTY,SBAC,SBUX,SHOP,SHW,SJM,SNA,SO,SOLV,SPG,SPGI,SRE,STE,STLD,SWK,SYY,TMO,TPL,TSCO,TSN,TYL,UHS,UNH,UNP,VICI,VLO,VLTO,VRSN,VTR,VTRS,WAT,WEC,WELL,WMT,WSM,WTW,WY,XEL,ZBH,ZBRA,^VIX","ABNB,ADBE,ADI,ADSK,AES,AIG,ALB,ALL,AMAT,AMD,AME,AMZN,AOS,APH,ARE,ARM,ASML,AVGO,AVY,BBY,BF.B,BIIB,BKNG,BR,BSX,CDNS,CEG,CHD,CINF,CL,CNP,COP,COST,CPRT,CRWD,CTRA,CVX,DAL,DDOG,DECK,DG,DGX,DIS,DLR,DLTR,DOV,DPZ,DXCM,EL,EME,EMR,EOG,ETN,EXE,EXPD,FANG,FCX,FDS,FIX,FTV,GD,GEV,GIS,GOOG,GOOGL,HD,HON,HOOD,HPE,HPQ,IDXX,IEX,IFF,INTU,INVH,IR,J,JBL,KDP,KLAC,KMB,LHX,LIN,LLY,LRCX,LW,MAR,MCHP,MGM,MLM,MNST,MRK,MRNA,MSFT,NEE,NUE,NVDA,OTIS,OXY,PCAR,PFG,PLTR,PODD,PPG,PTC,PWR,QCOM,QQQ,RCL,RJF,RL,ROP,RSG,SMCI,SNPS,SPY,SYK,T,TDG,TEL,TER,TPR,TRGP,TRMB,TROW,TRV,TSLA,TT,UAL,UBER,UDR,UPS,V,VST,VZ,WDC,WFC,WM,WMB,WRB,WST,WYNN,XOM,XYL,XYZ",204,145,[],[]
2024-08-26,"A,ABBV,ABT,ADP,AEE,AEP,AFL,AIZ,AJG,ALLE,AMCR,AMT,AON,ATO,AWK,AZO,BALL,BAX,BDX,BMY,BRO,BXP,CAG,CAH,CARR,CB,CBOE,CBRE,CCI,CF,CHRW,CHTR,CLX,CMCSA,CMI,CMS,CNC,COO,COR,CPB,CPT,CSGP,CTAS,CTSH,CVNA,CVS,D,DD,DHI,DHR,DOC,DOW,DRI,DTE,DUK,DVA,EBAY,ED,EFX,EIX,ELV,EQR,ERIE,ES,ESS,ETR,EVRG,EXC,EXR,FAST,FE,FFIV,FICO,FRT,GDDY,GE,GEHC,GEN,GILD,GL,GNRC,GPC,GWW,HAS,HCA,HIG,HII,HOLX,HRL,HSY,HUBB,HWM,IBM,ICE,INCY,INSM,IP,IQV,IRM,ISRG,IT,ITW,JBHT,JCI,JNJ,KHC,KIM,KO,KR,KVUE,L,LEN,LH,LII,LMT,LNT,LOW,MAA,MAS,MCD,MCO,MDLZ,MDT,MKC,MMM,MO,MOH,MPWR,MSCI,MTCH,MTD,NDAQ,NDSN,NEM,NI,NOC,NOW,NSC,NTRS,NVR,NXPI,O,ODFL,OMC,ON,ORLY,PAYC,PAYX,PEG,PEP,PFE,PGR,PH,PHM,PKG,PLD,PM,PNR,PNW,POOL,PPL,PSA,PYPL,REG,REGN,RTX,RVTY,SBAC,SBUX,SHOP,SHW,SJM,SNA,SO,SOLV,SPG,SPGI,SRE,STE,STLD,SWK,SYY,TMO,TPL,TSCO,TSN,TYL,UHS,UNH,UNP,VICI,VLO,VLTO,VRSN,VTR,VTRS,WAT,WEC,WELL,WMT,WSM,WTW,WY,XEL,YUM,ZBH,ZBRA,^VIX","ABNB,ADBE,ADI,ADSK,AES,AIG,ALB,ALL,AMAT,AMD,AME,AMZN,AOS,APH,ARE,ARM,ASML,AVGO,AVY,BBY,BF.B,BIIB,BKNG,BR,BSX,CDNS,CEG,CHD,CINF,CL,CNP,COST,CPRT,CRWD,CTRA,CVX,DAL,DDOG,DECK,DG,DGX,DIS,DLR,DLTR,DOV,DPZ,DXCM,ECL,EL,EME,EMR,EOG,ETN,EXE,EXPD,FANG,FCX,FDS,FIX,FTV,GD,GEV,GIS,GOOG,GOOGL,HD,HON,HOOD,HPE,HPQ,IDXX,IEX,IFF,INTU,INVH,IR,J,JBL,KDP,KLAC,KMB,LHX,LIN,LLY,LRCX,LW,MAR,MCHP,MGM,MLM,MNST,MRK,MRNA,MSFT,NEE,NUE,NVDA,OTIS,OXY,PCAR,PFG,PG,PLTR,PODD,PPG,PTC,PWR,QCOM,QQQ,RCL,RJF,RL,ROP,RSG,SMCI,SNPS,SPY,T,TDG,TEL,TER,TPR,TRGP,TRMB,TROW,TSLA,TT,UAL,UBER,UDR,UPS,V,VST,VZ,WDC,WFC,WM,WMB,WRB,WST,WYNN,XOM,XYL,XYZ",208,144,[],[]
2024-08-27,"A,ABBV,ABT,ADP,AEE,AEP,AFL,AIZ,AJG,ALLE,AMCR,AMT,ANET,AON,ATO,AWK,AZO,BALL,BAX,BDX,BMY,BRO,BXP,CAG,CAH,CARR,CB,CBOE,CBRE,CCI,CF,CHRW,CHTR,CLX,CMCSA,CMG,CMI,CMS,CNC,COO,COR,CPB,CPT,CSGP,CTAS,CTSH,CVNA,CVS,D,DD,DHI,DHR,DOC,DOW,DRI,DTE,DUK,DVA,EA,EBAY,ED,EFX,EIX,ELV,EQR,ERIE,ES,ESS,ETR,EVRG,EXC,EXR,FAST,FE,FFIV,FICO,FRT,GDDY,GE,GEHC,GEN,GILD,GL,GNRC,GPC,GWW,HAS,HCA,HIG,HII,HOLX,HRL,HUBB,HWM,IBM,ICE,INCY,INSM,IP,IQV,IRM,ISRG,IT,ITW,JBHT,JCI,JNJ,KHC,KIM,KO,KR,KVUE,L,LEN,LH,LII,LMT,LNT,LOW,MA,MAA,MAS,MCD,MCO,MDLZ,MDT,MKC,MMM,MO,MOH,MPWR,MSCI,MTCH,MTD,NDAQ,NDSN,NEM,NI,NOC,NOW,NSC,NTRS,NVR,NXPI,O,OMC,ON,ORLY,PAYC,PAYX,PEG,PEP,PFE,PGR,PH,PHM,PKG,PLD,PM,PNR,PNW,POOL,PPL,PSA,PYPL,REG,REGN,RTX,RVTY,SBAC,SBUX,SHOP,SHW,SJM,SNA,SO,SOLV,SPG,SPGI,SRE,STE,STLD,SWK,SYY,TMO,TMUS,TPL,TSCO,TSN,TYL,UHS,UNH,UNP,VICI,VLO,VLTO,VRSN,VTR,VTRS,WAT,WEC,WELL,WMT,WSM,WTW,WY,XEL,YUM,ZBH,ZBRA,^VIX","ABNB,ADBE,ADI,ADSK,AES,AIG,ALB,ALL,AMAT,AMD,AME,AMZN,AOS,APH,ARE,ARM,ASML,AVGO,AVY,BBY,BF.B,BIIB,BKNG,BR,BSX,CDNS,CEG,CHD,CINF,CL,CME,CNP,COST,CPRT,CRWD,CTRA,CVX,DAL,DDOG,DECK,DG,DGX,DIS,DLR,DLTR,DOV,DPZ,DXCM,ECL,EL,EME,EMR,EOG,ETN,EXE,EXPD,FANG,FCX,FDS,FER,FIX,FTV,GD,GEV,GIS,GOOG,GOOGL,GRMN,HD,HON,HOOD,HPE,HPQ,HUM,IDXX,IEX,IFF,INTU,INVH,IR,J,JBL,KLAC,KMB,LHX,LLY,LRCX,LW,MAR,MCHP,MGM,MLM,MNST,MRK,MRNA,MSFT,NEE,NUE,NVDA,OTIS,OXY,PCAR,PFG,PG,PLTR,PODD,PPG,PTC,PWR,QCOM,QQQ,RCL,RJF,RL,ROP,RSG,SMCI,SNPS,SPY,T,TDG,TEL,TER,TPR,TRGP,TRMB,TROW,TSLA,TT,UAL,UBER,UPS,V,VRSK,VST,VZ,WDC,WFC,WM,WMB,WRB,WST,WYNN,XOM,XYL,XYZ",211,146,[],[]
2024-08-28,"A,ABBV,ABT,ADP,AEE,AEP,AFL,AIZ,AJG,ALLE,ALNY,AMCR,AMT,ANET,AON,APD,APTV,ATO,AVB,AWK,AZO,BALL,BAX,BDX,BMY,BRO,BXP,CAG,CAH,CARR,CB,CBOE,CBRE,CCI,CF,CHRW,CHTR,CLX,CMCSA,CMG,CMI,CMS,CNC,COO,COR,CPB,CPT,CSGP,CTAS,CTSH,CVNA,CVS,D,DD,DHI,DHR,DOC,DOW,DRI,DTE,DUK,DVA,EA,EBAY,ED,EFX,EIX,ELV,EQIX,EQR,ERIE,ES,ESS,ETR,EVRG,EXC,EXR,FAST,FE,FFIV,FICO,FRT,GDDY,GE,GEHC,GEN,GILD,GL,GNRC,GPC,GWW,HAS,HCA,HIG,HII,HOLX,HRL,HUBB,HWM,IBM,ICE,INCY,INSM,IP,IQV,IRM,ISRG,IT,ITW,JBHT,JCI,JNJ,KHC,KIM,KO,KR,KVUE,L,LEN,LH,LII,LMT,LNT,LOW,MA,MAA,MAS,MCD,MCO,MDLZ,MDT,META,MKC,MMM,MO,MOH,MPWR,MSCI,MTCH,MTD,NDAQ,NDSN,NEM,NI,NOC,NOW,NSC,NTRS,NVR,NXPI,O,OMC,ON,ORLY,PAYC,PAYX,PEG,PEP,PFE,PGR,PH,PHM,PKG,PLD,PM,PNR,PNW,POOL,PPL,PSA,PYPL,REG,REGN,RTX,RVTY,SBAC,SBUX,SHOP,SHW,SNA,SO,SOLV,SPG,SPGI,SRE,STE,STLD,SWK,SYY,TMO,TMUS,TPL,TSCO,TSN,TYL,UHS,UNH,UNP,VICI,VLO,VLTO,VRSN,VTR,VTRS,WAT,WEC,WELL,WMT,WSM,WTW,WY,XEL,YUM,ZBH,ZBRA,^VIX","ABNB,ADBE,ADI,ADSK,AES,AIG,ALB,ALL,AMAT,AMD,AME,AMZN,AOS,APH,APO,ARE,ARM,ASML,AVGO,AVY,BBY,BF.B,BIIB,BKNG,BR,BSX,CDNS,CEG,CFG,CHD,CI,CINF,CL,CNP,COST,CPAY,CPRT,CRWD,CTRA,CVX,DAL,DDOG,DECK,DG,DGX,DIS,DLR,DLTR,DOV,DPZ,DXCM,ECL,EL,EME,EMR,EOG,ETN,EXE,EXPD,FANG,FCX,FDS,FER,FITB,FIX,FTV,GD,GEV,GIS,GOOG,GOOGL,GPN,GRMN,HD,HLT,HON,HOOD,HPE,HPQ,HUM,IDXX,IEX,IFF,INTU,INVH,IR,J,JBL,KLAC,KMB,LHX,LLY,LRCX,LW,MAR,MCHP,MGM,MLM,MNST,MRK,MRNA,MSFT,NEE,NUE,NVDA,OTIS,OXY,PCAR,PFG,PG,PLTR,PODD,PPG,PTC,PWR,QCOM,QQQ,RCL,RJF,RL,ROP,RSG,SMCI,SNPS,SPY,T,TDG,TEL,TER,TPR,TRGP,TRMB,TROW,TSLA,TT,UAL,UBER,UPS,V,VRSK,VST,VZ,WDC,WFC,WM,WMB,WRB,WST,WYNN,XOM,XYL,XYZ",216,152,[],[]
2024-08-29,"A,ABBV,ABT,ADP,AEE,AEP,AFL,AIZ,AJG,ALLE,ALNY,AMCR,AMT,ANET,AON,APD,APTV,ATO,AVB,AWK,AZO,BAX,BDX,BMY,BRO,BXP,CAG,CAH,CARR,CB,CBOE,CBRE,CCI,CF,CHRW,CHTR,CLX,CMCSA,CMG,CMI,CMS,CNC,COO,COR,CPB,CPT,CSGP,CTAS,CTSH,CVNA,CVS,D,DASH,DD,DHI,DHR,DOC,DOW,DRI,DTE,DUK,DVA,EA,EBAY,ED,EFX,EIX,ELV,EQIX,EQR,ERIE,ES,ESS,ETR,EVRG,EXC,EXR,FAST,FE,FFIV,FICO,FRT,GDDY,GE,GEHC,GEN,GILD,GL,GNRC,GPC,GWW,HAS,HCA,HIG,HII,HOLX,HRL,HUBB,HWM,IBM,ICE,INCY,INSM,IP,IQV,IRM,ISRG,IT,ITW,JBHT,JCI,JNJ,KHC,KIM,KO,KR,KVUE,L,LEN,LH,LII,LMT,LNT,LOW,MA,MAA,MAS,MCD,MCO,MDLZ,MDT,MELI,META,MKC,MMM,MO,MOH,MPWR,MSCI,MSI,MTCH,MTD,NDAQ,NDSN,NEM,NI,NOC,NOW,NSC,NTRS,NVR,NXPI,O,OMC,ON,ORLY,PAYC,PAYX,PEG,PEP,PFE,PGR,PH,PHM,PKG,PLD,PM,PNR,PNW,POOL,PPL,PSA,PYPL,REG,REGN,RMD,RTX,RVTY,SBAC,SBUX,SHOP,SHW,SNA,SO,SOLV,SPG,SPGI,SRE,STE,STLD,SWK,SYY,TMO,TMUS,TPL,TSCO,TSN,TYL,UHS,UNH,UNP,VICI,VLO,VLTO,VRSN,VTR,VTRS,WAT,WEC,WELL,WMT,WSM,WTW,WY,XEL,YUM,ZBH,ZBRA,^VIX","ABNB,ADBE,ADI,ADSK,AES,AIG,ALB,ALL,AMAT,AMD,AME,AMP,AMZN,AOS,APA,APH,APO,ARE,ARES,ARM,ASML,AVGO,AVY,AXP,BA,BAC,BF.B,BIIB,BK,BKNG,BKR,BLDR,BR,BSX,C,CAT,CDNS,CEG,CFG,CHD,CI,CL,CNP,COF,COIN,COST,CPRT,CRH,CRM,CRWD,CTRA,CVX,DAL,DDOG,DECK,DG,DGX,DIS,DLR,DLTR,DOV,DPZ,DVN,DXCM,ECL,EL,EME,EMR,EOG,ETN,EXE,EXPD,FANG,FCX,FDS,FDX,FER,FITB,FIX,FTV,GD,GEV,GIS,GOOG,GOOGL,GPN,GRMN,GS,HD,HLT,HOOD,HPE,HPQ,HUM,IDXX,IEX,IFF,INTC,INTU,INVH,IR,IVZ,J,JBL,JPM,KKR,KLAC,KMB,LHX,LLY,LRCX,LW,LYB,MAR,MCHP,MGM,MLM,MNST,MOS,MPC,MRK,MRNA,MS,MSFT,MTB,NEE,NUE,NVDA,OTIS,OXY,PCAR,PG,PLTR,PNC,PODD,PPG,PSX,PTC,PWR,QCOM,QQQ,RCL,RJF,RL,ROK,ROP,RSG,SLB,SMCI,SNPS,SPY,STX,SWKS,SYF,T,TEL,TER,TFC,TPR,TRGP,TRMB,TROW,TSLA,TT,TXN,TXT,UAL,UBER,UPS,URI,VRSK,VST,VZ,WDC,WFC,WM,WMB,WYNN,XOM,XYL,XYZ",219,181,[],[]
2024-08-30,"A,ABBV,ABT,ADP,AEE,AEP,AFL,AIZ,AJG,ALLE,AMCR,AMT,ANET,AON,APD,APTV,ATO,AVB,AWK,AZO,BAX,BDX,BMY,BRO,BXP,CAG,CAH,CARR,CB,CBOE,CBRE,CCI,CF,CHRW,CHTR,CLX,CMCSA,CMG,CMI,CMS,CNC,COO,COR,CPB,CPT,CSGP,CTAS,CTSH,CVNA,CVS,D,DASH,DD,DHI,DHR,DOC,DOW,DRI,DTE,DUK,DVA,EA,EBAY,ED,EFX,EIX,ELV,EQIX,EQR,ERIE,ES,ESS,ETR,EVRG,EXC,EXR,FAST,FE,FFIV,FICO,FRT,GDDY,GE,GEHC,GEN,GILD,GL,GNRC,GPC,GWW,HAS,HCA,HIG,HII,HOLX,HRL,HUBB,HWM,IBM,ICE,INCY,INSM,IP,IQV,IRM,ISRG,IT,ITW,JBHT,JCI,JNJ,KHC,KIM,KO,KR,KVUE,L,LEN,LH,LII,LMT,LNT,LOW,MA,MAA,MAS,MCD,MCO,MDLZ,MDT,MELI,META,MKC,MMM,MO,MOH,MPWR,MSCI,MSI,MTCH,MTD,NDAQ,NDSN,NEM,NI,NOC,NOW,NSC,NTRS,NVR,NXPI,O,OMC,ON,ORLY,PAYC,PAYX,PEG,PEP,PFE,PGR,PH,PHM,PKG,PLD,PM,PNR,PNW,POOL,PPL,PSA,PYPL,REG,REGN,RMD,RTX,RVTY,SBAC,SBUX,SHOP,SHW,SNA,SO,SOLV,SPG,SPGI,SRE,STE,STLD,SWK,SYY,TMO,TMUS,TPL,TSCO,TSN,TYL,UHS,UNH,UNP,VICI,VLO,VLTO,VRSN,VTR,VTRS,WAT,WEC,WELL,WMT,WSM,WTW,WY,XEL,YUM,ZBH,ZBRA,^VIX","AAPL,ABNB,ADBE,ADI,ADSK,AES,ALB,ALL,AMAT,AMD,AME,AMP,AMZN,APA,APH,APO,ARE,ARES,ARM,ASML,AVGO,AVY,AXP,BA,BAC,BF.B,BIIB,BKNG,BKR,BLDR,BLK,BR,C,CAT,CDNS,CEG,CFG,CHD,CI,CL,CNP,COF,COIN,COST,CPRT,CRH,CRM,CRWD,CSX,CTRA,CVX,DAL,DDOG,DECK,DG,DGX,DIS,DLR,DLTR,DOV,DPZ,DVN,DXCM,EL,EMR,EOG,ETN,EXE,EXPD,FANG,FCX,FDX,FER,FITB,FIX,FTV,GD,GIS,GOOG,GOOGL,GPN,GRMN,GS,HAL,HD,HLT,HOOD,HPE,HPQ,HUM,IDXX,IEX,INTU,INVH,IR,IVZ,J,JBL,KKR,KLAC,KMB,KMI,LLY,LRCX,LW,LYB,LYV,MCHP,MGM,MLM,MNST,MOS,MRK,MRNA,MRSH,MS,MSFT,MSTR,MTB,NEE,NUE,NVDA,ORCL,OTIS,OXY,PCAR,PG,PLTR,PNC,PODD,PTC,PWR,QCOM,QQQ,RCL,RJF,RL,ROK,ROP,RSG,SLB,SMCI,SNPS,SPY,STX,STZ,SWKS,SYF,T,TAP,TEL,TER,TFC,TPR,TRGP,TRMB,TROW,TSLA,TXN,TXT,UAL,UBER,UPS,URI,VRSK,VRTX,VST,VZ,WM,WMB,WYNN,XOM,XYL,XYZ,ZTS",218,175,[],[]
2024-09-03,"A,ABBV,ABT,ADP,AEE,AEP,AFL,AIZ,AJG,ALLE,AMCR,AMT,AON,APD,APTV,ATO,AVB,AWK,AZO,BAX,BDX,BMY,BRO,BXP,CAG,CAH,CARR,CB,CBOE,CBRE,CCI,CHRW,CHTR,CLX,CMCSA,CMG,CMI,CMS,CNC,COO,COR,CPB,CPT,CSGP,CTAS,CTSH,CVNA,CVS,D,DASH,DD,DHI,DHR,DOC,DOW,DRI,DTE,DUK,DVA,EBAY,ED,EFX,EIX,ELV,EQIX,EQR,ERIE,ES,ESS,ETR,EVRG,EXC,EXR,FAST,FE,FFIV,FICO,FOX,FOXA,FRT,GEHC,GEN,GILD,GL,GPC,GWW,HAS,HCA,HIG,HII,HOLX,HRL,IBM,ICE,INCY,INSM,IP,IQV,IRM,ISRG,IT,ITW,JBHT,JCI,JNJ,KHC,KIM,KO,KR,KVUE,L,LEN,LH,LMT,LNT,LOW,MA,MAA,MAS,MCD,MCO,MDLZ,MDT,MELI,META,MKC,MMM,MO,MOH,MSCI,MSI,MTCH,MTD,NDAQ,NDSN,NEM,NI,NOC,NOW,NSC,NTRS,NVR,O,OMC,ORLY,PAYC,PAYX,PEG,PEP,PFE,PGR,PHM,PKG,PLD,PM,PNR,PNW,PPL,PSA,PYPL,REG,REGN,RMD,RTX,RVTY,SBAC,SBUX,SHOP,SHW,SNA,SO,SOLV,SPG,SPGI,SRE,STE,SWK,SYY,TMO,TMUS,TSCO,TSN,TYL,UHS,UNH,UNP,VICI,VLO,VLTO,VRSN,VTR,VTRS,WAT,WEC,WELL,WMT,WSM,WTW,WY,XEL,YUM,ZBH,^VIX","AAPL,ABNB,ADBE,ADI,ADSK,AES,ALB,ALL,AMAT,AMD,AME,AMP,AMZN,APA,APH,APO,ARE,ARES,ARM,ASML,AVGO,AVY,AXP,BA,BAC,BF.B,BIIB,BKNG,BKR,BLDR,BLK,BR,C,CAT,CDNS,CEG,CFG,CNP,COF,COIN,COST,CPRT,CRH,CRM,CRWD,CSX,CTRA,CVX,DAL,DDOG,DECK,DG,DGX,DIS,DLR,DLTR,DOV,DPZ,DVN,DXCM,EL,EMR,EOG,ETN,EXE,EXPD,FANG,FCX,FDX,FER,FITB,FIX,FTV,GD,GIS,GOOG,GOOGL,GPN,GRMN,GS,HAL,HD,HLT,HOOD,HPE,HPQ,HSIC,IDXX,IEX,INTU,IR,IVZ,J,JBL,KKR,KLAC,KMI,LLY,LRCX,LW,LYB,LYV,MCHP,MGM,MLM,MOS,MRK,MRNA,MRSH,MS,MSFT,MSTR,MTB,NEE,NUE,NVDA,ORCL,OTIS,OXY,PCAR,PLTR,PNC,PODD,PTC,PWR,QCOM,QQQ,RCL,RJF,RL,ROK,ROP,RSG,SLB,SMCI,SNPS,SPY,STX,SWKS,SYF,TEL,TER,TFC,TPR,TRMB,TROW,TSLA,TXN,TXT,UAL,UBER,UPS,URI,VMC,VRSK,VRTX,VST,WM,WMB,WYNN,XOM,XYL,XYZ,ZTS",203,164,[],[]
2024-09-04,"A,ABBV,ABT,ADP,AEE,AEP,AFL,AIZ,AJG,ALLE,AMCR,AMT,AON,APD,APTV,ATO,AVB,AWK,AXON,AZO,BAX,BMY,BRO,BXP,CAG,CAH,CARR,CB,CBOE,CBRE,CCI,CHRW,CLX,CMG,CMI,CMS,COO,COR,CPB,CPT,CSGP,CTAS,CTSH,CVNA,CVS,D,DASH,DD,DHI,DHR,DOC,DOW,DRI,DTE,DUK,DVA,EBAY,ED,EFX,EIX,ELV,EQIX,EQR,ERIE,ES,ESS,ETR,EVRG,EXC,EXR,FE,FFIV,FICO,FOX,FOXA,FRT,FTNT,GEHC,GEN,GILD,GL,GPC,GWW,HAS,HCA,HIG,HII,HOLX,IBM,ICE,INCY,INSM,IP,IQV,IRM,ISRG,IT,JBHT,JCI,JNJ,KHC,KIM,KO,KR,KVUE,L,LEN,LH,LMT,LNT,LOW,MA,MAA,MAS,MCD,MCO,MDLZ,MDT,MELI,META,MKC,MMM,MO,MSCI,MSI,MTCH,MTD,NDAQ,NDSN,NEM,NI,NOC,NOW,NSC,NTRS,NVR,O,OMC,ORLY,PAYC,PAYX,PEG,PEP,PFE,PGR,PHM,PKG,PLD,PM,PNR,PNW,PPL,PSA,PYPL,REG,REGN,RMD,RTX,SBAC,SBUX,SHOP,SHW,SNA,SO,SOLV,SPG,SPGI,SRE,STE,SWK,SYY,TMO,TMUS,TSCO,TSN,TYL,UHS,UNH,UNP,VICI,VLO,VLTO,VRSN,VTR,VTRS,WEC,WELL,WMT,WSM,WTW,WY,XEL,YUM,ZBH,^VIX","AAPL,ABNB,ADBE,ADI,ADSK,AES,ALB,ALL,AMAT,AMD,AME,AMGN,AMP,AMZN,APA,APH,APO,ARE,ARES,ARM,ASML,AVGO,AVY,AXP,BA,BAC,BF.B,BIIB,BKNG,BKR,BLDR,BLK,BR,C,CAT,CDNS,CEG,CFG,CNP,COF,COIN,COST,CPRT,CRH,CRL,CRM,CRWD,CTRA,CVX,DAL,DDOG,DECK,DG,DGX,DIS,DLR,DLTR,DOV,DPZ,DVN,DXCM,EL,EMR,EOG,ETN,EXE,FANG,FCX,FDX,FER,FITB,FIX,FTV,GD,GOOG,GOOGL,GPN,GRMN,GS,HAL,HD,HLT,HOOD,HPE,HPQ,HSIC,IDXX,IEX,INTU,IR,IVZ,J,JBL,KKR,KLAC,KMI,LLY,LRCX,LW,LYB,LYV,MCHP,MGM,MLM,MOS,MRK,MRNA,MRSH,MS,MSFT,MSTR,MTB,NEE,NUE,NVDA,ORCL,OTIS,OXY,PCAR,PLTR,PNC,PODD,PTC,PWR,QCOM,QQQ,RCL,RJF,RL,ROK,ROP,RSG,SLB,SMCI,SNPS,SPY,STX,SWKS,SYF,TECH,TEL,TER,TFC,TPR,TRMB,TROW,TSLA,TXN,TXT,UAL,UBER,UPS,URI,VMC,VRSK,VRTX,VST,WM,WMB,WYNN,XOM,XYL,XYZ,ZTS",195,164,[],[]
2024-09-05,"A,ABT,ADP,AEE,AEP,AFL,AIZ,AJG,ALLE,AMCR,AMT,AON,APD,APTV,ATO,AVB,AWK,AXON,AZO,BAX,BMY,BRO,BXP,CAG,CAH,CARR,CB,CBOE,CBRE,CCI,CHRW,CLX,CMG,CMI,CMS,COO,COR,CPB,CPT,CSGP,CTAS,CTSH,CVNA,CVS,D,DASH,DD,DHI,DHR,DOC,DOW,DRI,DTE,DUK,DVA,EBAY,ED,EFX,EIX,ELV,EQIX,EQR,ERIE,ES,ESS,ETR,EVRG,EXC,EXR,FE,FFIV,FICO,FOX,FOXA,FRT,FTNT,GEHC,GEN,GILD,GL,HAS,HCA,HIG,HII,HOLX,IBM,ICE,INSM,IP,IQV,ISRG,IT,JBHT,JCI,JNJ,KHC,KIM,KO,KR,KVUE,L,LEN,LH,LMT,LNT,LOW,LVS,MA,MAA,MAS,MCD,MCO,MDLZ,MDT,MELI,META,MKC,MMM,MO,MSCI,MSI,MTCH,MTD,NDAQ,NDSN,NEM,NI,NOC,NOW,NRG,NSC,NTRS,NVR,O,OMC,ORLY,PAYX,PEG,PEP,PFE,PGR,PHM,PKG,PLD,PM,PNR,PNW,PPL,PSA,PYPL,REG,RMD,RTX,SBAC,SBUX,SHOP,SHW,SO,SOLV,SPG,SPGI,SRE,STE,SWK,SYY,TKO,TMO,TMUS,TSCO,TSN,TYL,UHS,UNH,UNP,VICI,VLO,VLTO,VRSN,VTR,VTRS,WEC,WELL,WMT,WSM,WTW,WY,XEL,YUM,^VIX","AAPL,ABNB,ADBE,ADI,ADSK,AES,ALB,ALL,AMAT,AMD,AME,AMGN,AMP,AMZN,APA,APH,APO,ARE,ARES,ARM,ASML,AVGO,AVY,AXP,BA,BAC,BF.B,BIIB,BKNG,BKR,BLDR,BLK,BR,C,CAT,CDNS,CEG,CFG,CNP,COF,COIN,COST,CPRT,CRH,CRL,CRM,CRWD,CTRA,CVX,DAL,DDOG,DECK,DG,DGX,DIS,DLR,DLTR,DOV,DPZ,DVN,DXCM,EL,EMR,EOG,EPAM,ETN,EXE,FANG,FCX,FDX,FER,FITB,FIX,FTV,GD,GOOG,GOOGL,GPN,GRMN,GS,HAL,HD,HLT,HOOD,HPE,HPQ,HSIC,IDXX,IEX,INTU,IR,IVZ,J,JBL,KKR,KLAC,KMI,LLY,LRCX,LW,LYB,LYV,MCHP,MGM,MLM,MOS,MRK,MRNA,MRSH,MS,MSFT,MSTR,MTB,NEE,NUE,NVDA,ORCL,OTIS,OXY,PCAR,PLTR,PNC,PODD,PTC,PWR,QCOM,QQQ,RCL,RJF,RL,ROK,ROP,RSG,SLB,SMCI,SNPS,SPY,STX,SWKS,SYF,TECH,TEL,TER,TFC,TPR,TRMB,TROW,TXN,TXT,UAL,UBER,UPS,URI,VMC,VRSK,VRTX,VST,WBD,WM,WMB,WYNN,XOM,XYL,XYZ,ZTS",189,165,[],[]
2024-09-06,"A,ABT,ADP,AEE,AEP,AFL,AIZ,AJG,ALLE,AMCR,AMT,AON,APTV,ATO,AVB,AWK,AXON,AZO,BAX,BMY,BRO,BXP,CAG,CAH,CARR,CB,CBOE,CBRE,CCI,CHRW,CLX,CMG,CMS,COO,COR,CPB,CPT,CSGP,CTSH,CVS,D,DASH,DHI,DHR,DOC,DOW,DRI,DTE,DUK,DVA,EBAY,ED,EIX,ELV,EQIX,EQR,ERIE,ES,ESS,ETR,EVRG,EXC,EXPE,EXR,FE,FFIV,FICO,FOX,FOXA,FRT,FTNT,GEHC,GILD,GL,HAS,HCA,HIG,HII,HOLX,IBM,ICE,INSM,IP,IQV,ISRG,IT,JBHT,JNJ,KHC,KIM,KO,KR,KVUE,LEN,LMT,LNT,LOW,LVS,MA,MAA,MAS,MCD,MCO,MDLZ,MDT,MELI,MKC,MMM,MO,MSCI,MSI,MTCH,MTD,NDAQ,NDSN,NI,NOC,NOW,NRG,NSC,NVR,O,OMC,ORLY,PANW,PAYX,PEG,PEP,PFE,PGR,PHM,PKG,PLD,PM,PNR,PNW,PPL,PSA,PYPL,REG,RMD,RTX,SBAC,SBUX,SHW,SO,SOLV,SPG,SPGI,SRE,STE,SWK,SYY,TKO,TMO,TSCO,TSN,TTD,TYL,UNH,UNP,VICI,VLO,VLTO,VRSN,VTR,WEC,WELL,WMT,WSM,WTW,WY,XEL,YUM,^VIX","AAPL,ABNB,ADBE,ADI,ADSK,AES,ALB,ALL,AMAT,AMD,AME,AMGN,AMP,AMZN,APA,APH,APO,ARE,ARES,ARM,ASML,AVGO,AVY,AXP,BA,BAC,BF.B,BIIB,BKNG,BKR,BLDR,BLK,BR,C,CAT,CDNS,CEG,CFG,CNP,COF,COIN,COST,CPRT,CRH,CRL,CRM,CRWD,CTRA,CVX,DAL,DDOG,DECK,DG,DGX,DIS,DLR,DLTR,DOV,DPZ,DVN,DXCM,EL,EMR,EOG,EPAM,ETN,EXE,FANG,FCX,FDX,FER,FITB,FIX,FTV,GD,GOOG,GOOGL,GPN,GRMN,GS,HAL,HD,HLT,HOOD,HPE,HPQ,HSIC,IDXX,IEX,INTU,IR,IVZ,J,JBL,KKR,KLAC,KMI,LLY,LRCX,LW,LYB,LYV,MCHP,MGM,MLM,MOS,MRK,MRNA,MRSH,MS,MSFT,MSTR,MTB,NEE,NUE,NVDA,ORCL,OTIS,OXY,PCAR,PLTR,PNC,PODD,PTC,PWR,QCOM,QQQ,RCL,RJF,RL,ROK,ROP,RSG,SLB,SMCI,SNPS,SPY,STX,SWKS,SYF,TECH,TEL,TER,TFC,TPR,TRMB,TROW,TXN,TXT,UAL,UBER,UPS,URI,VMC,VRSK,VRTX,VST,WBD,WM,WMB,WYNN,XOM,XYL,XYZ,ZTS",175,165,[],[]
2024-09-09,"A,ABT,ADP,AEE,AEP,AFL,AIZ,AJG,ALLE,AMCR,AMT,AON,APTV,ATO,AVB,AWK,AXON,AZO,BAX,BMY,BRO,BXP,CAG,CAH,CARR,CB,CBOE,CBRE,CCI,CHRW,CLX,CMG,CMS,COO,COR,CPB,CPT,CSGP,CTSH,CVS,D,DASH,DHI,DHR,DOC,DOW,DRI,DTE,DUK,DVA,EBAY,ED,EIX,ELV,EQIX,EQR,ERIE,ES,ESS,ETR,EVRG,EXC,EXPE,EXR,FE,FFIV,FICO,FOX,FOXA,FRT,FTNT,GEHC,GILD,GL,HAS,HCA,HIG,HII,HOLX,IBM,ICE,INSM,IP,ISRG,IT,JBHT,JNJ,KHC,KIM,KO,KR,KVUE,LEN,LMT,LNT,LOW,LVS,MA,MAA,MAS,MCD,MCO,MDLZ,MDT,MELI,MKC,MMM,MO,MSCI,MSI,MTCH,MTD,NDAQ,NDSN,NI,NOC,NOW,NRG,NSC,NVR,O,OMC,ORLY,PANW,PAYX,PEG,PEP,PFE,PGR,PHM,PKG,PLD,PM,PNR,PNW,PPL,PSA,PYPL,REG,RMD,RTX,SBAC,SBUX,SHW,SO,SOLV,SPG,SPGI,SRE,STE,SWK,SYY,TKO,TMO,TSCO,TSN,TTD,TYL,UNH,UNP,VICI,VLO,VLTO,VRSN,VTR,WEC,WELL,WMT,WSM,WTW,WY,XEL,YUM,^VIX","AAPL,ABNB,ADBE,ADI,ADSK,AES,ALB,ALL,AMAT,AMD,AME,AMGN,AMP,AMZN,APA,APH,APO,ARE,ARES,ARM,ASML,AVGO,AVY,AXP,BA,BAC,BF.B,BIIB,BKNG,BKR,BLDR,BLK,BR,C,CAT,CDNS,CEG,CFG,CNP,COF,COIN,COST,CPRT,CRH,CRL,CRM,CRWD,CTRA,CVX,DAL,DDOG,DECK,DG,DGX,DIS,DLR,DLTR,DOV,DPZ,DVN,DXCM,EL,EMR,EOG,EPAM,ETN,EXE,FANG,FCX,FDX,FER,FITB,FIX,FTV,GD,GOOG,GOOGL,GPN,GRMN,GS,HAL,HD,HLT,HOOD,HPE,HPQ,HSIC,IDXX,IEX,INTU,IR,IVZ,J,JBL,KKR,KLAC,KMI,LLY,LRCX,LW,LYB,LYV,MCHP,MGM,MLM,MOS,MRK,MRNA,MRSH,MS,MSFT,MSTR,MTB,NEE,NUE,NVDA,ORCL,OTIS,OXY,PCAR,PNC,PODD,PTC,PWR,QCOM,QQQ,RCL,RJF,RL,ROK,ROP,RSG,SLB,SMCI,SNPS,SPY,STX,SWKS,SYF,TECH,TEL,TER,TFC,TPR,TRMB,TROW,TXN,TXT,UBER,UPS,URI,VMC,VRSK,VRTX,VST,WBD,WM,WMB,WYNN,XOM,XYL,XYZ",174,162,[],[]
2024-09-10,"A,ABT,ADP,AEE,AEP,AFL,AIZ,AJG,ALLE,AMCR,AMT,AON,ATO,AVB,AWK,AXON,AZO,BAX,BMY,BRO,BXP,CAG,CAH,CARR,CB,CBOE,CBRE,CCI,CHRW,CLX,CMG,CMS,COO,COR,CPB,CPT,CSGP,CTSH,CVS,D,DASH,DHI,DHR,DOC,DOW,DRI,DTE,DUK,DVA,EBAY,ED,EIX,ELV,EQIX,EQR,ERIE,ES,ESS,ETR,EVRG,EXC,EXPE,EXR,FE,FFIV,FICO,FOX,FOXA,FRT,FTNT,GEHC,GILD,GL,HAS,HCA,HIG,HOLX,IBM,ICE,INSM,IP,ISRG,IT,JBHT,JNJ,KHC,KIM,KO,KR,KVUE,LEN,LMT,LNT,LOW,LVS,MA,MAA,MAS,MCD,MCO,MDLZ,MDT,MELI,MKC,MMM,MO,MSCI,MSI,MTCH,MTD,NDAQ,NDSN,NI,NKE,NOC,NOW,NRG,NSC,NVR,O,OMC,ORLY,PANW,PAYX,PEG,PEP,PFE,PGR,PHM,PKG,PLD,PM,PNR,PNW,PPL,PSA,PYPL,REG,RMD,RTX,SBAC,SBUX,SHW,SO,SOLV,SPG,SPGI,SRE,STE,SWK,SYY,TMO,TSCO,TTD,TYL,UNH,UNP,VICI,VLO,VLTO,VRSN,VTR,WEC,WELL,WMT,WSM,WTW,WY,XEL,YUM,^VIX","AAPL,ABNB,ADBE,ADI,ADSK,AES,ALB,ALL,AMAT,AMD,AME,AMGN,AMP,AMZN,APA,APH,APO,ARE,ARES,ARM,ASML,AVGO,AVY,AXP,BA,BAC,BF.B,BIIB,BKNG,BKR,BLDR,BLK,C,CAT,CDNS,CEG,CFG,CNP,COF,COIN,COST,CPRT,CRH,CRL,CRM,CRWD,CTRA,CVX,DAL,DDOG,DECK,DG,DGX,DIS,DLTR,DOV,DPZ,DVN,DXCM,EL,EMR,EOG,EPAM,ETN,EXE,FANG,FCX,FDX,FER,FITB,FIX,FTV,GD,GOOG,GOOGL,GPN,GRMN,GS,HAL,HD,HLT,HOOD,HPE,HPQ,HSIC,IEX,INTU,IR,IVZ,J,JBL,KKR,KLAC,KMI,LLY,LRCX,LW,LYB,LYV,MCHP,MGM,MLM,MOS,MRK,MRNA,MRSH,MS,MSFT,MSTR,MTB,NUE,NVDA,OTIS,OXY,PCAR,PNC,PODD,PTC,PWR,QCOM,QQQ,RCL,RJF,RL,ROK,ROP,RSG,SLB,SMCI,SNPS,SPY,STX,SWKS,SYF,TECH,TEL,TER,TFC,TPR,TRMB,TROW,TXN,TXT,UBER,UPS,URI,VMC,VRSK,VRTX,VST,WBD,WM,WMB,WYNN,XOM,XYL,XYZ",171,157,[],[]
2024-09-11,"A,ABT,ADP,AEE,AEP,AFL,AJG,ALLE,AMT,AON,APP,ATO,AVB,AWK,AXON,AZO,BAX,BMY,BXP,CAH,CARR,CB,CBOE,CBRE,CCI,CHRW,CLX,CMG,CMS,COO,COR,CPT,CSGP,CTSH,CVS,D,DASH,DHI,DHR,DOC,DOW,DRI,DTE,DUK,DVA,EBAY,ED,EIX,ELV,EQIX,EQR,ERIE,ES,ESS,ETR,EVRG,EXC,EXPE,EXR,FE,FFIV,FICO,FRT,FTNT,GEHC,GILD,GL,HAS,HCA,HIG,HOLX,IBM,ICE,INSM,IP,ISRG,IT,JBHT,JNJ,KHC,KIM,KO,KR,KVUE,LEN,LMT,LNT,LOW,LVS,MA,MAA,MAS,MCD,MCO,MDLZ,MDT,MELI,MKC,MMM,MSCI,MSI,MTCH,MTD,NDAQ,NDSN,NFLX,NI,NKE,NOC,NOW,NRG,NSC,NVR,O,OMC,ORLY,PANW,PAYX,PEG,PEP,PFE,PGR,PHM,PKG,PLD,PM,PNR,PNW,PPL,PSA,PYPL,REG,RMD,RTX,SBAC,SBUX,SCHW,SHW,SO,SOLV,SPG,SPGI,SRE,STE,SWK,TMO,TSCO,TTD,TYL,UNH,UNP,VICI,VLO,VLTO,VRSN,VTR,WEC,WELL,WMT,WSM,WTW,WY,XEL,YUM,^VIX","AAPL,ABNB,ADBE,ADI,ADSK,ALL,AMAT,AMD,AME,AMGN,AMP,APA,APH,APO,ARE,ARES,ASML,AVGO,AVY,AXP,BA,BAC,BF.B,BIIB,BKNG,BKR,BLDR,BLK,C,CAT,CDNS,CEG,CFG,CNP,COF,COIN,COST,CPRT,CRH,CRL,CRM,CRWD,CTRA,CVX,DAL,DDOG,DECK,DG,DGX,DIS,DLTR,DOV,DPZ,DVN,DXCM,EL,EMR,EOG,EPAM,ETN,EXE,FANG,FCX,FDX,FER,FITB,FIX,FTV,GD,GOOG,GOOGL,GPN,GRMN,GS,HAL,HD,HLT,HOOD,HPE,HPQ,HSIC,IEX,INTU,IR,IVZ,J,JBL,KKR,KLAC,KMI,LLY,LRCX,LW,LYB,LYV,MCHP,MGM,MLM,MOS,MRK,MRNA,MRSH,MS,MSTR,MTB,NUE,NVDA,OTIS,OXY,PCAR,PNC,PODD,PTC,PWR,QCOM,QQQ,RCL,RJF,RL,ROK,ROP,RSG,SLB,SMCI,SNPS,SPY,STX,SWKS,SYF,TECH,TEL,TER,TFC,TPR,TRMB,TROW,TXN,TXT,UBER,UPS,URI,VMC,VRSK,VRTX,VST,WBD,WM,WMB,WYNN,XOM,XYL,XYZ",165,152,[],[]
2024-09-12,"A,ABT,ADP,AEE,AEP,AFL,AJG,ALGN,ALLE,AMT,AON,APP,ATO,AVB,AWK,AXON,AZO,BAX,BMY,BXP,CAH,CARR,CB,CBOE,CBRE,CCEP,CCI,CHRW,CLX,CMG,CMS,COO,COR,CPT,CSGP,CTSH,CVS,D,DASH,DE,DHI,DHR,DOC,DOW,DRI,DTE,DUK,DVA,EBAY,ED,EIX,ELV,EQIX,EQR,ERIE,ES,ESS,ETR,EVRG,EXC,EXPE,EXR,FE,FFIV,FICO,FRT,FTNT,GEHC,GILD,GL,HAS,HCA,HIG,HOLX,IBM,ICE,INSM,IP,ISRG,IT,JBHT,JNJ,KHC,KIM,KO,KR,KVUE,LEN,LMT,LNT,LOW,LULU,LVS,MA,MAA,MAS,MCD,MCO,MDLZ,MDT,MELI,MKC,MMM,MRVL,MSCI,MSI,MTCH,MTD,NDAQ,NDSN,NFLX,NI,NKE,NOC,NOW,NRG,NSC,NVR,O,OMC,ORLY,PANW,PAYX,PEG,PEP,PFE,PGR,PHM,PKG,PLD,PM,PNR,PNW,PPL,PSA,PSKY,PYPL,REG,RMD,ROST,RTX,SBAC,SBUX,SCHW,SHW,SO,SOLV,SPG,SPGI,SRE,STE,SWK,TMO,TSCO,TTD,TYL,ULTA,UNH,UNP,VICI,VLO,VLTO,VRSN,VTR,WDAY,WEC,WELL,WMT,WSM,WTW,WY,XEL,YUM,^VIX","AAPL,ABNB,ADBE,ADI,ADSK,ALL,AMAT,AMD,AME,AMGN,AMP,APA,APH,APO,ARES,ASML,AVY,AXP,BA,BAC,BF.B,BIIB,BKNG,BKR,BLDR,BLK,C,CAT,CEG,CFG,CNP,COF,COIN,COST,CPRT,CRH,CRL,CRM,CRWD,CTRA,CVX,DAL,DDOG,DECK,DG,DGX,DIS,DLTR,DPZ,DVN,DXCM,EL,EMR,EOG,EPAM,ETN,EXE,FANG,FCX,FDX,FER,FITB,FIX,FTV,GD,GOOG,GOOGL,GPN,GRMN,GS,HAL,HD,HLT,HPE,HPQ,HSIC,IEX,INTU,IR,IVZ,J,JBL,KKR,KLAC,KMI,LLY,LRCX,LW,LYB,LYV,MCHP,MGM,MLM,MOS,MRK,MRNA,MRSH,MS,MSTR,MTB,NUE,NVDA,OTIS,OXY,PCAR,PNC,PODD,PTC,PWR,QCOM,QQQ,RCL,RJF,RL,ROK,ROP,RSG,SLB,SMCI,SNPS,SPY,STX,SWKS,SYF,TECH,TEL,TER,TFC,TPR,TRMB,TROW,TXN,TXT,UBER,UPS,URI,VMC,VRSK,VRTX,VST,WBD,WM,WMB,WYNN,XOM,XYL,XYZ",174,147,[],[]
2024-09-13,"A,ABT,ADP,AEE,AEP,AFL,AJG,ALGN,ALLE,AMT,AON,APP,ATO,AVB,AWK,AXON,AZO,BAX,BMY,BXP,CAH,CARR,CB,CBOE,CBRE,CCEP,CCI,CHRW,CLX,CMG,CMS,COO,COR,CPT,CSGP,CTSH,CVS,D,DASH,DE,DHI,DHR,DOC,DOW,DRI,DTE,DUK,DVA,EBAY,ED,EIX,ELV,EQIX,EQR,ERIE,ES,ESS,ETR,EVRG,EXC,EXPE,EXR,FE,FFIV,FICO,FRT,FTNT,GEHC,GILD,GL,HAS,HCA,HIG,HOLX,IBM,ICE,INSM,IP,ISRG,IT,JBHT,JNJ,KHC,KIM,KO,KR,KVUE,LEN,LMT,LNT,LOW,LULU,LVS,MA,MAA,MAS,MCD,MCO,MDLZ,MDT,MELI,MKC,MMM,MRVL,MSCI,MSI,MTCH,MTD,NDAQ,NDSN,NFLX,NI,NKE,NOC,NOW,NRG,NSC,NVR,O,OMC,ORLY,PANW,PAYX,PEG,PEP,PFE,PGR,PHM,PKG,PLD,PM,PNR,PNW,PPL,PSA,PSKY,PYPL,REG,RMD,ROST,RTX,SBAC,SBUX,SCHW,SHW,SO,SOLV,SPG,SPGI,SRE,STE,SWK,TMO,TSCO,TTD,TYL,ULTA,UNH,UNP,VICI,VLO,VLTO,VRSN,VTR,WDAY,WEC,WELL,WMT,WSM,WTW,WY,XEL,YUM,^VIX","AAPL,ABNB,ADBE,ADI,ADSK,ALL,AMAT,AMD,AME,AMGN,AMP,APA,APH,ASML,AVY,AXP,BA,BAC,BF.B,BIIB,BKR,BLK,C,CAT,CEG,CFG,CNP,COF,COIN,COST,CPRT,CRH,CRM,CRWD,CTRA,CVX,DAL,DDOG,DECK,DG,DGX,DLTR,DPZ,DVN,DXCM,EL,EMR,EOG,EPAM,ETN,EXE,FANG,FCX,FDX,FER,FITB,FIX,FTV,GD,GOOG,GOOGL,GPN,GRMN,GS,HAL,HLT,HPE,HPQ,HSIC,IEX,INTU,IR,IVZ,J,JBL,KKR,KLAC,KMI,LLY,LRCX,LW,LYB,LYV,MCHP,MGM,MLM,MRK,MRNA,MRSH,MS,MTB,NUE,NVDA,OTIS,OXY,PCAR,PNC,PODD,PTC,PWR,QCOM,QQQ,RCL,RJF,RL,ROK,ROP,RSG,SLB,SMCI,SNPS,SPY,STX,SWKS,SYF,TECH,TEL,TER,TFC,TPR,TRMB,TROW,TXN,TXT,UBER,UPS,URI,VMC,VRSK,VRTX,VST,WM,WMB,WYNN,XOM,XYL,XYZ",174,137,[],[]
2024-09-16,"A,ABT,ADP,AEE,AEP,AFL,AJG,ALGN,ALLE,AMT,AON,APP,ATO,AVB,AWK,AXON,AZO,BAX,BMY,BXP,CAH,CARR,CB,CBOE,CBRE,CCEP,CCI,CHRW,CLX,CMG,CMS,COO,COR,CPT,CSGP,CTSH,CVS,D,DASH,DE,DHI,DHR,DOC,DOW,DRI,DTE,DUK,DVA,EBAY,ED,EIX,ELV,EQIX,EQR,EQT,ERIE,ES,ESS,ETR,EVRG,EXC,EXPE,EXR,FE,FFIV,FICO,FRT,FTNT,GEHC,GILD,GL,HAS,HCA,HIG,HOLX,IBM,ICE,INSM,IP,ISRG,IT,JBHT,JNJ,KEYS,KHC,KIM,KO,KR,KVUE,LEN,LMT,LNT,LOW,LULU,LVS,MA,MAA,MAS,MCD,MCO,MDLZ,MDT,MELI,MKC,MMM,MRVL,MSCI,MSI,MTCH,MTD,NDAQ,NDSN,NFLX,NI,NKE,NOC,NOW,NRG,NSC,NVR,O,OMC,ORLY,PANW,PAYX,PEG,PEP,PFE,PGR,PHM,PKG,PLD,PM,PNR,PNW,PPL,PSA,PSKY,PYPL,REG,RMD,ROST,RTX,SBAC,SBUX,SCHW,SHW,SO,SOLV,SPG,SPGI,SRE,STE,SWK,TMO,TSCO,TTD,TYL,ULTA,UNH,UNP,VICI,VLO,VLTO,VRSN,VTR,WDAY,WEC,WELL,WMT,WSM,WTW,WY,XEL,YUM,^VIX","AAPL,ABNB,ADBE,ADI,ADSK,ALL,AMAT,AMD,AME,AMGN,AMP,APA,APH,ASML,AVY,AXP,BA,BAC,BF.B,BIIB,BKR,BLK,C,CAT,CEG,CFG,CNP,COF,COIN,COST,CPRT,CRH,CRM,CRWD,CTRA,CVX,DAL,DDOG,DECK,DG,DGX,DLTR,DPZ,DVN,DXCM,EL,EMR,EOG,EPAM,ETN,EXE,FANG,FCX,FDX,FER,FITB,FIX,FTV,GD,GOOG,GOOGL,GPN,GRMN,GS,HAL,HLT,HPE,HPQ,HSIC,IEX,INTU,IR,IVZ,J,JBL,KLAC,KMI,LLY,LRCX,LW,LYB,MCHP,MGM,MLM,MRK,MRNA,MRSH,MS,NUE,NVDA,OTIS,OXY,PCAR,PNC,PODD,PTC,PWR,QCOM,QQQ,RCL,RJF,ROK,ROP,RSG,SLB,SMCI,SNPS,SPY,STX,SWKS,SYF,TECH,TEL,TER,TFC,TPR,TROW,TXN,TXT,UBER,UPS,URI,VMC,VRSK,VRTX,WM,WMB,WYNN,XOM,XYL,XYZ",176,131,[],[]
2024-09-17,"A,ABT,ADP,AEE,AEP,AFL,AJG,ALGN,ALLE,AMT,AON,APP,ATO,AVB,AWK,AXON,AZO,BAX,BMY,BXP,CAH,CARR,CB,CBOE,CBRE,CCEP,CCI,CHRW,CLX,CMG,CMS,COO,COR,CPT,CSGP,CTSH,CVS,D,DASH,DE,DHI,DHR,DOC,DOW,DRI,DTE,DUK,DVA,EBAY,ED,EIX,ELV,EQIX,EQR,EQT,ERIE,ES,ESS,ETR,EVRG,EXC,EXPE,EXR,FFIV,FICO,FRT,FTNT,GEHC,GILD,GL,HAS,HCA,HIG,HOLX,IBM,ICE,INSM,IP,ISRG,IT,JBHT,JNJ,KEYS,KHC,KIM,KO,KR,KVUE,LEN,LMT,LNT,LOW,LULU,LVS,MA,MAA,MAS,MCD,MCO,MDLZ,MDT,MELI,MKC,MMM,MRVL,MSCI,MSI,MTCH,MTD,NDAQ,NDSN,NFLX,NI,NKE,NOC,NOW,NRG,NSC,NVR,O,OMC,ORLY,PANW,PAYX,PEG,PEP,PFE,PGR,PHM,PKG,PLD,PM,PNR,PNW,PPL,PSA,PSKY,PYPL,REG,RMD,ROST,RTX,SBAC,SBUX,SCHW,SHW,SO,SOLV,SPG,SPGI,SRE,STE,SWK,TMO,TSCO,TTD,TTWO,TYL,ULTA,UNH,UNP,VICI,VLO,VLTO,VRSN,VTR,WDAY,WEC,WELL,WMT,WSM,WTW,WY,XEL,YUM,^VIX","AAPL,ADBE,ADI,ADSK,ALL,AMAT,AMD,AME,AMGN,AMP,APA,APH,ASML,AVY,AXP,BA,BAC,BF.B,BIIB,BKR,BLK,C,CAT,CEG,CFG,CNP,COF,COIN,COST,CPRT,CRH,CRM,CRWD,CTRA,CVX,DAL,DDOG,DECK,DG,DGX,DLTR,DPZ,DVN,DXCM,EL,EMR,EOG,EPAM,ETN,EXE,FANG,FCX,FER,FITB,FIX,FTV,GD,GOOG,GOOGL,GPN,GRMN,GS,HLT,HPE,HPQ,HSIC,INTU,IVZ,J,JBL,KLAC,KMI,LLY,LRCX,LYB,MCHP,MGM,MLM,MRK,MRNA,MRSH,MS,NUE,NVDA,OXY,PNC,PODD,PTC,PWR,QCOM,QQQ,RCL,RJF,ROK,ROP,RSG,SLB,SMCI,SNPS,SPY,STX,SWKS,SYF,TECH,TEL,TER,TFC,TPR,TXN,TXT,UBER,UPS,VMC,VRSK,VRTX,WM,WMB,WYNN,XOM,XYL,XYZ",176,121,[],[]
2024-09-18,"A,ABT,ADP,AEE,AEP,AFL,AJG,ALGN,ALLE,AMT,AON,APP,ATO,AVB,AWK,AXON,AZO,BAX,BMY,BXP,CAH,CARR,CB,CBOE,CBRE,CCEP,CCI,CHRW,CLX,CMG,CMS,COO,CPT,CSGP,CTSH,CVS,D,DASH,DE,DHI,DHR,DOC,DOW,DRI,DTE,DUK,DVA,EBAY,ED,EIX,ELV,EQIX,EQR,EQT,ERIE,ES,ESS,ETR,EVRG,EXC,EXPE,EXR,FFIV,FICO,FRT,FTNT,GEHC,GILD,GL,GLW,HAS,HCA,HIG,HOLX,IBM,ICE,INSM,IP,ISRG,IT,JBHT,JNJ,KEYS,KHC,KIM,KO,KR,KVUE,LEN,LMT,LNT,LOW,LULU,LVS,MA,MAA,MAS,MCD,MCO,MDLZ,MDT,MELI,MKC,MMM,MRVL,MSCI,MSI,MTCH,MTD,NDAQ,NDSN,NFLX,NI,NKE,NOC,NOW,NRG,NSC,NVR,O,OMC,ORLY,PANW,PAYX,PEG,PEP,PFE,PGR,PHM,PKG,PLD,PNR,PNW,PPL,PSA,PSKY,PYPL,REG,ROL,ROST,RTX,SBAC,SBUX,SCHW,SHW,SO,SOLV,SPG,SPGI,SRE,STE,SWK,TGT,TJX,TMO,TSCO,TTD,TTWO,TYL,ULTA,UNH,UNP,VICI,VLO,VLTO,VRSN,VTR,WDAY,WEC,WELL,WMT,WSM,WTW,WY,XEL,YUM,^VIX","AAPL,ADBE,ADI,ADSK,ALL,AMAT,AMD,AME,AMGN,AMP,APA,APH,ASML,AVY,AXP,BA,BAC,BEN,BF.B,BIIB,BKR,C,CAT,CEG,CFG,CNP,COF,COIN,COST,CPRT,CRH,CRM,CRWD,CTRA,CVX,DAL,DDOG,DECK,DG,DGX,DLTR,DPZ,DVN,DXCM,EL,EMR,EOG,EPAM,ETN,EXE,FANG,FCX,FER,FITB,FIX,FTV,GD,GOOG,GOOGL,GPN,GRMN,GS,HLT,HPE,HPQ,HSIC,INTU,IVZ,J,JBL,KLAC,KMI,LLY,LRCX,LYB,MCHP,MGM,MLM,MRK,MRNA,MRSH,MS,NUE,NVDA,OXY,PNC,PODD,PTC,PWR,QCOM,QQQ,RCL,RJF,ROK,ROP,RSG,SLB,SMCI,SNPS,SPY,STX,SWKS,SYF,TECH,TEL,TER,TFC,TPR,TXN,TXT,UBER,UPS,VMC,VRSK,VRTX,WM,WMB,WYNN,XOM,XYL,XYZ",177,121,[],[]
2024-09-19,"A,ABT,ADP,AEE,AFL,ALGN,ALLE,AMT,AON,APP,ATO,AVB,AWK,AXON,AZO,BAX,BMY,BXP,CAH,CARR,CB,CBOE,CBRE,CCEP,CHRW,CLX,CMG,CMS,COO,CPT,CSGP,CTSH,CVS,D,DASH,DE,DHI,DHR,DOC,DOW,DRI,DTE,DUK,DVA,EBAY,EIX,ELV,EQIX,EQR,EQT,ERIE,ES,ESS,ETR,EVRG,EXC,EXPE,EXR,FFIV,FICO,FRT,FTNT,GEHC,GILD,GL,GLW,HAS,HCA,HIG,HOLX,IBM,ICE,INSM,IP,ISRG,IT,JBHT,JNJ,KEYS,KHC,KIM,KO,KR,KVUE,LDOS,LEN,LMT,LNT,LOW,LULU,LVS,MA,MAA,MAS,MCD,MCO,MDLZ,MDT,MELI,MKC,MMM,MRVL,MSCI,MSI,MTCH,MTD,NDAQ,NDSN,NFLX,NI,NKE,NOC,NOW,NRG,NSC,NVR,OMC,ORLY,PANW,PAYX,PEG,PEP,PFE,PGR,PHM,PKG,PLD,PNR,PNW,PSA,PSKY,PYPL,REG,ROL,ROST,RTX,SBAC,SBUX,SCHW,SHW,SO,SOLV,SPG,SPGI,SRE,STE,SWK,TGT,TJX,TMO,TSCO,TTD,TTWO,TYL,ULTA,UNH,UNP,VICI,VLO,VLTO,VRSN,WDAY,WMT,WSM,WTW,WY,XEL,YUM,^VIX","ADBE,ADI,ADSK,ALL,AMAT,AMD,AME,AMGN,APA,APH,ASML,AVY,AXP,BA,BF.B,BIIB,CEG,CFG,CNP,COIN,COST,CPRT,CRM,CRWD,CTRA,CVX,DAL,DDOG,DECK,DG,DGX,DLTR,DPZ,DVN,DXCM,EL,EMR,EOG,EPAM,FANG,FCX,FER,FITB,GD,GOOG,GOOGL,GPN,GRMN,GS,HPE,HPQ,HSIC,INTU,JBL,KLAC,KMI,LLY,LRCX,LYB,MCHP,MGM,MRK,MRNA,MRSH,MS,NUE,NVDA,OXY,PNC,PODD,QCOM,QQQ,RCL,ROK,ROP,RSG,SMCI,SNPS,SPY,STX,SWKS,SYF,TEL,TER,TFC,TPR,TXN,TXT,UBER,UPS,VRSK,VRTX,WM,WMB,WYNN,XOM,XYL,XYZ",169,98,[],[]
2024-09-20,"A,ABT,ACGL,ADM,ADP,AEE,AFL,ALGN,ALLE,AMT,AON,APP,ATO,AVB,AWK,AXON,AZO,BAX,BMY,BXP,CAH,CARR,CB,CBOE,CBRE,CCEP,CCL,CHRW,CLX,CMG,CMS,COO,CPT,CSGP,CTSH,CTVA,CVS,D,DASH,DE,DHI,DHR,DOC,DOW,DRI,DTE,DUK,DVA,EBAY,EIX,ELV,EQIX,EQR,EQT,ERIE,ES,ESS,ETR,EVRG,EXC,EXPE,EXR,FFIV,FICO,FRT,FTNT,GEHC,GILD,GL,GLW,HAS,HBAN,HCA,HIG,HOLX,IBM,ICE,INSM,IP,ISRG,IT,JBHT,JNJ,KEYS,KHC,KIM,KO,KR,KVUE,LDOS,LEN,LMT,LNT,LOW,LULU,LUV,LVS,MA,MAA,MAS,MCD,MCO,MDLZ,MDT,MELI,MKC,MMM,MRVL,MSCI,MSI,MTCH,MTD,NCLH,NDAQ,NDSN,NFLX,NI,NKE,NOC,NOW,NRG,NSC,NVR,OMC,ORLY,PANW,PAYX,PEG,PFE,PGR,PHM,PKG,PLD,PNR,PNW,PSA,PSKY,PYPL,REG,RF,ROL,ROST,RTX,SBAC,SBUX,SCHW,SHW,SO,SOLV,SPG,SPGI,SRE,STE,SWK,TGT,TJX,TMO,TSCO,TTD,TTWO,TYL,ULTA,UNH,UNP,VICI,VLO,VLTO,VRSN,WAB,WDAY,WMT,WSM,WTW,WY,XEL,YUM,^VIX","ADBE,ADI,ADSK,ALL,AMAT,AMD,AME,AMGN,APA,APH,ASML,AVY,AXP,BA,BF.B,BIIB,CFG,CNP,COIN,COST,CPRT,CRM,CTRA,CVX,DAL,DDOG,DECK,DG,DGX,DLTR,DPZ,DVN,DXCM,EL,EMR,EOG,EPAM,FANG,FCX,FER,FITB,GD,GOOG,GOOGL,GPN,GRMN,GS,HPE,HPQ,HSIC,INTU,KLAC,KMI,LLY,LRCX,LYB,MCHP,MGM,MRK,MRNA,MRSH,MS,NUE,NVDA,OXY,PNC,PODD,QCOM,QQQ,RCL,ROK,ROP,RSG,SMCI,SNPS,SPY,STX,SWKS,SYF,TEL,TER,TFC,TPR,TXN,TXT,UBER,UPS,VRSK,VRTX,WM,WMB,WYNN,XOM,XYL,XYZ",177,95,[],[]
2024-09-23,"A,ABT,ACGL,ADM,ADP,AEE,AFL,ALGN,ALLE,AMT,AON,APP,ATO,AVB,AWK,AXON,AZO,BAX,BMY,BX,BXP,CAH,CARR,CB,CBOE,CBRE,CCEP,CCL,CHRW,CLX,CMG,CMS,COO,CPT,CSGP,CTSH,CTVA,CVS,D,DASH,DE,DHI,DHR,DOC,DOW,DRI,DTE,DUK,DVA,EBAY,EIX,ELV,EQIX,EQR,EQT,ERIE,ES,ESS,ETR,EVRG,EXC,EXPE,EXR,FFIV,FICO,FRT,FTNT,GEHC,GILD,GL,GLW,HAS,HBAN,HCA,HIG,HOLX,IBM,ICE,INSM,IP,ISRG,IT,JBHT,JNJ,KEYS,KHC,KIM,KO,KR,KVUE,LDOS,LEN,LMT,LNT,LOW,LULU,LUV,LVS,MA,MAA,MAS,MCD,MCO,MDLZ,MDT,MELI,MKC,MMM,MRVL,MSCI,MSI,MTCH,MTD,NCLH,NDAQ,NDSN,NFLX,NI,NKE,NOC,NOW,NRG,NSC,NVR,OMC,ORLY,PANW,PAYX,PCG,PEG,PFE,PGR,PHM,PKG,PLD,PNR,PNW,PSA,PSKY,PYPL,REG,RF,ROL,ROST,RTX,SBAC,SBUX,SCHW,SHW,SO,SOLV,SPG,SPGI,SRE,STE,SWK,SYK,TGT,TJX,TMO,TRV,TSCO,TTD,TTWO,TYL,ULTA,UNH,UNP,VICI,VLO,VLTO,VRSN,WAB,WDAY,WMT,WSM,WTW,WY,XEL,YUM,^VIX","ADBE,ADI,ADSK,ALL,AMAT,AMD,AME,AMGN,APA,APH,ASML,AVY,AXP,BA,BF.B,BIIB,CFG,CNP,COIN,COST,CPRT,CRM,CTRA,DAL,DDOG,DECK,DG,DGX,DLTR,DPZ,DVN,DXCM,EL,EMR,EPAM,FANG,FCX,FER,FITB,GD,GOOG,GOOGL,GPN,GRMN,GS,HPE,HPQ,HSIC,INTU,KLAC,LLY,LRCX,LYB,MCHP,MGM,MRK,MRNA,MRSH,MS,NUE,NVDA,OXY,PDD,PNC,PODD,QCOM,QQQ,ROK,ROP,RSG,SMCI,SNPS,SPY,STX,SWKS,SYF,TEL,TER,TFC,TPR,TXN,TXT,UBER,UPS,VRSK,VRTX,WM,WMB,WYNN,XOM,XYL,XYZ",181,92,[],[]
2024-09-24,"A,ABT,ACGL,ADM,ADP,AEE,AFL,ALGN,ALLE,AMT,AON,APP,ATO,AVB,AXON,AZO,BAX,BMY,BRK.B,BX,BXP,CAH,CARR,CB,CBOE,CBRE,CCEP,CCL,CHRW,CLX,CMG,CMS,COO,CPT,CSGP,CTSH,CTVA,CVS,D,DASH,DE,DHI,DHR,DOC,DOW,DRI,DTE,DUK,DVA,EBAY,EIX,ELV,EQIX,EQR,EQT,ERIE,ES,ETR,EVRG,EXC,EXPE,EXR,FFIV,FICO,FIS,FRT,FTNT,GEHC,GILD,GL,GLW,HAS,HBAN,HCA,HIG,HOLX,IBM,ICE,INSM,IP,ISRG,IT,JBHT,JNJ,KDP,KEYS,KHC,KIM,KO,KR,KVUE,LDOS,LEN,LMT,LNT,LOW,LULU,LUV,LVS,MA,MAA,MAS,MCD,MCO,MDLZ,MDT,MELI,MKC,MMM,MRVL,MSCI,MSI,MTCH,MTD,NCLH,NDAQ,NDSN,NFLX,NI,NKE,NOC,NOW,NRG,NSC,NVR,OMC,ORLY,PANW,PAYX,PCG,PEG,PFE,PGR,PHM,PKG,PLD,PNR,PNW,PSA,PSKY,PYPL,REG,RF,ROL,ROST,RTX,SBAC,SBUX,SCHW,SHW,SO,SOLV,SPG,SPGI,SRE,STE,SWK,SYK,TGT,TJX,TMO,TRV,TSCO,TTD,TTWO,TYL,UDR,ULTA,UNH,UNP,VICI,VLO,VLTO,VRSN,WAB,WDAY,WMT,WSM,WTW,WY,XEL,YUM,^VIX","ADBE,ADI,ADSK,ALL,AMAT,AMD,AME,AMGN,APA,APH,ASML,AVY,AXP,BA,BF.B,BIIB,CFG,CNP,COIN,COST,CPRT,CRM,CTRA,DAL,DDOG,DECK,DG,DGX,DLTR,DPZ,DVN,DXCM,EMR,EPAM,FANG,FER,FITB,GD,GOOG,GOOGL,GPN,GRMN,GS,HPE,HSIC,INTU,KLAC,LLY,LRCX,LYB,MCHP,MGM,MRK,MRNA,MRSH,MS,NUE,NVDA,ODFL,OXY,PNC,PODD,QCOM,QQQ,ROK,ROP,RSG,SMCI,SNPS,SPY,STX,SWKS,SYF,TEL,TER,TFC,TXN,TXT,UBER,UPS,VRSK,VRTX,WM,WMB,XOM,XYL,XYZ",183,87,[],[]
2024-09-25,"A,ABT,ACGL,ADP,AEE,AFL,ALGN,ALLE,AMT,AON,APP,ATO,AVB,AXON,AZO,BAX,BMY,BRK.B,BX,BXP,CARR,CB,CBOE,CBRE,CCEP,CCL,CHRW,CLX,CME,CMG,CMS,COO,CPT,CTSH,CTVA,CVS,D,DASH,DE,DHR,DOC,DOW,DRI,DTE,DUK,DVA,EBAY,EIX,EQIX,EQR,EQT,ERIE,ES,ETR,EVRG,EXC,EXPE,EXR,FFIV,FICO,FIS,FRT,FTNT,GEHC,GILD,GL,GLW,HAS,HBAN,HCA,HIG,HOLX,IBM,ICE,INSM,IP,ISRG,IT,JBHT,JKHY,KDP,KEYS,KHC,KIM,KO,KR,KVUE,LDOS,LEN,LMT,LNT,LOW,LULU,LUV,LVS,MA,MAA,MAS,MCD,MCO,MDLZ,MDT,MELI,MKC,MMM,MRVL,MSCI,MSI,MTCH,MTD,NCLH,NDAQ,NDSN,NFLX,NI,NKE,NOC,NOW,NRG,NSC,NVR,OMC,ORLY,PANW,PAYX,PCG,PEG,PFE,PGR,PHM,PKG,PLD,PNR,PNW,PSA,PSKY,PYPL,REG,RF,ROL,ROST,RTX,SBAC,SBUX,SCHW,SHW,SO,SOLV,SPG,SPGI,SRE,STE,SWK,SYK,TGT,TJX,TMO,TRV,TSCO,TTD,TTWO,TYL,UDR,ULTA,UNH,UNP,VICI,VLO,VLTO,VRSN,WAB,WDAY,WMT,WSM,WTW,WY,XEL,YUM,^VIX","ADBE,ADI,ADSK,ALL,AMAT,AMD,AME,AMGN,APA,APH,ASML,AVY,AXP,BA,BF.B,BIIB,CFG,CNP,COIN,COST,CPRT,CRM,CTRA,DAL,DDOG,DECK,DG,DGX,DLTR,DPZ,DVN,DXCM,EMR,EPAM,FANG,FER,FITB,GD,GOOG,GOOGL,GPN,GRMN,GS,HPE,HSIC,INTU,KLAC,LLY,LRCX,LYB,MCHP,MGM,MRK,MRNA,MRSH,MS,NUE,NVDA,ODFL,OXY,PNC,PODD,QCOM,QQQ,ROK,ROP,RSG,SJM,SMCI,SNPS,SPY,SWKS,SYF,TEL,TER,TFC,TXN,TXT,UBER,UPS,VRSK,VRTX,WM,WMB,XOM,XYL,XYZ",179,87,[],[]
2024-09-26,"A,ABT,ACGL,ADP,AEE,AFL,ALGN,ALLE,AMT,AON,APP,ATO,AVB,AXON,AZO,BAX,BBY,BMY,BRK.B,BX,BXP,CARR,CB,CBOE,CBRE,CCEP,CCL,CHRW,CINF,CLX,CME,CMG,CMS,COO,CPAY,CPT,CTSH,CTVA,CVS,D,DASH,DE,DHR,DOC,DOW,DRI,DTE,DUK,DVA,EBAY,EIX,EQIX,EQT,ERIE,ES,ETR,EVRG,EXC,EXPE,EXR,FFIV,FICO,FIS,FRT,FTNT,GEHC,GILD,GL,GLW,HAS,HBAN,HCA,HIG,HOLX,IBM,ICE,INSM,IP,ISRG,IT,JBHT,JKHY,KDP,KEYS,KHC,KO,KR,KVUE,LDOS,LEN,LMT,LNT,LOW,LULU,LUV,LVS,MA,MAA,MAS,MCD,MCO,MDLZ,MDT,MELI,MKC,MMM,MRVL,MSCI,MSI,MTCH,MTD,NCLH,NDAQ,NDSN,NFLX,NI,NKE,NOC,NOW,NRG,NSC,NVR,OMC,ORLY,PANW,PAYX,PCG,PEG,PFE,PGR,PHM,PKG,PLD,PNR,PNW,PSA,PSKY,PYPL,REG,RF,ROL,ROST,RTX,SBAC,SBUX,SCHW,SHW,SO,SPG,SPGI,SRE,STE,SWK,SYK,TDG,TGT,TJX,TMO,TRV,TSCO,TTD,TTWO,TYL,UDR,ULTA,UNH,UNP,VICI,VLO,VLTO,VRSN,WAB,WDAY,WMT,WSM,WST,WTW,WY,XEL,YUM,^VIX","ADBE,ADI,ADSK,ALL,AME,AMGN,APA,APH,ASML,AVY,AXP,BA,BALL,BF.B,BIIB,CFG,CNP,COIN,COST,CPRT,CRM,CTRA,DDOG,DECK,DG,DGX,DLTR,DPZ,DVN,DXCM,EPAM,FANG,FER,FITB,GD,GOOG,GOOGL,GPN,GRMN,GS,HPE,HSIC,INTU,KLAC,LLY,LYB,MCHP,MGM,MRK,MRNA,MRSH,MS,NTAP,NUE,NVDA,ODFL,OXY,PNC,PODD,QCOM,QQQ,ROK,ROP,RSG,SJM,SMCI,SNPS,SPY,SWKS,SYF,TEL,TER,TFC,TXN,TXT,UBER,UPS,VRSK,VRTX,WM,WMB,XOM,XYL,XYZ",181,84,[],[]
2024-09-27,"A,ABT,ACGL,ADP,AEE,AFL,ALGN,ALLE,AMT,AON,APP,ATO,AXON,AZO,BAX,BBY,BMY,BRK.B,BSX,BX,BXP,CARR,CB,CBOE,CBRE,CCEP,CCL,CHRW,CINF,CLX,CME,CMG,CMS,COO,CPAY,CPT,CTSH,CTVA,CVS,D,DASH,DE,DHR,DOC,DOW,DRI,DTE,DUK,DVA,EBAY,ECL,EIX,EQIX,EQT,ERIE,ES,ETR,EVRG,EXC,EXPE,EXR,FDS,FFIV,FICO,FIS,FRT,FTNT,GEHC,GEV,GILD,GLW,HAS,HBAN,HCA,HIG,HOLX,IBM,ICE,IFF,INSM,INTC,IP,ISRG,IT,JBHT,JKHY,KDP,KEYS,KHC,KO,KR,KVUE,LDOS,LEN,LMT,LNT,LOW,LULU,LUV,LVS,MA,MAA,MAR,MAS,MCD,MCO,MDLZ,MDT,MELI,MKC,MMM,MRVL,MSCI,MSI,MTCH,MTD,NCLH,NDAQ,NDSN,NFLX,NI,NKE,NOC,NOW,NRG,NSC,NVR,OMC,ORLY,PANW,PAYX,PCG,PEG,PFE,PGR,PHM,PKG,PLD,PNR,PNW,PSA,PSKY,PSX,PYPL,REG,RF,ROL,ROST,RTX,SBAC,SBUX,SCHW,SHW,SO,SPG,SPGI,SRE,STE,SWK,SYK,TDG,TDY,TGT,TJX,TMO,TRV,TSCO,TTD,TTWO,TYL,ULTA,UNH,UNP,VICI,VLO,VLTO,VRSN,WAB,WDAY,WDC,WMT,WSM,WST,WTW,WY,XEL,YUM,^VIX","ADBE,ADI,ADSK,ALL,ALNY,AME,AMGN,APA,APH,ASML,AVY,AXP,BA,BALL,BF.B,BIIB,CFG,CNP,COST,CPRT,CRM,CTRA,DDOG,DECK,DG,DGX,DLTR,DPZ,DVN,DXCM,EPAM,FANG,FER,FITB,GD,GOOG,GOOGL,GPN,GRMN,GS,HPE,HSIC,INTU,KLAC,LLY,LYB,MCHP,MRK,MRNA,MRSH,MS,NTAP,NUE,NVDA,ODFL,OXY,PNC,PODD,QCOM,QQQ,ROK,ROP,RSG,SJM,SMCI,SNPS,SPY,SWKS,SYF,TEL,TER,TFC,TXN,TXT,UBER,UPS,VRSK,VRTX,WM,WMB,XOM,XYL,XYZ",188,83,[],[]
2024-09-30,"A,ABT,ACGL,ADP,AEE,AFL,ALGN,ALLE,AMT,AON,APP,ATO,AXON,AZO,BAX,BBY,BMY,BRK.B,BSX,BX,BXP,CARR,CB,CBOE,CBRE,CCEP,CCL,CHD,CHRW,CINF,CLX,CME,CMG,CMS,COO,CPAY,CPT,CTSH,CTVA,CVS,D,DASH,DE,DHR,DOC,DOW,DRI,DTE,DUK,DVA,EBAY,ECL,EIX,EQIX,EQT,ERIE,ES,ETR,EVRG,EXC,EXPE,EXR,FDS,FFIV,FICO,FIS,FRT,FTNT,GEHC,GEV,GILD,GLW,HAS,HBAN,HCA,HIG,HOLX,IBM,ICE,IFF,INSM,INTC,IP,ISRG,IT,JBHT,JKHY,KDP,KEYS,KHC,KO,KR,KVUE,LDOS,LEN,LMT,LNT,LOW,LULU,LUV,LVS,MA,MAA,MAR,MAS,MCD,MCO,MDLZ,MDT,MELI,MKC,MMM,MNST,MRVL,MSCI,MSI,MTCH,MTD,NCLH,NDAQ,NDSN,NFLX,NI,NKE,NOC,NOW,NRG,NSC,NVR,OMC,ORLY,PANW,PAYX,PCG,PEG,PFE,PG,PGR,PHM,PKG,PLD,PNR,PNW,PSA,PSKY,PSX,PYPL,REG,RF,ROL,ROST,RTX,SBAC,SBUX,SCHW,SHW,SO,SPG,SPGI,SRE,STE,STZ,SWK,SYK,T,TAP,TDG,TDY,TGT,TJX,TMO,TRV,TSCO,TTD,TTWO,TYL,ULTA,UNH,UNP,VICI,VLO,VLTO,VRSN,VZ,WAB,WDAY,WDC,WMT,WSM,WST,WTW,WY,XEL,YUM,^VIX","ADBE,ADI,ADSK,ALL,ALNY,AME,AMGN,APA,APH,ASML,AVY,AXP,BA,BALL,BF.B,BIIB,CDW,CFG,CNP,COST,CPRT,CRM,CTRA,DDOG,DECK,DG,DGX,DLTR,DPZ,DVN,DXCM,EA,EPAM,FANG,FER,FITB,GD,GDDY,GOOG,GOOGL,GPN,GRMN,GS,HPE,HSIC,HUBB,HWM,INTU,KLAC,LLY,LYB,MCHP,MPWR,MRK,MRNA,MRSH,MS,NTAP,NUE,NVDA,NWS,NWSA,NXPI,ODFL,ON,OXY,PNC,PODD,QCOM,QQQ,ROK,ROP,RSG,SJM,SMCI,SNPS,SPY,SWKS,SYF,TEL,TER,TFC,TXN,TXT,UBER,UPS,VRSK,VRTX,WM,WMB,XOM,XYL,XYZ",195,93,[],[]
2024-10-01,"A,ABT,ACGL,ADP,AEE,AFL,ALGN,ALLE,AMT,AON,APP,ATO,AXON,AZO,BBY,BMY,BRK.B,BSX,BX,BXP,CARR,CB,CBOE,CBRE,CCL,CHD,CHRW,CINF,CLX,CME,CMG,CMS,COO,CPAY,CPT,CSX,CTSH,CTVA,CVS,D,DASH,DE,DHR,DOC,DOW,DRI,DTE,DUK,DVA,EBAY,ECL,EIX,EQIX,EQT,ERIE,ES,ETR,EVRG,EXC,EXPD,EXPE,EXR,FDS,FFIV,FICO,FIS,FRT,FTNT,GEHC,GEV,GILD,GLW,HAS,HBAN,HCA,HIG,HOLX,IBM,ICE,IFF,INSM,INTC,IP,ISRG,IT,JBHT,JKHY,KDP,KEYS,KHC,KO,KR,KVUE,LDOS,LEN,LMT,LNT,LOW,LULU,LUV,LVS,MA,MAA,MAR,MAS,MCD,MCO,MDLZ,MDT,MELI,MKC,MMM,MNST,MRVL,MSCI,MSI,MTCH,MTD,NCLH,NDAQ,NDSN,NFLX,NI,NKE,NOC,NOW,NRG,NSC,NVR,OMC,ORLY,PANW,PAYX,PCG,PEG,PFE,PG,PGR,PHM,PKG,PLD,PNR,PNW,PSA,PSKY,PSX,PYPL,REG,RF,ROL,ROST,RTX,SBAC,SBUX,SCHW,SHW,SO,SPG,SPGI,SRE,STE,STZ,SWK,SYK,T,TAP,TDG,TDY,TJX,TMO,TRV,TSCO,TTD,TTWO,TYL,UNH,UNP,VICI,VLO,VLTO,VRSN,VZ,WAB,WDAY,WDC,WMT,WSM,WST,WTW,WY,XEL,YUM,^VIX","ADBE,ADI,ADSK,ALL,ALNY,AME,AMGN,APA,APH,ASML,AVY,AXP,BA,BALL,BF.B,BIIB,CDW,CFG,CHTR,CMCSA,CNC,CNP,COST,CPRT,CRM,CTRA,DDOG,DECK,DG,DGX,DLTR,DPZ,DVN,DXCM,EA,EPAM,FANG,FER,FITB,GD,GDDY,GOOG,GOOGL,GPN,GRMN,GS,HPE,HRL,HSIC,HUBB,HWM,INTU,KLAC,LLY,LYB,MCHP,MOH,MPWR,MRK,MRNA,MRSH,MS,NTAP,NUE,NVDA,NWS,NWSA,NXPI,ODFL,ON,PNC,PODD,QCOM,QQQ,ROK,ROP,RSG,RVTY,SJM,SMCI,SNPS,SPY,SWKS,SYF,TEL,TER,TFC,TXN,TXT,UBER,UPS,VRSK,VRTX,WM,XYL,XYZ,ZS",193,97,[],[]
2024-10-02,"A,ABT,ACGL,ADP,AEE,AFL,ALGN,ALLE,AMT,AON,APP,ATO,AXON,AZO,BBY,BMY,BRK.B,BSX,BX,BXP,CARR,CB,CBOE,CBRE,CCL,CHD,CHRW,CINF,CLX,CME,CMG,CMS,COO,CPAY,CPT,CSX,CTSH,CTVA,CVS,D,DASH,DE,DHR,DOC,DOW,DRI,DTE,DUK,DVA,EBAY,ECL,EIX,EQIX,EQT,ERIE,ES,ETR,EVRG,EXC,EXPD,EXPE,EXR,FDS,FFIV,FICO,FIS,FRT,FTNT,GEHC,GEV,GILD,GLW,HAS,HBAN,HCA,HIG,HOLX,IBM,ICE,IFF,INSM,INTC,IP,ISRG,IT,JBHT,JKHY,KDP,KEYS,KHC,KO,KR,LDOS,LEN,LMT,LNT,LOW,LULU,LUV,LVS,MA,MAA,MAR,MAS,MCD,MCO,MDT,MKC,MMM,MNST,MRVL,MSCI,MSI,MTCH,MTD,NCLH,NDAQ,NDSN,NFLX,NI,NKE,NOC,NOW,NRG,NSC,NVR,OMC,ORLY,PANW,PAYX,PCG,PEG,PFE,PG,PGR,PHM,PKG,PLD,PNR,PNW,PSA,PSKY,PSX,PYPL,REG,RF,ROL,ROST,RTX,SBAC,SBUX,SCHW,SHW,SO,SPG,SPGI,SRE,STE,STZ,SWK,SYK,T,TAP,TDG,TDY,TJX,TMO,TRV,TSCO,TSLA,TTD,TTWO,TYL,UNH,UNP,VICI,VLO,VLTO,VRSN,VZ,WAB,WDAY,WDC,WMT,WSM,WST,WTW,WY,XEL,YUM,^VIX","ABBV,ADBE,ADI,ADSK,AIG,ALL,ALNY,AME,AMGN,APA,APH,ASML,AVY,AXP,BA,BALL,BF.B,BIIB,CDW,CFG,CHTR,CMCSA,CNC,CNP,COST,CPRT,CRM,CTRA,DDOG,DECK,DG,DGX,DLTR,DPZ,DVN,DXCM,EA,EPAM,EW,FANG,FER,FITB,GD,GDDY,GOOG,GOOGL,GPC,GPN,GRMN,GS,GWW,HPE,HRL,HSIC,HUBB,HWM,INTU,KLAC,LIN,LLY,LYB,MCHP,MCK,MOH,MPWR,MRK,MRNA,MRSH,MS,NTAP,NUE,NVDA,NWS,NWSA,NXPI,ODFL,ON,PNC,PODD,QCOM,QQQ,REGN,ROK,ROP,RSG,RVTY,SJM,SMCI,SNA,SNPS,SPY,SWKS,SYF,TEL,TER,TFC,TXN,TXT,UBER,UPS,VRSK,VRTX,WM,XYL,XYZ,ZBH,ZS",191,107,[],[]
2024-10-03,"A,ABT,ACGL,ADP,AEE,AFL,ALGN,ALLE,AMT,AON,APP,ATO,AXON,AZO,BBY,BMY,BRK.B,BSX,BX,BXP,CARR,CB,CBOE,CBRE,CCL,CHRW,CINF,CLX,CME,CMG,CMS,COO,CPAY,CSX,CTSH,CTVA,CVS,D,DASH,DE,DHR,DOC,DOW,DRI,DTE,DUK,DVA,EBAY,ECL,EIX,EQIX,EQT,ERIE,ES,ETR,EVRG,EXC,EXPE,EXR,FDS,FFIV,FICO,FIS,FRT,FTNT,GEHC,GEV,GILD,GLW,HAS,HBAN,HIG,HOLX,IBM,ICE,INSM,INTC,IP,ISRG,IT,JBHT,JKHY,KEYS,KHC,KO,KR,LDOS,LEN,LMT,LNT,LOW,LULU,LUV,LVS,MA,MAA,MAR,MAS,MCD,MCO,MDT,MKC,MMM,MRVL,MSCI,MSI,MTCH,MTD,NCLH,NDAQ,NDSN,NFLX,NI,NKE,NOC,NOW,NRG,NSC,NVR,OMC,ORLY,PANW,PAYX,PCG,PEG,PFE,PG,PGR,PHM,PKG,PLD,PNR,PNW,PSA,PSKY,PSX,PYPL,REG,RF,ROL,ROST,RTX,SBAC,SBUX,SCHW,SO,SPG,SPGI,SRE,STE,SWK,SYK,T,TAP,TDG,TDY,TJX,TMO,TRV,TSCO,TSLA,TTD,TTWO,TYL,UNH,UNP,VICI,VLO,VLTO,VRSN,VZ,WAB,WDAY,WDC,WMT,WSM,WST,WTW,WY,XEL,YUM,^VIX","ABBV,ADBE,ADI,ADSK,AIG,AKAM,ALL,ALNY,AME,AMGN,APA,APH,ASML,AVY,AXP,BA,BALL,BF.B,BIIB,CDW,CFG,CHTR,CMCSA,CNC,CNP,COST,CPRT,CRM,CTAS,CTRA,DDOG,DECK,DG,DGX,DLTR,DPZ,DXCM,EA,EPAM,EW,F,FER,FITB,GD,GDDY,GEN,GOOG,GOOGL,GPC,GPN,GRMN,GS,GWW,HON,HPE,HRL,HSIC,HUBB,HWM,INTU,INVH,JCI,JPM,KLAC,L,LH,LIN,LLY,LYB,MCHP,MCK,MOH,MPWR,MRK,MRNA,MRSH,MS,NEM,NTAP,NTRS,NUE,NVDA,NWS,NWSA,NXPI,ODFL,ON,PNC,PODD,PRU,QCOM,QQQ,REGN,ROK,ROP,RSG,RVTY,SJM,SMCI,SNA,SNPS,SPY,SWKS,SYF,TEL,TER,TFC,TXN,TXT,UBER,UHS,UPS,USB,VRSK,VRTX,VTRS,WFC,WM,XYL,XYZ,ZBH,ZS",182,122,[],[]
2024-10-04,"A,ABT,ACGL,ADP,AEE,AFL,ALGN,ALLE,AON,APP,ATO,AXON,AZO,BBY,BMY,BRK.B,BSX,BX,BXP,CARR,CB,CBOE,CBRE,CCL,CHRW,CINF,CLX,CME,CMG,CMS,CPAY,CSX,CTSH,CTVA,CVS,D,DASH,DE,DHR,DOC,DOW,DRI,DTE,DVA,EBAY,ECL,EIX,EQIX,EQT,ERIE,ES,ETR,EVRG,EXC,EXPE,FAST,FDS,FFIV,FICO,FIS,FRT,FTNT,GEHC,GEV,GILD,GLW,HAS,HBAN,HIG,HOLX,HSY,IBM,ICE,INSM,INTC,IP,ISRG,IT,JBHT,JKHY,KEYS,KHC,KO,KR,LDOS,LEN,LMT,LNT,LOW,LULU,LUV,LVS,MA,MAA,MAR,MAS,MCD,MCO,MDT,MKC,MMM,MRVL,MSCI,MSI,MTCH,MTD,NCLH,NDAQ,NFLX,NI,NKE,NOC,NOW,NRG,NSC,NVR,OMC,ORLY,PANW,PAYX,PCG,PEG,PFE,PG,PGR,PHM,PKG,PLD,PLTR,PNR,PNW,PSKY,PSX,PYPL,REG,RF,ROL,ROST,RTX,SBAC,SBUX,SCHW,SO,SPG,SPGI,SRE,STE,SWK,SYK,T,TAP,TDG,TDY,TJX,TMO,TRV,TSCO,TSLA,TTD,TTWO,TYL,UAL,UNH,UNP,VICI,VLO,VLTO,VRSN,VZ,WAB,WDAY,WDC,WMT,WSM,WST,WTW,WY,XEL,YUM,ZTS,^VIX","ABBV,ADBE,ADI,ADSK,AKAM,ALL,ALNY,AME,AMGN,APA,APH,ASML,AVY,BA,BALL,BF.B,BIIB,CDW,CFG,CHTR,CMCSA,CNC,COST,CPRT,CRM,CTAS,CTRA,DG,DGX,DLTR,DPZ,DXCM,EA,EPAM,EW,F,FER,FITB,GD,GDDY,GEN,GOOG,GOOGL,GPC,GPN,GRMN,GS,GWW,HON,HPE,HRL,HSIC,HUBB,HWM,INTU,INVH,IQV,JCI,JPM,KLAC,L,LH,LIN,LLY,LYB,MCHP,MCK,MOH,MPWR,MRK,MRNA,MRSH,NEM,NTAP,NTRS,NUE,NVDA,NWS,NWSA,NXPI,ODFL,ON,PNC,PODD,QCOM,QQQ,REGN,ROK,ROP,RSG,RVTY,SJM,SMCI,SNA,SNPS,SPY,SWKS,TEL,TER,TFC,TXN,TXT,UBER,UHS,UPS,USB,VRSK,VRTX,VTRS,WFC,WM,XYL,XYZ,ZBH,ZS",181,115,[],[]
2024-10-07,"A,ABT,ADP,AEE,AFL,ALGN,ALLE,AON,APP,ATO,AXON,AZO,BBY,BMY,BR,BRK.B,BSX,BX,BXP,CARR,CBOE,CCL,CHRW,CLX,CME,CMG,CMS,CPAY,CSX,CTSH,CTVA,CVS,D,DASH,DE,DHR,DLR,DOC,DOW,DRI,DTE,DVA,EBAY,ECL,EIX,EQIX,EQT,ERIE,ETR,EXC,EXPE,FAST,FDS,FFIV,FICO,FIS,FRT,FTNT,GEHC,GEV,GILD,GLW,HAS,HBAN,HOLX,IBM,ICE,INSM,INTC,IP,ISRG,IT,JBHT,JKHY,KEYS,KHC,KR,LDOS,LEN,LMT,LOW,LULU,LUV,LVS,MA,MAA,MAR,MAS,MCD,MCO,MDT,MKC,MMM,MRVL,MSCI,MSI,MTCH,MTD,NCLH,NFLX,NI,NKE,NOC,NOW,NRG,NSC,OMC,ORCL,ORLY,PANW,PAYC,PAYX,PCG,PEG,PFE,PHM,PKG,PLTR,PNR,PNW,PSKY,PSX,PYPL,REG,RF,RTX,SBAC,SBUX,SCHW,SO,SPG,SPGI,SRE,SWK,T,TAP,TDG,TDY,TMO,TSCO,TSLA,TTD,TTWO,TYL,UAL,UNH,UNP,VICI,VLO,VLTO,VRSN,VZ,WAB,WDAY,WDC,WMT,WSM,WST,WTW,WY,XEL,YUM,ZTS,^VIX","ABBV,ADBE,ADI,ADSK,AKAM,ALL,ALNY,AME,AMGN,APA,APH,APTV,ASML,AVY,BA,BALL,BF.B,BG,BIIB,CDW,CFG,CHTR,CMCSA,CNC,COST,CPRT,CRM,CTAS,CTRA,DG,DGX,DLTR,DPZ,DXCM,EA,EPAM,EW,F,FER,FITB,GD,GDDY,GEN,GM,GOOG,GOOGL,GPC,GPN,GRMN,GS,GWW,HII,HON,HPE,HRL,HSIC,HWM,INTU,INVH,IQV,JCI,JPM,KLAC,L,LH,LIN,LLY,LYB,MCHP,MCK,MOH,MPWR,MRK,MRNA,MRSH,NEM,NTAP,NTRS,NUE,NVDA,NWS,NWSA,NXPI,ODFL,ON,PNC,PODD,QCOM,QQQ,REGN,ROK,ROP,RSG,RVTY,SJM,SMCI,SNA,SNPS,SPY,SWKS,TEL,TER,TFC,TSN,TXN,TXT,UBER,UHS,UPS,USB,VRSK,VRTX,VTRS,WFC,WM,XYL,XYZ,ZBH,ZS",164,119,[],[]
2024-10-08,"A,ABT,ADP,AEE,AFL,ALB,ALGN,ALLE,AON,APP,ARM,ATO,AXON,AZO,BBY,BMY,BR,BRK.B,BSX,BX,BXP,CARR,CBOE,CCL,CHRW,CLX,CME,CMG,CMS,CPAY,CSX,CTSH,CTVA,CVS,D,DASH,DE,DHR,DLR,DOC,DOW,DRI,DTE,EBAY,ECL,EIX,EQIX,EQT,ERIE,ETR,EXC,EXPE,FAST,FDS,FFIV,FICO,FIS,FRT,FSLR,FTNT,GEHC,GEV,GILD,GLW,HAS,HBAN,HOLX,IBM,ICE,INSM,INTC,IP,ISRG,IT,JBHT,JKHY,KEYS,KHC,KR,LDOS,LEN,LMT,LOW,LULU,LUV,LVS,MA,MAA,MAR,MAS,MCD,MCO,MDT,MKC,MMM,MRVL,MSCI,MSI,MTCH,MTD,NCLH,NFLX,NI,NKE,NOC,NOW,NRG,NSC,OMC,ORCL,ORLY,PANW,PAYC,PAYX,PCG,PEG,PFE,PHM,PKG,PLTR,PNR,PNW,PSKY,PSX,PYPL,REG,RF,RTX,SBAC,SBUX,SCHW,SO,SPG,SPGI,SRE,SWK,T,TDG,TDY,TMO,TSCO,TSLA,TTD,TTWO,TYL,UAL,UNH,UNP,VICI,VLO,VLTO,VRSN,VZ,WAB,WDAY,WDC,WMT,WSM,WST,WTW,WY,XEL,YUM,ZTS,^VIX","ABBV,ADBE,ADI,ADSK,AIZ,AKAM,ALL,ALNY,AME,AMGN,APA,APH,APTV,ASML,AVY,BA,BALL,BF.B,BG,BIIB,BRO,CAG,CDW,CFG,CHTR,CMCSA,CNC,COST,CPB,CRM,CTAS,CTRA,DG,DGX,DLTR,DPZ,DXCM,EA,EPAM,F,FER,FITB,GD,GDDY,GEN,GIS,GM,GOOG,GOOGL,GPC,GPN,GRMN,GS,GWW,HII,HON,HPE,HRL,HSIC,HUM,HWM,INTU,INVH,IQV,JCI,JPM,KLAC,KMB,L,LH,LIN,LLY,LYB,MCHP,MCK,MO,MOH,MPWR,MRK,MRNA,MRSH,NEM,NTRS,NUE,NWS,NWSA,NXPI,ODFL,ON,PNC,PODD,QCOM,QQQ,REGN,ROK,ROP,RSG,RVTY,SJM,SMCI,SNA,SNPS,SPY,SWKS,SYY,TEL,TER,TFC,TSN,TXN,TXT,UBER,UHS,UPS,USB,VRSK,VRTX,VTRS,WFC,WM,XYL,XYZ,ZBH,ZS",165,124,[],[]
2024-10-09,"A,ABT,ADP,AEE,AFL,ALB,ALGN,ALLE,ANET,AON,APP,ARE,ARM,ATO,AVGO,AXON,AZO,BBY,BMY,BR,BRK.B,BSX,BX,BXP,CARR,CBOE,CCL,CDNS,CHRW,CLX,CME,CMG,CMS,CPAY,CSX,CTSH,CTVA,CVS,D,DASH,DE,DHR,DLR,DOC,DOV,DOW,DRI,EBAY,ECL,EIX,EQIX,EQT,ERIE,ETR,EXC,EXPE,FAST,FDS,FFIV,FICO,FIS,FRT,FSLR,FTNT,GEHC,GEV,GILD,GLW,HAS,HBAN,HOLX,HOOD,IBM,ICE,INSM,INTC,IP,ISRG,IT,JBHT,JKHY,KEYS,KHC,KR,LDOS,LEN,LMT,LOW,LULU,LUV,LVS,MA,MAA,MAR,MAS,MCD,MCO,MDT,MKC,MMM,MRVL,MSCI,MSI,MTCH,MTD,NCLH,NFLX,NI,NKE,NOC,NOW,NSC,OMC,ORCL,ORLY,PANW,PAYC,PAYX,PCG,PEG,PFE,PHM,PKG,PLTR,PNR,PNW,PSKY,PSX,PYPL,REG,RF,RTX,SBAC,SBUX,SCHW,SO,SPG,SPGI,SRE,SWK,T,TDG,TDY,TMO,TSCO,TSLA,TTD,TTWO,TYL,UAL,UNH,UNP,VICI,VLO,VLTO,VRSN,VZ,WAB,WDAY,WDC,WMT,WSM,WST,WTW,WY,XEL,YUM,ZTS,^VIX","ABBV,ADBE,ADI,ADSK,AIZ,ALL,ALNY,AME,AMGN,APA,APH,APTV,ASML,AVY,BA,BALL,BF.B,BG,BIIB,BRO,CAG,CDW,CFG,CHTR,CMCSA,CNC,CPB,CRM,CTAS,CTRA,DG,DGX,DLTR,DPZ,DXCM,EA,EPAM,F,FER,FITB,GD,GDDY,GEN,GIS,GM,GOOG,GOOGL,GPC,GPN,GRMN,GS,GWW,HII,HPE,HRL,HSIC,HUM,HWM,INTU,INVH,IQV,JPM,KLAC,KMB,L,LH,LIN,LLY,LYB,MCHP,MCK,MO,MOH,MPWR,MRK,MRNA,NEM,NTRS,NUE,NWS,NWSA,NXPI,ODFL,ON,PNC,PODD,QCOM,QQQ,REGN,ROK,ROP,RVTY,SJM,SMCI,SNA,SPY,SWKS,SYY,TEL,TER,TFC,TSN,TXN,TXT,UHS,UPS,USB,VRTX,VTRS,WFC,XYL,XYZ,ZBH",169,113,[],[]
2024-10-10,"A,ABT,ADP,AEE,AFL,ALB,ALGN,ALLE,ANET,AON,APO,APP,ARE,ARM,ATO,AVGO,AXON,AZO,BBY,BKNG,BLDR,BMY,BR,BRK.B,BSX,BX,BXP,CARR,CBOE,CCL,CDNS,CHRW,CLX,CME,CMG,CMS,CPAY,CSX,CTVA,CVS,DASH,DE,DHR,DIS,DLR,DOC,DOV,DOW,DRI,EBAY,ECL,EFX,EQIX,EQT,ERIE,ETR,EXC,EXPE,FAST,FDS,FFIV,FICO,FIS,FRT,FTNT,GE,GEHC,GEV,GILD,GLW,HAS,HBAN,HD,HOLX,HOOD,IBKR,IBM,ICE,INSM,INTC,IP,ISRG,IT,JBHT,JKHY,KEYS,KHC,KR,LDOS,LEN,LII,LMT,LOW,LULU,LUV,LVS,MA,MAA,MAR,MAS,MCD,MCO,MDT,MKC,MMM,MOS,MRVL,MSCI,MSI,MSTR,MTCH,MTD,NCLH,NFLX,NI,NKE,NOC,NOW,NSC,OMC,ORCL,ORLY,PANW,PAYC,PAYX,PCG,PEG,PFE,PHM,PKG,PLTR,PNR,PNW,POOL,PSKY,PSX,PYPL,REG,RF,RTX,SBAC,SBUX,SCHW,SO,SPG,SPGI,SRE,SWK,T,TDG,TDY,TMO,TSCO,TSLA,TTD,TTWO,TYL,UAL,UNH,UNP,VICI,VLO,VLTO,VRSN,VZ,WAB,WBD,WDAY,WDC,WMT,WST,WTW,WY,XEL,YUM,ZTS,^VIX","ABBV,ADBE,ADI,ADSK,AIZ,ALL,ALNY,AME,AMGN,APA,APH,APTV,ASML,AVY,BA,BALL,BF.B,BG,BIIB,BRO,CAG,CDW,CFG,CHTR,CMCSA,CNC,CPB,CRM,CTAS,CTRA,DG,DGX,DLTR,DPZ,DXCM,EA,EPAM,F,FER,FITB,GD,GEN,GIS,GM,GOOG,GOOGL,GPC,GPN,GRMN,GS,GWW,HII,HPE,HRL,HSIC,HUM,HWM,INTU,INVH,IQV,JPM,KLAC,KMB,L,LH,LIN,LLY,LYB,MCHP,MCK,MO,MOH,MPWR,MRK,MRNA,NEM,NTRS,NUE,NWS,NWSA,NXPI,ODFL,ON,PNC,PODD,QCOM,QQQ,REGN,ROK,ROP,RVTY,SJM,SMCI,SNA,SPY,SWKS,SYY,TEL,TER,TFC,TSN,TXN,TXT,UHS,UPS,USB,VTRS,WFC,XYL,ZBH",177,110,[],[]
2024-10-11,"A,ABT,ADP,AEE,AFL,ALB,ALGN,ALLE,ANET,AON,APO,APP,ARE,ARM,ATO,AVGO,AXON,AZO,BBY,BK,BKNG,BLDR,BMY,BR,BRK.B,BSX,BX,BXP,CARR,CBOE,CCL,CDNS,CHRW,CLX,CME,CMG,CMS,CPAY,CSCO,CSX,CTVA,CVNA,CVS,DASH,DE,DHR,DIS,DLR,DOC,DOV,DOW,DRI,EBAY,ECL,EFX,EQIX,EQT,ERIE,ETR,EXC,EXPE,FAST,FDS,FFIV,FICO,FIS,FRT,FTNT,GE,GEHC,GEV,GILD,GLW,HAS,HBAN,HD,HOLX,HOOD,IBKR,IBM,ICE,INCY,INSM,INTC,IP,IRM,ISRG,IT,ITW,JBHT,JKHY,KEYS,KHC,KKR,KR,LDOS,LEN,LII,LMT,LOW,LULU,LUV,LVS,LYV,MA,MAA,MAR,MAS,MCD,MCO,MDT,MKC,MMM,MOS,MRVL,MSCI,MSI,MSTR,MTB,MTCH,MTD,NCLH,NFLX,NI,NKE,NOC,NOW,NSC,OMC,ORCL,ORLY,PANW,PAYC,PAYX,PCG,PFE,PHM,PKG,PLTR,PNR,PNW,POOL,PSKY,PSX,PYPL,REG,RF,RL,RTX,SBAC,SBUX,SCHW,SO,SPG,SPGI,SRE,SWK,T,TDG,TDY,TMO,TRMB,TSCO,TTD,TTWO,TYL,UAL,UNH,UNP,VICI,VLO,VLTO,VRSN,VST,VZ,WAB,WBD,WDAY,WDC,WMT,WST,WTW,WY,XEL,YUM,ZTS,^VIX","ABBV,ADBE,ADI,ADSK,AIZ,ALL,ALNY,AME,AMGN,APA,APH,APTV,ASML,AVY,BA,BALL,BF.B,BG,BIIB,BRO,CAG,CDW,CHTR,CMCSA,CNC,CPB,CRM,CTAS,CTRA,DG,DGX,DLTR,DPZ,DXCM,EA,EPAM,F,FER,GD,GEN,GIS,GM,GOOG,GOOGL,GPC,GPN,GRMN,HII,HPE,HRL,HSIC,HUM,HWM,INTU,INVH,IQV,KLAC,KMB,L,LH,LIN,LLY,LYB,MCHP,MCK,MO,MOH,MPWR,MRK,MRNA,NEM,NTRS,NUE,NWS,NWSA,NXPI,ODFL,ON,PODD,QCOM,QQQ,REGN,ROK,ROP,RVTY,SJM,SMCI,SNA,SPY,SWKS,SYY,TEL,TER,TFC,TSN,TXN,UHS,UPS,VTRS,ZBH",187,100,[],[]
2024-10-14,"A,ABNB,ABT,ADP,AEE,AFL,ALB,ALGN,ALLE,ANET,AON,APO,APP,ARE,ARM,ATO,AVGO,AXON,AZO,BBY,BK,BKNG,BLDR,BMY,BR,BRK.B,BSX,BX,BXP,CARR,CBOE,CCL,CDNS,CHRW,CLX,CME,CMG,CMS,CPAY,CSCO,CSX,CTVA,CVNA,CVS,DASH,DE,DHR,DIS,DLR,DOC,DOV,DOW,DRI,EBAY,ECL,EFX,EQIX,EQT,ERIE,ETR,EXC,EXPE,FAST,FDS,FFIV,FICO,FIS,FRT,FTNT,GE,GEHC,GEV,GILD,GLW,HAS,HBAN,HD,HOLX,HOOD,HST,IBKR,IBM,ICE,IEX,INCY,INSM,INTC,IP,IR,IRM,ISRG,IT,ITW,JBHT,JKHY,KEYS,KHC,KKR,KR,LDOS,LEN,LII,LMT,LOW,LULU,LUV,LVS,LW,LYV,MA,MAA,MAR,MAS,MCD,MCO,MDT,MKC,MMM,MOS,MRVL,MSCI,MSI,MSTR,MTB,MTCH,MTD,NCLH,NFLX,NI,NKE,NOC,NOW,NSC,OMC,ORCL,ORLY,OTIS,PANW,PAYC,PAYX,PCAR,PCG,PFE,PFG,PHM,PKG,PLTR,PNR,PNW,POOL,PSKY,PSX,PYPL,REG,RF,RL,RTX,SBAC,SBUX,SCHW,SO,SPG,SPGI,SRE,STT,SWK,T,TDG,TDY,TKO,TMO,TRMB,TROW,TSCO,TT,TTD,TTWO,TYL,UAL,UNH,UNP,URI,VICI,VLO,VLTO,VRSN,VST,VZ,WAB,WBD,WDAY,WDC,WMT,WST,WTW,WY,XEL,YUM,ZBRA,ZTS,^VIX","ABBV,ADBE,ADI,AIZ,ALL,ALNY,AME,AMGN,APA,APTV,BA,BALL,BF.B,BG,BIIB,BRO,CAG,CDW,CHTR,CMCSA,CNC,CPB,CRM,CTAS,CTRA,DG,DGX,DLTR,DPZ,DXCM,EA,EPAM,F,FE,FER,GD,GEN,GIS,GM,GOOG,GOOGL,GPN,GRMN,HII,HPE,HRL,HSIC,HUM,HWM,INTU,INVH,IQV,KLAC,KMB,L,LH,LLY,LYB,MCHP,MCK,MO,MPWR,MRK,MRNA,NEM,NUE,NWS,NWSA,NXPI,ON,PODD,QQQ,REGN,ROK,ROP,RVTY,SJM,SMCI,SWKS,SYY,TEL,TER,TFC,TRI,TSN,TXN,UHS,UPS,VTRS,ZBH",201,90,[],[]
2024-10-15,"A,ABNB,ABT,ADP,AEE,AFL,ALB,ALGN,ALLE,AON,APO,APP,ARE,ARM,ATO,AVGO,AXON,AZO,BBY,BK,BKNG,BLDR,BLK,BMY,BR,BRK.B,BSX,BX,BXP,CARR,CBOE,CCL,CDNS,CHRW,CLX,CME,CMG,CMS,CPAY,CSCO,CSX,CTVA,CVNA,CVS,DASH,DE,DHR,DIS,DLR,DOC,DOV,DOW,DRI,EBAY,ECL,EFX,EQIX,EQT,ERIE,ETR,EXC,EXPE,FAST,FDS,FFIV,FICO,FIS,FRT,FTNT,GE,GEHC,GEV,GILD,GLW,HAS,HBAN,HD,HOLX,HOOD,HST,IBKR,IBM,ICE,IEX,INCY,INSM,INTC,IP,IR,IRM,ISRG,IT,ITW,JBHT,JKHY,KEYS,KHC,KKR,KR,LDOS,LEN,LII,LMT,LOW,LULU,LUV,LVS,LW,LYV,MA,MAA,MAR,MAS,MCD,MCO,MDT,MET,MKC,MMM,MOS,MRVL,MSCI,MSI,MSTR,MTB,MTCH,MTD,NCLH,NFLX,NI,NKE,NOC,NOW,NSC,OMC,ORCL,ORLY,OTIS,PANW,PAYC,PAYX,PCAR,PCG,PFE,PFG,PHM,PKG,PLTR,PNR,PNW,POOL,PSKY,PSX,PYPL,REG,RF,RL,RTX,SBAC,SBUX,SCHW,SO,SPG,SPGI,SRE,STT,SWK,T,TDG,TDY,TKO,TMO,TRMB,TROW,TSCO,TT,TTD,TTWO,TYL,UAL,UNP,URI,VICI,VLO,VLTO,VRSN,VST,VZ,WAB,WBD,WDAY,WDC,WMT,WST,WTW,WY,XEL,YUM,ZBRA,ZTS,^VIX","ABBV,ADBE,ADI,AIZ,ALL,ALNY,AME,AMGN,APA,APTV,BA,BALL,BF.B,BG,BIIB,BRO,CAG,CDW,CHTR,CL,CMCSA,CNC,CPB,CRM,CTAS,CTRA,DG,DGX,DLTR,DPZ,DXCM,EPAM,F,FE,FER,GD,GEN,GIS,GM,GOOG,GOOGL,GPN,GRMN,HII,HPE,HRL,HSIC,HUM,HWM,INTU,INVH,IQV,KLAC,L,LH,LLY,LYB,MCHP,MCK,MO,MPWR,MRK,MRNA,NUE,NWS,NWSA,NXPI,ON,PM,PODD,QQQ,REGN,RMD,ROK,ROP,RVTY,SMCI,SWKS,SYY,TEL,TER,TFC,TMUS,TRI,TSN,TXN,UHS,UPS,ZBH",201,89,[],[]
2024-10-16,"A,AAPL,ABNB,ABT,ADP,AEE,AFL,ALB,ALGN,ALLE,AMP,AON,APO,APP,ARE,ARM,ATO,AVGO,AXON,AZO,BAC,BBY,BK,BKNG,BKR,BLDR,BLK,BMY,BR,BRK.B,BSX,BX,BXP,C,CARR,CAT,CBOE,CCL,CHRW,CLX,CME,CMG,CMS,COF,CPAY,CRH,CSCO,CSX,CTVA,CVNA,CVS,DASH,DE,DHR,DIS,DLR,DOC,DOV,DOW,DRI,EBAY,ECL,EFX,EME,EQIX,EQT,ETN,ETR,EXC,EXE,EXPE,FAST,FDS,FICO,FIS,FISV,FIX,FRT,FTNT,FTV,GE,GEHC,GEV,GILD,GLW,HAS,HBAN,HD,HLT,HOLX,HOOD,HST,IBKR,IBM,ICE,IEX,INCY,INSM,INTC,IP,IR,IRM,ISRG,IT,ITW,IVZ,J,JBHT,JKHY,KEY,KEYS,KHC,KKR,KR,LDOS,LEN,LII,LMT,LOW,LULU,LUV,LVS,LW,LYV,MA,MAA,MAR,MAS,MCD,MCO,MDT,MET,META,MKC,MLM,MMM,MOS,MRVL,MSCI,MSI,MSTR,MTB,MTCH,MTD,NCLH,NFLX,NI,NKE,NOC,NOW,NSC,OMC,ORCL,ORLY,OTIS,PANW,PAYC,PAYX,PCAR,PCG,PFE,PFG,PH,PHM,PKG,PLTR,PNR,PNW,POOL,PSKY,PSX,PTC,PWR,PYPL,REG,RF,RJF,RL,RTX,SBAC,SBUX,SCHW,SHOP,SLB,SO,SPG,SPGI,SRE,STLD,STT,SWK,T,TDG,TDY,TKO,TMO,TRMB,TROW,TSCO,TT,TTD,TTWO,TYL,UAL,UNP,URI,VICI,VLO,VLTO,VRSN,VST,VZ,WAB,WBD,WDAY,WDC,WMT,WST,WTW,WY,XEL,YUM,ZBRA,ZTS,^VIX","ABBV,ADBE,ADI,AIZ,AJG,ALL,AME,AMGN,APA,APTV,BA,BALL,BF.B,BG,BIIB,BRO,CAG,CCI,CDW,CHTR,CL,CMCSA,CNC,CPB,CRM,CTAS,CTRA,DG,DGX,DLTR,DPZ,DXCM,EPAM,F,FER,GD,GEN,GIS,GM,GOOG,GOOGL,GPN,GRMN,HII,HPE,HRL,HSIC,HUM,HWM,INTU,INVH,IQV,KLAC,L,LH,LLY,LYB,MCHP,MCK,MO,MPWR,MRK,MRNA,NEE,NUE,NWS,NWSA,NXPI,ON,PM,PODD,QQQ,REGN,RMD,ROK,ROP,RVTY,SMCI,SWKS,SYY,TEL,TER,TRI,TSN,TXN,UHS,UPS,ZBH",225,88,[],[]
2024-10-17,"AAPL,ABNB,ABT,ADP,AEE,AFL,ALB,ALGN,ALLE,AMP,AON,APO,APP,ARE,ARM,ATO,AVGO,AXON,AZO,BAC,BBY,BK,BKNG,BKR,BLDR,BLK,BMY,BR,BRK.B,BSX,BX,BXP,C,CARR,CAT,CBOE,CCL,CEG,CHRW,CLX,CME,CMG,CMS,COF,CPAY,CRH,CRWD,CSCO,CTVA,CVNA,CVS,DASH,DE,DHR,DIS,DLR,DOC,DOV,DOW,DRI,EBAY,ECL,EFX,EME,EQIX,EQT,ETN,ETR,EXC,EXE,EXPE,FAST,FDS,FICO,FIS,FISV,FIX,FRT,FTNT,FTV,GE,GEHC,GEV,GILD,GLW,HAS,HBAN,HD,HLT,HOLX,HOOD,HST,IBKR,IBM,ICE,IEX,INCY,INSM,INTC,IP,IR,IRM,ISRG,IT,ITW,IVZ,J,JBHT,JBL,JKHY,KEY,KEYS,KHC,KKR,KR,LDOS,LEN,LII,LMT,LOW,LULU,LUV,LVS,LW,LYV,MA,MAA,MAR,MAS,MCD,MCO,MDT,MET,META,MKC,MLM,MMM,MOS,MRVL,MSCI,MSI,MSTR,MTB,MTCH,NCLH,NI,NKE,NOC,NOW,NSC,OMC,ORCL,ORLY,OTIS,PANW,PAYC,PAYX,PCAR,PCG,PFE,PFG,PH,PHM,PKG,PLTR,PNR,PNW,POOL,PSKY,PSX,PTC,PWR,PYPL,REG,RF,RJF,RL,RTX,SBAC,SBUX,SCHW,SHOP,SLB,SO,SPG,SPGI,SRE,STLD,STT,SWK,T,TDG,TDY,TKO,TMO,TRMB,TROW,TSCO,TT,TTD,TTWO,TYL,UAL,UNP,URI,VICI,VLO,VLTO,VRSN,VST,VZ,WAB,WBD,WDAY,WDC,WMT,WST,WTW,WY,XEL,YUM,ZBRA,ZTS,^VIX","ABBV,ADBE,ADI,AIZ,AJG,ALL,AME,AMGN,APA,APTV,BA,BALL,BF.B,BG,BIIB,BRO,CAG,CCI,CDW,CHTR,CL,CMCSA,CNC,CPB,CRM,CTAS,CTRA,DG,DGX,DLTR,DPZ,DXCM,EPAM,F,FDX,FER,GD,GEN,GIS,GM,GOOG,GOOGL,GPN,GRMN,HII,HPE,HRL,HSIC,HUM,INTU,INVH,IQV,KLAC,L,LH,LLY,LYB,MCHP,MCK,MO,MPWR,MRK,MRNA,NEE,NWS,NWSA,NXPI,ON,PM,PODD,QQQ,REGN,RMD,ROK,ROP,RVTY,SMCI,SWKS,SYY,TEL,TER,TRI,TSN,TXN,UHS,UPS,ZBH",224,87,[],[]
2024-10-18,"AAPL,ABNB,ABT,ADP,AEE,AFL,ALB,ALGN,ALLE,AMP,AON,APO,APP,ARE,ARM,ATO,AVGO,AXON,AZO,BAC,BBY,BK,BKNG,BKR,BLDR,BLK,BMY,BR,BRK.B,BSX,BX,BXP,C,CARR,CAT,CBOE,CCL,CEG,CHRW,CIEN,CLX,CME,CMG,CMS,COF,CPAY,CRH,CRWD,CSCO,CTVA,CVNA,DASH,DE,DHR,DIS,DLR,DOC,DOV,DOW,DRI,EBAY,ECL,EFX,EME,EQIX,EQT,ETN,ETR,EXC,EXE,EXPE,FAST,FDS,FIS,FISV,FIX,FRT,FTNT,FTV,GE,GEHC,GEV,GILD,GLW,HAS,HBAN,HD,HLT,HOLX,HOOD,HST,IBKR,IBM,ICE,IEX,INCY,INSM,INTC,IP,IR,IRM,ISRG,IT,ITW,IVZ,J,JBHT,JBL,JKHY,KEY,KEYS,KHC,KKR,KMI,KR,LDOS,LEN,LHX,LII,LMT,LOW,LULU,LUV,LVS,LW,LYV,MA,MAA,MAR,MAS,MCD,MCO,MDT,MET,META,MKC,MLM,MMM,MOS,MRVL,MSCI,MSI,MSTR,MTB,MTCH,NCLH,NI,NKE,NOC,NOW,NSC,OMC,ORCL,ORLY,OTIS,PANW,PAYC,PAYX,PCAR,PCG,PFE,PFG,PH,PHM,PKG,PLTR,PNR,PNW,POOL,PSKY,PSX,PTC,PWR,PYPL,RCL,REG,RF,RJF,RL,RTX,SBAC,SBUX,SCHW,SHOP,SO,SPG,SPGI,SRE,STLD,STT,SWK,T,TDG,TDY,TKO,TMO,TRMB,TROW,TSCO,TT,TTD,TTWO,TYL,UAL,UNP,URI,VICI,VLO,VLTO,VRSN,VST,VZ,WAB,WBD,WDAY,WDC,WMT,WST,WTW,WY,XEL,YUM,ZBRA,ZTS,^VIX","ABBV,ADBE,ADI,AIZ,AJG,ALL,AME,AMGN,APA,APTV,BA,BALL,BF.B,BG,BIIB,BRO,CAG,CCI,CDW,CHTR,CL,CMCSA,CNC,CPB,CRM,CTAS,CTRA,DG,DGX,DLTR,DPZ,EPAM,F,FDX,FER,GD,GEN,GIS,GM,GOOG,GOOGL,GPN,GRMN,HII,HPE,HSIC,HUM,INTU,INVH,IQV,KLAC,L,LH,LLY,LYB,MCHP,MCK,MO,MPWR,MRK,MRNA,NEE,NWS,NWSA,NXPI,ON,PM,QQQ,REGN,RMD,ROK,ROP,RVTY,SMCI,SWKS,SYY,TEL,TER,TRI,TSN,TXN,UHS,UPS,ZBH",225,84,[],[]
2024-10-21,"AAPL,ABNB,ABT,ADP,AEE,AFL,ALB,ALGN,ALLE,AMP,AON,APO,APP,ARE,ARM,ATO,AVGO,AXON,AZO,BAC,BK,BKNG,BKR,BLK,BMY,BR,BRK.B,BSX,BX,BXP,C,CARR,CAT,CBOE,CCL,CEG,CF,CHRW,CIEN,CLX,CME,CMG,CMI,CMS,COF,CPAY,CRH,CRWD,CSCO,CTVA,CVNA,DASH,DD,DE,DHR,DIS,DLR,DOC,DOV,DOW,DRI,ECL,EFX,EL,EME,EQIX,EQT,ETN,ETR,EXC,EXE,EXPE,FAST,FCX,FDS,FIS,FISV,FIX,FOX,FOXA,FRT,FTNT,FTV,GE,GEHC,GEV,GILD,GLW,GNRC,HAS,HBAN,HD,HLT,HOLX,HOOD,HPQ,HST,IBKR,IBM,ICE,IEX,INCY,INSM,INTC,IP,IR,IRM,ISRG,IT,ITW,IVZ,J,JBHT,JBL,JKHY,KEY,KEYS,KHC,KKR,KMI,KR,LDOS,LEN,LHX,LII,LMT,LOW,LULU,LUV,LVS,LW,LYV,MA,MAA,MAR,MAS,MCD,MCO,MDT,MET,META,MKC,MLM,MMM,MOS,MRVL,MSCI,MSI,MSTR,MTB,MTCH,NCLH,NI,NKE,NOC,NOW,NSC,OMC,ORCL,ORLY,OTIS,PANW,PAYC,PAYX,PCAR,PCG,PDD,PFE,PFG,PH,PHM,PKG,PLTR,PNR,PNW,PSKY,PSX,PTC,PWR,PYPL,RCL,REG,RF,RJF,RL,RTX,SBAC,SBUX,SCHW,SHOP,SO,SPG,SPGI,SRE,STLD,STT,SWK,T,TDG,TDY,TKO,TMO,TPR,TRMB,TROW,TSCO,TT,TTD,TTWO,TYL,UAL,UNP,URI,VICI,VLO,VLTO,VRSN,VST,VZ,WAB,WBD,WDAY,WDC,WMT,WST,WTW,WY,WYNN,XEL,YUM,ZBRA,ZTS,^VIX","ABBV,ADBE,ADI,AIZ,AJG,ALL,AME,AMGN,APA,APTV,AWK,BA,BALL,BF.B,BG,BIIB,BRO,CAG,CCI,CDW,CHTR,CL,CMCSA,CNC,CPB,CRM,CTAS,CTRA,DG,DGX,DLTR,DPZ,EPAM,F,FDX,FER,GD,GEN,GIS,GM,GOOG,GOOGL,GPN,GRMN,HII,HPE,HSIC,HUM,INTU,INVH,IQV,KLAC,L,LH,LLY,LYB,MCHP,MCK,MO,MPWR,MRK,MRNA,NEE,NWS,NWSA,NXPI,ON,PM,QQQ,REGN,RMD,ROK,ROP,RVTY,SMCI,SWKS,SYY,TEL,TER,TRI,TSN,TXN,UHS,UPS,ZBH",233,85,[],[]
2024-10-22,"AAPL,ABNB,ABT,ADP,AEE,AFL,ALB,ALGN,ALLE,AMP,AON,APO,APP,ARE,ARM,ATO,AVGO,AXON,AZO,BAC,BK,BKNG,BKR,BLK,BMY,BR,BRK.B,BSX,BX,BXP,C,CARR,CAT,CBOE,CCL,CEG,CF,CHRW,CIEN,CLX,CME,CMG,CMI,CMS,COF,CPAY,CRH,CRWD,CSCO,CTVA,CVNA,DASH,DD,DE,DIS,DLR,DOC,DOV,DOW,DRI,ECL,EFX,EL,EME,EQIX,EQT,ETN,ETR,EXC,EXE,EXPE,FAST,FCX,FDS,FIS,FISV,FIX,FOX,FOXA,FRT,FTNT,FTV,GEHC,GEV,GILD,GLW,GNRC,HAS,HBAN,HLT,HOLX,HOOD,HPQ,HST,IBKR,IBM,ICE,IEX,INCY,INSM,INTC,IP,IR,IRM,ISRG,IT,ITW,IVZ,J,JBHT,JBL,JKHY,KEY,KEYS,KHC,KKR,KMI,KR,LDOS,LHX,LII,LULU,LUV,LVS,LW,LYV,MA,MAA,MAR,MCD,MDT,MET,META,MKC,MLM,MOS,MRVL,MSCI,MSI,MSTR,MTB,MTCH,NCLH,NI,NKE,NOC,NOW,NSC,OMC,ORCL,ORLY,OTIS,PANW,PAYC,PAYX,PCAR,PCG,PDD,PFE,PFG,PH,PKG,PLTR,PNR,PNW,PSKY,PSX,PTC,PWR,PYPL,RCL,REG,RF,RJF,RL,RTX,SBAC,SBUX,SCHW,SHOP,SO,SPG,SPGI,SRE,STLD,STT,STX,SWK,T,TDY,TKO,TMO,TRMB,TROW,TSCO,TT,TTD,TTWO,TYL,UAL,UNP,URI,VICI,VLO,VLTO,VRSN,VST,WAB,WBD,WDAY,WDC,WMT,WST,WTW,WYNN,XEL,YUM,ZBRA,ZTS,^VIX","ABBV,ADBE,ADI,ADM,AIZ,AJG,ALL,AME,AMGN,APA,APTV,AWK,BA,BALL,BF.B,BG,BIIB,BRO,CAG,CAH,CCI,CDW,CHTR,CL,CMCSA,CNC,CPB,CRL,CRM,CSGP,CTAS,CTRA,DG,DHI,DLTR,DPZ,ELV,EPAM,F,FDX,FER,GD,GEN,GIS,GOOG,GOOGL,GPN,GRMN,HII,HPE,HSIC,HUM,INTU,INVH,IQV,KLAC,L,LLY,LYB,MCHP,MCK,MO,MPWR,MRK,MRNA,NEE,NWS,NWSA,NXPI,ON,QQQ,REGN,RMD,ROK,ROP,RVTY,SMCI,SWKS,SYY,TEL,TER,TRI,TSN,TXN,UHS,UPS,ZBH",220,87,[],[]
2024-10-23,"AAPL,ABNB,ABT,ACN,ADP,AEE,AFL,ALB,ALGN,ALLE,AMP,AON,APO,APP,ARE,ARM,ATO,AVGO,AXON,AZO,BAC,BK,BKNG,BKR,BLK,BMY,BR,BRK.B,BSX,BX,BXP,C,CARR,CAT,CBOE,CCL,CEG,CF,CHRW,CIEN,CLX,CME,CMG,CMI,CMS,COF,CPAY,CRH,CRWD,CSCO,CTVA,CVNA,DAL,DASH,DD,DE,DIS,DLR,DOC,DOV,DOW,DRI,ECL,EFX,EL,EME,EMR,EQIX,EQT,ETN,ETR,EXC,EXPE,FAST,FCX,FDS,FIS,FISV,FIX,FOX,FOXA,FRT,FTNT,FTV,GEHC,GEV,GILD,GLW,GNRC,HAS,HBAN,HOLX,HOOD,HPQ,HST,IBKR,IBM,ICE,INCY,INSM,INTC,IP,IRM,ISRG,IT,ITW,IVZ,J,JBHT,JBL,JKHY,KEY,KEYS,KHC,KKR,KMI,KR,LDOS,LHX,LII,LULU,LUV,LVS,LW,LYV,MA,MAA,MDT,MET,META,MKC,MLM,MOS,MRVL,MSCI,MSI,MSTR,MTB,MTCH,MU,NCLH,NI,NOC,NOW,NSC,OMC,ORCL,ORLY,OTIS,PAYC,PAYX,PCAR,PCG,PDD,PFE,PFG,PH,PKG,PLTR,PNR,PNW,PSKY,PSX,PTC,PWR,PYPL,RCL,REG,RF,RJF,RL,RTX,SBAC,SBUX,SCHW,SHOP,SO,SPG,SPGI,SRE,STLD,STT,SWK,T,TDY,TKO,TRMB,TSCO,TT,TTD,TTWO,TYL,UAL,UNP,URI,VICI,VLO,VLTO,VRSN,VST,WAB,WAT,WBD,WDAY,WDC,WMT,WST,WTW,WYNN,XEL,YUM,ZBRA,ZTS,^VIX","ABBV,ADBE,ADI,ADM,AIZ,AJG,ALL,AME,AMGN,APA,APTV,AWK,BA,BALL,BF.B,BG,BIIB,BRO,CAG,CAH,CCI,CDW,CHTR,CL,CMCSA,CNC,CPB,CRL,CRM,CSGP,CTAS,CTRA,DG,DHI,DLTR,DPZ,ELV,EPAM,F,FDX,FER,GD,GEN,GIS,GOOG,GOOGL,GPN,GRMN,HII,HPE,HSIC,HUM,INTU,INVH,IQV,KLAC,L,LLY,LYB,MCHP,MCK,MO,MPWR,MRK,MRNA,NEE,NWS,NWSA,NXPI,OKE,ON,QQQ,REGN,RMD,ROK,ROP,RVTY,SMCI,SWKS,SYY,TEL,TER,TRI,TSN,TXN,UHS,UPS,ZBH",214,88,[],[]
2024-10-24,"AAPL,ABNB,ABT,ADP,AEE,AFL,ALB,ALGN,AON,APO,APP,ARE,ARM,ATO,AVGO,AXON,AZO,BAC,BDX,BK,BKNG,BKR,BLK,BMY,BR,BRK.B,BSX,BX,BXP,C,CAT,CBOE,CCL,CEG,CF,CHRW,CIEN,CLX,CME,CMG,CMI,CMS,COF,COIN,CPAY,CRH,CRWD,CSCO,CTVA,CVNA,DAL,DASH,DD,DE,DIS,DLR,DOC,DOW,DRI,ECL,EFX,EL,EME,EMR,EQIX,EQT,ETN,ETR,EXC,EXPE,FAST,FCX,FDS,FIS,FISV,FIX,FOX,FOXA,FRT,FTNT,FTV,GEHC,GEV,GILD,GLW,GNRC,HBAN,HOLX,HOOD,HPQ,HST,IBKR,ICE,INCY,INSM,INTC,IP,IRM,ISRG,ITW,IVZ,J,JBHT,JBL,JKHY,KEY,KEYS,KHC,KKR,KMI,KR,LDOS,LHX,LII,LULU,LVS,LW,LYV,MA,MAA,MDT,MET,META,MGM,MKC,MLM,MOS,MRVL,MSCI,MSI,MSTR,MTB,MTCH,MU,NCLH,NI,NOC,NOW,NSC,OMC,ORCL,ORLY,OTIS,PAYC,PAYX,PCAR,PCG,PDD,PFE,PFG,PH,PKG,PLTR,PNR,PNW,PSKY,PSX,PTC,PWR,PYPL,RCL,REG,RF,RJF,RL,RTX,SBAC,SBUX,SCHW,SHOP,SO,SPG,SRE,STLD,STT,SWK,T,TDY,TRMB,TT,TTD,TTWO,TYL,UAL,URI,VICI,VLO,VRSN,VST,WAB,WAT,WBD,WDAY,WDC,WMT,WST,WTW,WYNN,XEL,YUM,^VIX","ABBV,ADBE,ADI,ADM,AIZ,AJG,ALL,AME,AMGN,APA,APTV,AWK,BA,BALL,BF.B,BG,BIIB,BRO,CAG,CAH,CCI,CDW,CHTR,CL,CMCSA,CNC,CPB,CRL,CRM,CSGP,CTAS,CTRA,DG,DHI,DLTR,DPZ,ELV,EPAM,F,FDX,FER,GD,GEN,GIS,GL,GOOG,GOOGL,GPN,GRMN,HII,HPE,HSIC,HUM,INTU,INVH,IQV,KLAC,L,LLY,LYB,MCHP,MCK,MO,MPWR,MRK,MRNA,NEE,NWS,NWSA,NXPI,OKE,ON,QQQ,REGN,RMD,ROK,ROP,RVTY,SMCI,SWKS,SYY,TEL,TER,TRI,TSN,TXN,UHS,ZBH",201,88,[],[]
2024-10-25,"AAPL,ABNB,ABT,ADP,AEE,AFL,ALB,ALGN,AON,APO,APP,ARM,ATO,AVGO,AXON,AZO,BAC,BDX,BK,BKNG,BKR,BLK,BMY,BR,BRK.B,BSX,BX,BXP,C,CAT,CBOE,CCL,CEG,CF,CHRW,CIEN,CLX,CME,CMG,CMI,CMS,COF,COIN,CPAY,CRH,CRWD,CSCO,CTVA,CVNA,DAL,DASH,DD,DE,DIS,DLR,DOC,DRI,EFX,EL,EMR,EQIX,EQT,ETN,ETR,EXC,EXPE,FAST,FCX,FDS,FIS,FISV,FOX,FOXA,FRT,FTNT,FTV,GEHC,GEV,GILD,GLW,GNRC,HBAN,HOLX,HOOD,HPQ,HST,IBKR,ICE,INCY,INSM,INTC,IP,IRM,ISRG,ITW,IVZ,J,JBHT,JBL,JKHY,KEY,KEYS,KHC,KKR,KMI,KR,LDOS,LHX,LII,LULU,LVS,LW,LYV,MA,MAA,MDT,META,MGM,MKC,MLM,MOS,MRVL,MSCI,MSI,MSTR,MTB,MTCH,MU,NCLH,NI,NOC,NOW,NSC,OMC,ORCL,ORLY,OTIS,PAYC,PAYX,PCAR,PCG,PDD,PFE,PKG,PLTR,PNR,PNW,PSKY,PSX,PTC,PWR,PYPL,RCL,REG,RF,RJF,RL,RTX,SBAC,SBUX,SCHW,SHOP,SO,SPG,SRE,STLD,STT,SWK,T,TDY,TRMB,TT,TTD,TTWO,TYL,UAL,URI,VLO,VST,WAB,WAT,WBD,WDAY,WDC,WMT,WST,WTW,WYNN,XEL,YUM,^VIX","ABBV,ADBE,ADI,ADM,AIZ,AJG,ALL,AME,AMGN,APA,APTV,AWK,BA,BALL,BF.B,BG,BIIB,BRO,CAG,CAH,CCI,CDW,CHTR,CL,CMCSA,CNC,CPB,CRL,CRM,CSGP,CTAS,CTRA,DG,DHI,DLTR,DPZ,ELV,EPAM,F,FDX,FER,GD,GEN,GIS,GL,GOOG,GOOGL,GPN,GRMN,HII,HPE,HSIC,HUM,INTU,INVH,IQV,KLAC,L,LLY,LYB,MCHP,MCK,MO,MPWR,MRK,MRNA,NEE,NWS,NWSA,NXPI,OKE,ON,QQQ,REGN,ROK,ROP,RVTY,SMCI,SWKS,SYY,TEL,TER,TRI,TSN,TXN,UHS,ZBH",191,87,[],[]
2024-10-28,"AAPL,ABNB,ABT,ADP,AEE,AFL,ALB,ALGN,AON,APO,APP,ARM,ATO,AVGO,AXON,AZO,BAC,BDX,BK,BKNG,BKR,BLK,BMY,BR,BRK.B,BSX,BX,BXP,C,CAT,CBOE,CCL,CEG,CF,CHRW,CIEN,CLX,CME,CMG,CMI,CMS,COF,COIN,CPAY,CRH,CRWD,CSCO,CTVA,CVNA,CVX,DAL,DASH,DD,DE,DIS,DLR,DOC,DRI,EFX,EL,EMR,EOG,EQIX,EQT,ETN,ETR,EXC,EXPE,FAST,FCX,FDS,FIS,FISV,FOX,FOXA,FRT,FTNT,FTV,GEV,GILD,GLW,GNRC,HAL,HBAN,HOLX,HOOD,HPQ,HST,IBKR,ICE,INCY,INSM,INTC,IP,IRM,ISRG,ITW,IVZ,J,JBHT,JBL,JKHY,KEY,KEYS,KHC,KKR,KMI,KR,LDOS,LHX,LII,LULU,LVS,LW,LYV,MA,MAA,MDT,META,MGM,MKC,MLM,MOS,MRVL,MSCI,MSTR,MTB,MTCH,MU,NCLH,NI,NOC,NOW,NSC,OMC,ORCL,ORLY,OTIS,PAYC,PAYX,PCAR,PCG,PDD,PFE,PKG,PLTR,PNR,PNW,PSKY,PSX,PTC,PWR,PYPL,RCL,REG,RF,RJF,RL,RTX,SBAC,SBUX,SCHW,SHOP,SO,SPG,SRE,STLD,STT,SWK,T,TDY,TRMB,TT,TTD,TTWO,TYL,UAL,URI,VLO,VST,WAB,WAT,WBD,WDAY,WDC,WMB,WMT,WST,WTW,WYNN,XEL,XOM,YUM,^VIX","ABBV,ADBE,ADI,ADM,AIZ,AJG,ALL,AME,AMGN,APA,APTV,AWK,BA,BALL,BAX,BF.B,BG,BIIB,BRO,CAG,CAH,CCEP,CCI,CDW,CHTR,CL,CMCSA,CNC,CPB,CRL,CRM,CSGP,CTAS,CTRA,DG,DHI,DLTR,DPZ,ELV,EPAM,F,FDX,FER,GD,GEN,GIS,GL,GOOG,GOOGL,GPN,GRMN,HII,HPE,HSIC,HUM,INTU,INVH,IQV,KLAC,L,LLY,LYB,MCHP,MCK,MO,MPWR,MRK,MRNA,NEE,NWS,NWSA,OKE,ON,QQQ,REGN,ROK,ROP,RVTY,SMCI,SWKS,SYY,TEL,TER,TRI,TSN,TXN,UHS,ULTA,ZBH",194,89,[],[]
2024-10-29,"AAPL,ABNB,ABT,ADP,AFL,ALB,ALGN,AON,APO,APP,ARM,ATO,AVGO,AXON,AZO,BAC,BDX,BK,BKNG,BKR,BLK,BMY,BR,BRK.B,BSX,BX,BXP,C,CAT,CBOE,CCL,CEG,CF,CHRW,CIEN,CLX,CME,CMG,CMI,COF,COIN,CPAY,CRH,CRWD,CSCO,CTVA,CVNA,CVX,DAL,DASH,DD,DE,DIS,DLR,DOC,DRI,EFX,EL,EMR,EOG,EQIX,EQT,ETN,ETR,EXPE,FAST,FCX,FDS,FIS,FISV,FOX,FOXA,FRT,FTNT,FTV,GEV,GILD,GLW,GNRC,HAL,HBAN,HOLX,HOOD,HPQ,HST,IBKR,ICE,INCY,INSM,INTC,IP,IRM,ISRG,ITW,IVZ,J,JBHT,JBL,JKHY,KEY,KEYS,KHC,KKR,KMI,KR,LDOS,LHX,LII,LULU,LVS,LW,LYV,MA,MDT,META,MGM,MKC,MLM,MOS,MRVL,MSTR,MTB,MTCH,MU,NCLH,NI,NOW,NSC,OMC,ORCL,ORLY,OTIS,PAYC,PAYX,PCAR,PCG,PDD,PFE,PKG,PLTR,PNR,PNW,PSKY,PTC,PWR,PYPL,RCL,REG,RF,RJF,RL,RTX,SBUX,SCHW,SHOP,SPG,SRE,STLD,STT,T,TDY,TRMB,TT,TTD,TTWO,TYL,UAL,URI,VLO,VST,WAB,WAT,WBD,WDAY,WDC,WMB,WMT,WST,WTW,WYNN,XEL,XOM,YUM,^VIX","ABBV,ADBE,ADI,ADM,AIZ,AJG,ALL,AME,AMGN,APA,APTV,AWK,BA,BALL,BAX,BF.B,BG,BIIB,BRO,CAG,CAH,CCEP,CCI,CDW,CHTR,CL,CMCSA,CNC,CPB,CRL,CSGP,CTAS,CTRA,DG,DHI,DLTR,DPZ,ELV,EPAM,F,FDX,FER,GD,GEN,GIS,GL,GPN,GRMN,HII,HPE,HSIC,HUM,IDXX,INVH,IQV,KLAC,L,LLY,LYB,MCHP,MCK,MDLZ,MELI,MO,MPWR,MRK,MRNA,NEE,OKE,ON,QQQ,REGN,ROK,ROP,RVTY,SMCI,SWKS,SYY,TER,TRI,TSN,TXN,UHS,ULTA,ZBH",184,85,[],[]
2024-10-30,"AAPL,ABNB,ABT,ADP,AFL,ALB,ALGN,AON,APO,APP,ARM,ATO,AVGO,AXON,BAC,BDX,BK,BKNG,BKR,BLK,BMY,BR,BRK.B,BSX,BX,C,CAT,CBOE,CCL,CEG,CF,CHRW,CIEN,CLX,CME,CMI,COF,COIN,CPAY,CRH,CRWD,CSCO,CTVA,CVNA,CVX,DAL,DASH,DD,DE,DIS,DLR,DOC,DRI,DVN,EFX,EL,EMR,EOG,EQIX,EQT,ETN,ETR,EXPE,FAST,FCX,FDS,FIS,FISV,FOX,FOXA,FRT,FTNT,GEV,GILD,GLW,GNRC,HAL,HBAN,HOLX,HOOD,HPQ,HST,IBKR,ICE,INCY,INSM,INTC,IP,IRM,ISRG,ITW,IVZ,J,JBHT,JBL,JKHY,KEY,KEYS,KKR,KMI,KR,LDOS,LHX,LII,LULU,LVS,LW,LYV,MA,MDT,META,MGM,MKC,MLM,MOS,MRVL,MSTR,MTB,MTCH,MU,NCLH,NI,NOW,NSC,OMC,ORCL,ORLY,PAYC,PAYX,PCAR,PCG,PDD,PFE,PKG,PLTR,PNR,PNW,PSKY,PTC,PWR,PYPL,RCL,REG,RF,RJF,RL,RTX,SBUX,SCHW,SHOP,SPG,SRE,STLD,STT,T,TDY,TPL,TRMB,TTD,TTWO,TYL,UAL,URI,VLO,VST,WAB,WAT,WBD,WDAY,WDC,WMB,WMT,WST,WTW,WYNN,XEL,XOM,YUM,^VIX","ADBE,ADI,ADM,AES,AIZ,AJG,ALL,AME,AMGN,AMZN,APA,APTV,AWK,BA,BALL,BAX,BF.B,BG,BIIB,BRO,CAG,CAH,CCEP,CCI,CDW,CHTR,CL,CMCSA,CNC,CPB,CPT,CRL,CSGP,CTAS,CTRA,DG,DHI,DLTR,DPZ,ELV,EPAM,EXPD,F,FDX,FER,GD,GEN,GIS,GL,HCA,HII,HPE,HSIC,HUM,IDXX,INVH,IQV,KLAC,L,LLY,LYB,MCHP,MCK,MDLZ,MELI,MO,MPWR,MRK,MRNA,NEE,OKE,ON,QQQ,REGN,ROK,ROP,RVTY,SMCI,STZ,SWKS,SYY,TER,TRI,TSN,TXN,UHS,ULTA",179,87,[],[]
2024-10-31,"AAPL,ABNB,ABT,ADP,AIG,ALB,ALGN,AON,APO,APP,ARM,AVGO,AXP,BAC,BK,BKNG,BKR,BLK,BMY,BR,BRK.B,BSX,BX,C,CAT,CBOE,CCL,CEG,CF,CIEN,CLX,CME,CMI,CNP,COF,CPAY,CRH,CRWD,CSCO,CTVA,CVNA,CVX,DAL,DASH,DD,DE,DECK,DIS,DLR,DOC,DRI,DVN,EFX,EMR,EOG,EQIX,EQT,ETR,EXPE,FAST,FCX,FDS,FIS,FISV,FOX,FOXA,FTNT,GEV,GILD,GLW,GNRC,HAL,HBAN,HOLX,HST,IBKR,INCY,IP,ISRG,ITW,IVZ,J,JBHT,JBL,JKHY,KEY,KKR,KMI,KR,LDOS,LHX,LII,LULU,LVS,LW,LYV,MDT,META,MKC,MLM,MOS,MRVL,MS,MSTR,MTB,NCLH,NI,NOW,NSC,OMC,ORLY,PAYC,PAYX,PCAR,PCG,PDD,PFE,PKG,PNR,PNW,PSKY,PTC,PYPL,RCL,REG,RF,RJF,RL,RTX,SBUX,SCHW,SHOP,SPG,SRE,STLD,STT,SYF,T,TDY,TEAM,TPL,TRMB,TTD,TTWO,TYL,UAL,URI,VLO,VST,WAB,WAT,WBD,WDAY,WDC,WMB,WMT,WRB,WST,WTW,WYNN,XEL,XOM,^VIX","ADBE,ADI,ADM,AES,AIZ,AJG,ALL,AMGN,AMZN,APA,APTV,AWK,BA,BALL,BAX,BF.B,BG,BIIB,BRO,CAG,CAH,CCEP,CCI,CDW,CHTR,CL,CNC,COO,CPB,CPT,CRL,CSGP,CTAS,CTRA,DG,DHI,DLTR,DPZ,ELV,EPAM,EXPD,EXR,F,FDX,FER,GD,GIS,GL,HCA,HII,HPE,HSIC,HUM,IDXX,INVH,IQV,KLAC,L,LLY,LYB,MCHP,MCK,MDLZ,MELI,MPWR,MRK,MRNA,NDSN,NEE,OKE,ON,PSA,QQQ,REGN,ROK,ROP,RVTY,SMCI,STZ,SWKS,SYY,TER,TRI,TSN,TXN,UHS,ULTA",163,87,[],[]
2024-11-01,"ABNB,ABT,ADP,AIG,ALB,ALGN,AON,APO,APP,ARM,AVGO,AXP,BAC,BK,BKNG,BKR,BLK,BMY,BR,BRK.B,BSX,BX,C,CAT,CBOE,CCL,CEG,CF,CIEN,CLX,CME,CMI,COF,CPAY,CRH,CRWD,CSCO,CTVA,CVNA,CVX,DAL,DASH,DD,DE,DECK,DIS,DLR,DOC,DRI,DVN,EFX,EMR,EOG,EQIX,EQT,ETR,EXPE,FAST,FCX,FDS,FIS,FISV,FOX,FOXA,FTNT,GEV,GILD,GLW,GNRC,HAL,HBAN,HOLX,HST,HUBB,IBKR,INCY,IP,ISRG,ITW,IVZ,J,JBHT,JBL,JKHY,KEY,KKR,KMI,KR,LDOS,LHX,LII,LULU,LVS,LW,LYV,MDT,META,MKC,MLM,MOS,MRVL,MS,MSTR,MTB,NCLH,NI,NOW,NSC,OMC,ORLY,PAYC,PAYX,PCAR,PCG,PDD,PFE,PKG,PNR,PSKY,PTC,PYPL,RCL,REG,RF,RJF,RL,SBUX,SCHW,SHOP,SPG,STLD,STT,SYF,T,TDY,TEAM,TPL,TRMB,TTD,TTWO,TYL,UAL,URI,VLO,VST,WAB,WAT,WBD,WDAY,WDC,WMB,WMT,WRB,WST,WTW,WYNN,XEL,XOM,^VIX","ACGL,ADBE,ADI,ADM,AES,AIZ,AJG,ALL,AMGN,APA,APTV,AWK,BA,BALL,BAX,BF.B,BG,BIIB,BRO,CAG,CCEP,CCI,CDW,CL,CNC,COO,CPB,CPT,CRL,CSGP,CTAS,CTRA,DG,DHI,DLTR,EG,ELV,EPAM,ES,EXPD,EXR,F,FDX,FER,GD,GIS,GL,HCA,HII,HPE,HSIC,HSY,HUM,IDXX,INVH,IQV,KLAC,KO,L,LLY,LYB,MCHP,MDLZ,MELI,MPWR,MRK,MRNA,NDSN,NEE,NVR,OKE,ON,PGR,PSA,QQQ,REGN,ROK,ROL,ROP,ROST,RVTY,SMCI,STE,STZ,SWKS,SYY,TER,TRI,TSN,TXN,UHS,ULTA",159,92,[],[]
2024-11-04,"ABNB,ABT,ADP,AIG,ALB,ALGN,AON,APP,ARM,AVGO,AXP,BAC,BK,BKNG,BKR,BLK,BMY,BR,BSX,BX,C,CAT,CBOE,CCL,CF,CIEN,CLX,CME,CMI,COF,CPAY,CRH,CRWD,CSCO,CTVA,CVNA,CVX,DAL,DASH,DD,DE,DECK,DIS,DLR,DOC,DRI,DVN,EFX,EMR,EOG,EQIX,EQT,ETR,EW,EXPE,FAST,FCX,FDS,FIS,FISV,FOX,FOXA,FTNT,GEV,GILD,GLW,GNRC,HAL,HBAN,HOLX,HST,HUBB,IBKR,INCY,IP,ISRG,ITW,IVZ,J,JBHT,JBL,JKHY,KEY,KKR,KMI,KR,LDOS,LHX,LII,LULU,LVS,LW,LYV,MDT,META,MKC,MLM,MOS,MRVL,MS,MSTR,MTB,NCLH,NI,NOW,NSC,NVDA,OMC,ORLY,PAYC,PAYX,PCAR,PCG,PDD,PFE,PKG,PNR,PSKY,PTC,PYPL,RCL,REG,RF,RJF,RL,SBUX,SCHW,SHOP,SPG,STLD,STT,SYF,T,TDY,TEAM,TPL,TRMB,TTD,TTWO,TYL,UAL,URI,VLO,VST,WAB,WAT,WBD,WDAY,WDC,WMB,WMT,WRB,WST,WTW,WYNN,XEL,XOM,^VIX","ACGL,ADBE,ADI,ADM,AES,AIZ,AJG,ALL,AMGN,APA,APTV,AWK,BA,BALL,BAX,BF.B,BG,BIIB,BRO,CAG,CCEP,CCI,CDW,CL,CNC,COO,CPB,CPT,CRL,CSGP,CTAS,CTRA,DG,DHI,DLTR,DVA,EG,ELV,EPAM,ES,EXPD,EXR,F,FDX,FER,GD,GIS,GL,HCA,HII,HPE,HSY,HUM,IDXX,INVH,IQV,KLAC,KO,L,LLY,LYB,MCHP,MDLZ,MELI,MPC,MPWR,MRK,MRNA,NDSN,NEE,NVR,OKE,ON,PGR,PSA,QQQ,REGN,ROK,ROL,ROP,ROST,RVTY,SMCI,STE,STZ,SWKS,SYY,TAP,TER,TRI,TSN,TXN,UHS,ULTA",158,94,[],[]
2024-11-05,"ABNB,ABT,ADP,AIG,ALB,ALGN,AON,APP,ARM,AVGO,AXP,BAC,BK,BKNG,BKR,BLK,BMY,BR,BSX,BX,C,CAT,CBOE,CCL,CF,CIEN,CLX,CME,CMI,COF,COST,CPAY,CRH,CRWD,CSCO,CTVA,CVNA,CVX,DAL,DASH,DD,DE,DECK,DIS,DLR,DOC,DRI,DVN,EFX,EMR,EOG,EQIX,EQT,ETR,EW,EXPE,FAST,FCX,FDS,FIS,FISV,FOX,FOXA,FTNT,GEV,GILD,GLW,GNRC,HAL,HBAN,HST,HUBB,IBKR,INCY,IP,ISRG,ITW,IVZ,J,JBHT,JBL,JKHY,KEY,KKR,KMI,KR,LDOS,LHX,LII,LULU,LVS,LW,LYV,MDT,META,MKC,MLM,MOS,MRSH,MRVL,MS,MSTR,MTB,NCLH,NI,NOW,NSC,NVDA,OMC,ORLY,PAYC,PAYX,PCAR,PCG,PDD,PFE,PKG,PNR,PSKY,PTC,PYPL,RCL,REG,RF,RJF,RL,SBUX,SCHW,SHOP,SPG,STLD,STT,SYF,T,TDY,TEAM,TPL,TRGP,TRMB,TTD,TTWO,TYL,UAL,UBER,URI,VLO,VRSK,VST,WAB,WAT,WBD,WDAY,WDC,WMB,WMT,WRB,WST,WTW,XEL,XOM,^VIX","ACGL,ADBE,ADI,ADM,AES,AIZ,AJG,ALL,AMGN,APA,APTV,AWK,BA,BALL,BAX,BF.B,BG,BIIB,BRO,CAG,CCEP,CCI,CDW,CL,CNC,COO,CPB,CPT,CRL,CSGP,CTAS,CTRA,DG,DHI,DLTR,DVA,EG,ELV,EPAM,ES,EXR,F,FDX,FER,GD,GIS,GL,HCA,HII,HPE,HSY,HUM,IDXX,INVH,IQV,KLAC,KO,L,LLY,LYB,MCHP,MDLZ,MELI,MPC,MPWR,MRK,MRNA,NDSN,NEE,NRG,NVR,ON,PGR,PSA,QQQ,REGN,ROK,ROL,ROP,ROST,RVTY,SMCI,STE,STZ,SWKS,SYY,TAP,TER,TSN,TXN,UHS,ULTA",161,92,[],[]
2024-11-06,"ABNB,ABT,ADP,AIG,ALB,ALGN,AON,APP,ARM,AVGO,AXP,BAC,BK,BKNG,BKR,BLK,BMY,BR,BSX,BX,C,CAT,CCL,CF,CIEN,CLX,CME,CMI,COF,COST,CPAY,CRH,CRWD,CSCO,CTVA,CVNA,CVX,DAL,DASH,DD,DE,DECK,DIS,DLR,DOC,DRI,DVN,EFX,EMR,EOG,EQIX,EQT,ETR,EW,EXPE,FAST,FCX,FDS,FIS,FISV,FOX,FOXA,FTNT,GDDY,GEV,GILD,GLW,GNRC,HAL,HBAN,HST,HUBB,IBKR,INCY,IP,ISRG,ITW,IVZ,J,JBHT,JBL,KEY,KKR,KMI,KR,LDOS,LHX,LII,LULU,LVS,LW,LYV,MDT,META,MKC,MLM,MOS,MRSH,MRVL,MS,MSTR,MTB,NCLH,NI,NOW,NSC,NVDA,OMC,ORLY,PAYC,PAYX,PCAR,PCG,PDD,PFE,PKG,PNR,PSKY,PTC,PYPL,RCL,REG,RF,RJF,RL,SBUX,SCHW,SHOP,SPG,STLD,STT,SYF,T,TDY,TEAM,TPL,TRGP,TRMB,TTD,TTWO,TYL,UAL,UBER,URI,VLO,VRSK,VRTX,VST,WAB,WAT,WBD,WDAY,WDC,WMB,WMT,WRB,WST,WTW,XEL,XOM,XYZ","ACGL,ADI,ADM,AES,ALL,AMGN,APA,APTV,AWK,BA,BALL,BAX,BF.B,BG,BIIB,CAG,CCEP,CCI,CDW,CL,CNC,COO,CPB,CPT,CSGP,CTRA,DG,DHI,DLTR,DVA,EG,EIX,ELV,ES,EXR,F,FDX,FER,FSLR,GIS,GL,HCA,HII,HSY,IDXX,INVH,IQV,KLAC,KO,LLY,LYB,MCHP,MDLZ,MPWR,MRK,MRNA,NEE,NRG,NVR,ON,PSA,REGN,ROL,ROST,RVTY,SMCI,STE,STZ,SWKS,SYY,TAP,TER,TSN,UHS,ULTA,WSM",161,76,[],[]
2024-11-07,"ABNB,ABT,ADP,AIG,ALB,ALGN,AON,APP,ARM,AVGO,AXP,BAC,BK,BKNG,BKR,BLK,BMY,BR,BSX,BX,C,CAT,CCL,CF,CFG,CIEN,CLX,CME,CMI,COF,COST,CPAY,CRH,CRWD,CSCO,CVNA,CVX,DAL,DASH,DD,DE,DECK,DIS,DLR,DOC,DRI,DVN,EFX,EMR,EOG,EQIX,EQT,ETR,EW,EXPE,FAST,FCX,FDS,FIS,FISV,FITB,FOX,FOXA,FTNT,GDDY,GEV,GILD,GLW,GNRC,GS,GWW,HAL,HBAN,HST,HUBB,IBKR,INCY,IP,ISRG,ITW,IVZ,J,JBHT,JBL,JPM,KEY,KKR,KMI,KR,LDOS,LHX,LII,LULU,LVS,LW,LYV,MDT,META,MKC,MLM,MOS,MRSH,MRVL,MS,MSTR,MTB,NCLH,NI,NOW,NSC,NVDA,OMC,ORLY,PAYC,PAYX,PCAR,PCG,PDD,PFE,PKG,PNC,PNR,PSKY,PTC,PYPL,RCL,REG,RF,RJF,RL,SBUX,SCHW,SHOP,SPG,STLD,STT,SYF,T,TDY,TEAM,TPL,TRGP,TRMB,TTD,TTWO,TYL,UAL,UBER,URI,USB,VLO,VRSK,VRTX,VST,WAB,WAT,WBD,WDAY,WDC,WMB,WMT,WRB,WST,WTW,XEL,XOM,XYZ","ACGL,ADI,ADM,AES,ALL,AMGN,AOS,APA,APTV,AWK,BA,BALL,BAX,BF.B,BG,BIIB,CAG,CCEP,CCI,CDW,CL,CNC,COO,CPB,CPT,CSGP,CTRA,DG,DHI,DLTR,DVA,EG,EIX,ELV,ES,EXR,F,FDX,FER,FSLR,GIS,GL,HCA,HII,HSY,IDXX,INVH,IQV,KLAC,KO,LLY,LYB,MCHP,MDLZ,MPWR,MRK,MRNA,NEE,NVR,ON,PEG,PSA,REGN,ROL,ROST,RVTY,SMCI,STE,STZ,SWKS,SYY,TAP,TER,TSN,UHS,WSM",167,76,[],[]
2024-11-08,"ABNB,ABT,ADP,ADSK,AIG,ALB,ALGN,AON,APH,APP,ARM,AVGO,AXP,BAC,BK,BKNG,BKR,BLK,BMY,BR,BSX,BX,C,CAT,CCL,CF,CFG,CIEN,CLX,CME,CMI,COF,COST,CPAY,CRH,CRWD,CSCO,CVNA,CVX,DAL,DASH,DD,DECK,DIS,DLR,DOC,DRI,DVN,EFX,EMR,EOG,EQIX,EQT,ETR,EW,EXPE,FAST,FCX,FDS,FIS,FISV,FITB,FOX,FOXA,FTNT,GDDY,GEV,GILD,GLW,GNRC,GS,GWW,HAL,HBAN,HST,HUBB,IBKR,INCY,IP,ISRG,ITW,IVZ,J,JBHT,JBL,JPM,KEY,KKR,KMI,KR,LDOS,LHX,LII,LULU,LVS,LW,LYV,MDT,META,MKC,MLM,MOS,MRSH,MRVL,MS,MSTR,MTB,NCLH,NI,NOW,NSC,NTRS,NVDA,OMC,ORLY,PAYC,PAYX,PCAR,PCG,PDD,PFE,PKG,PNC,PNR,PSKY,PTC,PYPL,QCOM,RCL,REG,RF,RJF,RL,SBUX,SCHW,SHOP,SNA,SPG,STLD,STT,SYF,T,TDY,TEAM,TPL,TRGP,TRMB,TTD,TTWO,TYL,UAL,UBER,URI,USB,VLO,VRSK,VRTX,VST,VTR,WAB,WAT,WBD,WDAY,WDC,WELL,WMB,WMT,WRB,WST,WTW,XEL,XOM,XYZ","ACGL,ADI,ADM,AES,ALL,AMGN,AOS,APA,APTV,AWK,BA,BALL,BAX,BF.B,BG,BIIB,CAG,CCEP,CCI,CDW,CL,CNC,COO,CPB,CPT,CSGP,CTRA,DG,DHI,DLTR,DVA,EG,EIX,ELV,ES,EXR,F,FDX,FER,FSLR,GIS,GL,HCA,HII,HSY,IDXX,INVH,IQV,KLAC,KO,LLY,LYB,MCHP,MDLZ,MPWR,MRK,MRNA,NEE,NVR,ON,PEG,PSA,REGN,ROL,ROST,RVTY,SMCI,STE,STZ,SWKS,SYY,TAP,TER,TSN,UHS,WSM",173,76,[],[]
2024-11-11,"ABNB,ABT,ADP,ADSK,AIG,ALB,ALGN,AON,APH,APP,ARM,AVGO,AXP,BAC,BK,BKNG,BKR,BLK,BMY,BR,BSX,BX,C,CAT,CCL,CF,CFG,CIEN,CLX,CME,CMI,COF,COR,COST,CPAY,CRH,CRWD,CSCO,CVNA,CVX,DAL,DASH,DD,DECK,DIS,DLR,DOC,DRI,DVN,EA,EFX,EMR,EOG,EQIX,EQT,ETR,EW,EXPE,FAST,FCX,FDS,FIS,FISV,FITB,FOX,FOXA,FTNT,GDDY,GEV,GILD,GLW,GNRC,GS,GWW,HAL,HBAN,HST,HUBB,IBKR,INCY,IP,ISRG,ITW,IVZ,J,JBHT,JBL,JNJ,JPM,KEY,KIM,KKR,KMI,KR,LDOS,LHX,LII,LULU,LVS,LW,LYV,MDT,META,MKC,MLM,MNST,MOS,MRSH,MRVL,MS,MSTR,MTB,NCLH,NI,NOW,NSC,NTRS,NVDA,OMC,ORLY,PAYC,PAYX,PCAR,PCG,PDD,PKG,PNC,PNR,PSKY,PTC,PYPL,QCOM,RCL,REG,RF,RJF,RL,SBUX,SCHW,SHOP,SNA,SPG,STLD,STT,SYF,T,TDY,TEAM,TJX,TPL,TRGP,TRMB,TTD,TTWO,TYL,UAL,UBER,URI,USB,VLO,VMC,VRSK,VRTX,VST,VTR,VTRS,WAB,WAT,WBD,WDAY,WDC,WELL,WMB,WMT,WRB,WST,WTW,XEL,XOM,XYZ","ACGL,ADI,ADM,AES,ALL,AMGN,AOS,APA,APTV,ASML,AWK,BA,BALL,BAX,BF.B,BG,BIIB,CAG,CCEP,CCI,CDW,CL,CNC,COO,CPB,CPT,CSGP,CTRA,DG,DHI,DLTR,DVA,EG,EIX,ELV,ES,EXR,F,FANG,FER,FSLR,GIS,GL,HCA,HII,HSY,IDXX,INVH,IQV,KLAC,KO,LLY,LRCX,LYB,MCHP,MDLZ,MPWR,MRK,MRNA,NEE,NVR,ON,OXY,PEG,PSA,REGN,ROL,ROST,RVTY,SMCI,STE,STZ,SWKS,SYY,TAP,TER,TSN,UHS,WSM",180,79,[],[]
2024-11-12,"ABNB,ABT,ADP,ADSK,AIG,ALB,ALGN,AON,APH,APP,ARM,AVGO,AXP,BAC,BK,BKNG,BKR,BLK,BMY,BR,BSX,BX,C,CAT,CCL,CF,CFG,CIEN,CLX,CME,CMI,COF,COR,COST,CPAY,CRH,CRWD,CSCO,CVNA,CVX,D,DAL,DASH,DD,DECK,DIS,DLR,DOC,DRI,DVN,EA,EFX,EMR,EOG,EQIX,EQT,ETR,EW,EXPE,FAST,FCX,FDS,FIS,FISV,FITB,FOX,FOXA,FTNT,GDDY,GEV,GILD,GLW,GNRC,GS,GWW,HAL,HBAN,HST,HUBB,IBKR,INCY,IP,ISRG,ITW,IVZ,J,JBHT,JBL,JPM,KEY,KIM,KKR,KMI,KR,LDOS,LHX,LII,LULU,LVS,LW,LYV,MDT,META,MKC,MLM,MNST,MOS,MRSH,MRVL,MS,MSTR,MTB,NCLH,NI,NOW,NSC,NTRS,NVDA,OMC,ORLY,PAYC,PAYX,PCAR,PCG,PDD,PKG,PLD,PNC,PNR,PSKY,PTC,PYPL,QCOM,RCL,REG,RF,RJF,RL,SBUX,SCHW,SHOP,SNA,SOLV,SPG,STLD,STT,SYF,T,TDY,TEAM,TFC,TJX,TMUS,TPL,TRGP,TRMB,TTD,TTWO,TYL,UAL,UBER,URI,USB,V,VLO,VMC,VRSK,VRTX,VST,VTR,VTRS,WAB,WAT,WBD,WDAY,WDC,WELL,WMB,WMT,WRB,WST,WTW,XEL,XOM,XYZ","ACGL,ADI,ADM,AES,ALL,AMGN,AOS,APA,APTV,ASML,AWK,BA,BALL,BAX,BF.B,BG,BIIB,CAG,CCEP,CCI,CDW,CL,CNC,COO,CPB,CPT,CSGP,CTRA,DG,DHI,DLTR,DVA,EG,EIX,ELV,ERIE,ES,EXR,F,FANG,FER,FSLR,GIS,GL,HCA,HII,HSY,IDXX,INVH,IQV,KLAC,KO,LLY,LRCX,LYB,MCHP,MDLZ,MPWR,MRK,MRNA,NEE,NVR,ON,OXY,PEG,PSA,REGN,ROL,ROST,RVTY,SMCI,STE,STZ,SWKS,SYY,TAP,TER,UHS,WSM",185,79,[],[]
2024-11-13,"ABNB,ABT,ADP,ADSK,AIG,ALB,ALGN,AON,APH,APP,ARM,AVGO,AXP,BAC,BK,BKNG,BKR,BLK,BMY,BR,BSX,BX,C,CAT,CCL,CF,CFG,CIEN,CLX,CME,CMI,COF,COR,COST,CPAY,CRH,CRWD,CSCO,CVNA,CVX,D,DAL,DASH,DD,DECK,DIS,DLR,DOC,DRI,DVN,EA,EFX,EMR,EOG,EQIX,EQT,ETR,EW,EXPE,FAST,FCX,FDS,FIS,FISV,FITB,FOX,FOXA,FTNT,GDDY,GEV,GILD,GLW,GNRC,GS,GWW,HAL,HBAN,HST,HUBB,IBKR,INCY,IP,ISRG,ITW,IVZ,J,JBHT,JBL,JPM,KEY,KIM,KKR,KMI,KR,LDOS,LHX,LII,LULU,LVS,LW,LYV,MDT,META,MKC,MLM,MNST,MOS,MRSH,MRVL,MS,MSTR,MTB,NCLH,NI,NOW,NSC,NTRS,NVDA,OMC,ORLY,PAYC,PAYX,PCAR,PCG,PDD,PKG,PLD,PNC,PNR,PSKY,PTC,PYPL,QCOM,RCL,REG,RF,RJF,RL,SBUX,SCHW,SHOP,SNA,SOLV,SPG,STLD,STT,SYF,T,TDY,TEAM,TFC,TJX,TMUS,TPL,TRGP,TRMB,TRV,TTD,TTWO,TYL,UAL,UBER,URI,USB,V,VLO,VMC,VRSK,VRTX,VST,VTR,VTRS,WAB,WAT,WBD,WDAY,WDC,WELL,WMB,WMT,WRB,WST,WTW,XEL,XOM,XYZ","A,ACGL,ADI,ADM,AES,ALL,AMGN,AOS,APA,APTV,ASML,AWK,BA,BALL,BAX,BF.B,BG,BIIB,CAG,CCEP,CCI,CDW,CL,CNC,COO,CPB,CPT,CSGP,CTRA,DG,DHI,DLTR,DVA,EG,EIX,ELV,ERIE,ES,EXR,F,FANG,FER,FSLR,GIS,GL,HCA,HII,HSY,IDXX,INVH,IQV,KLAC,KO,LLY,LRCX,LYB,MCHP,MDLZ,MOH,MPWR,MRK,MRNA,MTD,NEE,NVR,ON,OXY,PEG,PSA,REGN,ROL,ROST,RVTY,SMCI,STE,STZ,SWKS,SYY,TAP,TER,UHS,WSM",186,82,[],[]
2024-11-14,"ABNB,ABT,ADP,ADSK,AIG,ALB,ALGN,AON,APH,APP,ARM,AVGO,AXP,BAC,BK,BKNG,BKR,BLK,BMY,BR,BSX,BX,C,CAT,CCL,CF,CFG,CIEN,CLX,CME,CMI,COF,COR,COST,CPAY,CRH,CRWD,CSCO,CVNA,CVX,D,DAL,DASH,DD,DECK,DIS,DLR,DRI,DVN,DXCM,EA,EFX,EMR,EOG,EQIX,EQT,ETR,EW,EXPE,FAST,FCX,FDS,FIS,FISV,FITB,FOX,FOXA,FTNT,GDDY,GEV,GILD,GLW,GNRC,GS,GWW,HAL,HBAN,HRL,HST,HUBB,IBKR,INCY,IP,ISRG,ITW,IVZ,JBHT,JBL,JPM,KEY,KIM,KKR,KMI,KR,LII,LULU,LVS,LW,LYV,MDT,META,MKC,MLM,MNST,MOS,MRSH,MRVL,MS,MSTR,MTB,NCLH,NDAQ,NFLX,NI,NOW,NSC,NTRS,NVDA,OMC,ORLY,PAYC,PAYX,PCAR,PCG,PDD,PKG,PLD,PNC,PNR,PODD,PSKY,PTC,PYPL,QCOM,RCL,REG,RF,RJF,RL,SBUX,SCHW,SHOP,SNA,SOLV,SPG,STLD,STT,SYF,T,TDY,TEAM,TFC,TJX,TMUS,TPL,TRGP,TRMB,TRV,TTD,TTWO,TYL,UAL,UBER,URI,USB,V,VLO,VMC,VRSK,VRTX,VST,VTR,VTRS,WAB,WAT,WBD,WDAY,WDC,WELL,WMB,WMT,WRB,WST,WTW,XEL,XOM,XYZ","A,ACGL,ADI,ADM,AES,ALL,AMGN,AOS,APA,APTV,ASML,AWK,BA,BALL,BAX,BF.B,BG,BIIB,CAG,CCEP,CCI,CDW,CL,CNC,COO,CPB,CPT,CSGP,CTRA,DG,DHI,DLTR,DVA,EG,EIX,ELV,ERIE,ES,EXR,F,FANG,FER,FSLR,GIS,GL,HCA,HII,HSY,IDXX,INVH,IQV,KLAC,KO,LLY,LRCX,LYB,MCHP,MDLZ,MOH,MPWR,MRK,MRNA,MTD,NEE,NVR,ON,OXY,PEG,PSA,REGN,ROL,ROST,RVTY,SMCI,STE,STZ,SWKS,SYY,TAP,TER,UHS,WSM",187,82,[],[]
2024-11-15,"ABNB,ABT,ADP,ADSK,AIG,ALB,ALGN,AON,APH,APP,ARM,AXP,BAC,BK,BKNG,BKR,BLK,BMY,BR,BSX,BX,C,CAT,CCL,CF,CFG,CLX,CME,CMI,COF,COR,COST,CPAY,CRH,CRWD,CSCO,CVNA,CVX,D,DAL,DASH,DD,DECK,DIS,DLR,DRI,DVN,DXCM,EA,EMR,EOG,EQIX,EQT,ETR,EW,EXPE,FAST,FCX,FDS,FIS,FISV,FITB,FOX,FOXA,FTNT,GDDY,GEV,GILD,GLW,GNRC,GS,GWW,HAL,HBAN,HST,HUBB,IBKR,INCY,IP,ISRG,ITW,IVZ,JBHT,JBL,JPM,KEY,KIM,KKR,KMI,KR,KVUE,LII,LULU,LVS,LYV,MDT,MLM,MOS,MRSH,MRVL,MS,MSTR,MTB,NCLH,NDAQ,NFLX,NI,NOW,NSC,NTRS,NVDA,ORLY,PAYC,PAYX,PCAR,PCG,PDD,PKG,PLD,PNC,PNR,PODD,PSKY,PTC,PYPL,QCOM,RCL,REG,RF,RJF,RL,SBUX,SCHW,SHOP,SNA,SOLV,SPG,STLD,STT,SYF,T,TDY,TEAM,TFC,TJX,TMUS,TPL,TRGP,TRMB,TRV,TTD,TTWO,TYL,UAL,UBER,URI,USB,V,VLO,VMC,VRSK,VST,VTR,VTRS,WAB,WAT,WBD,WDAY,WDC,WELL,WMB,WMT,WRB,WST,WTW,XEL,XOM,XYZ","A,ACGL,ADI,ADM,AES,ALL,AMGN,AOS,APA,APTV,ASML,AWK,BA,BALL,BAX,BBY,BF.B,BG,BIIB,BLDR,CAG,CCEP,CCI,CDW,CL,CNC,COO,CPB,CPT,CSGP,CTRA,DG,DHI,DLTR,DVA,EBAY,EG,EIX,ELV,ERIE,ES,EXR,F,FANG,FER,FSLR,GIS,GL,HCA,HII,HSY,IDXX,INVH,IQV,KLAC,KO,LLY,LRCX,LYB,MCHP,MDLZ,MOH,MPWR,MRK,MRNA,MTD,NEE,NVR,ON,OXY,PEG,PSA,REGN,ROL,ROST,RVTY,SMCI,STE,STZ,SWKS,SYY,TAP,TER,TGT,UHS,WSM,XYL",178,87,[],[]
2024-11-18,"ABNB,ABT,ADP,ADSK,AIG,ALB,ALGN,AON,APH,APP,ARM,AXP,BAC,BK,BKNG,BKR,BLK,BMY,BR,BSX,BX,C,CAT,CCL,CF,CFG,CLX,CME,CMI,COF,COR,COST,CPAY,CRH,CRWD,CSCO,CVNA,CVX,D,DAL,DASH,DD,DECK,DGX,DIS,DLR,DRI,DVN,DXCM,EA,EMR,EOG,EQIX,EQT,ETR,EW,EXPE,FAST,FCX,FDS,FIS,FISV,FITB,FOX,FOXA,FTNT,GDDY,GEV,GILD,GLW,GM,GNRC,GS,GWW,HAL,HBAN,HST,HUBB,IBKR,INCY,IP,ISRG,ITW,IVZ,JBHT,JBL,JPM,KEY,KIM,KKR,KMI,KR,KVUE,LII,LULU,LVS,LYV,MDT,MLM,MOS,MRSH,MRVL,MS,MSTR,MTB,NCLH,NDAQ,NFLX,NI,NOW,NSC,NTRS,NVDA,ORLY,PAYC,PAYX,PCAR,PCG,PDD,PKG,PLD,PM,PNC,PNR,PODD,PSKY,PTC,PYPL,QCOM,RCL,REG,RF,RJF,RL,SBUX,SCHW,SHOP,SNA,SOLV,SPG,STLD,STT,SYF,T,TDY,TEAM,TFC,TJX,TMUS,TPL,TRGP,TRMB,TRV,TTD,TTWO,TYL,UAL,UBER,URI,USB,V,VLO,VMC,VRSK,VST,VTR,VTRS,WAB,WAT,WBD,WDAY,WDC,WELL,WMB,WMT,WRB,WST,WTW,XEL,XOM,XYZ","A,ACGL,ADI,ADM,AES,ALL,AMCR,AMGN,AOS,APA,APTV,ASML,AWK,BA,BALL,BAX,BBY,BF.B,BG,BIIB,BLDR,CAG,CCEP,CCI,CDW,CL,CNC,COO,CPB,CPT,CSGP,CTRA,DG,DHI,DHR,DLTR,DVA,EBAY,EG,EIX,ELV,ERIE,ES,EXR,F,FANG,FER,FSLR,GE,GIS,GL,GPC,HCA,HD,HII,HSY,IDXX,INVH,IQV,KLAC,KMB,KO,LEN,LLY,LMT,LOW,LRCX,LYB,MAS,MCHP,MCO,MDLZ,MMM,MOH,MPWR,MRK,MRNA,MTD,NEE,NTAP,NVR,ON,OXY,PEG,PHM,PPG,PSA,REGN,ROL,ROST,RVTY,SHW,SMCI,STE,STZ,SWKS,SYY,TAP,TER,TGT,UHS,VZ,WSM,WY,XYL",181,105,[],[]
2024-11-19,"ABNB,ABT,ADP,ADSK,AIG,ALB,ALGN,AON,APH,APP,ARM,AXP,BAC,BK,BKNG,BKR,BLK,BMY,BR,BSX,BX,C,CAT,CCL,CF,CFG,CLX,CME,CMI,COF,COR,COST,CPAY,CRH,CRWD,CSCO,CVNA,CVX,D,DAL,DASH,DD,DECK,DGX,DIS,DLR,DRI,DVN,DXCM,EA,EMR,EOG,EQIX,EQT,ETR,EW,EXPE,FAST,FCX,FDS,FIS,FISV,FITB,FOX,FOXA,FTNT,GDDY,GEV,GILD,GLW,GM,GNRC,GS,GWW,HAL,HBAN,HST,HUBB,IBKR,IP,ISRG,ITW,IVZ,JBHT,JBL,JPM,KEY,KIM,KKR,KMI,KR,KVUE,LII,LULU,LVS,LYV,MDT,MLM,MOS,MRSH,MRVL,MS,MSTR,MTB,NCLH,NDAQ,NFLX,NI,NOW,NSC,NTRS,NVDA,ORLY,PAYC,PAYX,PCAR,PCG,PDD,PKG,PLD,PM,PNC,PNR,PODD,PTC,PYPL,QCOM,RCL,REG,RF,RJF,RL,SBUX,SCHW,SHOP,SNA,SOLV,SPG,STLD,STT,SW,SYF,T,TDY,TEAM,TFC,TJX,TMUS,TPL,TRGP,TRMB,TRV,TTD,TTWO,TYL,UAL,UBER,URI,USB,V,VLO,VMC,VRSK,VST,VTR,VTRS,WAB,WAT,WBD,WDAY,WDC,WELL,WMB,WMT,WRB,WST,WTW,XEL,XOM,XYZ","A,ACGL,ADI,ADM,AES,ALL,AMCR,AMGN,AOS,APA,APTV,ASML,AVY,AWK,BA,BALL,BAX,BBY,BF.B,BG,BIIB,BLDR,CAG,CCEP,CCI,CDW,CL,CNC,COO,CPB,CPT,CSGP,CTRA,DDOG,DG,DHI,DHR,DLTR,DVA,EBAY,EG,ELV,ERIE,ES,EXR,F,FANG,FER,FSLR,GE,GIS,GL,GPC,HCA,HD,HII,HSY,IDXX,INVH,IQV,KLAC,KMB,KO,LEN,LLY,LMT,LOW,LRCX,LYB,MAS,MCD,MCHP,MCO,MDLZ,MMM,MOH,MPWR,MRK,MRNA,MTD,NEE,NKE,NTAP,NVR,ON,OXY,PEG,PHM,PPG,PSA,REGN,ROL,ROST,RVTY,SHW,SMCI,STE,STX,STZ,SWKS,SYY,TAP,TER,TGT,TMO,UHS,VZ,WSM,WY,XYL",180,110,[],[]
2024-11-20,"ABNB,ABT,ADP,ADSK,AIG,ALB,ALGN,AON,APH,APP,ARM,AXP,BAC,BK,BKNG,BKR,BLK,BMY,BR,BSX,BX,C,CAT,CBRE,CCL,CF,CFG,CLX,CME,CMI,COF,COR,COST,CPAY,CRH,CRWD,CSCO,CVNA,CVX,D,DAL,DASH,DD,DECK,DGX,DIS,DLR,DRI,DVN,DXCM,EA,EMR,EOG,EQIX,EQT,ETR,EW,EXPE,FAST,FCX,FDS,FIS,FISV,FITB,FOX,FOXA,FTNT,GDDY,GEV,GILD,GLW,GM,GNRC,GS,GWW,HAL,HBAN,HST,HUBB,IBKR,IP,ISRG,ITW,IVZ,JBHT,JBL,JPM,KEY,KIM,KKR,KMI,KR,KVUE,LII,LULU,LVS,LYV,MDT,MLM,MOS,MRSH,MRVL,MS,MSTR,MTB,NCLH,NDAQ,NFLX,NI,NOW,NSC,NTRS,NVDA,ORLY,PAYC,PAYX,PCAR,PCG,PDD,PKG,PLD,PM,PNC,PNR,PODD,POOL,PTC,PYPL,QCOM,RCL,REG,RF,RJF,RL,SBUX,SCHW,SHOP,SNA,SOLV,SPG,STLD,STT,SW,SYF,T,TDY,TEAM,TFC,TJX,TMUS,TPL,TRGP,TRMB,TRV,TSLA,TTD,TTWO,TYL,UAL,UBER,UPS,URI,USB,V,VLO,VMC,VRSK,VST,VTR,VTRS,WAB,WAT,WBD,WDAY,WDC,WELL,WMB,WMT,WRB,WST,WTW,XEL,XOM,XYZ","A,ACGL,ACN,ADI,ADM,AES,ALL,ALLE,AMCR,AMGN,AOS,APA,APTV,ASML,AVY,AWK,BA,BALL,BAX,BBY,BF.B,BG,BIIB,BLDR,CAG,CARR,CCEP,CCI,CDW,CL,CNC,COO,CPB,CPT,CSGP,CTRA,DDOG,DG,DHI,DHR,DLTR,DVA,EBAY,EG,ELV,ERIE,ES,EXR,F,FANG,FER,FSLR,GE,GIS,GL,GPC,HAS,HCA,HD,HII,HSY,IDXX,INVH,IQV,KDP,KLAC,KMB,KO,LEN,LIN,LLY,LMT,LOW,LRCX,LUV,LYB,MAS,MCD,MCHP,MCO,MDLZ,MMM,MOH,MPWR,MRK,MRNA,MTD,NEE,NEM,NKE,NTAP,NVR,ON,OXY,PEG,PHM,PPG,PSA,REGN,ROL,ROST,RVTY,SHW,SMCI,SPGI,STE,STX,STZ,SWKS,SYY,TAP,TER,TGT,TMO,UHS,VLTO,VZ,WY,XYL,ZTS",184,120,[],[]
2024-11-21,"ABNB,ABT,ADP,ADSK,AIG,ALB,ALGN,AON,APH,APP,ARM,AXP,BAC,BK,BKNG,BKR,BLK,BMY,BR,BSX,BX,C,CAT,CBRE,CCL,CF,CFG,CLX,CME,CMI,COF,COR,COST,CPAY,CRH,CRWD,CSCO,CVNA,CVX,D,DAL,DASH,DD,DECK,DGX,DIS,DLR,DRI,DVN,DXCM,EA,EMR,EOG,EQIX,EQT,ETR,EW,EXPE,FAST,FCX,FDS,FIS,FISV,FITB,FOX,FOXA,FTNT,GDDY,GEV,GILD,GLW,GM,GNRC,GS,GWW,HAL,HBAN,HST,HUBB,IBKR,IP,ISRG,ITW,IVZ,JBHT,JBL,JPM,KEY,KIM,KKR,KMI,KR,KVUE,LII,LULU,LVS,LYV,MDT,MLM,MOS,MRSH,MRVL,MS,MSTR,MTB,NCLH,NDAQ,NFLX,NI,NOW,NSC,NTRS,NVDA,ORLY,PAYC,PAYX,PCAR,PCG,PKG,PLD,PM,PNC,PNR,PODD,POOL,PTC,PYPL,QCOM,RCL,REG,RF,RJF,RL,RMD,SBUX,SCHW,SHOP,SNA,SOLV,SPG,STLD,STT,SW,SYF,T,TDY,TEAM,TFC,TJX,TMUS,TPL,TPR,TRGP,TRMB,TRV,TSLA,TTD,TTWO,TYL,UAL,UBER,UPS,URI,USB,V,VLO,VMC,VRSK,VST,VTR,VTRS,WAB,WAT,WBD,WDAY,WDC,WELL,WMB,WMT,WRB,WST,WTW,XEL,XOM,XYZ","A,ACGL,ACN,ADI,ADM,AES,ALL,ALLE,AMCR,AMGN,AOS,APA,APTV,ARE,ASML,AVY,AWK,BA,BALL,BAX,BBY,BF.B,BG,BIIB,BLDR,CAG,CARR,CCEP,CCI,CDW,CL,CNC,COO,CPB,CPT,CSGP,CTRA,DG,DHI,DHR,DLTR,DOW,DTE,EBAY,ECL,ELV,ERIE,ES,EXR,F,FANG,FER,FSLR,GE,GIS,GL,GPC,HAS,HCA,HD,HIG,HII,HSY,IDXX,INVH,IQV,KDP,KLAC,KMB,KO,LEN,LIN,LLY,LMT,LOW,LRCX,LUV,LYB,MAS,MCD,MCHP,MCO,MDLZ,MET,MMM,MOH,MPWR,MRK,MRNA,MTD,NEE,NEM,NKE,NVR,O,ON,OXY,PEG,PFG,PHM,PPG,PSA,REGN,ROL,ROST,RSG,RVTY,SHW,SMCI,SPGI,STE,STX,STZ,SWKS,SYY,TAP,TER,TGT,TMO,UHS,VICI,VLTO,VRSN,VZ,WEC,WY,XYL,ZTS",185,128,[],[]
2024-11-22,"ABNB,ABT,ADP,ADSK,AIG,ALB,ALGN,AON,APH,APP,ARM,AXP,BAC,BK,BKNG,BKR,BLK,BMY,BR,BSX,BX,C,CAT,CBRE,CCL,CF,CFG,CINF,CLX,CME,CMI,COF,COR,COST,CPAY,CRH,CRWD,CSCO,CVNA,CVX,D,DAL,DASH,DD,DECK,DGX,DIS,DLR,DRI,DVN,DXCM,EA,EMR,EOG,EQIX,EQT,ETR,EW,EXPE,FAST,FCX,FDS,FIS,FISV,FITB,FOX,FOXA,FTNT,GDDY,GEV,GILD,GLW,GM,GNRC,GS,GWW,HAL,HBAN,HST,HUBB,IBKR,IP,ISRG,ITW,IVZ,JBHT,JBL,JPM,KEY,KIM,KKR,KMI,KR,KVUE,LII,LULU,LVS,LYV,MDT,MLM,MOS,MRSH,MRVL,MS,MSTR,MTB,NCLH,NDAQ,NFLX,NI,NOW,NSC,NTRS,NVDA,ORLY,PAYC,PAYX,PCAR,PCG,PKG,PLD,PM,PNC,PNR,PODD,POOL,PTC,PYPL,QCOM,RCL,REG,RF,RJF,RL,RMD,SBUX,SCHW,SHOP,SNA,SOLV,SPG,STLD,STT,SW,SYF,T,TDY,TEAM,TFC,TJX,TMUS,TPL,TPR,TRGP,TRMB,TRV,TSLA,TTD,TTWO,TYL,UAL,UBER,UPS,URI,USB,V,VLO,VMC,VRSK,VST,VTR,VTRS,WAB,WAT,WBD,WDAY,WDC,WELL,WMB,WMT,WRB,WST,WTW,XEL,XOM,XYZ","A,ACGL,ACN,ADI,ADM,AES,ALL,ALLE,AMCR,AMGN,AOS,APA,APTV,ARE,ASML,AVY,AWK,BA,BALL,BAX,BBY,BF.B,BG,BIIB,BLDR,CAG,CARR,CCEP,CCI,CDW,CL,CNC,COO,CPB,CPT,CTRA,DG,DHI,DHR,DLTR,DOW,DTE,ECL,ELV,ERIE,ES,EXR,F,FANG,FER,FSLR,GE,GEHC,GIS,GL,GPC,HAS,HCA,HD,HIG,HII,HSY,IDXX,INVH,IQV,KDP,KLAC,KMB,KO,LEN,LIN,LLY,LMT,LOW,LRCX,LUV,LYB,MAS,MCD,MCHP,MCO,MDLZ,MET,MMM,MOH,MPWR,MRK,MRNA,MTD,NEE,NEM,NVR,O,ON,OXY,PEG,PFG,PHM,PPG,PSA,REGN,ROL,RSG,RVTY,SHW,SMCI,SPGI,STE,STX,STZ,SWKS,SYY,TAP,TER,TGT,TMO,UHS,VICI,VLTO,VRSN,WEC,WY,XYL,ZTS",186,124,[],[]
2024-11-25,"ABNB,ABT,ADP,ADSK,AIG,ALB,ALGN,AON,APH,APP,ARM,AXP,BAC,BK,BKNG,BKR,BLK,BMY,BR,BSX,BX,C,CAT,CBRE,CCL,CDNS,CF,CFG,CINF,CLX,CME,CMI,COF,COR,COST,CPAY,CRH,CRM,CRWD,CSCO,CVNA,CVX,D,DAL,DASH,DD,DECK,DGX,DIS,DLR,DRI,DVN,DXCM,EA,EMR,EOG,EQIX,EQT,ETR,EW,EXPE,FAST,FCX,FDS,FFIV,FIS,FISV,FITB,FOX,FOXA,FTNT,GDDY,GEV,GILD,GLW,GM,GNRC,GS,GWW,HAL,HBAN,HST,HUBB,IBKR,IP,ISRG,ITW,IVZ,JBHT,JBL,JPM,KEY,KIM,KKR,KMI,KR,KVUE,LII,LULU,LVS,LYV,MDT,MLM,MOS,MRSH,MRVL,MS,MSTR,MTB,NCLH,NDAQ,NFLX,NI,NOW,NSC,NTRS,NVDA,NWS,NWSA,ORLY,PAYC,PAYX,PCAR,PCG,PKG,PLD,PM,PNC,PNR,PODD,POOL,PTC,PYPL,QCOM,RCL,REG,RF,RJF,RL,RMD,SBUX,SCHW,SHOP,SNA,SOLV,SPG,STLD,STT,SW,SYF,T,TDY,TEAM,TEL,TFC,TJX,TMUS,TPL,TPR,TRGP,TRMB,TRV,TSLA,TTD,TTWO,TYL,UAL,UBER,UPS,URI,USB,V,VLO,VMC,VRSK,VST,VTR,VTRS,WAB,WAT,WBD,WDAY,WDC,WELL,WM,WMB,WMT,WRB,WST,WTW,XEL,XOM,XYZ,ZBRA","A,ACGL,ACN,ADM,AES,ALL,ALLE,AMCR,AMGN,AMT,APA,ASML,AWK,BALL,BAX,BBY,BF.B,BG,BIIB,CAG,CCEP,CCI,CDW,CL,CMS,CNC,COO,CPT,CTRA,DG,DHI,DHR,DLTR,DOW,DTE,DUK,ECL,ELV,ERIE,ES,EXC,EXR,F,FANG,FSLR,GE,GEHC,GIS,GL,HAS,HCA,HIG,HII,HSY,IDXX,INVH,IQV,KDP,KLAC,KMB,KO,LEN,LIN,LLY,LMT,LOW,LRCX,LUV,LYB,MAA,MCD,MCO,MDLZ,MET,MMM,MOH,MPWR,MRK,MRNA,MSCI,MTD,NEE,NEM,NVR,O,OXY,PEP,PFG,PPG,PPL,PSA,REGN,ROL,RSG,RVTY,SBAC,SJM,SO,SPGI,STE,STX,STZ,SWK,SWKS,SYY,TAP,TGT,TMO,UHS,VICI,VRSN,WEC,ZTS",194,113,[],[]
2024-11-26,"ABNB,ABT,ADP,ADSK,AIG,ALB,ALGN,AON,APH,APP,ARM,AXP,BAC,BK,BKNG,BKR,BLK,BMY,BR,BSX,BX,C,CAT,CBRE,CCL,CDNS,CF,CFG,CINF,CLX,CME,CMI,COF,COR,COST,CPAY,CRH,CRM,CRWD,CSCO,CVNA,CVX,D,DAL,DASH,DD,DECK,DELL,DGX,DIS,DLR,DRI,DVN,DXCM,EA,EMR,EOG,EQIX,EQT,ETR,EW,EXE,EXPE,FAST,FCX,FDS,FFIV,FIS,FISV,FITB,FOX,FOXA,FTNT,GDDY,GEV,GILD,GLW,GM,GNRC,GPN,GRMN,GS,GWW,HAL,HBAN,HST,HUBB,IBKR,IEX,IP,ISRG,ITW,IVZ,JBHT,JBL,JPM,KEY,KIM,KKR,KMI,KR,KVUE,LII,LULU,LVS,LYV,MDT,MLM,MOS,MRSH,MRVL,MS,MSTR,MTB,NCLH,NDAQ,NFLX,NI,NOW,NSC,NTRS,NVDA,NWS,NWSA,ORLY,PAYC,PAYX,PCAR,PCG,PKG,PLD,PM,PNC,PNR,PODD,POOL,PTC,PYPL,QCOM,RCL,REG,RF,RJF,RL,RMD,SBUX,SCHW,SHOP,SNA,SOLV,SPG,STLD,STT,SW,SYF,T,TDY,TEAM,TECH,TEL,TFC,TJX,TMUS,TPL,TPR,TRGP,TRMB,TRV,TSLA,TTD,TTWO,TYL,UAL,UBER,UPS,URI,USB,V,VLO,VMC,VRSK,VST,VTR,VTRS,WAB,WAT,WBD,WDAY,WDC,WELL,WM,WMB,WMT,WRB,WST,WTW,XEL,XYZ,ZBH,ZBRA","A,ACGL,ACN,ADM,AES,ALL,ALLE,AMCR,AMD,AMGN,AMT,APA,ASML,AWK,BALL,BAX,BBY,BF.B,BG,BIIB,BXP,CAG,CCEP,CCI,CDW,CL,CMS,CNC,COO,CPT,CTRA,DG,DHI,DHR,DLTR,DOW,DTE,DUK,ECL,ELV,ERIE,ES,EXC,EXR,F,FANG,FSLR,GE,GEHC,GIS,GL,HAS,HCA,HIG,HII,HSY,IDXX,INVH,IQV,KDP,KHC,KLAC,KMB,KO,LEN,LIN,LLY,LMT,LOW,LRCX,LUV,LYB,MAA,MCD,MCO,MDLZ,MET,MMM,MOH,MPWR,MRK,MRNA,MSCI,MTD,NEE,NEM,NVR,O,OTIS,OXY,PEP,PFG,PPG,PPL,PSA,REGN,ROL,RSG,RVTY,SBAC,SO,SPGI,STE,STX,STZ,SWK,SWKS,SYY,TAP,TGT,TMO,UHS,VICI,VRSN,WEC,ZTS",200,116,[],[]
2024-11-27,"ABNB,ABT,ADP,AIG,ALB,ALGN,AME,AON,APH,APP,ARM,AXP,BAC,BK,BKNG,BKR,BLK,BMY,BR,BSX,BX,C,CAT,CBRE,CCL,CDNS,CF,CFG,CINF,CLX,CMCSA,CME,CMI,COF,COR,COST,CPAY,CRH,CRM,CRWD,CSCO,CVNA,CVX,D,DAL,DASH,DD,DECK,DGX,DIS,DLR,DRI,DVN,DXCM,EA,EMR,EOG,EQIX,EQT,ETR,EW,EXE,EXPE,FAST,FCX,FDS,FFIV,FIS,FISV,FITB,FOX,FOXA,FTNT,GDDY,GEN,GEV,GILD,GLW,GM,GNRC,GPN,GRMN,GS,GWW,HAL,HBAN,HST,HUBB,IBKR,IEX,IP,ISRG,ITW,IVZ,JBHT,JBL,JPM,KEY,KIM,KKR,KMI,KR,KVUE,LII,LULU,LVS,LYV,MDT,MLM,MO,MOS,MRSH,MRVL,MS,MSTR,MTB,NCLH,NDAQ,NFLX,NI,NOW,NSC,NTRS,NVDA,NWS,NWSA,ORLY,PAYC,PAYX,PCAR,PCG,PKG,PLD,PM,PNC,PNR,PODD,POOL,PTC,PYPL,QCOM,RCL,REG,RF,RJF,RL,RMD,SBUX,SCHW,SHOP,SNA,SOLV,SPG,STLD,STT,SW,SYF,T,TDY,TEAM,TECH,TEL,TFC,TJX,TMUS,TPL,TPR,TRGP,TRMB,TRV,TSLA,TTD,TTWO,TYL,UAL,UBER,UPS,URI,USB,V,VLO,VMC,VRSK,VST,VTR,VTRS,WAB,WAT,WBD,WDC,WELL,WM,WMB,WMT,WRB,WST,WTW,XEL,XYZ,ZBH,ZBRA","A,ACGL,ACN,AES,AFL,ALL,ALLE,ALNY,AMCR,AMD,AMGN,AMT,APA,ASML,AWK,BALL,BAX,BBY,BDX,BF.B,BG,BIIB,BXP,CAG,CCEP,CCI,CDW,CHRW,CL,CMS,CNC,COO,CTRA,DG,DHI,DHR,DOW,DTE,DUK,ECL,ELV,ERIE,EXC,EXR,F,FANG,FSLR,GE,GEHC,GIS,GL,HAS,HCA,HII,HSY,ICE,IDXX,IFF,IQV,KDP,KHC,KLAC,KMB,KO,LEN,LIN,LLY,LMT,LOW,LRCX,LUV,LYB,MA,MAA,MCD,MCO,MDLZ,MET,MGM,MMM,MOH,MPWR,MRK,MRNA,MSCI,MTD,NEE,NEM,NVR,O,OTIS,OXY,PEP,PFG,PPG,PPL,PSA,REGN,ROL,RSG,RVTY,SBAC,SPGI,STE,STX,STZ,SWK,SWKS,SYY,TAP,TGT,TMO,UHS,VICI,WEC,YUM,ZTS",201,117,[],[]
2024-11-29,"ABNB,ABT,ADP,AIG,ALB,ALGN,AME,AMZN,AON,APH,APP,ARM,AXP,BAC,BK,BKNG,BKR,BLK,BMY,BR,BSX,BX,C,CAH,CAT,CBRE,CCL,CDNS,CF,CFG,CHD,CHTR,CINF,CLX,CMCSA,CME,CMI,COF,COR,COST,CPAY,CRH,CRM,CRWD,CSCO,CVNA,CVX,D,DAL,DASH,DD,DECK,DGX,DIS,DLR,DPZ,DRI,DVN,DXCM,EA,EMR,EOG,EQIX,EQT,ETR,EW,EXE,EXPE,FAST,FCX,FDS,FFIV,FIS,FISV,FITB,FOX,FOXA,FTNT,GDDY,GEN,GEV,GILD,GLW,GM,GNRC,GPN,GRMN,GS,GWW,HAL,HBAN,HST,HUBB,IBKR,IEX,IP,ISRG,ITW,IVZ,JBHT,JBL,JPM,KEY,KIM,KKR,KMI,KR,KVUE,LII,LULU,LVS,LYV,MCK,MDT,MLM,MO,MOS,MRSH,MRVL,MS,MSTR,MTB,NCLH,NDAQ,NFLX,NI,NOW,NSC,NTRS,NVDA,NWS,NWSA,ORLY,PAYC,PAYX,PCAR,PCG,PKG,PLD,PM,PNC,PNR,PODD,POOL,PTC,PYPL,QCOM,RCL,REG,RF,RJF,RL,RMD,SBUX,SCHW,SHOP,SNA,SOLV,SPG,STLD,STT,SW,SYF,T,TDY,TEAM,TECH,TEL,TFC,TJX,TMUS,TPL,TPR,TRGP,TRMB,TRV,TSLA,TTD,TTWO,TYL,UAL,UBER,UPS,URI,USB,V,VLO,VMC,VRSK,VST,VTR,VTRS,WAB,WAT,WBD,WDC,WELL,WM,WMB,WMT,WRB,WST,WTW,XEL,XYZ,ZBH,ZBRA","A,ACGL,ACN,AES,AFL,ALL,ALLE,ALNY,AMCR,AMD,AMGN,AMT,APA,ARES,ASML,AWK,BALL,BAX,BBY,BDX,BF.B,BG,BIIB,BXP,CAG,CB,CCEP,CCI,CDW,CHRW,CL,CMS,CNC,COO,CTRA,DG,DHI,DHR,DOW,DTE,DUK,ECL,ELV,ERIE,EXC,EXR,F,FANG,FSLR,GE,GEHC,GIS,GL,HAS,HCA,HII,HSY,ICE,IDXX,IFF,IQV,KDP,KHC,KLAC,KMB,KO,LEN,LIN,LLY,LMT,LOW,LRCX,LUV,LYB,MA,MAA,MCD,MCO,MDLZ,MET,MGM,MMM,MOH,MPWR,MRK,MRNA,MSCI,MTD,NEE,NEM,NVR,O,OTIS,OXY,PEP,PFG,PPG,PPL,PSA,REGN,ROL,RSG,RTX,RVTY,SBAC,SPGI,STE,STX,STZ,SWK,SWKS,SYY,TAP,TGT,TMO,UHS,VICI,WEC,YUM,ZTS",207,120,[],[]
2024-12-02,"ABNB,ABT,ADP,AIG,ALB,ALGN,AME,AMZN,AON,APH,APP,ARM,AXP,BAC,BK,BKNG,BKR,BLK,BMY,BR,BSX,BX,C,CAH,CAT,CBRE,CCL,CDNS,CF,CFG,CHD,CHTR,CINF,CLX,CMCSA,CME,CMI,COF,COR,COST,CPAY,CRH,CRM,CRWD,CSCO,CVNA,CVX,D,DAL,DASH,DD,DECK,DGX,DIS,DLR,DPZ,DRI,DVN,DXCM,EA,EMR,EOG,EQIX,EQT,ETR,EW,EXE,EXPE,FAST,FCX,FDS,FFIV,FIS,FISV,FITB,FOX,FOXA,FTNT,GDDY,GEN,GEV,GILD,GLW,GM,GNRC,GPN,GRMN,GS,GWW,HAL,HBAN,HST,HUBB,IBKR,IEX,IP,ISRG,ITW,IVZ,JBHT,JBL,JPM,KEY,KIM,KKR,KMI,KR,KVUE,LII,LULU,LVS,LYV,MCK,MDT,MLM,MO,MOS,MRSH,MRVL,MS,MSTR,MTB,NCLH,NDAQ,NFLX,NOW,NSC,NTRS,NVDA,NWS,NWSA,ORLY,PAYC,PAYX,PCAR,PKG,PLD,PM,PNC,PNR,PODD,POOL,PTC,PYPL,QCOM,RCL,REG,RF,RJF,RL,RMD,SBUX,SCHW,SHOP,SNA,SOLV,SPG,STLD,STT,SW,SYF,T,TDY,TEAM,TECH,TEL,TFC,TJX,TMUS,TPL,TPR,TRMB,TRV,TSLA,TTD,TTWO,TYL,UAL,UBER,UPS,URI,USB,V,VLO,VMC,VRSK,VST,VTRS,WAB,WAT,WBD,WDC,WM,WMB,WMT,WRB,WST,WTW,XEL,XYZ,ZBH,ZBRA","A,ACGL,ACN,AES,AFL,ALL,ALLE,ALNY,AMCR,AMD,AMGN,AMT,APA,ARES,ASML,AWK,BALL,BAX,BBY,BDX,BF.B,BG,BIIB,BXP,CAG,CB,CCEP,CCI,CDW,CHRW,CL,CMS,CNC,COO,CTRA,DG,DHI,DHR,DOW,DTE,DUK,ECL,ELV,ERIE,EXC,EXR,F,FANG,GE,GEHC,GIS,GL,HAS,HCA,HII,HSY,ICE,IDXX,IFF,IQV,KDP,KHC,KLAC,KMB,KO,LEN,LIN,LLY,LMT,LOW,LUV,LYB,MA,MAA,MCD,MCO,MDLZ,MET,MGM,MMM,MOH,MPWR,MRK,MRNA,MSCI,MTD,NEE,NEM,NVR,O,OTIS,OXY,PEP,PFG,PPG,PPL,PSA,REGN,ROL,RSG,RTX,RVTY,SBAC,SPGI,STE,STX,STZ,SWK,SWKS,SYY,TAP,TGT,TMO,UHS,VICI,WEC,YUM,ZTS",202,118,[],[]
2024-12-03,"ABNB,ABT,ADP,AEP,ALB,ALGN,AME,AMZN,AON,APH,APO,APP,ARM,AXP,BAC,BK,BKNG,BKR,BLK,BMY,BR,BSX,BX,C,CAH,CAT,CBRE,CCL,CDNS,CF,CFG,CHD,CHTR,CINF,CLX,CMCSA,CME,CMI,COF,COR,COST,CPAY,CRH,CRM,CRWD,CSCO,CVNA,CVX,DAL,DASH,DD,DECK,DGX,DIS,DLR,DPZ,DRI,DVN,DXCM,EA,EMR,EOG,EQIX,EQT,EW,EXE,EXPD,EXPE,FAST,FCX,FDS,FFIV,FIS,FISV,FITB,FOX,FOXA,FTNT,GDDY,GEN,GEV,GILD,GLW,GM,GNRC,GPN,GRMN,GS,GWW,HAL,HBAN,HST,HUBB,IBKR,IEX,IP,ISRG,ITW,IVZ,JBHT,JBL,JPM,KEY,KIM,KKR,KMI,KR,KVUE,LII,LULU,LVS,LYV,MCK,MDT,MLM,MO,MOS,MRSH,MRVL,MS,MSTR,MTB,NCLH,NDAQ,NFLX,NOW,NSC,NTRS,NVDA,NWS,NWSA,OKE,ORLY,PAYC,PAYX,PCAR,PH,PKG,PLD,PLTR,PM,PNC,PNR,PODD,POOL,PTC,PYPL,QCOM,RCL,REG,RF,RJF,RL,RMD,SBUX,SCHW,SHOP,SNA,SOLV,SPG,STLD,STT,SW,SYF,T,TDY,TEAM,TECH,TEL,TJX,TMUS,TPL,TPR,TRI,TRMB,TRV,TSLA,TTD,TTWO,TYL,UAL,UBER,URI,USB,V,VLO,VMC,VRSK,VST,VTRS,WAB,WAT,WBD,WDC,WM,WMB,WMT,WRB,WST,WTW,XEL,XYZ,ZBH,ZBRA","A,ACGL,ACN,AES,AFL,ALL,ALLE,ALNY,AMCR,AMD,AMGN,AMT,APA,ARES,ASML,AWK,BALL,BAX,BBY,BDX,BF.B,BG,BIIB,BXP,CAG,CB,CCEP,CCI,CDW,CHRW,CL,CMS,CNC,COO,CTRA,DG,DHI,DHR,DOW,DTE,DUK,ECL,ELV,ERIE,EXC,EXR,F,FANG,GE,GEHC,GIS,GL,HAS,HCA,HII,HOLX,HSY,ICE,IDXX,IFF,IQV,KDP,KHC,KLAC,KMB,KO,LEN,LIN,LLY,LMT,LOW,LUV,LYB,MA,MAA,MCD,MCO,MDLZ,MET,MGM,MMM,MOH,MPWR,MRK,MRNA,MSCI,MTD,NEE,NEM,NVR,NXPI,O,OTIS,OXY,PEP,PFG,PPG,PPL,PSA,REGN,ROL,RSG,RTX,RVTY,SBAC,SPGI,STE,STX,STZ,SWK,SWKS,TAP,TGT,TMO,UHS,VICI,WEC,WYNN,YUM,ZTS",204,120,[],[]
2024-12-04,"ABNB,ABT,ADBE,ADP,AIZ,AJG,ALB,ALGN,AME,AMP,AMZN,ANET,AON,APH,APO,APP,ARM,AXON,AXP,AZO,BAC,BK,BKNG,BKR,BLK,BMY,BR,BRK.B,BRO,BSX,BX,C,CAH,CAT,CBRE,CCL,CDNS,CF,CFG,CHD,CHTR,CINF,CLX,CMCSA,CME,CMI,COF,COIN,COR,COST,CPAY,CPRT,CRH,CRL,CRM,CRWD,CSCO,CSX,CTAS,CVNA,CVS,CVX,DAL,DASH,DD,DECK,DGX,DIS,DLR,DOV,DPZ,DRI,DXCM,EA,EME,EMR,EOG,EPAM,EQIX,EQT,ETN,EW,EXE,EXPD,EXPE,FAST,FCX,FDS,FFIV,FICO,FIS,FISV,FITB,FOX,FOXA,FTNT,FTV,GDDY,GEN,GEV,GILD,GLW,GM,GNRC,GPN,GRMN,GS,GWW,HAL,HBAN,HLT,HOOD,HST,HUBB,HUM,HWM,IBKR,IEX,IP,IR,ISRG,IT,ITW,IVZ,JBHT,JBL,JCI,JPM,KEY,KIM,KKR,KMI,KR,L,LII,LULU,LVS,LYV,MAR,MCK,MDT,MLM,MO,MOS,MRSH,MRVL,MS,MSI,MSTR,MTB,NCLH,NDAQ,NDSN,NFLX,NOW,NSC,NTRS,NVDA,NWS,NWSA,OKE,ORLY,PANW,PAYC,PAYX,PCAR,PGR,PH,PKG,PLD,PLTR,PM,PNC,PNR,PODD,POOL,PRU,PSX,PTC,PYPL,QCOM,RCL,REG,RF,RJF,RL,RMD,ROK,ROP,SBUX,SCHW,SHOP,SLB,SNA,SNPS,SOLV,SPG,SPY,SRE,STLD,STT,SW,SYF,T,TDY,TEAM,TECH,TEL,TJX,TMUS,TPL,TPR,TRI,TRMB,TROW,TRV,TSCO,TSLA,TTD,TTWO,TXN,TYL,UAL,UBER,UNH,UNP,URI,USB,V,VMC,VRSK,VST,VTRS,WAB,WAT,WBD,WDC,WM,WMB,WMT,WRB,WST,WTW,XEL,XYZ,ZBH,ZBRA,ZS","A,ACGL,ACN,AES,AFL,ALL,ALLE,ALNY,AMCR,AMD,AMGN,AMT,APA,ARES,ASML,AWK,BALL,BAX,BBY,BDX,BF.B,BG,BIIB,BXP,CAG,CB,CBOE,CCEP,CCI,CDW,CHRW,CL,CMS,CNC,COO,CTRA,DG,DHI,DHR,DOW,DTE,DUK,ECL,ELV,ERIE,EXC,EXR,F,FANG,GE,GEHC,GIS,GL,HCA,HII,HOLX,HSY,ICE,IDXX,IFF,IQV,JKHY,KDP,KHC,KLAC,KMB,KO,LEN,LIN,LLY,LMT,LOW,LYB,MA,MAA,MCD,MCO,MDLZ,MET,MGM,MMM,MOH,MPWR,MRK,MRNA,MSCI,MTD,NEE,NEM,NVR,NXPI,O,OTIS,OXY,PEP,PFG,PPG,PPL,PSA,REGN,ROL,RSG,RTX,RVTY,SBAC,SPGI,STE,STX,STZ,SWK,SWKS,TAP,TGT,TMO,UHS,VICI,WEC,WYNN,YUM,ZTS,^VIX",248,121,[],[]
2024-12-05,"ABNB,ABT,ADBE,ADP,AIZ,AJG,ALB,ALGN,AME,AMP,AMZN,ANET,AON,APH,APO,APP,ARM,AXON,AXP,AZO,BAC,BK,BKNG,BKR,BLK,BMY,BR,BRK.B,BRO,BSX,BX,C,CAH,CAT,CBRE,CCL,CDNS,CF,CFG,CHD,CHTR,CINF,CLX,CMCSA,CME,CMI,COF,COIN,COR,COST,CPAY,CPRT,CRH,CRL,CRM,CRWD,CSCO,CTAS,CVNA,CVS,CVX,DAL,DASH,DD,DECK,DGX,DIS,DLR,DOV,DPZ,DRI,DXCM,EA,EME,EMR,EOG,EPAM,EQIX,EQT,ETN,EW,EXE,EXPD,EXPE,FAST,FCX,FDS,FFIV,FICO,FIS,FITB,FOX,FOXA,FTNT,FTV,GDDY,GEN,GEV,GILD,GLW,GM,GNRC,GPN,GRMN,GS,GWW,HBAN,HLT,HOOD,HST,HUBB,HUM,HWM,IBKR,IEX,IP,IR,ISRG,IT,ITW,IVZ,JBHT,JBL,JCI,JPM,KEY,KIM,KKR,KMI,KR,L,LII,LULU,LVS,LYV,MAR,MDT,MLM,MO,MOS,MRSH,MRVL,MS,MSI,MSTR,MTB,NCLH,NDAQ,NDSN,NFLX,NOW,NRG,NSC,NTRS,NVDA,NWS,NWSA,OKE,ORLY,PANW,PAYC,PCAR,PGR,PH,PKG,PLD,PLTR,PM,PNC,PNR,PODD,POOL,PRU,PSX,PTC,PYPL,QCOM,RCL,REG,RF,RJF,RL,ROK,ROP,SBUX,SCHW,SHOP,SNA,SOLV,SPG,SPY,SRE,STLD,STT,SW,SYF,T,TDY,TEAM,TECH,TEL,TJX,TMUS,TPL,TPR,TRI,TRMB,TROW,TRV,TSCO,TSLA,TTD,TTWO,TXN,TYL,UAL,UNP,URI,USB,V,VMC,VRSK,VST,VTRS,WAB,WAT,WBD,WDC,WM,WMB,WMT,WRB,WST,WTW,XEL,XYZ,ZBH,ZBRA,ZS","A,ACGL,ACN,AES,AFL,ALL,ALLE,ALNY,AMCR,AMD,AMGN,AMT,APA,ARES,ASML,AWK,BALL,BAX,BBY,BDX,BG,BIIB,BXP,CAG,CB,CBOE,CCEP,CCI,CDW,CHRW,CL,CMS,CNC,COO,CTRA,DG,DHI,DHR,DOW,DTE,DUK,ECL,ELV,ERIE,EXC,EXR,F,FANG,GE,GEHC,GIS,GL,HCA,HII,HOLX,HSY,ICE,IDXX,IFF,IQV,JKHY,KDP,KHC,KLAC,KMB,KO,LEN,LIN,LLY,LMT,LOW,LYB,MA,MAA,MCD,MCO,MDLZ,MELI,MET,MGM,MMM,MOH,MPWR,MRK,MRNA,MSCI,MTCH,MTD,NEE,NEM,NVR,NXPI,O,OTIS,OXY,PEP,PFG,PPG,PPL,PSA,REGN,ROL,RSG,RTX,RVTY,SBAC,SPGI,STE,STX,STZ,SWK,SWKS,TAP,TGT,TMO,UHS,VICI,WEC,WYNN,YUM,ZTS,^VIX",239,122,[],[]
2024-12-06,"ABNB,ABT,ADBE,ADP,AIZ,ALB,ALGN,AMP,AMZN,ANET,AON,APH,APO,APP,ARM,AXON,AXP,AZO,BAC,BK,BKNG,BLK,BMY,BR,BRK.B,BSX,BX,C,CAH,CAT,CBRE,CCL,CDNS,CF,CFG,CHTR,CINF,CLX,CMCSA,CME,CMI,CNP,COF,COIN,COR,COST,CPAY,CPRT,CRH,CRL,CRM,CRWD,CSCO,CTAS,CVNA,DAL,DASH,DD,DECK,DGX,DIS,DLR,DOV,DPZ,DRI,DXCM,EA,EME,EMR,EOG,EPAM,EQIX,EQT,ETN,EW,EXE,EXPD,EXPE,FCX,FDS,FFIV,FICO,FIS,FITB,FOX,FOXA,FTNT,FTV,GDDY,GEN,GEV,GILD,GLW,GM,GNRC,GPN,GRMN,GS,GWW,HBAN,HLT,HOOD,HST,HUBB,HUM,HWM,IBKR,IEX,IP,IR,ISRG,IT,ITW,IVZ,JBHT,JBL,JCI,JPM,KEY,KIM,KKR,KMI,KR,L,LII,LULU,LVS,LYV,MAR,MDT,MLM,MO,MOS,MRVL,MS,MSI,MSTR,MTB,NCLH,NDAQ,NDSN,NFLX,NOW,NRG,NTRS,NVDA,NWS,NWSA,OKE,ORLY,PANW,PAYC,PCAR,PH,PKG,PLTR,PM,PNC,PNR,PODD,POOL,PRU,PSX,PTC,PWR,PYPL,QCOM,RCL,REG,RF,RJF,RL,ROK,ROP,SBUX,SCHW,SHOP,SOLV,SPG,SPY,STT,SW,SYF,T,TDY,TEAM,TECH,TEL,TJX,TMUS,TPL,TPR,TRI,TRMB,TROW,TRV,TSCO,TSLA,TT,TTD,TTWO,TXN,TYL,UAL,UNP,URI,USB,V,VMC,VRSK,VST,VTRS,WAB,WAT,WBD,WDC,WM,WMB,WMT,WRB,WST,WTW,XYZ,ZBH,ZBRA,ZS","A,ACGL,ACN,AES,AFL,ALL,ALLE,ALNY,AMCR,AMD,AMGN,AMT,APA,ARES,ASML,AWK,BALL,BAX,BBY,BDX,BG,BIIB,BXP,CAG,CB,CBOE,CCEP,CCI,CDW,CHRW,CL,CMS,CNC,COO,CTRA,DG,DHI,DHR,DOW,DTE,DUK,ECL,ELV,ERIE,EXC,EXR,F,FANG,GE,GEHC,GIS,GL,HCA,HII,HOLX,HSY,ICE,IDXX,IFF,IQV,JKHY,KDP,KHC,KLAC,KMB,KO,LEN,LIN,LLY,LMT,LOW,LYB,MA,MAA,MCD,MCO,MDLZ,MELI,MET,MGM,MMM,MOH,MPWR,MRK,MRNA,MSCI,MTCH,MTD,NEE,NEM,NVR,NXPI,O,OTIS,OXY,PEP,PFG,PPG,PPL,PSA,REGN,ROL,RSG,RTX,RVTY,SBAC,SPGI,STE,STX,STZ,SWK,SWKS,TAP,TGT,TMO,UHS,VICI,WEC,WYNN,YUM,ZTS,^VIX",226,122,[],[]
2024-12-09,"ABNB,ABT,ADBE,ALB,ALGN,AMZN,ANET,APH,APO,APP,ARM,AXON,AXP,AZO,BAC,BK,BKNG,BLK,BMY,BR,BRK.B,BSX,BX,C,CAH,CAT,CBRE,CCL,CDNS,CF,CFG,CINF,CLX,CME,CMI,CNP,COF,COIN,COST,CPRT,CRL,CRM,CRWD,CSCO,CVNA,DAL,DASH,DD,DECK,DGX,DIS,DLR,DOV,DPZ,DRI,DXCM,EA,EMR,EOG,EPAM,EQIX,EQT,ETN,EVRG,EW,EXE,EXPD,EXPE,FCX,FDS,FFIV,FIS,FITB,FOX,FOXA,FTNT,FTV,GDDY,GEN,GEV,GILD,GLW,GM,GNRC,GPN,GRMN,GS,HLT,HON,HOOD,HST,HUBB,HUM,IEX,IP,IR,ISRG,IT,ITW,IVZ,JBHT,JBL,JCI,JPM,KEY,KIM,KMI,KR,L,LII,LNT,LULU,LVS,LYV,MAR,MDT,MLM,MOS,MRVL,MS,MSTR,NDAQ,NDSN,NFLX,NOW,NRG,NTRS,NVDA,NWS,NWSA,OKE,ORLY,PANW,PAYC,PCAR,PH,PKG,PLTR,PM,PNR,PODD,POOL,PSX,PTC,PYPL,QCOM,RCL,REG,RL,ROK,ROP,SBUX,SCHW,SHOP,SOLV,SPG,SPY,STT,SW,SYF,T,TDY,TEAM,TECH,TEL,TJX,TPL,TPR,TRI,TRMB,TROW,TSCO,TSLA,TTD,TTWO,TXN,TYL,UAL,UNP,USB,V,VMC,VRSK,VST,VTRS,WAB,WAT,WBD,WDC,WMB,WMT,WST,XYZ,ZBH,ZBRA,ZS","A,ABBV,ACGL,ACN,AES,AFL,ALL,ALLE,ALNY,AMCR,AMD,AMGN,AMT,APA,ARES,ASML,AWK,BALL,BAX,BBY,BDX,BG,BIIB,CAG,CB,CBOE,CCEP,CCI,CDW,CHRW,CL,CMS,CNC,COO,CTRA,DG,DHI,DHR,DOW,DTE,DUK,ECL,ELV,ERIE,EXC,EXR,F,FANG,GE,GEHC,GIS,GL,HCA,HII,HOLX,ICE,IFF,IQV,JKHY,KHC,KLAC,KMB,KO,LEN,LIN,LLY,LMT,LOW,LYB,MA,MAA,MCD,MCO,MDLZ,MELI,MET,MGM,MMM,MOH,MPWR,MRK,MRNA,MSCI,MTCH,MTD,NEE,NEM,NVR,NXPI,O,OTIS,OXY,PEP,PFE,PFG,PPG,PPL,PSA,ROL,RSG,RTX,SBAC,SPGI,STE,STX,STZ,SWK,SWKS,TAP,TGT,TMO,UHS,VICI,WEC,WYNN,YUM,ZTS,^VIX",196,118,[],[]
2024-12-10,"ABNB,ABT,ADBE,ALB,ALGN,AMZN,ANET,APH,APO,APP,ARM,AXON,AXP,AZO,BAC,BK,BKNG,BLK,BMY,BR,BRK.B,BSX,BX,C,CAH,CBRE,CCL,CDNS,CF,CFG,CLX,CME,CMI,CNP,COF,COIN,COST,CPRT,CRL,CRM,CRWD,CSCO,DAL,DASH,DD,DECK,DGX,DIS,DLR,DOV,DPZ,DRI,DXCM,EA,EOG,EPAM,EQIX,EQT,ETN,EVRG,EW,EXE,EXPD,EXPE,FCX,FDS,FFIV,FIS,FITB,FOX,FOXA,FTNT,FTV,GDDY,GEV,GILD,GLW,GM,GPN,GRMN,HLT,HON,HOOD,HST,HUBB,HUM,IEX,IR,ISRG,IT,ITW,IVZ,JBHT,JBL,JCI,JPM,KEY,KMI,KR,LII,LNT,LULU,LVS,LYV,MAR,MDT,MOS,MRVL,MS,MSTR,NDAQ,NDSN,NFLX,NOW,NRG,NTRS,NVDA,NWS,NWSA,OKE,ORLY,PANW,PAYC,PCAR,PKG,PLTR,PM,PNR,PODD,POOL,PTC,PYPL,QCOM,RCL,REG,RL,ROK,ROP,SBUX,SCHW,SHOP,SOLV,SPG,SPY,STT,SW,SYF,SYK,T,TDY,TEAM,TECH,TEL,TJX,TPL,TPR,TRI,TRMB,TROW,TSCO,TSLA,TSN,TTD,TTWO,TXN,TYL,UAL,UNP,USB,V,VRSK,WAB,WAT,WBD,WDC,WMB,WMT,WST,XYZ,ZBH,ZBRA,ZS","A,ABBV,ACGL,ACN,AES,AFL,ALL,ALLE,ALNY,AMCR,AMD,AMGN,AMT,APA,ARES,ASML,AWK,BALL,BAX,BBY,BDX,BG,BIIB,CAG,CB,CBOE,CCEP,CCI,CDW,CHRW,CL,CMS,CNC,COO,CTRA,DG,DHI,DHR,DOW,DTE,DUK,ECL,ELV,ERIE,EXC,EXR,F,FANG,GE,GEHC,GIS,GL,HCA,HII,HOLX,ICE,IFF,IQV,JNJ,KHC,KLAC,KMB,KO,LEN,LIN,LLY,LMT,LOW,LYB,MA,MAA,MCD,MCO,MDLZ,MELI,MET,MGM,MMM,MOH,MPWR,MRK,MRNA,MSCI,MTCH,MTD,NEE,NEM,NVR,NXPI,O,OTIS,OXY,PEP,PFE,PFG,PPG,PPL,PSA,ROL,RSG,RTX,SBAC,SPGI,STE,STX,STZ,SWK,SWKS,TAP,TGT,TMO,UHS,VICI,WEC,WYNN,YUM,ZTS,^VIX",182,118,[],[]
2024-12-11,"ABNB,ABT,ADBE,ALB,ALGN,AMZN,ANET,APH,APO,APP,ARM,AXON,AXP,AZO,BAC,BK,BKNG,BLK,BR,BRK.B,BSX,BX,C,CBRE,CCL,CDNS,CF,CFG,CLX,CME,CMI,CNP,COF,COIN,COST,CPRT,CRL,CRM,CRWD,CSCO,DAL,DASH,DD,DECK,DIS,DLR,DOV,DPZ,DRI,DXCM,EA,EOG,EPAM,EQIX,EQT,ETN,EVRG,EW,EXE,EXPD,EXPE,FCX,FDS,FFIV,FIS,FOX,FOXA,FTNT,FTV,GDDY,GEV,GILD,GM,GPN,GRMN,HLT,HON,HOOD,HST,HUBB,HUM,IEX,IR,ISRG,IT,ITW,IVZ,JBHT,JBL,JCI,JPM,KEY,KMI,KR,LII,LNT,LULU,LVS,LYV,MAR,MDT,MOS,MRVL,MS,MSTR,NDAQ,NDSN,NFLX,NOW,NRG,NVDA,NWS,NWSA,OKE,ORLY,PANW,PAYC,PCAR,PKG,PLTR,PNR,PODD,POOL,PTC,PYPL,QCOM,RCL,REG,RL,ROK,ROP,SBUX,SCHW,SHOP,SOLV,SPY,STT,SW,SYF,SYK,T,TDY,TEAM,TECH,TEL,TJX,TPL,TPR,TRI,TRMB,TROW,TSCO,TSLA,TSN,TTD,TTWO,TXN,TYL,UAL,UNP,USB,V,VRSK,WAB,WAT,WBD,WDC,WMB,WMT,WST,XYZ,ZBH,ZBRA,ZS","A,ABBV,ACGL,ACN,AES,AFL,ALL,ALLE,ALNY,AMCR,AMD,AMGN,AMT,APA,ASML,AWK,BALL,BAX,BBY,BDX,BG,BIIB,CAG,CB,CBOE,CCEP,CCI,CDW,CHRW,CL,CMS,CNC,COO,CTRA,DG,DHI,DHR,DOW,DTE,DUK,ECL,ELV,ERIE,EXC,EXR,F,FANG,GE,GEHC,GIS,GL,HCA,HII,HOLX,ICE,IFF,IQV,JNJ,KHC,KLAC,KMB,KO,LEN,LIN,LLY,LMT,LOW,LYB,MA,MAA,MCD,MCO,MDLZ,MELI,MET,MGM,MMM,MOH,MPWR,MRK,MRNA,MSCI,MTCH,MTD,MU,NEE,NEM,NVR,NXPI,O,OTIS,OXY,PEP,PFE,PFG,PPG,PPL,PSA,ROL,RSG,RTX,SBAC,SPGI,STE,STX,STZ,SWK,SWKS,TAP,TGT,TMO,UHS,VICI,WEC,WYNN,YUM,ZTS,^VIX",174,118,[],[]
2024-12-12,"ABNB,ABT,ALB,ALGN,AMZN,ANET,APH,APO,APP,ARM,AXON,AXP,AZO,BAC,BK,BKNG,BLK,BR,BRK.B,BSX,BX,C,CBRE,CCL,CDNS,CF,CFG,CLX,CME,CMI,CNP,COF,COIN,COST,CPRT,CRL,CRM,CRWD,CSCO,DAL,DASH,DD,DECK,DIS,DLR,DOV,DPZ,DRI,DXCM,EA,EOG,EPAM,EQIX,EQT,ETN,EVRG,EW,EXE,EXPD,EXPE,FCX,FDS,FFIV,FIS,FOX,FOXA,FTNT,FTV,GDDY,GEV,GILD,GM,GPN,GRMN,HLT,HON,HOOD,HST,HUBB,HUM,IEX,IR,ISRG,IT,ITW,IVZ,JBHT,JBL,JCI,JPM,KEY,KMI,KR,LII,LNT,LULU,LVS,LYV,MAR,MDT,MOS,MRVL,MS,MSTR,NDAQ,NFLX,NOW,NRG,NVDA,NWS,NWSA,OKE,ORLY,PANW,PAYC,PCAR,PKG,PLTR,PNR,PODD,POOL,PTC,PYPL,QCOM,RCL,REG,RL,ROK,ROP,SBUX,SCHW,SHOP,SOLV,SPY,STT,SW,SYF,SYK,T,TDY,TEAM,TECH,TEL,TJX,TPL,TPR,TRI,TRMB,TROW,TSCO,TSLA,TTD,TTWO,TXN,TYL,UAL,UNP,USB,V,VRSK,WAB,WAT,WBD,WMB,WMT,WST,XYZ,ZBH,ZBRA,ZS","A,ABBV,ACGL,ACN,AES,AFL,ALL,ALLE,ALNY,AMCR,AMD,AMGN,AMT,APA,ASML,AWK,BALL,BAX,BBY,BG,BIIB,CAG,CB,CBOE,CCEP,CCI,CDW,CL,CMS,CNC,COO,CTRA,DG,DHI,DHR,DOW,DTE,DUK,ECL,ELV,ERIE,EXC,EXR,F,FANG,GD,GE,GEHC,GIS,GL,HCA,HII,HOLX,ICE,IFF,IQV,J,JNJ,KHC,KLAC,KMB,KO,LDOS,LEN,LHX,LIN,LLY,LMT,LOW,LYB,MA,MAA,MCD,MCO,MDLZ,MELI,MET,MGM,MMM,MOH,MPWR,MRK,MRNA,MSCI,MTCH,MTD,MU,NEE,NEM,NOC,NVR,NXPI,O,OTIS,OXY,PEP,PFE,PFG,PPG,PPL,PSA,ROL,RSG,RTX,SBAC,SPGI,STE,STX,STZ,SWK,SWKS,TAP,TDG,TGT,TMO,UHS,VICI,WEC,WYNN,YUM,ZTS,^VIX",170,122,[],[]
2024-12-13,"ABT,ALB,ALGN,AMZN,ANET,APH,APO,APP,ARM,AXON,AXP,AZO,BAC,BK,BKNG,BLK,BR,BRK.B,BSX,BX,C,CBRE,CCL,CDNS,CF,CFG,CLX,CME,CMI,CNP,COF,COIN,COST,CPRT,CRL,CRM,CRWD,CSCO,DAL,DASH,DD,DECK,DIS,DLR,DOV,DPZ,DRI,DXCM,EOG,EPAM,EQIX,EQT,ETN,EVRG,EW,EXE,EXPD,FCX,FDS,FFIV,FIS,FOX,FOXA,FTNT,FTV,GDDY,GEV,GILD,GM,GRMN,HLT,HON,HOOD,HST,HUBB,HUM,IR,ISRG,IT,ITW,IVZ,JBHT,JBL,JCI,JPM,KEY,KMI,KR,LII,LNT,LULU,LVS,LYV,MAR,MDT,MOS,MRVL,MS,MSTR,NDAQ,NFLX,NOW,NRG,NVDA,NWS,OKE,ORLY,PANW,PAYC,PCAR,PKG,PLTR,PNR,PODD,POOL,PTC,PYPL,QCOM,RCL,REG,RL,ROK,ROP,SBUX,SHOP,SOLV,SPY,STT,SW,SYF,SYK,T,TDY,TEAM,TECH,TEL,TJX,TPL,TPR,TRI,TRMB,TROW,TSCO,TSLA,TTD,TTWO,TXN,TYL,UAL,UNP,USB,V,VRSK,WAB,WAT,WBD,WMB,WMT,WST,XYZ,ZBH,ZBRA,ZS","A,ABBV,ACGL,ACN,AES,AFL,ALL,ALLE,ALNY,AMAT,AMCR,AMD,AMGN,AMT,APA,ASML,AWK,BALL,BAX,BBY,BG,BIIB,CAG,CB,CBOE,CCEP,CCI,CDW,CL,CMS,CNC,COO,CTRA,CTSH,DG,DHI,DHR,DOW,DTE,DUK,ECL,EFX,ELV,ERIE,EXC,EXR,F,FANG,GD,GE,GEHC,GIS,GL,HCA,HII,HOLX,ICE,IFF,INSM,IQV,J,JNJ,KHC,KLAC,KMB,KO,LDOS,LEN,LH,LHX,LIN,LLY,LMT,LOW,LYB,MA,MAA,MCD,MCO,MDLZ,MELI,MET,MGM,MMM,MNST,MOH,MPWR,MRK,MRNA,MSCI,MTCH,MTD,MU,NEE,NEM,NOC,NVR,NXPI,O,OMC,OTIS,OXY,PEP,PFE,PFG,PPG,PPL,PSA,ROL,RSG,RTX,SBAC,SPGI,STE,STX,STZ,SWK,SWKS,TAP,TDG,TGT,TMO,UHS,VICI,VRTX,WEC,WYNN,YUM,ZTS,^VIX",163,130,[],[]
2024-12-16,"ABT,ALB,ALGN,AMZN,ANET,APH,APO,APP,ARM,AXON,AXP,AZO,BAC,BK,BKNG,BLK,BR,BRK.B,BSX,BX,C,CBRE,CCL,CDNS,CF,CFG,CLX,CME,CMI,CNP,COF,COIN,COST,CPRT,CRL,CRM,CRWD,CSCO,DAL,DASH,DECK,DIS,DLR,DOV,DPZ,DRI,DXCM,EOG,EPAM,EQIX,EQT,ETN,EVRG,EW,EXE,FCX,FDS,FFIV,FIS,FOX,FOXA,FTNT,FTV,GDDY,GEV,GILD,GM,GRMN,HLT,HON,HOOD,HSIC,HST,HUBB,ISRG,ITW,IVZ,JBHT,JBL,JCI,JPM,KEY,KMI,KR,LII,LNT,LULU,LVS,LYV,MAR,MOS,MRVL,MS,MSTR,NDAQ,NFLX,NOW,NRG,NVDA,NWS,OKE,ORLY,PANW,PAYC,PCAR,PKG,PLTR,PNR,PODD,POOL,PTC,PYPL,QCOM,RCL,REG,RL,ROK,ROP,SHOP,SOLV,SPY,STT,SW,SYF,SYK,T,TDY,TEAM,TECH,TEL,TJX,TKO,TPL,TPR,TRI,TRMB,TROW,TSCO,TSLA,TTD,TTWO,TXN,TYL,UAL,UNP,USB,V,VRSK,WAB,WAT,WBD,WMB,WMT,WST,XYZ,ZBH,ZBRA,ZS","A,ABBV,ACGL,ACN,AES,AFL,ALL,ALLE,ALNY,AMAT,AMCR,AMD,AMGN,AMT,APA,ASML,AWK,BALL,BAX,BBY,BG,BIIB,CAG,CB,CBOE,CCEP,CCI,CDW,CL,CMS,CNC,COO,CTRA,CTSH,DG,DHI,DHR,DOW,DTE,DUK,ECL,EFX,ELV,ERIE,EXC,EXR,F,FANG,GD,GE,GEHC,GIS,GL,HCA,HOLX,ICE,IFF,INSM,IQV,J,JNJ,KHC,KLAC,KMB,KO,LDOS,LEN,LH,LHX,LIN,LLY,LMT,LOW,LYB,MA,MAA,MCD,MCO,MDLZ,MELI,MET,MGM,MMM,MNST,MOH,MPWR,MRK,MRNA,MSCI,MTCH,MTD,NEE,NEM,NOC,NVR,NXPI,O,OMC,OTIS,OXY,PEP,PFE,PFG,PPG,PPL,PSA,ROL,RSG,RTX,SBAC,SPGI,STE,STX,STZ,SWK,SWKS,TAP,TDG,TGT,TMO,UHS,VICI,VRTX,WEC,WYNN,YUM,ZTS,^VIX",158,128,[],[]
2024-12-17,"ABT,ALB,ALGN,AMZN,ANET,APH,APO,APP,ARM,AXON,AXP,AZO,BAC,BK,BKNG,BLK,BR,BRK.B,BSX,BX,C,CBRE,CCL,CDNS,CF,CFG,CLX,CME,CMI,CNP,COF,COIN,COST,CPRT,CRL,CRM,CRWD,CSCO,DAL,DASH,DECK,DIS,DLR,DPZ,DRI,DXCM,EPAM,EQIX,EQT,EVRG,EW,EXE,FCX,FDS,FFIV,FIS,FOX,FOXA,FTNT,FTV,GDDY,GEV,GILD,GM,HLT,HON,HOOD,HSIC,HST,ISRG,IVZ,JBHT,JBL,JCI,JPM,KEY,KMI,KR,LII,LNT,LULU,LVS,LYV,MAR,MOS,MRVL,MS,MSTR,NDAQ,NFLX,NOW,NRG,NVDA,NWS,OKE,ORLY,PANW,PAYC,PCAR,PLTR,PODD,POOL,PTC,PYPL,QCOM,RCL,REG,RL,ROK,ROP,SHOP,SOLV,SPY,STT,SW,SYF,SYK,T,TDY,TEAM,TECH,TEL,TKO,TPL,TPR,TRI,TRMB,TSCO,TSLA,TTD,TTWO,TXN,TYL,UAL,UNP,V,VRSK,WAB,WAT,WBD,WMB,WMT,WST,XYZ,ZBH,ZS","A,ABBV,ACGL,ACN,AES,AFL,ALL,ALLE,ALNY,AMAT,AMCR,AMD,AMGN,AMT,APA,ASML,AWK,BALL,BAX,BBY,BG,BIIB,CAG,CB,CBOE,CCEP,CCI,CDW,CL,CMS,CNC,COO,CTRA,CTSH,DG,DHI,DHR,DOW,DTE,DUK,ECL,ELV,ERIE,EXC,EXR,F,FANG,GD,GE,GEHC,GIS,GL,HCA,HOLX,ICE,IFF,INCY,INSM,INTU,IQV,J,JNJ,KHC,KLAC,KMB,KO,LDOS,LEN,LH,LHX,LIN,LLY,LMT,LOW,LYB,MA,MAA,MCD,MCO,MDLZ,MELI,MET,MGM,MMM,MNST,MOH,MPWR,MRK,MRNA,MSCI,MTCH,MTD,NEE,NEM,NOC,NVR,NXPI,O,OMC,OTIS,OXY,PEP,PFG,PPG,PPL,PSA,ROL,RSG,RTX,SBAC,SPGI,STE,STX,STZ,SWK,SWKS,TAP,TDG,TGT,TMO,TXT,UHS,VICI,VRTX,WEC,WYNN,YUM,ZTS",146,128,[],[]
2024-12-18,"ABT,ANET,APO,APP,ARM,AXON,AZO,CDNS,CLX,CME,CNP,COST,CRL,CRM,CRWD,DAL,DECK,DIS,DXCM,EPAM,EW,FOX,FOXA,GDDY,GEV,GILD,HON,HOOD,ISRG,JBL,KMI,KR,LII,LULU,LYV,MRVL,NVDA,PLTR,PODD,QCOM,REG,RL,ROP,T,TKO,TPL,TPR,TRI,TSLA,TTD,TTWO,UAL,V,WBD,WMB,WMT,WSM,WST,ZBH","A,ABBV,ACGL,ACN,AES,AFL,ALL,ALLE,ALNY,AMAT,AMCR,AMD,AMGN,AMT,APA,ASML,AWK,BALL,BAX,BBY,BG,BIIB,CAG,CB,CBOE,CCEP,CCI,CDW,CL,CMS,CNC,COO,CTRA,CTSH,DG,DHI,DHR,DOW,DTE,DUK,ECL,ELV,ERIE,EXC,EXR,F,FANG,GD,GE,GEHC,GIS,GL,HCA,HOLX,ICE,IFF,INCY,INSM,INTU,IQV,J,JNJ,KHC,KLAC,KMB,KO,LDOS,LEN,LH,LHX,LIN,LLY,LMT,LOW,LYB,MA,MAA,MCD,MCO,MDLZ,MELI,MET,MGM,MMM,MNST,MOH,MPWR,MRK,MRNA,MSCI,MTCH,MTD,NEE,NEM,NOC,NVR,NXPI,O,OMC,OTIS,OXY,PEP,PFG,PPG,PPL,PSA,ROL,RSG,RTX,SBAC,SPGI,STE,STX,STZ,SWK,SWKS,TAP,TDG,TGT,TMO,TXT,UHS,VICI,VRTX,WEC,WYNN,YUM,ZTS",59,128,[],[]
2024-12-19,"ABT,ANET,APO,APP,ARM,AXON,AZO,CDNS,CLX,CME,CNP,COST,CRL,CRM,CRWD,DAL,DDOG,DECK,DIS,DXCM,EPAM,EW,FOX,FOXA,GDDY,GEV,GILD,HON,HOOD,ISRG,JBL,KMI,KR,LULU,LYV,MRVL,NTAP,NVDA,PLTR,PODD,QCOM,REG,RL,ROP,T,TKO,TPL,TPR,TSLA,TTD,TTWO,UAL,V,WBD,WMB,WMT,WST,ZBH","A,ABBV,ACGL,AES,AFL,ALL,ALLE,ALNY,AMAT,AMCR,AMD,AMGN,AMT,APA,ASML,AWK,BALL,BAX,BBY,BG,BIIB,CAG,CB,CBOE,CCEP,CCI,CDW,CL,CMS,CNC,COO,CTRA,CTSH,DG,DHI,DHR,DOW,DTE,DUK,ECL,ELV,ERIE,EXC,EXR,F,FANG,GD,GE,GEHC,GIS,GL,HCA,HOLX,ICE,IFF,INCY,INSM,INTU,IQV,J,JNJ,KHC,KLAC,KMB,KO,LDOS,LEN,LH,LHX,LIN,LLY,LMT,LOW,LYB,MA,MAA,MCD,MCO,MDLZ,MELI,MET,MGM,MMM,MNST,MOH,MPWR,MRK,MRNA,MSCI,MTCH,MTD,NEE,NEM,NOC,NVR,NXPI,O,OMC,OTIS,OXY,PEP,PFG,PPG,PPL,PSA,ROL,RSG,RTX,SBAC,SPGI,STE,STX,STZ,SWK,SWKS,TAP,TDG,TGT,TMO,TXT,UHS,VICI,VRTX,WEC,WYNN,YUM,ZTS",58,127,[],[]
2024-12-20,"ABT,ANET,APO,APP,ARM,AXON,AZO,CDNS,CLX,CME,CNP,COST,CRL,CRM,CRWD,DAL,DDOG,DECK,DIS,DXCM,EBAY,EPAM,EW,FOX,FOXA,GDDY,GEV,GILD,HON,HOOD,ISRG,JBL,KMI,KR,LULU,LYV,MRVL,NKE,NTAP,NVDA,PLTR,PODD,QCOM,REG,RL,ROP,T,TKO,TPL,TPR,TSLA,TTD,TTWO,UAL,V,WBD,WMB,WMT,WST,ZBH","A,ABBV,ACGL,AES,AFL,ALL,ALLE,ALNY,AMAT,AMCR,AMD,AMGN,AMT,APA,ASML,AWK,BALL,BAX,BBY,BG,BIIB,CAG,CB,CBOE,CCEP,CCI,CDW,CL,CMS,CNC,COO,CTRA,CTSH,DG,DHI,DHR,DOW,DTE,DUK,ECL,ELV,ERIE,EXC,EXR,F,FANG,GD,GE,GEHC,GIS,GL,HCA,HOLX,ICE,IFF,INCY,INSM,INTU,IQV,J,JNJ,KHC,KLAC,KMB,KO,LDOS,LEN,LH,LHX,LIN,LLY,LMT,LOW,LYB,MA,MAA,MCD,MCO,MDLZ,MELI,MET,MGM,MMM,MNST,MOH,MPWR,MRK,MRNA,MSCI,MTCH,MTD,NEE,NEM,NOC,NVR,NXPI,O,OMC,OTIS,OXY,PEP,PFG,PPG,PPL,PSA,ROL,RSG,RTX,SBAC,SPGI,STE,STX,STZ,SWK,SWKS,TAP,TDG,TGT,TMO,TXT,UHS,VICI,VRTX,WEC,WYNN,YUM,ZTS",60,127,[],[]
2024-12-23,"ABT,ANET,APO,APP,APTV,ARM,AXON,AZO,BA,CDNS,CLX,CME,CNP,COST,CRL,CRM,CRWD,DAL,DDOG,DECK,DIS,DXCM,EBAY,EPAM,EW,FER,FOX,FOXA,GDDY,GEV,GILD,HON,HOOD,HRL,ISRG,JBL,KMI,KR,LULU,LYV,MRVL,NKE,NTAP,NVDA,PLTR,PODD,QCOM,REG,RL,ROP,SMCI,T,TER,TKO,TPL,TPR,TSLA,TTD,TTWO,UAL,V,WBD,WMB,WST,ZBH","A,ABBV,ACGL,AES,AFL,ALL,ALLE,ALNY,AMAT,AMCR,AMD,AMGN,AMT,APA,ASML,AWK,BALL,BAX,BBY,BG,BIIB,CAG,CB,CBOE,CCEP,CCI,CDW,CL,CMS,CNC,COO,COP,CTRA,CTSH,DG,DHI,DHR,DOW,DTE,DUK,ECL,ELV,ERIE,EXC,EXR,F,FANG,GD,GE,GEHC,GIS,GL,HCA,HOLX,ICE,IFF,INCY,INSM,INTU,IQV,J,JNJ,KHC,KLAC,KMB,KO,LDOS,LEN,LH,LHX,LIN,LLY,LMT,LOW,LYB,MA,MAA,MCD,MCO,MDLZ,MELI,MET,MGM,MMM,MNST,MOH,MPWR,MRK,MRNA,MSCI,MTCH,MTD,NEE,NEM,NOC,NVR,NXPI,O,OMC,OTIS,OXY,PEP,PFG,PPG,PPL,PSA,ROL,RSG,RTX,SBAC,SPGI,STE,STX,STZ,SWK,SWKS,TAP,TDG,TGT,TMO,TXT,UHS,VICI,VRTX,WEC,WYNN,YUM,ZTS",65,128,[],[]
2024-12-24,"AAPL,ABT,ANET,APO,APP,APTV,ARM,AXON,AZO,BA,CDNS,CLX,CME,CNP,COST,CRL,CRM,CRWD,DAL,DDOG,DECK,DIS,DXCM,EBAY,EPAM,EW,FER,FOX,FOXA,GDDY,GEV,GILD,HON,HOOD,HRL,ISRG,JBL,KMI,KR,LULU,LYV,MRVL,NKE,NTAP,NVDA,PLTR,PODD,QCOM,REG,RL,ROP,SJM,SMCI,T,TER,TKO,TPL,TPR,TSLA,TTD,TTWO,UAL,V,WBD,WMB,WST,ZBH","A,ABBV,ACGL,AES,AFL,ALL,ALLE,ALNY,AMAT,AMCR,AMD,AMGN,AMT,APA,ASML,AWK,BALL,BAX,BBY,BG,BIIB,CAG,CB,CBOE,CCEP,CCI,CDW,CL,CMS,CNC,COO,COP,CTRA,CTSH,DG,DHI,DHR,DOW,DTE,DUK,ECL,ELV,ERIE,EXC,EXR,F,FANG,GD,GE,GEHC,GIS,GL,HCA,HOLX,ICE,IFF,INCY,INSM,INTU,IQV,J,JNJ,KHC,KLAC,KMB,KO,LDOS,LEN,LH,LHX,LIN,LLY,LMT,LOW,LYB,MA,MAA,MCD,MCO,MDLZ,MELI,MET,MGM,MMM,MNST,MOH,MPWR,MRK,MRNA,MSCI,MTCH,MTD,NEE,NEM,NOC,NVR,NXPI,O,OMC,OTIS,OXY,PEP,PFG,PPG,PPL,PSA,ROL,RSG,RTX,SBAC,SPGI,STE,STX,STZ,SWK,SWKS,TAP,TDG,TGT,TMO,TXT,UHS,VICI,VRTX,WEC,WYNN,XOM,YUM,ZTS",67,129,[],[]
2024-12-26,"AAPL,ABT,ANET,APO,APP,APTV,ARM,AXON,AZO,BA,CDNS,CLX,CME,CNP,COST,CRL,CRM,CRWD,DAL,DDOG,DECK,DIS,DLTR,DXCM,EBAY,EPAM,EW,FER,FOX,FOXA,GDDY,GEV,GILD,HON,HOOD,HRL,ISRG,JBL,KMI,KR,LULU,LYV,MRVL,NKE,NTAP,NVDA,PLTR,PODD,QCOM,REG,RL,ROP,SJM,SMCI,T,TER,TKO,TPL,TPR,TSLA,TTD,TTWO,UAL,V,VRSN,WBD,WMB,WST,ZBH","A,ABBV,ACGL,ADSK,AES,AFL,ALL,ALLE,ALNY,AMAT,AMCR,AMD,AMGN,AMT,APA,ASML,AWK,BALL,BAX,BG,BIIB,CAG,CB,CBOE,CCEP,CCI,CDW,CL,CMS,CNC,COO,COP,CTRA,CTSH,DELL,DG,DHI,DHR,DOW,DTE,DUK,ECL,ELV,ERIE,EXC,EXR,F,FANG,GD,GE,GEHC,GIS,GL,HCA,HOLX,HPQ,ICE,IFF,INCY,INSM,INTU,IQV,J,JNJ,KHC,KLAC,KMB,KO,LDOS,LEN,LH,LHX,LIN,LLY,LMT,LOW,LYB,MA,MAA,MCD,MCO,MDLZ,MELI,MET,MGM,MMM,MNST,MOH,MPWR,MRK,MRNA,MSCI,MTCH,MTD,NEE,NEM,NOC,NVR,NXPI,O,OMC,ORCL,OTIS,OXY,PEP,PFG,PPG,PPL,PSA,ROL,RSG,RTX,SBAC,SPGI,STE,STX,STZ,SWK,SWKS,TAP,TDG,TGT,TMO,TXT,UHS,VICI,VRTX,WDAY,WEC,WYNN,XOM,YUM,ZTS",69,133,[],[]
2024-12-27,"AAPL,ABT,ANET,APO,APP,APTV,ARM,AXON,AZO,BA,CDNS,CLX,CME,CNP,COST,CRL,CRM,CRWD,DAL,DDOG,DECK,DIS,DLTR,DXCM,EBAY,EPAM,EW,FER,FOX,FOXA,GDDY,GEV,GILD,HON,HOOD,HRL,ISRG,JBL,KMI,KR,LULU,LYV,MRVL,NKE,NTAP,NVDA,PLTR,PODD,QCOM,REG,RL,ROP,SJM,SMCI,T,TER,TKO,TPL,TPR,TSLA,TTD,TTWO,UAL,ULTA,V,VRSN,WBD,WMB,WST,ZBH","A,ABBV,ACGL,ADSK,AES,AFL,ALL,ALLE,ALNY,AMAT,AMCR,AMD,AMGN,AMT,APA,ASML,AWK,BALL,BAX,BG,BIIB,CAG,CB,CBOE,CCEP,CCI,CDW,CL,CMS,CNC,COO,COP,CTRA,CTSH,DELL,DG,DHI,DHR,DOW,DTE,DUK,ECL,ELV,ERIE,EXC,EXR,F,FANG,GD,GE,GEHC,GIS,GL,HCA,HOLX,HPQ,ICE,IFF,INCY,INSM,INTU,IQV,J,JNJ,KHC,KLAC,KMB,KO,LDOS,LEN,LH,LHX,LIN,LLY,LMT,LOW,LYB,MA,MAA,MCD,MCO,MDLZ,MELI,MET,MGM,MMM,MNST,MOH,MPWR,MRK,MRNA,MSCI,MTCH,MTD,NEE,NEM,NOC,NVR,NXPI,O,OMC,ORCL,OTIS,OXY,PEP,PFG,PPG,PPL,PSA,ROL,RSG,RTX,SBAC,SPGI,STE,STX,STZ,SWK,SWKS,TAP,TDG,TGT,TMO,TXT,UHS,VICI,VRTX,WDAY,WEC,WYNN,XOM,YUM,ZTS",70,133,[],[]
2024-12-30,"AAPL,ABT,ANET,APO,APP,APTV,ARM,AXON,AZO,BA,CDNS,CLX,CME,CNP,COST,CRL,CRM,CRWD,DAL,DDOG,DECK,DIS,DLTR,DXCM,EBAY,EPAM,EW,FER,FOX,FOXA,GDDY,GEV,GILD,HON,HOOD,HRL,ISRG,JBL,KMI,KR,LULU,LYV,MRVL,NKE,NTAP,NVDA,PLTR,PODD,QCOM,REG,RL,ROP,SJM,SMCI,T,TER,TKO,TPL,TPR,TSLA,TTD,TTWO,UAL,ULTA,V,VRSN,WBD,WMB,WST,ZBH","A,ABBV,ACGL,ADSK,AES,AFL,ALL,ALLE,ALNY,AMAT,AMCR,AMD,AMGN,AMT,APA,ASML,AWK,BALL,BAX,BG,BIIB,CAG,CB,CBOE,CCEP,CCI,CDW,CL,CMS,CNC,COO,COP,CTSH,DELL,DG,DHI,DHR,DOW,DTE,DUK,ECL,ELV,EQR,ERIE,EXC,EXR,F,FANG,FE,GD,GE,GEHC,GIS,GL,HCA,HOLX,HPQ,ICE,IFF,INCY,INSM,INTU,IQV,J,JNJ,KHC,KLAC,KMB,KO,LDOS,LEN,LH,LHX,LIN,LLY,LMT,LOW,LYB,MA,MAA,MCD,MCO,MDLZ,MELI,MET,MGM,MMM,MNST,MOH,MPWR,MRK,MRNA,MSCI,MTCH,MTD,NEE,NEM,NI,NOC,NVR,NXPI,O,OMC,ORCL,OTIS,OXY,PCG,PEP,PFG,PPG,PPL,PSA,ROL,RSG,RTX,SBAC,SPGI,STE,STX,STZ,SWK,SWKS,TAP,TDG,TGT,TMO,TRGP,TXT,UHS,VICI,VRTX,VTR,WDAY,WEC,WELL,WYNN,XOM,YUM,ZTS",70,139,[],[]
2024-12-31,"AAPL,ABT,ANET,APO,APP,APTV,ARM,AXON,AZO,BA,CDNS,CLX,CME,CNP,COST,CRL,CRM,CRWD,DAL,DDOG,DECK,DIS,DLTR,DXCM,EBAY,EPAM,EW,FER,FOX,FOXA,GDDY,GEV,GILD,HON,HOOD,HRL,ISRG,JBL,KMI,KR,LULU,LYV,MRVL,NKE,NTAP,NVDA,PLTR,PODD,QCOM,REG,RL,ROP,SJM,SMCI,SYY,T,TER,TKO,TPL,TPR,TSLA,TTD,TTWO,UAL,ULTA,V,VRSN,WBD,WMB,WST,ZBH","A,ABBV,ACGL,ADSK,AEE,AES,AFL,AIG,ALL,ALLE,ALNY,AMAT,AMCR,AMD,AMGN,AMT,APA,ASML,ATO,AVB,AWK,BALL,BAX,BG,BIIB,CAG,CB,CBOE,CCEP,CCI,CDW,CL,CMS,CNC,COO,COP,CTSH,D,DELL,DG,DHI,DHR,DOW,DTE,DUK,ECL,ED,EIX,ELV,EQR,ERIE,ES,ESS,ETR,EXC,EXR,F,FANG,FDX,FE,GD,GE,GEHC,GIS,GL,HCA,HOLX,HPQ,ICE,IFF,INCY,INSM,INTC,INTU,IQV,J,JNJ,KHC,KLAC,KMB,KO,LDOS,LEN,LH,LHX,LIN,LLY,LMT,LOW,LYB,MA,MAA,MCD,MCO,MDLZ,MELI,MET,MGM,MMM,MNST,MOH,MPWR,MRK,MRNA,MSCI,MTCH,MTD,NEE,NEM,NI,NOC,NVR,NXPI,O,OMC,ORCL,OTIS,OXY,PCG,PEP,PFG,PNW,PPG,PPL,PSA,ROL,RSG,RTX,SBAC,SO,SPGI,STE,STX,STZ,SWK,SWKS,TAP,TDG,TFC,TGT,TMO,TRGP,TXT,UDR,UHS,UPS,VICI,VRTX,VTR,WDAY,WEC,WELL,WYNN,XOM,YUM,ZTS",71,156,[],[]
2025-01-02,"ABT,ANET,APO,APP,APTV,ARM,AXON,AZO,BA,CDNS,CIEN,CLX,CME,CNP,COST,CRL,CRM,CRWD,DAL,DDOG,DECK,DIS,DLTR,DXCM,EBAY,EPAM,FER,FOX,FOXA,GDDY,GEV,GILD,HON,HOOD,HRL,ISRG,JBL,KMI,KR,LULU,LUV,LYV,MRVL,NKE,NTAP,NVDA,PLTR,PODD,QCOM,REG,RL,ROP,SJM,SMCI,SYY,T,TER,TKO,TPL,TPR,TTD,TTWO,UAL,ULTA,V,VRSN,WBD,WMB,WST,ZBH","A,ABBV,ACGL,ADM,ADSK,AEE,AEP,AES,AFL,AIG,ALL,ALLE,ALNY,AMAT,AMCR,AMD,AMGN,AMT,APA,ARE,ASML,ATO,AVB,AWK,BALL,BAX,BG,BIIB,CAG,CB,CBOE,CCEP,CCI,CDW,CL,CMS,CNC,COO,CPB,CTSH,D,DELL,DG,DHI,DHR,DOW,DTE,DUK,ECL,ED,EIX,ELV,EQR,ERIE,ES,ESS,ETR,EXC,EXR,F,FDX,FE,GD,GE,GEHC,GIS,GL,HCA,HOLX,HPQ,ICE,IFF,INCY,INSM,INTC,INTU,IQV,J,JNJ,KHC,KLAC,KMB,KO,KVUE,LDOS,LEN,LH,LHX,LIN,LLY,LMT,LOW,LYB,MA,MAA,MCD,MCHP,MCO,MDLZ,MELI,MET,MGM,MMM,MNST,MOH,MPC,MPWR,MRK,MRNA,MSCI,MTCH,MTD,NEE,NEM,NI,NOC,NUE,NVR,NXPI,O,ODFL,OMC,ON,ORCL,OTIS,OXY,PCG,PEP,PFG,PNW,PPG,PPL,PSA,ROL,RSG,RTX,SBAC,SO,SPGI,STE,STX,STZ,SWK,SWKS,TAP,TDG,TFC,TGT,TMO,TRGP,TXT,UDR,UHS,UPS,VICI,VLO,VRTX,VTR,VZ,WDAY,WEC,WELL,WFC,WYNN,XOM,YUM,ZTS",70,167,[],[]
2025-01-03,"ABT,ANET,APO,APP,APTV,ARM,AXON,AZO,BA,CDNS,CIEN,CLX,CME,CNP,COST,CRL,CRM,CRWD,DAL,DDOG,DECK,DIS,DLTR,DXCM,EBAY,EPAM,FER,FOX,FOXA,GDDY,GEV,GILD,HON,HOOD,HRL,ISRG,JBL,KMI,KR,LULU,LUV,LYV,MRVL,NKE,NTAP,NVDA,PLTR,PODD,QCOM,REG,RL,ROP,SJM,SMCI,SYY,T,TER,TKO,TPL,TPR,TTD,TTWO,UAL,ULTA,V,VRSN,WBD,WMB,WST,ZBH","A,ABBV,ACGL,ADM,ADSK,AEE,AEP,AES,AFL,AIG,ALL,ALLE,ALNY,AMAT,AMCR,AMD,AMGN,AMT,APA,APD,ARE,ASML,ATO,AVB,AWK,BALL,BAX,BG,BIIB,CAG,CARR,CB,CBOE,CCEP,CCI,CDW,CI,CL,CMS,CNC,COO,CPB,CSX,CTSH,D,DELL,DG,DHI,DHR,DOW,DTE,DUK,ECL,ED,EG,EIX,ELV,EQR,ERIE,ES,ESS,ETR,EXC,EXR,F,FDX,FE,FISV,GD,GE,GEHC,GIS,GL,HAL,HCA,HOLX,HPQ,ICE,IFF,INCY,INSM,INTC,INTU,IQV,J,JNJ,KHC,KLAC,KMB,KO,KVUE,LDOS,LEN,LH,LHX,LIN,LLY,LMT,LOW,LYB,MA,MAA,MCD,MCHP,MCK,MCO,MDLZ,MELI,MET,MGM,MMM,MNST,MOH,MPC,MPWR,MRK,MRNA,MSCI,MTCH,MTD,NEE,NEM,NI,NOC,NUE,NVR,NXPI,O,ODFL,OMC,ON,ORCL,OTIS,OXY,PAYX,PCG,PEP,PFG,PNW,PPG,PPL,PSA,RMD,ROL,RSG,RTX,SBAC,SLB,SNPS,SO,SPGI,STE,STX,STZ,SWK,SWKS,TAP,TDG,TFC,TGT,TMO,TRGP,TXT,UDR,UHS,UNH,UPS,VICI,VLO,VRTX,VTR,VZ,WDAY,WEC,WELL,WFC,WYNN,XOM,YUM,ZTS",70,180,[],[]
2025-01-06,"ABT,ANET,APO,APP,APTV,ARM,AVGO,AXON,AZO,BA,CDNS,CIEN,CNP,COST,CRL,CRM,CRWD,DAL,DDOG,DECK,DIS,DLTR,DXCM,EBAY,EPAM,FER,FOX,FOXA,GDDY,GEV,GILD,HON,HOOD,HPE,ISRG,JBL,KMI,KR,LULU,LUV,LYV,MRVL,NKE,NTAP,NVDA,PLTR,PODD,QCOM,REG,RL,ROP,SJM,SMCI,SYY,T,TER,TKO,TPL,TPR,TTD,TTWO,UAL,ULTA,V,VRSN,WBD,WMB,WST,ZBH","A,ABBV,ACGL,ADM,ADSK,AEE,AEP,AES,AFL,AIG,AJG,ALL,ALLE,ALNY,AMCR,AMD,AME,AMGN,AMT,APA,APD,ARE,ATO,AVB,AWK,BALL,BAX,BG,BIIB,BRO,CAG,CARR,CB,CBOE,CCEP,CCI,CDW,CHD,CI,CL,CMS,CNC,COO,CPB,CSX,CTSH,CVS,CVX,D,DG,DHI,DOW,DTE,DUK,ECL,ED,EG,EIX,ELV,EQR,ERIE,ES,ESS,ETR,EXC,EXR,F,FAST,FDX,FE,FISV,GD,GE,GIS,GL,HAL,HCA,HOLX,HPQ,ICE,IFF,INSM,INTC,INTU,IQV,J,JNJ,KHC,KMB,KO,KVUE,LDOS,LEN,LH,LHX,LIN,LLY,LMT,LOW,LYB,MA,MAA,MCD,MCHP,MCK,MCO,MDLZ,MELI,MET,MGM,MMM,MNST,MOH,MPC,MPWR,MRK,MRNA,MRSH,MSCI,MTCH,MTD,NEE,NEM,NI,NOC,NSC,NUE,NVR,NXPI,O,ODFL,OMC,ON,ORCL,OTIS,OXY,PAYX,PCG,PEP,PFG,PGR,PLD,PNW,PPG,PPL,PSA,RMD,ROL,RSG,RTX,SBAC,SLB,SNA,SNPS,SO,SPGI,SRE,STE,STX,STZ,SWK,SWKS,TAP,TDG,TFC,TGT,TMO,TRGP,TXT,UDR,UHS,UNH,UPS,VICI,VLO,VRTX,VTR,VZ,WDAY,WEC,WELL,WFC,WYNN,XEL,XOM,YUM,ZTS",69,187,[],[]
2025-01-07,"ABT,ANET,APO,APP,APTV,ARM,AVGO,AXON,AZO,BA,CDNS,CIEN,CNP,COST,CRL,CRM,CRWD,DAL,DDOG,DECK,DIS,DLTR,DXCM,EBAY,EPAM,FER,FOX,FOXA,GDDY,GEV,GILD,HON,HOOD,HPE,HSY,ISRG,JBL,KMI,LULU,LUV,LYV,MRVL,NKE,NTAP,NVDA,PDD,PLTR,PODD,QCOM,REG,RL,ROP,SJM,SMCI,SYY,T,TER,TKO,TPL,TPR,TTD,TTWO,UAL,ULTA,V,VRSN,WBD,WMB,WST,ZBH","A,ABBV,ACGL,ADM,ADP,ADSK,AEE,AEP,AES,AFL,AIG,AIZ,AJG,ALL,ALLE,ALNY,AMCR,AMD,AME,AMGN,AMP,AMT,AON,APA,APD,ARE,ATO,AVB,AWK,BALL,BAX,BG,BIIB,BRO,CAG,CARR,CB,CBOE,CCEP,CCI,CDW,CHD,CHTR,CI,CL,CMCSA,CMS,CNC,COO,COR,CPAY,CPB,CRH,CSX,CTAS,CTSH,CVS,CVX,D,DG,DHI,DOW,DTE,DUK,DVA,ECL,ED,EG,EIX,ELV,EME,EQR,ERIE,ES,ESS,ETR,EXC,EXR,F,FAST,FDX,FE,FICO,FISV,FIX,GD,GE,GIS,GL,GWW,HAL,HBAN,HCA,HIG,HOLX,HPQ,HWM,ICE,IFF,INSM,INTC,INTU,IQV,IRM,J,JNJ,KHC,KKR,KMB,KO,KVUE,LDOS,LEN,LHX,LIN,LLY,LMT,LOW,LYB,MA,MAA,MCD,MCHP,MCK,MCO,MDLZ,MELI,MET,MGM,MMM,MNST,MO,MOH,MPC,MPWR,MRK,MRSH,MSCI,MSI,MTB,MTCH,MTD,NCLH,NEE,NEM,NI,NOC,NSC,NUE,NVR,NXPI,O,ODFL,OMC,ON,ORCL,OTIS,OXY,PAYX,PCG,PEG,PEP,PFG,PG,PGR,PLD,PNC,PNW,PPG,PPL,PRU,PSA,PWR,RF,RJF,RMD,ROL,RSG,RTX,SBAC,SHW,SLB,SNA,SNPS,SO,SPGI,SRE,STE,STX,STZ,SWK,SWKS,TAP,TDG,TFC,TGT,TMO,TMUS,TRGP,TRV,TT,TXT,UDR,UHS,UNH,UPS,URI,VICI,VLO,VRTX,VTR,VZ,WDAY,WEC,WELL,WFC,WM,WRB,WTW,WYNN,XEL,XOM,YUM,ZTS",70,224,[],[]
2025-01-08,"ABT,ANET,APO,APP,APTV,ARM,AVGO,AXON,AZO,BA,CDNS,CIEN,CNP,COST,CRL,CRM,CRWD,DAL,DDOG,DECK,DIS,DLTR,DXCM,EBAY,EPAM,FER,FOX,FOXA,GDDY,GEV,GILD,GOOG,GOOGL,HON,HOOD,HPE,ISRG,JBL,KMI,LULU,LUV,LYV,MRVL,NKE,NTAP,NVDA,PDD,PLTR,PODD,QCOM,REG,RL,ROP,SMCI,SYY,T,TER,TKO,TPL,TPR,TTD,TTWO,UAL,ULTA,V,VRSN,WBD,WMB,WST,ZBH","A,ABBV,ACGL,ADM,ADP,ADSK,AEE,AEP,AES,AFL,AIG,AIZ,AJG,ALL,ALLE,ALNY,AMCR,AMD,AME,AMGN,AMP,AMT,AON,APA,APD,ARE,ATO,AVB,AWK,BALL,BAX,BG,BIIB,BRO,CAG,CARR,CAT,CB,CBOE,CCEP,CCI,CDW,CHD,CHTR,CI,CINF,CL,CMCSA,CMS,CNC,COO,CPB,CRH,CSX,CTAS,CTSH,CVNA,CVS,CVX,D,DG,DHI,DOW,DTE,DUK,DVA,ECL,ED,EG,EIX,ELV,EME,EMR,EQR,ERIE,ES,ESS,ETR,EXC,EXR,F,FAST,FDX,FE,FICO,FISV,FIX,GD,GE,GEN,GIS,GL,GNRC,GS,GWW,HAL,HBAN,HCA,HIG,HOLX,HPQ,HWM,ICE,IFF,INSM,INTC,INTU,IP,IQV,IRM,J,JNJ,KHC,KIM,KKR,KMB,KO,KVUE,L,LDOS,LEN,LHX,LIN,LLY,LMT,LOW,LYB,MA,MAA,MCD,MCHP,MCK,MCO,MDLZ,MELI,MET,MGM,MLM,MNST,MO,MOH,MPC,MPWR,MRK,MRSH,MSCI,MSI,MTB,MTCH,MTD,NCLH,NEE,NEM,NI,NOC,NSC,NUE,NVR,NXPI,O,ODFL,OMC,ON,ORCL,OTIS,OXY,PAYX,PCG,PEG,PEP,PFG,PG,PGR,PH,PLD,PNC,PNW,PPG,PPL,PRU,PSA,PSX,PWR,RF,RJF,RMD,ROL,RTX,SBAC,SHW,SLB,SNA,SNPS,SO,SPGI,SRE,STE,STX,STZ,SWK,SWKS,TAP,TDG,TFC,TGT,TMO,TMUS,TRV,TT,TXT,UDR,UNH,UPS,URI,VICI,VLO,VMC,VRTX,VTR,VTRS,VZ,WDAY,WEC,WELL,WFC,WRB,WTW,WYNN,XEL,XOM,YUM,ZTS",70,232,[],[]
2025-01-10,"ABT,ANET,APO,APP,APTV,ARM,AVGO,AXON,AZO,BA,CDNS,CIEN,CNP,COST,CRL,CRM,CRWD,DAL,DDOG,DECK,DIS,DLTR,DXCM,EBAY,EPAM,FER,FOX,FOXA,GDDY,GEV,GILD,GOOG,GOOGL,HON,HOOD,HPE,ISRG,JBL,KMI,LULU,LUV,LYV,MRVL,NKE,NTAP,NVDA,PDD,PLTR,PODD,QCOM,REG,RL,ROP,SMCI,SYY,T,TER,TKO,TPL,TPR,TTD,TTWO,UAL,ULTA,V,VRSN,WMB,WST,ZBH","A,ABBV,ACGL,ADM,ADP,ADSK,AEE,AEP,AES,AFL,AIG,AIZ,AJG,ALL,ALLE,ALNY,AMCR,AMD,AME,AMGN,AMP,AMT,AON,APA,APD,ARE,ATO,AVB,AVY,AWK,BALL,BAX,BIIB,BMY,BRO,CAG,CAH,CARR,CAT,CB,CBOE,CCEP,CCI,CDW,CHD,CHTR,CI,CINF,CL,CMCSA,CMS,CNC,COO,CPB,CRH,CSX,CTAS,CTSH,CVNA,D,DG,DGX,DHI,DOW,DTE,DUK,DVA,ECL,ED,EG,EIX,ELV,EME,EMR,EQR,ERIE,ES,ESS,ETR,EXC,EXR,F,FAST,FDX,FE,FICO,FISV,FITB,FIX,GD,GE,GEN,GIS,GL,GLW,GNRC,GS,GWW,HAL,HBAN,HCA,HIG,HOLX,HPQ,HWM,ICE,IFF,INSM,INTC,INTU,IP,IQV,IRM,J,JNJ,KHC,KIM,KKR,KMB,KO,KVUE,L,LDOS,LEN,LHX,LIN,LLY,LMT,LOW,LYB,MA,MAA,MCD,MCHP,MCK,MCO,MDLZ,MELI,MET,MGM,MLM,MNST,MO,MOH,MPC,MPWR,MRK,MRSH,MSCI,MSI,MTB,MTCH,MTD,NCLH,NEE,NEM,NI,NOC,NSC,NTRS,NUE,NVR,NXPI,O,ODFL,OMC,ON,ORCL,OTIS,OXY,PAYX,PCG,PEG,PEP,PFG,PG,PGR,PH,PLD,PM,PNC,PNW,PPG,PPL,PRU,PSA,PSX,PWR,RF,RJF,RMD,ROL,RTX,SBAC,SHW,SLB,SNA,SNPS,SO,SPG,SPGI,SRE,STE,STX,STZ,SWK,SWKS,TAP,TDG,TFC,TGT,TMO,TMUS,TRV,TT,TXT,UDR,UNH,UPS,URI,VICI,VLO,VMC,VRTX,VTR,VTRS,VZ,WDAY,WEC,WELL,WFC,WRB,WTW,WYNN,XEL,XOM,XYL,YUM,ZTS",69,239,[],[]
2025-01-13,"ABT,ANET,APO,APP,APTV,ARM,AVGO,AXON,AZO,BA,BDX,CDNS,CHRW,CIEN,CNP,COST,CRL,CRM,CRWD,DAL,DDOG,DECK,DIS,DLTR,DXCM,EBAY,EPAM,FER,FOX,FOXA,GDDY,GEV,GILD,GOOG,GOOGL,HON,HOOD,HPE,ISRG,JBL,KMI,LULU,LUV,LYV,MRVL,NKE,NTAP,NVDA,PDD,PLTR,PODD,QCOM,REG,RL,ROP,SMCI,SYY,T,TER,TKO,TPL,TPR,TTD,TTWO,UAL,ULTA,V,VRSN,WMB,WST,ZBH","ABBV,ACGL,ADBE,ADP,ADSK,AEE,AEP,AES,AFL,AIG,AIZ,AJG,ALL,ALLE,AMCR,AMD,AME,AMP,AMT,AON,APA,ARE,ATO,AVB,AVY,AWK,BALL,BIIB,BMY,BRO,CAG,CAH,CARR,CAT,CB,CBOE,CCEP,CCI,CDW,CHD,CHTR,CI,CINF,CL,CMCSA,CMS,CNC,COO,CPB,CRH,CSX,CTAS,CTSH,CVNA,D,DG,DGX,DHI,DOC,DOW,DTE,DUK,DVA,ECL,ED,EG,EIX,EME,EMR,EQR,ERIE,ES,ESS,ETR,EXC,EXR,F,FAST,FDX,FE,FICO,FISV,FITB,FIX,GD,GE,GEN,GIS,GL,GLW,GNRC,GS,GWW,HAL,HBAN,HCA,HIG,HOLX,HPQ,HWM,ICE,IFF,INSM,INTC,INTU,IP,IQV,IRM,J,JNJ,KHC,KIM,KKR,KMB,KO,KVUE,L,LEN,LIN,LLY,LMT,LOW,LYB,MA,MAA,MCD,MCHP,MCK,MCO,MDLZ,MELI,MET,MGM,MLM,MNST,MO,MOH,MPC,MPWR,MRK,MRSH,MSCI,MSI,MTB,MTCH,MTD,NCLH,NDSN,NEE,NEM,NI,NOC,NSC,NTRS,NUE,NVR,NXPI,O,ODFL,OMC,ON,ORCL,OTIS,OXY,PAYX,PCG,PEG,PEP,PFG,PG,PGR,PH,PLD,PM,PNC,PNW,PPG,PPL,PRU,PSA,PSX,PWR,REGN,RF,RJF,RMD,ROL,RTX,SBAC,SHW,SLB,SNA,SNPS,SO,SPG,SPGI,SRE,STE,STX,STZ,SWK,SWKS,TAP,TDG,TFC,TGT,TMO,TMUS,TRV,TSN,TT,TXT,UDR,UPS,URI,VICI,VMC,VRTX,VTR,VTRS,VZ,WDAY,WDC,WEC,WELL,WFC,WRB,WTW,WYNN,XEL,XOM,XYL,YUM,ZTS",71,234,[],[]
2025-01-14,"ABT,ANET,APO,APP,APTV,ARM,AVGO,AXON,AZO,BA,BDX,CDNS,CHRW,CIEN,CNP,COST,CRM,CRWD,DAL,DDOG,DECK,DIS,DLTR,DXCM,EBAY,EPAM,FER,FOX,FOXA,GDDY,GEV,GILD,GOOG,GOOGL,HON,HOOD,HPE,ISRG,JBL,KMI,LULU,LUV,LYV,MRVL,NKE,NTAP,NVDA,PDD,PLTR,PODD,QCOM,REG,RL,ROP,SMCI,SYY,T,TER,TKO,TPL,TPR,TTD,TTWO,UAL,ULTA,V,VRSN,WMB,WST,ZBH","ABBV,ABNB,ACGL,ADBE,ADP,ADSK,AEE,AEP,AES,AFL,AIG,AIZ,AJG,ALL,ALLE,AMCR,AMD,AME,AMP,AMT,APA,ARE,ATO,AVB,AVY,AWK,BALL,BIIB,BMY,BRO,CAG,CARR,CAT,CB,CBOE,CCEP,CCI,CHTR,CI,CINF,CL,CMCSA,CMS,CNC,COO,CPB,CRH,CSX,CTAS,CTSH,CVNA,D,DG,DGX,DOC,DOW,DTE,DUK,EA,ECL,ED,EG,EIX,EMR,EQR,ERIE,ES,ESS,ETR,EXC,EXPE,EXR,F,FAST,FDX,FE,FICO,FISV,FITB,FIX,GD,GEN,GIS,GL,GLW,GNRC,GPN,GS,GWW,HAL,HAS,HBAN,HCA,HIG,HOLX,HPQ,ICE,IFF,INSM,INTC,INTU,IQV,IRM,J,JNJ,KHC,KIM,KKR,KMB,KO,KVUE,L,LEN,LLY,LMT,LOW,LYB,MA,MAA,MCD,MCHP,MCK,MCO,MDLZ,MELI,MET,MGM,MLM,MNST,MO,MOH,MPC,MPWR,MRK,MRSH,MSCI,MSI,MTB,MTCH,MTD,NCLH,NDSN,NEE,NEM,NI,NOC,NSC,NTRS,NUE,NVR,NWSA,NXPI,O,ODFL,OMC,ON,ORCL,OTIS,OXY,PAYX,PCG,PEG,PEP,PFG,PG,PGR,PH,PLD,PM,PNC,PNW,PPG,PPL,PRU,PSA,PSX,PWR,REGN,RF,RJF,RMD,ROL,SBAC,SCHW,SHW,SLB,SNA,SNPS,SO,SPG,SPGI,SRE,STE,STX,STZ,SWK,SWKS,TAP,TDG,TFC,TGT,TMO,TMUS,TRV,TSN,TT,UDR,UPS,VICI,VMC,VRTX,VTR,VTRS,VZ,WDAY,WDC,WEC,WELL,WFC,WRB,WTW,WYNN,XEL,XOM,XYL,YUM,ZTS",70,227,[],[]
2025-01-15,"ABT,ANET,APO,APP,APTV,ARM,AVGO,AXON,AZO,BA,BDX,CDNS,CHRW,CIEN,CNP,COST,CRM,CRWD,DAL,DDOG,DECK,DIS,DLTR,DXCM,EBAY,EPAM,FER,FOX,FOXA,GDDY,GEV,GILD,GOOG,GOOGL,HII,HON,HOOD,HPE,ISRG,JBL,KMI,LULU,LUV,LYV,MRVL,NKE,NTAP,NVDA,PDD,PLTR,PODD,QCOM,REG,RL,ROP,SMCI,SYY,T,TER,TKO,TPL,TPR,TTD,TTWO,UAL,ULTA,V,VRSN,WMB,WST,ZBH","ABBV,ABNB,ACGL,ADBE,ADP,ADSK,AEP,AES,AFL,AIG,AIZ,AJG,ALL,ALLE,AMCR,AMD,AME,AMP,AMT,ARE,ATO,AVB,AVY,AWK,BALL,BIIB,BMY,BRO,CAG,CARR,CAT,CB,CBOE,CCEP,CCI,CHTR,CI,CINF,CL,CMCSA,CMS,CNC,COO,CPB,CSX,CTAS,CTSH,CVNA,D,DD,DG,DGX,DOC,DOW,DTE,DUK,EA,ECL,EG,EIX,EMR,EQR,ERIE,ES,ESS,EXC,EXPD,EXPE,EXR,F,FAST,FDX,FE,FISV,GD,GEN,GIS,GNRC,GPN,GWW,HAS,HCA,HIG,HOLX,HPQ,ICE,IFF,INSM,INTC,INTU,IQV,IR,IRM,J,JNJ,KHC,KIM,KKR,KMB,KO,KVUE,L,LLY,LMT,LYB,MAA,MCD,MCHP,MCK,MCO,MDLZ,MELI,MGM,MNST,MO,MOH,MPC,MPWR,MRK,MRSH,MSCI,MSI,MTCH,MTD,NCLH,NEE,NI,NOC,NSC,NUE,NVR,NWSA,NXPI,O,OMC,ON,ORCL,OTIS,OXY,PCG,PEG,PEP,PG,PGR,PLD,PM,PNW,PPG,PPL,PRU,PSA,PWR,REGN,RMD,ROL,SBAC,SBUX,SCHW,SHW,SNPS,SO,SPG,SPGI,SRE,STE,STZ,SWK,SWKS,TAP,TDG,TGT,TMO,TMUS,TRV,TSN,TT,UDR,UPS,VICI,VRTX,VTR,VTRS,VZ,WDAY,WDC,WEC,WELL,WTW,WYNN,XEL,XOM,XYL,YUM,ZTS",71,194,[],[]
2025-01-16,"ABT,ANET,APO,APP,APTV,ARM,AVGO,AXON,AZO,BA,BDX,CDNS,CHRW,CIEN,CNP,COST,CRM,CRWD,DAL,DDOG,DECK,DIS,DLTR,DXCM,EBAY,EPAM,FER,FOX,FOXA,GDDY,GEV,GILD,GOOG,GOOGL,HII,HON,HOOD,HPE,ISRG,JBL,KMI,LULU,LUV,LYV,MRVL,NKE,NTAP,NVDA,PDD,PFE,PLTR,PODD,QCOM,REG,RL,ROP,SMCI,SYY,T,TER,TKO,TPL,TPR,TTD,TTWO,UAL,ULTA,V,VRSN,WMB,WST,ZBH,^VIX","ABBV,ABNB,ADBE,ADP,ADSK,AEP,AES,AFL,AIG,AIZ,ALL,AMCR,AMD,AME,ARE,AVB,AVY,BALL,BIIB,BMY,CAG,CARR,CB,CBOE,CCEP,CHTR,CI,CINF,CL,CMCSA,CNC,COO,CPB,CTAS,CTSH,D,DD,DG,DGX,DOC,DUK,EA,ECL,EG,EIX,EMR,EQR,ERIE,ESS,ETN,EXPD,EXPE,EXR,F,FAST,FDX,FE,FISV,GD,GEN,GIS,GNRC,GPN,GRMN,HAS,HCA,HIG,HOLX,HPQ,HUBB,IFF,INSM,INTC,INTU,INVH,IQV,IR,ITW,JNJ,KHC,KIM,KKR,KMB,KO,KVUE,LLY,LMT,LYB,MAA,MCD,MCHP,MCK,MCO,MDLZ,MELI,MGM,MNST,MO,MOH,MPC,MPWR,MRK,MRSH,MSCI,MSI,MTCH,MTD,NCLH,NEE,NOC,NUE,NVR,NWSA,NXPI,OMC,ON,ORCL,OTIS,OXY,PCG,PEP,PG,PGR,PLD,PM,PNR,PPG,PRU,PSA,REGN,RMD,SBUX,SCHW,SNPS,SO,SPG,SRE,STE,STZ,SWK,SWKS,TAP,TGT,TJX,TMO,TMUS,TROW,TRV,TSN,TT,UDR,VICI,VRTX,VTR,VTRS,VZ,WDAY,WDC,WELL,WYNN,XEL,XOM,YUM,ZBRA,ZTS",73,165,[],[]
2025-01-17,"ABT,ANET,APO,APP,APTV,ARM,AVGO,AXON,AZO,BA,BDX,CDNS,CHRW,CIEN,CNP,COST,CRM,CRWD,DAL,DDOG,DECK,DIS,DLTR,DXCM,EBAY,EPAM,FER,FOX,FOXA,GDDY,GEV,GILD,GOOG,GOOGL,HII,HON,HOOD,HPE,ISRG,JBL,KMI,LULU,LUV,LYV,MRVL,NKE,NTAP,NVDA,PDD,PFE,PLTR,PODD,QCOM,REG,RL,ROP,SMCI,SYY,T,TER,TKO,TPL,TPR,TTD,TTWO,UAL,ULTA,V,VRSN,WMB,WST,ZBH,^VIX","ABBV,ABNB,ADBE,ADI,ADP,ADSK,AEP,AES,AFL,AIG,AIZ,AKAM,ALGN,ALL,AMCR,AMD,AME,AMZN,APH,AVB,AVY,BALL,BEN,BIIB,BKNG,BMY,BR,BX,BXP,CAG,CARR,CB,CBOE,CBRE,CCEP,CHTR,CI,CINF,CL,CMCSA,CMG,CMI,CNC,COO,CPB,CPRT,CPT,CTAS,CTSH,D,DASH,DG,DGX,DLR,DOC,DPZ,DUK,EA,ECL,EG,EIX,EMR,EQIX,EQR,ERIE,ESS,ETN,EXPD,EXPE,EXR,F,FCX,FDS,FDX,FE,FIS,FISV,FRT,FSLR,FTNT,GD,GEN,GIS,GNRC,GPC,GPN,GRMN,HAS,HCA,HIG,HLT,HOLX,HPQ,HSIC,HST,HUBB,IBM,IFF,INSM,INTU,INVH,IQV,IR,ITW,IVZ,JCI,JNJ,KDP,KEYS,KHC,KIM,KMB,KO,KVUE,LLY,LMT,LVS,LYB,MAA,MAR,MCD,MCHP,MCK,MCO,MDLZ,MELI,MGM,MNST,MO,MOH,MPC,MPWR,MRK,MRSH,MSCI,MSFT,MSI,MTCH,MTD,NDAQ,NEE,NFLX,NOC,NOW,NUE,NVR,NWS,NWSA,NXPI,OMC,ON,ORCL,ORLY,OXY,PANW,PAYC,PCG,PEP,PG,PGR,PLD,PM,PNR,PPG,PRU,PSA,PTC,PYPL,QQQ,REGN,SBUX,SCHW,SHOP,SO,SPG,SPY,SRE,STE,STZ,SW,SWK,SWKS,TAP,TEAM,TECH,TEL,TGT,TJX,TMO,TMUS,TROW,TRV,TSCO,TSN,TT,TYL,UDR,VICI,VLTO,VRTX,VTR,VTRS,VZ,WDAY,WDC,WELL,WYNN,XEL,XOM,XYZ,YUM,ZBRA,ZS,ZTS",73,214,[],[]
2025-01-21,"ABT,ACN,ANET,APO,APP,APTV,ARM,AVGO,AXON,AZO,BA,BDX,CDNS,CHRW,CIEN,CNP,COST,CRM,CRWD,DAL,DDOG,DECK,DIS,DLTR,DRI,DXCM,EBAY,EPAM,FER,FOX,FOXA,GDDY,GEV,GILD,GOOG,GOOGL,HII,HON,HOOD,HPE,ISRG,JBL,KMI,LULU,LUV,LYV,MRVL,NKE,NTAP,NVDA,PDD,PFE,PLTR,PODD,QCOM,REG,RL,ROP,SMCI,SYY,T,TER,TKO,TPL,TPR,TTD,TTWO,UAL,ULTA,V,VRSN,WMB,WST,ZBH,^VIX","ABBV,ABNB,ADBE,ADI,ADP,ADSK,AEP,AES,AFL,AIG,AIZ,AKAM,ALGN,ALL,AMCR,AMD,AVB,AVY,BALL,BEN,BIIB,BKNG,BMY,BR,BX,BXP,CAG,CARR,CB,CBOE,CCEP,CHTR,CI,CINF,CL,CMCSA,CMG,CMI,CNC,CPB,CPRT,CPT,CTAS,CTSH,D,DG,DGX,DLR,DOC,EA,ECL,EG,EIX,EQIX,EQR,ERIE,ESS,EXPD,EXPE,EXR,FCX,FDS,FDX,FE,FIS,FISV,FRT,FSLR,FTNT,GEN,GIS,GNRC,GPC,GPN,GRMN,HAS,HCA,HIG,HLT,HOLX,HPQ,HSIC,HST,IBM,IFF,INTU,INVH,IQV,IVZ,JNJ,KDP,KHC,KIM,KMB,KO,KVUE,LLY,LRCX,LVS,LW,LYB,MAA,MAR,MCD,MCHP,MCK,MCO,MDLZ,MELI,MGM,MNST,MO,MOH,MPC,MPWR,MRK,MRSH,MSCI,MSFT,MSI,MTCH,MTD,MU,NDAQ,NEE,NFLX,NUE,NVR,NWS,NWSA,NXPI,OMC,ON,OXY,PAYC,PCG,PEP,PG,PGR,PRU,PSA,PTC,PYPL,QQQ,REGN,SHOP,SO,SPG,SRE,STZ,SWKS,TAP,TEAM,TECH,TGT,TJX,TMO,TMUS,TROW,TRV,TSN,TYL,UDR,VLTO,VRTX,VTRS,VZ,WDAY,WDC,WYNN,XEL,XOM,XYZ,YUM,ZS,ZTS",75,176,[],[]
2025-01-22,"ABT,ACN,ANET,APO,APP,APTV,ARM,AVGO,AXON,AZO,BA,BDX,CDNS,CHRW,CIEN,CNP,COST,CRM,CRWD,DAL,DDOG,DECK,DIS,DLTR,DRI,DXCM,EBAY,EPAM,FER,FOX,FOXA,GDDY,GEV,GILD,GOOG,GOOGL,HII,HON,HOOD,HPE,ISRG,JBL,KMI,LULU,LUV,LYV,MRVL,NKE,NTAP,NVDA,PDD,PFE,PLTR,PODD,QCOM,REG,RL,ROP,SMCI,SYY,T,TER,TKO,TPL,TPR,TTD,TTWO,UAL,ULTA,V,VRSN,WMB,WST,ZBH,^VIX","ABBV,ABNB,ADBE,ADI,ADP,ADSK,AEP,AES,AFL,AIG,AIZ,AKAM,ALGN,ALL,AMCR,AMD,AVB,AVY,BALL,BEN,BIIB,BKNG,BMY,BR,BX,BXP,CAG,CARR,CB,CBOE,CCEP,CHTR,CI,CINF,CL,CMCSA,CMG,CMI,CNC,CPB,CPRT,CPT,CTAS,CTSH,D,DG,DGX,DLR,DOC,EA,ECL,EG,EIX,EQIX,EQR,ERIE,ESS,EXPD,EXPE,EXR,FCX,FDS,FDX,FE,FIS,FISV,FRT,FSLR,FTNT,GEN,GIS,GNRC,GPC,GPN,GRMN,HAS,HCA,HIG,HLT,HOLX,HPQ,HSIC,HST,IBM,IFF,INTU,INVH,IQV,IVZ,JNJ,KDP,KHC,KIM,KMB,KO,KVUE,LLY,LRCX,LVS,LW,LYB,MAA,MAR,MCD,MCHP,MCK,MCO,MDLZ,MELI,MGM,MNST,MO,MOH,MPC,MRK,MRSH,MSCI,MSI,MTCH,MTD,MU,NEE,NUE,NVR,NWS,NWSA,NXPI,OMC,ON,OXY,PAYC,PCG,PEP,PG,PGR,PRU,PSA,PTC,PYPL,REGN,SHOP,SO,SPG,SRE,STZ,SWKS,TAP,TEAM,TECH,TGT,TJX,TMO,TMUS,TROW,TRV,TSN,TYL,UDR,VLTO,VRTX,VTRS,VZ,WDAY,WYNN,XEL,XOM,XYZ,YUM,ZS,ZTS",75,170,[],[]
2025-01-23,"ABT,ACN,ANET,APO,APP,APTV,ARM,AVGO,AXON,AZO,BA,BDX,CDNS,CHRW,CIEN,CNP,COST,CRM,CRWD,DAL,DDOG,DECK,DIS,DLTR,DRI,DXCM,EBAY,EPAM,FER,FOX,FOXA,GDDY,GEV,GILD,GOOG,GOOGL,HII,HON,HOOD,HPE,ISRG,JBL,KMI,LULU,LUV,LYV,MRVL,NKE,NTAP,NVDA,PDD,PFE,PLTR,PODD,QCOM,REG,RL,ROP,SMCI,SYY,T,TER,TKO,TPL,TPR,TTD,TTWO,UAL,ULTA,V,VRSN,WMB,WST,ZBH,^VIX","ABBV,ABNB,ADBE,ADP,ADSK,AEP,AES,AFL,AIG,AIZ,AKAM,ALGN,ALL,AMCR,AMD,AVB,AVY,BALL,BEN,BIIB,BKNG,BR,BX,BXP,CAG,CARR,CB,CBOE,CCEP,CHTR,CINF,CL,CMCSA,CMG,CMI,CNC,CPB,CPRT,CPT,CTAS,D,DG,DGX,DLR,DOC,EA,ECL,EG,EIX,EQIX,EQR,ERIE,ESS,EXPD,EXPE,EXR,FCX,FDS,FDX,FE,FIS,FISV,FRT,FSLR,FTNT,GEN,GIS,GNRC,GPC,GPN,GRMN,HAS,HIG,HLT,HOLX,HPQ,HSIC,HST,IBM,IFF,INTU,INVH,IQV,IVZ,JNJ,KDP,KHC,KIM,KMB,KO,KVUE,LLY,LRCX,LVS,LW,LYB,MAA,MCD,MCHP,MCK,MCO,MDLZ,MELI,MGM,MNST,MO,MOH,MPC,MRK,MRSH,MSCI,MTCH,MTD,MU,NEE,NUE,NVR,NWS,NWSA,NXPI,OMC,ON,OXY,PAYC,PCG,PEP,PG,PGR,PRU,PSA,PTC,PYPL,REGN,SHOP,SO,SPG,SRE,STZ,SWKS,TAP,TEAM,TECH,TGT,TJX,TMO,TMUS,TROW,TRV,TSN,TYL,UDR,VLTO,VRTX,VTRS,VZ,WDAY,WMT,WYNN,XEL,XOM,XYZ,YUM,ZS,ZTS",75,164,[],[]
2025-01-24,"ABT,ACN,ANET,APO,APP,APTV,ARM,AVGO,AXON,AZO,BA,BDX,CDNS,CHRW,CIEN,CNP,COST,CRM,CRWD,CSCO,DAL,DDOG,DECK,DIS,DLTR,DRI,DXCM,EBAY,EPAM,FER,FOX,FOXA,GDDY,GEV,GILD,GOOG,GOOGL,HII,HON,HOOD,HPE,ISRG,JBL,KMI,LULU,LUV,LYV,MRVL,NKE,NTAP,NVDA,PDD,PFE,PLTR,PODD,QCOM,REG,RL,ROP,SMCI,SYY,T,TER,TKO,TPL,TPR,TTD,TTWO,UAL,ULTA,V,VRSN,WMB,WST,ZBH,^VIX","ABBV,ABNB,ADBE,ADP,ADSK,AEP,AES,AFL,AIG,AIZ,ALGN,ALL,AMCR,AMD,AVB,AVY,BALL,BEN,BIIB,BKNG,BR,BX,BXP,CAG,CARR,CB,CBOE,CCEP,CINF,CL,CMCSA,CMG,CMI,CNC,CPB,CPRT,CPT,CTAS,D,DG,DLR,DOC,EA,ECL,EG,EIX,EQIX,EQR,ERIE,ESS,EXPD,EXPE,EXR,FCX,FDS,FDX,FE,FIS,FISV,FRT,FSLR,FTNT,GEN,GIS,GNRC,GPC,GPN,GRMN,HAS,HIG,HLT,HOLX,HPQ,HSIC,HST,IBM,IFF,INTU,INVH,IQV,IVZ,JNJ,KDP,KHC,KIM,KMB,KO,KVUE,LLY,LRCX,LVS,LW,LYB,MAA,MCD,MCHP,MCK,MCO,MDLZ,MELI,MGM,MNST,MO,MOH,MPC,MRK,MRSH,MSCI,MTD,MU,NUE,NVR,NWS,NWSA,NXPI,OMC,ON,OXY,PAYC,PCG,PEP,PG,PGR,PRU,PSA,PTC,PYPL,REGN,SHOP,SO,SPG,SRE,STZ,SWKS,TAP,TEAM,TECH,TGT,TJX,TMO,TMUS,TROW,TRV,TSN,TYL,UDR,VLTO,VRTX,VTRS,VZ,WDAY,WYNN,XEL,XOM,XYZ,YUM,ZS,ZTS",76,158,[],[]
2025-01-27,"ABT,ACN,APO,APP,APTV,ARM,AXON,AZO,BA,BBY,BDX,CHRW,CNP,COST,CRM,CRWD,DAL,DDOG,DECK,DIS,DLTR,DRI,DXCM,EBAY,EPAM,FER,FOX,FOXA,GDDY,GILD,GOOG,GOOGL,HII,HON,HOOD,HPE,ISRG,LULU,LUV,LYV,NKE,PDD,PFE,PLTR,PODD,QCOM,REG,RL,ROP,ROST,SMCI,SYY,T,TKO,TPR,TTD,TTWO,UAL,ULTA,V,VRSN,WST,ZBH,^VIX","ABNB,ADBE,ADP,ADSK,AES,AIG,ALGN,ALL,AMCR,AMD,AVB,AVY,BEN,BIIB,BKNG,BR,BX,BXP,CARR,CB,CCEP,CINF,CMG,CMI,CNC,CPB,CPRT,CPT,CTAS,D,DG,DLR,DOC,EA,EG,EIX,EQIX,EQR,ERIE,ESS,EXPD,EXPE,FCX,FDS,FIS,FSLR,FTNT,GEN,GIS,GNRC,GPC,GPN,GRMN,HAS,HIG,HLT,HOLX,HPQ,HST,IBM,INTU,INVH,IQV,IVZ,KDP,LLY,LRCX,LVS,LW,LYB,MCHP,MCK,MCO,MDLZ,MELI,MGM,MNST,MOH,MPC,MRK,MSCI,MTD,MU,NUE,NVR,NWS,NWSA,NXPI,ON,OXY,PAYC,PCG,PGR,PRU,PSA,PTC,PYPL,REGN,SHOP,SPG,SRE,STZ,SWKS,TAP,TEAM,TECH,TJX,TMO,TMUS,TROW,TRV,UDR,VLTO,VRTX,VTRS,WYNN,XEL,XOM,XYZ,ZS",64,120,[],[]
2025-01-28,"ABT,ACN,APO,APP,APTV,ARM,AXON,AZO,BA,BBY,BDX,CHRW,CNP,COST,CRM,CRWD,DAL,DDOG,DECK,DIS,DLTR,DRI,DXCM,EBAY,EPAM,FER,FOX,FOXA,GDDY,GILD,GOOG,GOOGL,HON,HOOD,ISRG,LULU,LUV,LYV,NKE,PDD,PFE,PLTR,PODD,QCOM,REG,RL,ROP,ROST,SMCI,T,TKO,TPR,TTD,TTWO,UAL,ULTA,V,VRSN,WST,ZBH,^VIX","ABNB,ADBE,ADP,AES,AIG,ALGN,ALL,AMCR,AMD,AVB,AVY,BEN,BF.B,BIIB,BKNG,BR,BX,BXP,CARR,CB,CCEP,CINF,CMG,CMI,CNC,CPB,CPRT,CPT,CTAS,D,DG,DLR,DOC,EA,EG,EIX,EQIX,EQR,ERIE,ESS,EXPD,EXPE,FCX,FDS,FIS,FSLR,FTNT,GEN,GIS,GNRC,GPC,GPN,GRMN,HAS,HIG,HOLX,HPQ,HST,IBM,INTU,INVH,IQV,KDP,LLY,LRCX,LVS,LW,LYB,MCHP,MCK,MCO,MDLZ,MELI,MGM,MNST,MOH,MPC,MRK,MSCI,MTD,MU,NUE,NVR,NWS,NWSA,NXPI,ON,OXY,PAYC,PCG,PGR,PRU,PSA,PTC,PYPL,REGN,SPG,SRE,STZ,SWKS,TAP,TEAM,TECH,TJX,TMO,TMUS,TROW,TRV,UDR,VLTO,VRTX,VTRS,WYNN,XEL,XOM,XYZ",61,116,[],[]
2025-01-29,"ABT,ACN,APO,APP,APTV,ARM,AXON,AZO,BA,BBY,BDX,CHRW,CNP,COST,CRM,CRWD,DAL,DDOG,DECK,DIS,DLTR,DRI,DXCM,EBAY,EPAM,FER,FOX,FOXA,GDDY,GILD,GOOG,GOOGL,HON,HOOD,ISRG,LULU,LUV,LYV,NKE,PDD,PFE,PLTR,PODD,QCOM,REG,RL,ROP,ROST,SMCI,T,TKO,TPR,TTD,TTWO,UAL,ULTA,V,VRSN,WST,ZBH,^VIX","ABNB,ADBE,ADP,AES,AIG,ALGN,ALL,AMCR,AMD,AVB,AVY,BEN,BF.B,BIIB,BKNG,BR,BX,BXP,CARR,CB,CCEP,CINF,CMG,CMI,CNC,CPB,CPRT,CPT,CTAS,D,DG,DLR,DOC,EA,EG,EIX,EQIX,EQR,ERIE,ESS,EXPD,EXPE,FCX,FDS,FIS,FSLR,FTNT,GEN,GIS,GNRC,GPC,GPN,GRMN,HAS,HIG,HOLX,HPQ,HST,INTU,INVH,IQV,KDP,LLY,LRCX,LVS,LW,LYB,MCHP,MCK,MCO,MDLZ,MELI,MGM,MNST,MOH,MPC,MRK,MSCI,MTD,MU,NUE,NVR,NWS,NWSA,NXPI,ON,OXY,PAYC,PCG,PGR,PRU,PSA,PTC,PYPL,REGN,SPG,SRE,STZ,SWKS,TAP,TEAM,TECH,TJX,TMO,TROW,TRV,UDR,VLTO,VRTX,VTRS,WYNN,XEL,XOM,XYZ",61,114,[],[]
2025-01-30,"ABT,ACN,APO,APP,APTV,ARM,AXON,AZO,BA,BBY,BDX,CNP,COST,CRM,CRWD,DAL,DDOG,DECK,DIS,DLTR,DRI,DXCM,EBAY,EPAM,FER,FOX,FOXA,GDDY,GILD,GOOG,GOOGL,HON,HOOD,ISRG,LULU,LUV,LYV,NKE,PDD,PFE,PLTR,PODD,QCOM,REG,RL,ROP,ROST,SMCI,T,TKO,TPR,TTD,TTWO,UAL,ULTA,V,VRSN,WST,ZBH,^VIX","ABNB,ADBE,ADP,AES,AIG,ALGN,ALL,AMCR,AMD,AVB,AVY,BEN,BF.B,BIIB,BKNG,BR,BX,BXP,CARR,CB,CCEP,CINF,CMG,CMI,CNC,CPB,CPT,CTAS,D,DG,DLR,DOC,EA,EG,EIX,EQIX,EQR,ERIE,ESS,EXPD,EXPE,FCX,FDS,FIS,FSLR,FTNT,GEN,GIS,GNRC,GPC,GPN,GRMN,HAS,HIG,HOLX,HPQ,HST,INTU,INVH,IQV,KDP,LLY,LRCX,LW,LYB,MCHP,MCK,MCO,MDLZ,MGM,MNST,MOH,MPC,MRK,MSCI,MTD,MU,NUE,NVR,NWS,NWSA,NXPI,ON,OXY,PAYC,PCG,PGR,PRU,PSA,PTC,PYPL,REGN,SPG,SRE,STZ,SWKS,TAP,TEAM,TECH,TJX,TROW,TRV,UDR,VLTO,VRTX,VTRS,XEL,XOM",60,108,[],[]
2025-01-31,"ABT,ACN,APO,APP,APTV,ARM,AXON,AZO,BA,BBY,BDX,CNP,COST,CRM,CRWD,DAL,DDOG,DIS,DLTR,DRI,DXCM,EBAY,EPAM,FER,FOX,FOXA,GDDY,GILD,GOOG,GOOGL,HON,HOOD,ISRG,LULU,LUV,LYV,NKE,PDD,PFE,PLTR,PODD,QCOM,REG,RL,ROP,ROST,SMCI,T,TKO,TPR,TTD,TTWO,UAL,ULTA,V,VRSN,WST,ZBH,^VIX","ABNB,ADBE,ADP,AES,AIG,ALGN,ALL,AMCR,AMD,AVB,AVY,BF.B,BIIB,BKNG,BR,BX,BXP,CARR,CB,CCEP,CINF,CMG,CMI,CNC,CPB,CPT,CTAS,D,DG,DLR,DOC,EA,EG,EIX,EQIX,EQR,ERIE,ESS,EXPD,EXPE,FCX,FDS,FIS,FSLR,FTNT,GEN,GIS,GNRC,GPC,GPN,GRMN,HAS,HIG,HOLX,HPQ,HST,INTU,INVH,IQV,JKHY,KDP,LLY,LRCX,LW,LYB,MCHP,MCK,MCO,MDLZ,MGM,MNST,MOH,MPC,MRK,MSCI,MTD,MU,NUE,NVR,NWS,NWSA,NXPI,ON,OXY,PAYC,PCG,PGR,PRU,PSA,PTC,PYPL,REGN,SPG,SRE,STZ,SWKS,TAP,TECH,TJX,TROW,TRV,TSLA,UDR,VLTO,VTRS,XEL,XOM",59,107,[],[]
2025-02-03,"ABT,ACN,APO,APP,APTV,ARM,AXON,AZO,BA,BBY,BDX,CNP,COST,CRM,CRWD,DAL,DDOG,DIS,DLTR,DRI,DXCM,EBAY,EPAM,FOX,FOXA,GDDY,GILD,GOOG,GOOGL,HON,HOOD,ISRG,LULU,LUV,LYV,NKE,PDD,PFE,PLTR,PODD,QCOM,REG,RL,ROP,ROST,SMCI,T,TKO,TPR,TTD,TTWO,UAL,UBER,ULTA,V,VRSN,WST,^VIX","ABNB,ADBE,ADP,AES,AIG,ALGN,ALL,AMCR,AMD,AVB,AVY,BF.B,BIIB,BKNG,BR,BX,BXP,CARR,CB,CCEP,CINF,CMG,CMI,CNC,CPB,CPT,CTAS,D,DG,DLR,DOC,EA,EG,EIX,EQIX,EQR,ERIE,ESS,EXPD,EXPE,FCX,FDS,FIS,FSLR,FTNT,GEN,GIS,GNRC,GPC,GPN,GRMN,HAS,HIG,HOLX,HPQ,HST,INTU,INVH,IQV,JKHY,KDP,LLY,LRCX,LW,LYB,MCHP,MCK,MCO,MDLZ,MGM,MNST,MPC,MRK,MSCI,MTD,MU,NUE,NVR,NWS,NWSA,NXPI,ON,OXY,PAYC,PCG,PGR,PRU,PSA,PTC,PYPL,REGN,SPG,SRE,STZ,SWKS,TAP,TECH,TJX,TROW,TRV,TSLA,UDR,VLTO,VTRS,XEL,XOM",58,106,[],[]
2025-02-04,"ABT,ACN,APO,APP,APTV,ARM,AXON,AZO,BA,BBY,BDX,CNP,COST,CRM,CRWD,DAL,DDOG,DIS,DLTR,DRI,DXCM,EBAY,EPAM,FOX,FOXA,GDDY,GEHC,GILD,GOOG,GOOGL,HON,HOOD,IBKR,IDXX,INCY,ISRG,LULU,LUV,LYV,META,MSTR,NKE,PDD,PFE,PLTR,PODD,QCOM,REG,RL,ROP,ROST,SMCI,SOLV,STLD,T,TKO,TPR,TTWO,UAL,UBER,ULTA,V,VRSN,WST,^VIX","ABNB,ADBE,ADP,AES,AIG,ALGN,ALL,AMD,AVB,AVY,BF.B,BIIB,BKNG,BR,BX,BXP,CARR,CB,CCEP,CINF,CLX,CME,CMG,CMI,CNC,CPB,CPT,CTAS,D,DG,DLR,DOC,EA,EG,EIX,EQIX,EQR,ERIE,ESS,EXPD,EXPE,FCX,FDS,FIS,FSLR,FTNT,GEN,GIS,GNRC,GPC,GPN,GRMN,HAS,HIG,HOLX,HPQ,HRL,HST,INTU,INVH,IQV,JKHY,KDP,LLY,LRCX,LW,LYB,MCHP,MCK,MCO,MDLZ,MGM,MKC,MNST,MRK,MSCI,MTD,MU,NUE,NVR,NWSA,NXPI,ON,OXY,PAYC,PCG,PGR,PRU,PSA,PTC,PYPL,REGN,SPG,SRE,STZ,SWKS,TAP,TECH,TJX,TROW,TRV,TSLA,UDR,VLTO,VTRS,XEL,XOM",65,107,[],[]
2025-02-05,"ABT,ACN,APO,APP,APTV,ARM,AXON,AZO,BA,BBY,BDX,CNP,COST,CRM,CRWD,DAL,DDOG,DIS,DLTR,DRI,DXCM,EBAY,EPAM,FOX,FOXA,GDDY,GEHC,GILD,HON,HOOD,IBKR,IDXX,INCY,ISRG,LH,LULU,LUV,LYV,META,MSTR,NKE,PCAR,PDD,PFE,PLTR,PODD,QCOM,REG,RL,ROP,ROST,SMCI,SOLV,STLD,T,TKO,TPR,TTWO,UAL,UBER,ULTA,V,VRSN,WST,^VIX","ABNB,ADBE,ADP,AES,AIG,ALGN,ALL,AMD,AVB,AVY,BF.B,BIIB,BKNG,BR,BX,BXP,CARR,CB,CCEP,CINF,CLX,CME,CMG,CMI,CNC,CPB,CPT,CTAS,D,DG,DLR,DOC,EA,EG,EIX,EQIX,EQR,ERIE,EXPD,EXPE,FCX,FDS,FIS,FSLR,GEN,GIS,GNRC,GPC,GPN,GRMN,HAS,HIG,HOLX,HPQ,HRL,HST,INTU,INVH,IQV,JKHY,KDP,LRCX,LW,LYB,MCHP,MCK,MCO,MDLZ,MGM,MKC,MNST,MRK,MSCI,MTD,MU,NUE,NVR,NWSA,NXPI,ON,OXY,PAYC,PCG,PGR,PRU,PSA,PTC,PYPL,REGN,SRE,STZ,SWKS,TAP,TECH,TJX,TROW,TRV,TSLA,UDR,VLTO,VTRS,XEL,XOM",65,103,[],[]
2025-02-06,"ABT,ACN,APO,APP,APTV,ARM,AXON,AZO,BA,BBY,BSX,CNP,COR,COST,CPAY,CRM,CRWD,DAL,DDOG,DIS,DLTR,DRI,DXCM,EBAY,EPAM,FOX,FOXA,GDDY,GEHC,GILD,HOOD,IBKR,IDXX,INCY,ISRG,LH,LULU,LUV,LYV,MDT,META,MMM,MSTR,PCAR,PDD,PFE,PLTR,PODD,QCOM,REG,RL,ROP,ROST,RSG,SMCI,SOLV,STLD,T,TKO,TPR,TTWO,UAL,UBER,UHS,ULTA,V,VRSN,WM,WST,^VIX","ABNB,ADBE,ADP,AES,AIG,ALGN,ALL,AMD,AVB,AVY,BF.B,BIIB,BKNG,BR,BX,BXP,CARR,CB,CINF,CLX,CME,CMG,CMI,CNC,CPB,CTAS,D,DG,DLR,DOC,EA,EG,EIX,EQIX,EQR,ERIE,EXPD,EXPE,FCX,FDS,FIS,FSLR,GEN,GIS,GNRC,GPC,GPN,GRMN,HAS,HIG,HOLX,HPQ,HRL,HST,INTU,INVH,JKHY,KDP,LRCX,LW,LYB,MCHP,MCK,MCO,MDLZ,MGM,MKC,MNST,MRK,MSCI,MTD,MU,NUE,NVR,NWSA,NXPI,ON,OXY,PAYC,PCG,PGR,PRU,PSA,PTC,PYPL,REGN,SRE,STZ,SWKS,TAP,TECH,TJX,TROW,TRV,TSLA,VLTO,VTRS,XEL,XOM",70,99,[],[]
2025-02-07,"ABT,ACN,APO,APP,APTV,ARM,AXON,AZO,BA,BBY,BSX,CNP,COR,COST,CPAY,CRM,CRWD,CVS,DAL,DDOG,DIS,DLTR,DRI,DXCM,EBAY,EPAM,FOX,FOXA,GDDY,GEHC,GILD,HOOD,IBKR,IDXX,INCY,ISRG,LH,LULU,LUV,LYV,MDT,META,MMM,MSTR,PCAR,PDD,PFE,PLTR,PODD,QCOM,REG,RL,ROP,RSG,SMCI,SOLV,STLD,T,TKO,TPR,TTWO,UAL,UBER,UHS,V,VRSN,WM,^VIX","ABNB,ADBE,ADP,AES,AIG,ALGN,ALL,AMD,AVB,AVY,BF.B,BIIB,BKNG,BR,BX,BXP,CARR,CB,CINF,CLX,CME,CMG,CMI,CNC,CPB,CTAS,D,DG,DLR,DOC,EA,EG,EIX,EQIX,EQR,ERIE,EXPD,FCX,FDS,FIS,FSLR,GEN,GIS,GNRC,GPC,GPN,GRMN,HAS,HIG,HOLX,HPQ,HRL,HST,INTU,INVH,JKHY,KDP,LRCX,LW,LYB,MCHP,MCK,MCO,MDLZ,MGM,MKC,MNST,MRK,MSCI,MTD,MU,NUE,NVR,NWSA,NXPI,ON,OXY,PAYC,PCG,PGR,PRU,PSA,PTC,PYPL,REGN,SRE,STZ,SWKS,TAP,TECH,TJX,TROW,TRV,TSLA,VLTO,VRSK,VTRS,WBD,XEL,XOM",68,100,[],[]
2025-02-10,"A,ABT,ACN,ALNY,AMGN,APO,APP,APTV,ARM,AXON,AZO,BA,BAX,BBY,BSX,CNP,COR,COST,CPAY,CRM,CRWD,CTVA,CVS,DAL,DDOG,DE,DIS,DLTR,DRI,DXCM,EBAY,ELV,EPAM,FOX,FOXA,GDDY,GEHC,GILD,HOOD,HUM,IBKR,IDXX,ISRG,LH,LHX,LULU,LUV,LYV,MDT,META,MMM,MOS,MSTR,PCAR,PDD,PFE,PLTR,PODD,QCOM,REG,RL,ROP,RSG,SMCI,SOLV,STLD,T,TKO,TPR,TTWO,UAL,UBER,UHS,UNH,V,VLO,VRSN,WAT,WM,WY,^VIX","ABNB,ADBE,ADP,AES,AIG,ALGN,ALL,AMD,AVB,AVY,BF.B,BIIB,BKNG,BR,BX,BXP,CARR,CB,CINF,CLX,CME,CMG,CMI,CNC,CPB,CTAS,D,DELL,DG,DLR,DOC,EA,EG,EIX,EQIX,EQR,ERIE,EXPD,FCX,FDS,FIS,FSLR,GEN,GIS,GNRC,GPC,GPN,GRMN,HAS,HIG,HOLX,HPQ,HRL,HST,INTU,INVH,JKHY,KDP,LRCX,LW,LYB,MCHP,MCK,MCO,MDLZ,MGM,MKC,MNST,MRK,MRNA,MSCI,MTD,MU,NUE,NVR,NWSA,NXPI,ON,OXY,PAYC,PCG,PGR,PRU,PSA,PTC,PYPL,REGN,SRE,STZ,SWKS,TAP,TECH,TJX,TROW,TRV,TSLA,VLTO,VRSK,VTRS,WBD,XEL,XOM",81,102,[],[]
2025-02-11,"A,ABT,ACN,ALNY,AMGN,AON,APO,APP,APTV,ARM,AXON,AZO,BA,BAX,BBY,BSX,CAH,CDW,CHD,CNP,COR,COST,CPAY,CRM,CRWD,CTVA,CVS,DDOG,DE,DIS,DLTR,DRI,DVA,DXCM,EBAY,ELV,EPAM,FOX,FOXA,GDDY,GE,GEHC,GILD,HOOD,HWM,IBKR,IDXX,IP,ISRG,LH,LHX,LIN,LULU,LUV,LYV,MAS,MDT,META,MMM,MOS,MSTR,PCAR,PDD,PFE,PLTR,PODD,QCOM,REG,RL,ROP,RSG,RTX,SMCI,SOLV,STLD,T,TKO,TPR,TTWO,TXT,UAL,UBER,UHS,UNH,URI,V,VLO,VRSN,WAB,WAT,WM,WY,^VIX","ABNB,ADBE,ADP,AES,AIG,ALGN,ALL,AMD,AVB,AVY,BF.B,BIIB,BKNG,BR,BX,BXP,CARR,CB,CINF,CLX,CME,CMG,CMI,CNC,CPB,CRL,CTAS,D,DELL,DG,DLR,DOC,EA,EG,EIX,EQIX,EQR,ERIE,EXPD,FCX,FDS,FIS,FSLR,GEN,GIS,GNRC,GPC,GPN,GRMN,HAS,HIG,HOLX,HPQ,HRL,HST,INTU,INVH,JKHY,KDP,LRCX,LW,LYB,MCHP,MCK,MCO,MDLZ,MGM,MKC,MNST,MRK,MRNA,MSCI,MTD,MU,NUE,NVR,NWSA,NXPI,ON,OXY,PAYC,PCG,PGR,PRU,PSA,PTC,PYPL,REGN,SRE,STZ,SWKS,TAP,TECH,TJX,TROW,TRV,TSLA,VLTO,VRSK,VTRS,WBD,XEL,XOM",93,103,[],[]
2025-02-12,"ABT,ACN,AEE,ALNY,AMGN,AON,APO,APP,APTV,ARM,AXON,AXP,AZO,BA,BAC,BAX,BBY,BK,BLK,BRK.B,BSX,C,CAH,CDW,CFG,CHD,CNP,COF,COR,COST,CPAY,CRH,CRM,CRWD,CTVA,CVS,DDOG,DE,DIS,DLTR,DRI,DVA,EBAY,ED,ELV,EPAM,FICO,FITB,FOX,FOXA,FTV,GDDY,GE,GEHC,GILD,GL,GS,HBAN,HD,HOOD,HWM,IBKR,IDXX,IP,ISRG,IT,JPM,KEY,LH,LHX,LIN,LULU,LUV,LYV,MA,MAS,MDT,MET,META,MMM,MOS,MS,MSTR,MTB,NDSN,NEM,NTRS,ODFL,PAYX,PCAR,PDD,PFE,PFG,PH,PHM,PLTR,PNC,PODD,PSX,QCOM,REG,RF,RJF,RL,ROP,RSG,RTX,SLB,SMCI,SOLV,STLD,STT,STX,T,TFC,TKO,TPR,TTWO,TXT,UAL,UBER,UHS,UNH,URI,USB,V,VLO,VRSN,WFC,WM,WY,^VIX","ADBE,ADP,AES,AIG,ALGN,ALL,AMD,AVB,AVY,BF.B,BIIB,BKNG,BR,BX,BXP,CARR,CB,CINF,CLX,CMG,CMI,CNC,CPB,CRL,CTAS,D,DELL,DG,DLR,DOC,EA,EG,EIX,EQIX,EQR,ERIE,EXPD,FCX,FDS,FIS,FSLR,GEN,GIS,GPC,GPN,GRMN,HAS,HIG,HOLX,HPQ,HRL,HST,INTU,INVH,JKHY,KDP,LRCX,LW,LYB,MCHP,MCK,MCO,MDLZ,MGM,MKC,MNST,MRK,MRNA,MSCI,MTD,MU,NUE,NVR,NWSA,NXPI,ON,OXY,PAYC,PCG,PGR,PRU,PSA,PTC,PYPL,REGN,SRE,STZ,SWKS,TAP,TECH,TJX,TROW,TRV,TSLA,VLTO,VRSK,VTRS,WBD,XEL,XOM",132,100,[],[]
2025-02-13,"ABT,ACN,AEE,AJG,ALNY,AMGN,AMP,AMT,AON,APO,APP,APTV,ARES,ARM,AXON,AXP,AZO,BA,BAC,BAX,BBY,BK,BLK,BRK.B,BRO,BSX,C,CAH,CCI,CDW,CFG,CHD,CMS,CNP,COF,COR,COST,CPAY,CRH,CRM,CRWD,CSX,CTVA,CVNA,CVS,DDOG,DE,DIS,DLTR,DOV,DRI,DTE,DVA,EBAY,ED,ELV,EPAM,EVRG,EXC,FICO,FITB,FOX,FOXA,FTV,GDDY,GE,GEHC,GILD,GL,GS,HBAN,HD,HOOD,HWM,IBKR,ICE,IDXX,IP,ISRG,IT,JPM,KEY,LH,LHX,LIN,LNT,LULU,LUV,LYV,MA,MAS,MDT,MET,META,MMM,MOS,MS,MSTR,MTB,NDSN,NEM,NSC,NTRS,O,ODFL,PAYX,PCAR,PDD,PFE,PFG,PH,PHM,PLTR,PNC,PNW,PODD,PPL,PSX,QCOM,REG,RF,RJF,RL,ROL,ROP,RSG,RTX,SBAC,SHW,SLB,SMCI,SOLV,SPGI,STLD,STT,STX,SYK,T,TDY,TFC,TKO,TPR,TRMB,TTWO,TXT,UAL,UBER,UHS,UNH,UNP,URI,USB,V,VLO,VRSN,WEC,WFC,WM,WTW,WY,XYL,^VIX","ADBE,ADP,AES,AIG,ALGN,ALL,AMD,AVB,AVY,BF.B,BIIB,BKNG,BR,BX,BXP,CARR,CB,CINF,CLX,CMG,CMI,CNC,CPB,CRL,CTAS,D,DELL,DG,DLR,DOC,EA,EG,EIX,EQIX,EQR,ERIE,EXPD,FDS,FIS,FSLR,GEN,GIS,GPN,GRMN,HAS,HIG,HOLX,HPQ,HRL,HST,INTU,INVH,JKHY,KDP,LRCX,LW,LYB,MCHP,MCK,MDLZ,MKC,MRK,MRNA,MSCI,MTD,MU,NUE,NVR,NWSA,NXPI,ON,OXY,PAYC,PCG,PGR,PRU,PSA,PTC,PYPL,REGN,SRE,STZ,SWKS,TECH,TJX,TROW,TRV,TSLA,TXN,VLTO,VRSK,VTRS,WBD,XEL,XOM",162,95,[],[]
2025-02-14,"ABT,ACN,AEE,AJG,ALNY,AMGN,AMP,AMT,AON,APO,APP,APTV,ARES,ARM,AXON,AXP,AZO,BA,BAC,BAX,BBY,BK,BLK,BRK.B,BRO,BSX,C,CAH,CCI,CCL,CDW,CFG,CHD,CMS,CNP,COF,COIN,COR,COST,CPAY,CRH,CRM,CRWD,CSX,CTVA,CVNA,CVS,DD,DDOG,DE,DIS,DLTR,DOV,DRI,DTE,EBAY,ED,ELV,EPAM,EVRG,EXC,FAST,FICO,FITB,FOX,FOXA,FTV,GE,GEHC,GILD,GL,GS,HBAN,HD,HOOD,HWM,IBKR,ICE,IDXX,INTC,IP,ISRG,IT,JPM,KEY,LH,LHX,LIN,LNT,LUV,LYV,MA,MAS,MDT,MET,META,MMM,MOS,MS,MSTR,MTB,NCLH,NDSN,NEM,NSC,NTRS,O,ODFL,OTIS,PAYX,PCAR,PDD,PFE,PFG,PH,PHM,PLTR,PNC,PNW,PODD,PPL,PSX,QCOM,RCL,REG,RF,RJF,RL,ROL,ROP,RSG,RTX,SBAC,SHW,SLB,SMCI,SOLV,SPGI,STLD,STT,STX,SYK,T,TFC,TKO,TPR,TRMB,TTWO,TXT,UAL,UBER,UHS,UNH,UNP,URI,USB,V,VLO,VRSN,WEC,WFC,WM,WTW,WY,XYL,^VIX","ADBE,ADP,AES,AIG,ALGN,ALL,AMD,AVB,AVY,BF.B,BIIB,BKNG,BR,BX,BXP,CARR,CB,CINF,CLX,CMG,CMI,CNC,CPB,CRL,CTAS,D,DELL,DG,DLR,DOC,EA,EG,EIX,EQIX,EQR,ERIE,EXPD,FDS,FIS,FSLR,GEN,GIS,GPN,GRMN,HAS,HIG,HOLX,HPQ,HRL,HST,INTU,INVH,JBHT,JKHY,KDP,LRCX,LW,LYB,MCHP,MCK,MDLZ,MKC,MRK,MRNA,MSCI,MTD,MU,NUE,NVR,NWSA,NXPI,ON,OXY,PAYC,PCG,PGR,PRU,PSA,PTC,PYPL,REGN,SRE,STZ,SWKS,TECH,TJX,TROW,TRV,TSLA,TXN,VLTO,VRSK,VTRS,WBD,XEL,XOM",166,96,[],[]
2025-02-18,"ABT,ACN,AEE,AJG,AME,AMGN,AMP,AMT,AON,APO,APP,APTV,ARES,ARM,AXON,AXP,AZO,BA,BAC,BAX,BBY,BK,BLK,BRK.B,BRO,BSX,C,CAH,CBRE,CCI,CCL,CDW,CFG,CHD,CMS,CNP,COF,COIN,COR,COST,CPAY,CRH,CRM,CRWD,CSX,CTVA,CVNA,CVS,DASH,DD,DDOG,DE,DIS,DLTR,DOV,DPZ,DRI,DTE,DUK,EBAY,ED,ELV,EPAM,EVRG,EXC,FAST,FICO,FITB,FOX,FOXA,FTV,GE,GEHC,GILD,GL,GS,HBAN,HD,HOOD,HWM,IBKR,ICE,IDXX,INSM,INTC,IP,ISRG,IT,ITW,JPM,KEY,KEYS,LH,LHX,LIN,LNT,LUV,LYV,MA,MAS,MET,META,MMM,MOS,MS,MSTR,MTB,NCLH,NDSN,NEM,NSC,NTRS,O,ODFL,ORLY,OTIS,PANW,PAYX,PCAR,PDD,PFE,PFG,PH,PHM,PLD,PLTR,PM,PNC,PNW,PODD,PPL,PSX,QCOM,RCL,REG,RF,RJF,RL,ROL,ROP,RSG,RTX,SBAC,SBUX,SCHW,SHW,SLB,SMCI,SOLV,SPGI,SPY,STE,STLD,STT,STX,SYK,T,TEL,TFC,TKO,TPR,TRI,TRMB,TTWO,TXT,UAL,UBER,UHS,UNP,URI,USB,V,VICI,VLO,VRSN,VTR,WEC,WELL,WFC,WM,WTW,WY,XYL,^VIX","ADBE,ADP,AES,AIG,ALGN,ALL,AMD,AVB,AVY,BF.B,BIIB,BKNG,BR,BX,BXP,CARR,CB,CINF,CLX,CMG,CMI,CNC,CPB,CRL,CTAS,D,DG,DLR,DOC,EA,EG,EIX,EQIX,EQR,ERIE,FDS,FIS,FSLR,GEN,GIS,GPN,GRMN,HAS,HIG,HOLX,HPQ,HRL,INTU,INVH,JKHY,KDP,LRCX,LW,LYB,MCK,MDLZ,MKC,MRK,MRNA,MSCI,MTD,NUE,NVR,NWSA,NXPI,ON,OXY,PAYC,PCG,PGR,PRU,PSA,PTC,PYPL,REGN,SRE,STZ,SWKS,TECH,TJX,TROW,TRV,TSLA,TXN,VLTO,VRSK,VTRS,XEL,XOM",184,89,[],[]
2025-02-19,"ABT,ACN,AEE,AJG,AME,AMGN,AMP,AMT,AON,APO,APP,APTV,ARES,ARM,AXP,AZO,BA,BAC,BAX,BBY,BK,BLK,BRK.B,BRO,BSX,C,CAH,CBRE,CCI,CCL,CDW,CFG,CHD,CMS,CNP,COF,COIN,COR,COST,CPAY,CRH,CRM,CRWD,CSX,CTVA,CVNA,CVS,DASH,DD,DDOG,DE,DIS,DLTR,DOV,DPZ,DRI,DTE,DUK,EBAY,ED,ELV,EPAM,EVRG,EXC,FAST,FICO,FITB,FOX,FOXA,FTV,GE,GEHC,GILD,GL,GS,HBAN,HOOD,HWM,IBKR,ICE,IDXX,INSM,INTC,IP,ISRG,IT,ITW,JPM,KEY,KEYS,LH,LHX,LIN,LNT,LUV,LYV,MA,MAS,MET,META,MMM,MOS,MS,MSTR,MTB,NCLH,NDAQ,NDSN,NEM,NFLX,NSC,NTRS,O,ODFL,ORLY,OTIS,PANW,PAYX,PCAR,PDD,PFE,PFG,PH,PHM,PLD,PLTR,PM,PNC,PNW,PODD,PPL,PSX,QCOM,RCL,REG,RF,RJF,RL,ROL,ROP,RSG,RTX,SBAC,SBUX,SCHW,SHW,SLB,SMCI,SOLV,SPGI,SPY,STE,STLD,STT,STX,SYK,T,TEL,TFC,TKO,TPR,TRI,TRMB,TTWO,TXT,UAL,UBER,UHS,UNP,URI,USB,V,VICI,VLO,VRSN,VTR,WDC,WEC,WELL,WFC,WM,WTW,WY,XYL,^VIX","ADBE,ADP,AES,AIG,ALGN,ALL,AMD,AVB,AVY,BF.B,BIIB,BKNG,BR,BX,BXP,CARR,CB,CINF,CLX,CMG,CMI,CNC,CPB,D,DG,DLR,DOC,EA,EG,EIX,EQIX,EQR,ERIE,FDS,FIS,FSLR,GEN,GIS,GPN,HAS,HIG,HOLX,HRL,INTU,INVH,JKHY,KDP,LRCX,LW,LYB,MCK,MDLZ,MKC,MRK,MRNA,MSCI,MTD,NUE,NVR,NWSA,PAYC,PCG,PGR,PRU,PSA,PTC,PYPL,REGN,SRE,STZ,SWKS,TECH,TJX,TROW,TRV,TSLA,VLTO,VRSK,VTRS,XEL,XOM",185,81,[],[]
2025-02-20,"ABT,ACN,AEE,AJG,AME,AMGN,AMP,AMT,AON,APO,APP,APTV,ARES,ARM,AXP,AZO,BA,BAC,BAX,BBY,BK,BLK,BRK.B,BRO,BSX,C,CAH,CBRE,CCI,CDW,CFG,CHD,CMS,CNP,COF,COIN,COR,COST,CPAY,CRH,CRM,CRWD,CSX,CTSH,CTVA,CVS,DASH,DD,DDOG,DE,DIS,DLTR,DOV,DPZ,DRI,DTE,DUK,EBAY,ED,ELV,EVRG,EXC,FAST,FICO,FITB,FOX,FOXA,FTV,GE,GEHC,GILD,GL,HBAN,HCA,HOOD,HWM,IBKR,ICE,IDXX,INSM,INTC,IP,ISRG,IT,ITW,KEY,KEYS,LH,LHX,LIN,LNT,LUV,LYV,MA,MAS,MET,META,MMM,MOS,MSTR,MTB,NCLH,NDAQ,NDSN,NEM,NFLX,NSC,NTRS,O,ODFL,ORLY,OTIS,PANW,PAYX,PCAR,PDD,PFE,PFG,PH,PHM,PLD,PLTR,PM,PNC,PNW,PODD,PPL,PSKY,PSX,QCOM,REG,RF,RJF,RL,ROL,ROP,RSG,RTX,SBAC,SBUX,SCHW,SHW,SLB,SMCI,SOLV,SPGI,SPY,STE,STLD,STT,STX,SYK,T,TEL,TFC,TKO,TPR,TRI,TRMB,TTWO,TXT,UAL,UBER,UHS,UNP,URI,USB,V,VICI,VLO,VRSN,VTR,WDC,WEC,WELL,WFC,WM,WTW,WY,XYL,^VIX","ADBE,ADP,AES,AIG,ALGN,ALL,AMD,AVB,AVY,BF.B,BIIB,BKNG,BR,BX,BXP,CARR,CB,CINF,CLX,CMG,CMI,CNC,CPB,D,DG,DLR,DOC,EA,EG,EIX,EQIX,EQR,ERIE,FDS,FIS,FSLR,GEN,GIS,GPN,HIG,HOLX,HRL,INTU,INVH,JKHY,KDP,LDOS,LRCX,LW,LYB,MCK,MDLZ,MKC,MRK,MRNA,MSCI,MTD,NUE,NVR,NWSA,PAYC,PCG,PGR,PRU,PSA,PTC,PYPL,REGN,SRE,STZ,SWKS,TECH,TJX,TROW,TRV,TSLA,VLTO,VRSK,VTRS,WRB,XEL,XOM",181,82,[],[]
2025-02-21,"ABT,AEE,AJG,AME,AMGN,AMP,AMT,AON,APP,APTV,ARES,ARM,AZO,BAX,BBY,BK,BLK,BRK.B,BRO,BSX,C,CAH,CBRE,CCI,CDW,CFG,CHD,CMS,CNP,COF,COR,COST,CPAY,CRH,CSX,CTSH,CTVA,CVS,DASH,DD,DDOG,DE,DGX,DIS,DLTR,DOV,DPZ,DRI,DTE,DUK,EBAY,ED,ELV,EVRG,EXC,FAST,FICO,FITB,FOX,FOXA,FTV,GEHC,GILD,GL,HBAN,HCA,HOOD,HWM,IBKR,ICE,IDXX,INSM,INTC,IP,ISRG,IT,ITW,KEYS,LH,LHX,LIN,LNT,LUV,LYV,MA,MAS,MET,META,MOS,MSTR,MTB,NCLH,NDAQ,NDSN,NEE,NEM,NFLX,NSC,NTRS,O,ORLY,OTIS,PANW,PAYX,PCAR,PDD,PFE,PFG,PHM,PLD,PLTR,PM,PNW,PODD,PPL,PSKY,PSX,QCOM,REG,RJF,RL,ROL,ROP,RSG,RTX,SBAC,SBUX,SCHW,SHW,SLB,SMCI,SOLV,SPGI,SPY,STE,STLD,STT,STX,SYK,T,TEL,TFC,TPR,TRI,TRMB,TTWO,TXT,UAL,UBER,UHS,UNP,USB,V,VICI,VLO,VRSN,VTR,WDC,WEC,WELL,WFC,WM,WTW,WY,XYL,^VIX","ADBE,ADP,AES,AIG,ALGN,ALL,AMD,AVB,AVY,BF.B,BIIB,BKNG,BR,BX,BXP,CARR,CB,CF,CINF,CLX,CMG,CMI,CNC,D,DG,DLR,DOC,EA,EG,EIX,EQIX,EQR,ERIE,FDS,FIS,FSLR,GEN,GIS,GPN,HIG,HOLX,INTU,INVH,JKHY,LDOS,LRCX,LW,LYB,MCK,MRK,MRNA,MSCI,MTD,NUE,NVR,NWSA,PAYC,PCG,PGR,PRU,PSA,PTC,PYPL,REGN,STZ,SWKS,TECH,TJX,TROW,TRV,TSLA,VLTO,VRSK,WRB,XEL,XOM",166,76,[],[]
2025-02-24,"ABBV,ABT,AEE,AEP,AIZ,AJG,AME,AMGN,AMP,AMT,AON,APP,APTV,ARM,AWK,AZO,BAX,BBY,BK,BLK,BRK.B,BRO,BSX,CAH,CBOE,CBRE,CCI,CDW,CFG,CHD,CMS,CNP,COF,COR,COST,CPAY,CRH,CSX,CTSH,CTVA,CVS,DASH,DD,DDOG,DE,DGX,DIS,DLTR,DOV,DPZ,DRI,DTE,DUK,EBAY,ECL,ED,ELV,EVRG,EXC,EXR,FAST,FE,FICO,FISV,FITB,FOX,FOXA,FTV,GEHC,GILD,GL,HBAN,HCA,HOOD,HSIC,HWM,IBKR,ICE,IDXX,INSM,INTC,IP,ISRG,IT,ITW,JNJ,KEYS,KHC,KIM,KMB,KO,LH,LHX,LIN,LNT,LUV,LYV,MA,MAA,MAS,MCD,MET,MO,MOS,MRSH,MTB,NCLH,NDAQ,NDSN,NEE,NSC,NTRS,O,OMC,ORLY,OTIS,PANW,PAYX,PCAR,PDD,PFE,PFG,PHM,PLD,PLTR,PM,PNW,PODD,PPL,PSKY,PSX,REG,RJF,RL,ROL,ROP,RSG,RTX,SBAC,SBUX,SCHW,SHW,SJM,SLB,SMCI,SO,SOLV,SPGI,SPY,STE,STLD,STT,STX,SYK,T,TEL,TFC,TPR,TRI,TRMB,TSN,TTWO,TXT,TYL,UAL,UBER,UHS,UNP,USB,V,VICI,VLO,VRSN,VTR,VZ,WDAY,WEC,WELL,WFC,WM,WTW,WY,XYL,YUM,^VIX","ADBE,ADP,AES,AIG,ALGN,ALL,AMAT,AMD,ANET,APH,ASML,AVB,AVGO,AVY,BIIB,BKNG,BR,BX,BXP,CARR,CDNS,CEG,CF,CIEN,CINF,CLX,CMG,CMI,CNC,CSCO,CTRA,D,DLR,DOC,EA,EG,EIX,EME,EQIX,EQR,EQT,ERIE,ETN,EXE,FDS,FIS,FIX,FSLR,GEN,GEV,GIS,GLW,GPN,HAL,HIG,HOLX,HUBB,INTU,INVH,IRM,JBL,JKHY,KLAC,KMI,LDOS,LRCX,LW,LYB,MCK,MRK,MRNA,MRVL,MSCI,MTD,NI,NTAP,NUE,NVDA,NVR,NWSA,OKE,ORCL,PAYC,PCG,PEG,PGR,PRU,PSA,PTC,PWR,PYPL,QQQ,REGN,SNPS,STZ,SWKS,TECH,TER,TJX,TPL,TRGP,TROW,TSLA,TT,VLTO,VRSK,VST,WMB,XOM",185,109,[],[]
2025-02-25,"AAPL,ABBV,ABT,AEE,AEP,AIZ,AJG,AME,AMGN,AMP,AMT,AON,APP,APTV,ARM,AWK,AZO,BAX,BBY,BK,BLK,BRK.B,BRO,CAH,CBOE,CBRE,CCI,CDW,CFG,CHD,CMS,CNP,COF,COR,COST,CPAY,CRH,CSX,CTSH,CTVA,CVS,DASH,DD,DDOG,DE,DGX,DIS,DLTR,DOV,DPZ,DRI,DTE,DUK,EBAY,ECL,ED,ELV,EVRG,EW,EXC,EXR,FAST,FE,FICO,FISV,FITB,FOX,FOXA,FTV,GEHC,GILD,GL,HCA,HLT,HOOD,HSIC,HWM,ICE,IDXX,INSM,INTC,IP,IT,ITW,IVZ,JNJ,KEYS,KHC,KIM,KMB,KO,LH,LHX,LIN,LNT,LUV,LYV,MA,MAA,MAS,MCD,MET,MO,MOS,MRSH,NCLH,NDAQ,NDSN,NEE,NSC,NTRS,O,OMC,ORLY,OTIS,PANW,PAYX,PCAR,PDD,PFE,PFG,PHM,PLD,PLTR,PM,PNW,PPL,PSKY,PSX,REG,RJF,RL,ROL,ROP,RSG,RTX,SBAC,SBUX,SCHW,SHW,SJM,SLB,SMCI,SO,SOLV,SPGI,STE,STLD,STT,STX,SYK,T,TEL,TFC,TPR,TRI,TRMB,TSN,TTWO,TXT,TYL,UAL,UBER,UHS,UNP,USB,V,VICI,VLO,VRSN,VTR,VZ,WDAY,WEC,WELL,WM,WTW,WY,XYL,YUM,^VIX","ADBE,ADP,AES,AIG,ALGN,ALL,AMAT,AMD,ANET,APH,ASML,AVB,AVGO,AVY,BIIB,BKNG,BR,BX,BXP,CARR,CDNS,CEG,CF,CIEN,CINF,CLX,CMG,CMI,CNC,CSCO,CTRA,D,DLR,DOC,EA,EG,EIX,EME,EQIX,EQR,EQT,ERIE,ETN,EXE,FANG,FDS,FIS,FIX,FSLR,GEN,GEV,GIS,GLW,GM,GPN,HAL,HII,HOLX,HPE,HUBB,INTU,INVH,IRM,JBL,JKHY,KLAC,KMI,LDOS,LMT,LRCX,LW,LYB,MCK,MRK,MRNA,MRVL,MSCI,MTD,NI,NTAP,NUE,NVDA,NVR,NWSA,OKE,ORCL,PAYC,PCG,PEG,PRU,PSA,PTC,PWR,PYPL,QQQ,REGN,SNPS,STZ,SWKS,SYF,TECH,TER,TJX,TPL,TRGP,TROW,TSLA,TT,VLTO,VST,WMB,XOM",181,112,[],[]
2025-02-26,"AAPL,ABBV,ABT,AEE,AEP,AIZ,AJG,AME,AMGN,AMP,AMT,AON,APP,APTV,ARM,AWK,AZO,BAX,BBY,BK,BLK,BRK.B,BRO,CAH,CBOE,CBRE,CCI,CDW,CFG,CHD,CMS,CNP,COF,COR,COST,CPAY,CRH,CSX,CTSH,CTVA,CVS,DASH,DD,DDOG,DE,DGX,DIS,DLTR,DOV,DPZ,DRI,DTE,DUK,EBAY,ECL,ED,ELV,EVRG,EW,EXC,EXR,FAST,FE,FICO,FISV,FITB,FOX,FOXA,FTV,GEHC,GILD,GL,HCA,HLT,HOOD,HSIC,HWM,IBM,ICE,IDXX,INSM,INTC,IP,IT,ITW,IVZ,JNJ,KHC,KIM,KMB,KO,LH,LHX,LIN,LNT,LUV,LYV,MA,MAA,MAS,MCD,MET,MO,MOS,MRSH,NCLH,NDAQ,NDSN,NEE,NSC,NTRS,O,OMC,ORLY,OTIS,PANW,PAYX,PCAR,PDD,PFE,PFG,PHM,PLD,PLTR,PM,PNW,PPL,PSKY,PSX,REG,RJF,RL,ROL,ROP,RSG,RTX,SBAC,SBUX,SCHW,SHW,SJM,SLB,SMCI,SO,SOLV,SPGI,STE,STLD,STT,STX,SYK,T,TEL,TFC,TMUS,TPR,TRI,TRMB,TSN,TTWO,TXT,TYL,UAL,UBER,UHS,UNP,USB,V,VICI,VLO,VRSN,VTR,VZ,WDAY,WEC,WELL,WM,WTW,WY,XYL,YUM,^VIX","ADBE,ADP,AES,AIG,ALGN,ALL,AMAT,AMD,ANET,APH,ASML,AVB,AVGO,AVY,BIIB,BKNG,BR,BX,BXP,CARR,CDNS,CEG,CF,CIEN,CINF,CLX,CMG,CMI,CNC,CSCO,CTRA,D,DHR,DLR,DOC,EA,EG,EIX,EME,EQIX,EQR,EQT,ERIE,ETN,EXE,FANG,FDS,FIS,FIX,FSLR,GD,GEN,GEV,GIS,GLW,GM,GPN,HAL,HII,HOLX,HPE,HUBB,INVH,IRM,JBL,JKHY,KLAC,KMI,LDOS,LII,LMT,LRCX,LW,LYB,MCK,MRK,MRNA,MRVL,MSCI,MTD,NI,NTAP,NUE,NVDA,NVR,NWSA,OKE,ORCL,PAYC,PCG,PEG,PKG,POOL,PRU,PSA,PTC,PWR,PYPL,QQQ,REGN,SNPS,STZ,SWKS,SYF,TECH,TER,TJX,TPL,TRGP,TROW,TSLA,TT,VLTO,VST,WMB,XOM",182,116,[],[]
2025-02-27,"AAPL,ABBV,ABT,AEE,AEP,AIZ,AJG,AME,AMGN,AMP,AMT,AON,APP,APTV,ARM,AWK,AZO,BAX,BBY,BK,BLK,BRK.B,BRO,CAH,CBOE,CBRE,CCI,CDW,CFG,CHD,CMS,CNP,COF,COR,COST,CPAY,CRH,CSX,CTSH,CTVA,CVS,DASH,DD,DDOG,DE,DGX,DIS,DLTR,DOV,DPZ,DRI,DTE,DUK,ECL,ED,ELV,EVRG,EW,EXC,EXR,FAST,FICO,FISV,FITB,FOX,FOXA,FTV,GEHC,GILD,GL,HCA,HLT,HOOD,HSIC,HWM,IBM,ICE,INSM,INTC,IP,IT,ITW,IVZ,JNJ,KHC,KIM,KMB,KO,LH,LHX,LIN,LNT,LUV,LVS,LYV,MA,MAA,MAS,MCD,MELI,MET,MO,MOS,MRSH,NCLH,NDAQ,NDSN,NEE,NSC,NTRS,O,OMC,ORLY,OTIS,PANW,PAYX,PCAR,PDD,PFE,PFG,PHM,PLD,PLTR,PM,PNW,PPL,PSKY,PSX,REG,RJF,RL,ROL,ROP,RSG,RTX,SBAC,SBUX,SCHW,SHW,SJM,SLB,SMCI,SO,SOLV,SPGI,STE,STLD,STT,STX,SYK,T,TEL,TFC,TMO,TMUS,TPR,TRI,TRMB,TSN,TTWO,TXT,TYL,UAL,UBER,UHS,UNP,USB,V,VICI,VLO,VRSN,VTR,VZ,WDAY,WEC,WELL,WM,WTW,WY,WYNN,XYL,YUM,^VIX","ADBE,ADP,AES,AIG,ALGN,ALL,AMAT,AMD,ANET,AOS,APH,ASML,AVB,AVGO,AVY,BIIB,BKNG,BR,BX,BXP,CARR,CAT,CDNS,CEG,CF,CHRW,CHTR,CIEN,CINF,CLX,CMCSA,CMG,CMI,CNC,CSCO,CTRA,D,DHR,DLR,DOC,DOW,EA,EG,EIX,EME,EQIX,EQT,ERIE,ETN,EXE,FANG,FDS,FIS,FIX,FSLR,GD,GEN,GEV,GIS,GLW,GM,GPN,HAL,HII,HOLX,HPE,HUBB,IRM,JBL,JKHY,KLAC,KMI,LDOS,LII,LMT,LRCX,LW,LYB,MCK,MRK,MRNA,MRVL,MSCI,MSFT,MTD,NI,NOW,NTAP,NUE,NVDA,NVR,NWSA,OKE,ORCL,PAYC,PCG,PEG,PKG,POOL,PRU,PSA,PTC,PWR,PYPL,QQQ,REGN,SNPS,STZ,SWKS,SYF,TECH,TER,TJX,TPL,TRGP,TROW,TSCO,TSLA,TT,VLTO,VST,WMB,XOM",183,123,[],[]
2025-02-28,"AAPL,ABBV,ABT,AEE,AEP,AIZ,AJG,AME,AMGN,AMP,AMT,AON,APP,APTV,ARM,AWK,AZO,BAX,BBY,BEN,BK,BKR,BLK,BRK.B,BRO,CAH,CBOE,CBRE,CCI,CDW,CFG,CHD,CMS,CNP,COF,COR,COST,CPAY,CRH,CSX,CTSH,CTVA,CVS,DASH,DD,DDOG,DE,DGX,DIS,DLTR,DOV,DPZ,DRI,DTE,DUK,ECL,ED,ELV,EVRG,EW,EXC,EXR,FAST,FICO,FISV,FITB,FOX,FOXA,FTV,GEHC,GILD,GL,HCA,HLT,HOOD,HSIC,HWM,IBM,ICE,INSM,INTC,IP,IT,ITW,IVZ,JNJ,KHC,KIM,KMB,KO,LH,LHX,LIN,LNT,LUV,LVS,LYV,MA,MAA,MAS,MCD,MELI,MET,MO,MRSH,NCLH,NDAQ,NDSN,NEE,NSC,NTRS,O,OMC,ORLY,OTIS,PANW,PAYX,PCAR,PDD,PFE,PFG,PHM,PLD,PLTR,PM,PNW,PPL,PSKY,PSX,REG,RJF,RL,ROL,ROP,RSG,RTX,SBAC,SBUX,SCHW,SHW,SJM,SLB,SMCI,SO,SOLV,SPGI,STE,STLD,STT,STX,SYK,T,TEL,TFC,TMO,TMUS,TPR,TRI,TRMB,TSN,TTWO,TXT,TYL,UAL,UBER,UHS,UNP,USB,V,VICI,VLO,VRSN,VRTX,VTR,VZ,WDAY,WEC,WELL,WM,WTW,WY,WYNN,XYL,YUM,^VIX","ADBE,ADP,ALGN,AMAT,AMD,ANET,AOS,APA,APH,ASML,AVGO,AVY,BIIB,BKNG,BR,BX,BXP,CARR,CAT,CDNS,CEG,CF,CHRW,CHTR,CIEN,CINF,CLX,CMCSA,CMG,CMI,CNC,CSCO,CTRA,CVX,D,DECK,DHR,DLR,DOC,DOW,EA,EME,EOG,EQIX,EQT,ETN,EXE,FANG,FDS,FIS,FIX,FSLR,GD,GEN,GEV,GIS,GLW,GM,GPN,GWW,HAL,HII,HOLX,HPE,HUBB,IRM,JBL,JKHY,KLAC,KMI,LDOS,LII,LMT,LRCX,LW,LYB,MRK,MRNA,MRVL,MSCI,MSFT,MTD,NI,NOW,NTAP,NUE,NVDA,NVR,NWSA,OKE,ORCL,PAYC,PCG,PEG,PKG,POOL,PPG,PSA,PTC,PWR,PYPL,QQQ,REGN,RMD,SNPS,STZ,SWKS,SYF,TECH,TER,TJX,TPL,TRGP,TROW,TSCO,TSLA,TT,VLTO,VST,WMB,XOM",185,121,[],[]
2025-03-03,"AAPL,ABBV,ABT,AEE,AEP,AIZ,AJG,AME,AMGN,AMP,AMT,AON,APP,AWK,AZO,BAX,BBY,BEN,BK,BKR,BLK,BRK.B,BRO,CAH,CBOE,CBRE,CCI,CFG,CHD,CMS,CNP,COF,COR,COST,CPAY,CRH,CSX,CTSH,CVS,DASH,DD,DDOG,DE,DGX,DIS,DLTR,DOV,DPZ,DRI,DTE,DUK,ECL,ED,ELV,EVRG,EW,EXC,EXR,FAST,FICO,FISV,FITB,FOX,FOXA,FTV,GEHC,GILD,GL,HCA,HLT,HOOD,HSIC,HWM,IBM,ICE,INSM,INTC,IP,IT,ITW,JNJ,KHC,KIM,KMB,KO,KR,LH,LHX,LIN,LNT,LUV,LVS,LYV,MA,MAA,MAS,MCD,MELI,MET,MO,MRSH,NCLH,NDAQ,NDSN,NEE,NSC,NTRS,O,OMC,ORLY,OTIS,PANW,PAYX,PCAR,PDD,PFE,PFG,PHM,PLD,PLTR,PM,PNW,PPL,PSKY,PSX,REG,RJF,RL,ROL,ROP,RSG,RTX,SBAC,SBUX,SCHW,SHW,SJM,SLB,SO,SOLV,SPGI,STE,STLD,STT,STX,SYK,T,TEL,TFC,TMO,TMUS,TPR,TRI,TRMB,TSN,TTWO,TXT,TYL,UAL,UBER,UHS,UNP,USB,V,VICI,VLO,VRSN,VRTX,VTR,VZ,WDAY,WEC,WELL,WM,WTW,WY,WYNN,XYL,YUM,^VIX","ADBE,ALB,ALGN,ALLE,AMAT,AMD,ANET,AOS,APA,APH,ASML,AVGO,AVY,BG,BIIB,BKNG,BR,BX,BXP,CARR,CAT,CDNS,CEG,CF,CHRW,CHTR,CIEN,CINF,CLX,CMCSA,CMG,CMI,CNC,CSCO,CTRA,CVX,D,DECK,DHR,DLR,DOC,DOW,EA,EME,EOG,EQIX,EQT,ETN,EXE,FANG,FDS,FDX,FER,FIS,FIX,FSLR,GD,GEN,GEV,GIS,GLW,GM,GPN,GWW,HAL,HII,HOLX,HPE,HUBB,IRM,JBL,KLAC,KMI,LDOS,LEN,LII,LMT,LRCX,LW,LYB,MRK,MRNA,MRVL,MSCI,MSFT,MTD,NI,NOW,NTAP,NUE,NVDA,NVR,NWSA,OKE,ORCL,PAYC,PCG,PEG,PKG,POOL,PPG,PSA,PTC,PWR,PYPL,QQQ,REGN,RMD,SNPS,STZ,SWK,SWKS,SYF,TECH,TER,TJX,TPL,TRGP,TROW,TSCO,TSLA,TT,VLTO,VST,WMB,WSM,XOM,ZBH",180,128,[],[]
2025-03-04,"AAPL,ABBV,ABT,AEE,AEP,AIZ,AJG,AMCR,AME,AMGN,AMT,AON,APP,AWK,AZO,BAX,BEN,BK,BKR,BLK,BRK.B,BRO,CAH,CBOE,CBRE,CCI,CFG,CHD,CMS,CNP,COR,COST,CSX,CTSH,CVS,DASH,DD,DDOG,DE,DGX,DIS,DLTR,DPZ,DRI,DTE,DUK,ECL,ED,ELV,EVRG,EW,EXC,EXR,FAST,FICO,FOX,FOXA,GEHC,GILD,GL,HCA,HLT,HOOD,HSIC,HWM,IBM,ICE,INSM,INTC,IT,JNJ,KHC,KIM,KMB,KO,KR,LH,LHX,LIN,LNT,LUV,LVS,LYV,MA,MAA,MAS,MCD,MELI,MO,MPC,MRSH,NCLH,NDSN,NEE,NSC,NWS,O,OMC,ORLY,OTIS,PANW,PAYX,PDD,PFE,PFG,PHM,PLD,PLTR,PM,PNW,PPL,PSKY,PSX,REG,ROL,ROP,RSG,RTX,SBAC,SBUX,SHW,SJM,SLB,SO,SOLV,SPGI,STE,SYK,TEL,TMO,TMUS,TRI,TRMB,TSN,TTWO,TYL,UBER,UHS,UNP,V,VICI,VLO,VRSN,VRTX,VTR,VZ,WDAY,WEC,WELL,WM,WTW,WY,WYNN,XYL,YUM,^VIX","ADBE,ADM,ALB,ALGN,ALLE,AMAT,AMD,ANET,AOS,APA,APH,ASML,AVGO,AVY,BG,BIIB,BKNG,BR,BX,BXP,CARR,CAT,CDNS,CEG,CF,CHRW,CHTR,CIEN,CINF,CLX,CMCSA,CMG,CMI,CNC,CSCO,CTRA,CVX,D,DECK,DHR,DLR,DOC,DOW,EA,EL,EME,EOG,EQIX,EQT,ETN,EXE,FANG,FDS,FDX,FER,FIS,FIX,FSLR,GD,GEN,GEV,GIS,GLW,GM,GPN,GWW,HAL,HII,HOLX,HPE,HUBB,IRM,J,JBL,KKR,KLAC,KMI,LDOS,LEN,LII,LMT,LRCX,LW,LYB,MRK,MRNA,MRVL,MSCI,MSFT,MTD,NI,NOW,NTAP,NUE,NVDA,NVR,NWSA,OKE,ORCL,PAYC,PCG,PEG,PKG,PNR,POOL,PPG,PSA,PTC,PWR,PYPL,QQQ,REGN,RMD,SNPS,STZ,SWK,SWKS,SYF,TDG,TECH,TER,TJX,TPL,TRGP,TROW,TSCO,TSLA,TT,VLTO,VST,WMB,WSM,XOM,ZBH",156,134,[],[]
2025-03-05,"AAPL,ABBV,ABT,AEE,AEP,AIZ,AJG,AMCR,AME,AMGN,AMT,AON,APP,AWK,AZO,BAX,BEN,BK,BKR,BLK,BRK.B,BRO,CAH,CBOE,CBRE,CCI,CFG,CHD,CMS,CNP,COR,COST,CSX,CTSH,CVS,DASH,DD,DDOG,DE,DGX,DIS,DLTR,DPZ,DRI,DTE,DUK,ECL,ED,ELV,ESS,EVRG,EW,EXC,EXR,FAST,FICO,FOX,FOXA,FTNT,GEHC,GILD,GL,HCA,HLT,HOOD,HSIC,HWM,IBM,ICE,INSM,INTC,IT,JCI,JNJ,KHC,KIM,KMB,KO,KR,LH,LHX,LIN,LLY,LNT,LUV,LVS,LYV,MA,MAA,MAS,MCD,MELI,MO,MRSH,NCLH,NDSN,NEE,NSC,NWS,O,OMC,ORLY,OTIS,PANW,PAYX,PDD,PFE,PFG,PHM,PLD,PLTR,PM,PNW,PPL,PSKY,REG,ROL,ROP,RSG,RTX,SBAC,SBUX,SHW,SJM,SLB,SO,SOLV,SPG,SPGI,STE,SYK,TEL,TMO,TMUS,TRI,TRMB,TSN,TTWO,TYL,UBER,UHS,UNP,V,VICI,VRSN,VRTX,VTR,VZ,WDAY,WEC,WELL,WM,WTW,WY,WYNN,XYL,YUM,^VIX","ADBE,ADM,ALB,ALGN,ALLE,AMAT,AMD,ANET,AOS,APA,APH,ASML,AVGO,AVY,BG,BIIB,BKNG,BR,BX,BXP,CARR,CAT,CDNS,CEG,CF,CHRW,CHTR,CIEN,CINF,CLX,CMCSA,CMG,CMI,CNC,CSCO,CTRA,CVX,D,DECK,DHR,DLR,DOC,DOW,EA,EL,EME,EMR,EOG,EQIX,EQT,ETN,EXE,FANG,FDS,FDX,FIS,FIX,FSLR,GEN,GEV,GIS,GLW,GM,GOOG,GOOGL,GPN,GWW,HAL,HOLX,HPE,HUBB,IEX,IRM,J,JBL,KKR,KLAC,KMI,LDOS,LEN,LII,LMT,LRCX,LW,LYB,MRK,MRNA,MRVL,MSCI,MSFT,MTCH,MTD,NI,NOW,NTAP,NUE,NVDA,NVR,NWSA,OKE,ORCL,PAYC,PCG,PEG,PKG,PNR,POOL,PPG,PSA,PTC,PWR,PYPL,QQQ,REGN,RMD,SNPS,STZ,SWK,SWKS,SYF,TDG,TECH,TER,TJX,TPL,TRGP,TROW,TSCO,TSLA,TT,VLTO,VST,WMB,WSM,XOM,ZBH",158,136,[],[]
2025-03-06,"AAPL,ABBV,ABT,AEE,AEP,AIZ,AJG,AMCR,AME,AMGN,AMT,AON,APP,AWK,AZO,BAX,BEN,BK,BKR,BLK,BRK.B,BRO,CAH,CBOE,CBRE,CCEP,CCI,CFG,CHD,CMS,CNP,COR,COST,CPT,CSX,CTSH,CVS,DD,DDOG,DE,DGX,DLTR,DPZ,DRI,DTE,DUK,ECL,ED,ELV,ESS,EW,EXC,EXR,FAST,FICO,FOX,FOXA,GEHC,GILD,GL,HCA,HLT,HOOD,HSIC,HSY,HWM,IBM,ICE,INSM,INTC,IQV,IT,JCI,JNJ,KHC,KIM,KMB,KO,KR,LH,LHX,LIN,LLY,LNT,LUV,LVS,LYV,MA,MAA,MAS,MCD,MELI,MO,MRSH,NCLH,NDSN,NEE,NSC,NWS,O,OMC,ORLY,OTIS,PANW,PAYX,PDD,PFE,PFG,PHM,PLD,PLTR,PM,PNW,PPL,PSKY,REG,ROL,ROP,RSG,RTX,SBAC,SHW,SJM,SLB,SO,SOLV,SPGI,STE,SYK,TEL,TMO,TMUS,TRI,TRMB,TSN,TTWO,TYL,UBER,UDR,UHS,UNP,V,VICI,VRSN,VRTX,VTR,VZ,WDAY,WEC,WELL,WM,WTW,WY,WYNN,XYL,YUM,^VIX","ADBE,ADM,ALB,ALGN,ALLE,AMAT,AMD,ANET,AOS,APA,APH,ASML,AVGO,AVY,BDX,BG,BIIB,BKNG,BR,BX,BXP,CARR,CAT,CDNS,CEG,CF,CHRW,CHTR,CIEN,CINF,CLX,CMCSA,CMG,CMI,CNC,CSCO,CTRA,CVX,D,DECK,DLR,DOC,DOW,EFX,EL,EME,EMR,EOG,EQIX,EQT,ETN,EXE,F,FANG,FDS,FDX,FIS,FIX,FSLR,GEN,GEV,GIS,GLW,GM,GOOG,GOOGL,GPN,GWW,HAL,HOLX,HON,HPE,HUBB,IEX,IRM,J,JBL,KKR,KLAC,KMI,LDOS,LII,LMT,LRCX,LW,LYB,MOH,MRK,MRNA,MRVL,MSCI,MSFT,MTCH,MTD,NI,NOW,NTAP,NUE,NVDA,NVR,NWSA,OKE,ORCL,PAYC,PCG,PEG,PKG,PNR,POOL,PPG,PSA,PTC,PWR,PYPL,QQQ,REGN,RMD,SNA,SNPS,STZ,SWK,SWKS,SYF,TDG,TECH,TER,TJX,TPL,TRGP,TROW,TSCO,TSLA,TT,VLTO,VST,WMB,WSM,XOM,ZBH",157,139,[],[]
2025-03-07,"AAPL,ABBV,ABT,AEE,AEP,AIZ,AMCR,AME,AMGN,AMT,AON,APP,AWK,AZO,BAX,BEN,BK,BKR,BLK,BRK.B,BRO,CAH,CBOE,CCEP,CCI,CFG,CHD,CMS,CNP,COR,CPT,CSX,CTSH,CVS,DD,DDOG,DE,DGX,DLTR,DPZ,DRI,DTE,DUK,ECL,ED,ELV,ESS,EW,EXC,EXPE,EXR,FAST,FICO,FOX,FOXA,GEHC,GILD,GL,HCA,HOOD,HSIC,HSY,HWM,IBM,ICE,INSM,INTC,IQV,IT,JCI,JNJ,KHC,KIM,KMB,KO,KR,LH,LHX,LIN,LNT,LUV,LVS,LYV,MA,MAA,MAS,MCD,MELI,MO,MRSH,NCLH,NDSN,NEE,NSC,NWS,O,OMC,ORLY,OTIS,PANW,PAYX,PDD,PFE,PFG,PHM,PLD,PLTR,PM,PNW,PPL,PSKY,REG,ROL,ROP,RSG,RTX,SBAC,SHW,SJM,SLB,SO,SOLV,STE,SYK,TEL,TMO,TMUS,TRI,TRMB,TSN,TTWO,UBER,UDR,UHS,UNP,V,VICI,VRSN,VRTX,VTR,VZ,WDAY,WEC,WELL,WM,WTW,WY,WYNN,XYL,YUM,^VIX","ADBE,ALB,ALGN,ALLE,AMAT,AMD,AMZN,ANET,APA,APD,APH,ASML,AVGO,AVY,BDX,BG,BKNG,BLDR,BR,BX,BXP,CARR,CAT,CDNS,CEG,CF,CHTR,CIEN,CINF,CLX,CMG,CMI,CNC,CSCO,CTRA,CVX,D,DECK,DLR,DOC,DOW,EL,EME,EMR,EOG,EQIX,EQT,ETN,EXE,F,FANG,FDS,FDX,FIS,FIX,FSLR,GEV,GIS,GLW,GM,GOOG,GOOGL,GPN,GWW,HAL,HON,HPE,HUBB,IEX,IRM,J,JBL,KKR,KLAC,KMI,LII,LOW,LRCX,LW,LYB,MOH,MRK,MRNA,MRVL,MSCI,MSFT,MTCH,MTD,NI,NOW,NTAP,NUE,NVDA,NVR,NWSA,OKE,ORCL,PAYC,PCG,PEG,PKG,PNR,POOL,PPG,PSA,PTC,PWR,PYPL,QQQ,REGN,RMD,ROST,SNA,SNPS,SYF,TDG,TECH,TER,TJX,TPL,TRGP,TROW,TSCO,TSLA,TT,ULTA,VLTO,VST,WMB,WSM,WST,XOM,ZBRA",151,133,[],[]
2025-03-10,"AAPL,ABBV,ABT,AEE,AEP,AIZ,AMCR,AME,AMGN,AMT,AON,APP,AWK,AZO,BAX,BEN,BK,BKR,BLK,BRK.B,BRO,CBOE,CCI,CHD,CMS,CNP,COR,CPT,CSX,CTSH,CVS,DD,DE,DGX,DLTR,DRI,DTE,DUK,ECL,ED,ELV,ESS,EXC,EXPE,EXR,FAST,GEHC,GILD,GL,HCA,HSIC,HSY,HWM,IBM,ICE,INSM,INTC,IQV,IT,JCI,JNJ,KHC,KIM,KMB,KO,KR,LHX,LIN,LNT,LVS,MA,MAA,MAS,MCD,MELI,MO,MRSH,NCLH,NDSN,NEE,NSC,NWS,O,OMC,ORLY,OTIS,PANW,PAYX,PDD,PFE,PFG,PHM,PLD,PLTR,PM,PNW,PPL,PSKY,REG,ROL,ROP,RSG,RTX,SBAC,SHW,SJM,SLB,SO,SOLV,STE,SYK,TEL,TMO,TMUS,TRI,TRMB,TSN,TTWO,UBER,UDR,UHS,UNP,V,VICI,VRSN,VRTX,VTR,VZ,WDAY,WEC,WELL,WM,WTW,WY,WYNN,XYL,YUM,^VIX","ADBE,ALB,ALGN,ALLE,AMAT,AMD,AMZN,ANET,APA,APD,APH,ASML,AVGO,AVY,BDX,BG,BKNG,BLDR,BR,BX,BXP,CARR,CAT,CDNS,CEG,CF,CHTR,CIEN,CINF,CLX,CMG,CMI,CNC,CSCO,CTRA,CVX,D,DECK,DLR,DOC,DOW,EL,EME,EMR,EOG,EQIX,EQT,ETN,EXE,F,FANG,FDS,FDX,FIS,FIX,FSLR,GEV,GIS,GLW,GM,GOOG,GOOGL,GPN,GWW,HAL,HON,HPE,HUBB,IEX,INCY,IRM,J,JBL,KKR,KLAC,KMI,LII,LOW,LRCX,LW,LYB,MOH,MRK,MRNA,MRVL,MSCI,MSFT,MTCH,MTD,NI,NOW,NTAP,NUE,NVDA,NVR,NWSA,OKE,ORCL,PAYC,PCG,PEG,PKG,PNR,POOL,PPG,PSA,PTC,PWR,PYPL,QQQ,RMD,ROST,RVTY,SNA,SNPS,SYF,TDG,TECH,TER,TJX,TPL,TRGP,TROW,TSCO,TSLA,TT,ULTA,VLTO,VST,WMB,WSM,WST,XOM,ZBRA",138,134,[],[]
2025-03-11,"AAPL,ABBV,AEE,AEP,AIZ,AMCR,AME,AMGN,AMT,AON,APP,AWK,AZO,BAX,BEN,BKR,BLK,BRK.B,BRO,CBOE,CCI,CHD,CMS,CNP,COR,CPT,CTSH,CVS,DD,DE,DGX,DLTR,DRI,DTE,DUK,ED,ELV,ES,ESS,EXC,EXR,FAST,GEHC,GILD,GL,HCA,HSIC,HSY,HWM,IBM,ICE,INSM,INTC,IQV,IT,JCI,JNJ,KHC,KMB,KO,KR,LHX,LIN,LNT,LVS,MAA,MCD,MELI,MO,MRSH,NCLH,NDSN,NEE,NSC,NWS,O,OMC,ORLY,OTIS,PANW,PDD,PFE,PFG,PHM,PLD,PLTR,PM,PNW,PPL,PSKY,REG,ROL,RSG,RTX,SBAC,SHW,SJM,SLB,SO,SOLV,STE,SYK,TEL,TMUS,TRI,TRMB,TSN,TTWO,UBER,UDR,UHS,VICI,VRSN,VRTX,VTR,VZ,WDAY,WEC,WELL,WM,WTW,WY,WYNN,YUM,^VIX","ACGL,ADBE,ALB,ALGN,ALLE,AMAT,AMD,AMZN,ANET,APA,APD,APH,ASML,AVGO,AVY,BDX,BG,BKNG,BLDR,BR,BX,BXP,CARR,CAT,CDNS,CEG,CF,CHTR,CIEN,CINF,CLX,CMG,CMI,CNC,CSCO,CTRA,CVX,D,DAL,DECK,DLR,DOC,DOW,EL,EME,EMR,EOG,EQIX,EQT,ETN,EXE,F,FANG,FDS,FDX,FIS,FIX,FSLR,GEV,GIS,GLW,GM,GOOG,GOOGL,GPN,GWW,HAL,HON,HPE,HUBB,HUM,IEX,INCY,IRM,J,JBL,KKR,KLAC,KMI,LII,LOW,LRCX,LW,LYB,MAR,MOH,MRK,MRNA,MRVL,MSCI,MSFT,MTCH,MTD,NI,NOW,NTAP,NUE,NVDA,NVR,NWSA,OKE,ORCL,PAYC,PCG,PEG,PKG,PNR,POOL,PPG,PSA,PTC,PWR,PYPL,QQQ,RMD,ROST,RVTY,SNA,SNPS,SYF,TDG,TECH,TER,TJX,TPL,TRGP,TROW,TSCO,TSLA,TT,ULTA,VLTO,VST,WMB,WSM,WST,XOM,XYZ,ZBRA",125,139,[],[]
2025-03-12,"AAPL,ABBV,AEE,AEP,AIZ,AMCR,AME,AMGN,AMT,AON,APP,AWK,AZO,BAX,BEN,BKR,BLK,BRK.B,BRO,CBOE,CCI,CHD,CME,CMS,CNP,COR,CVS,DD,DE,DGX,DLTR,DRI,DTE,DUK,ED,ELV,ES,ESS,EXC,EXR,FAST,GEHC,GILD,GL,GNRC,HCA,HSIC,HWM,IBM,ICE,INSM,INTC,IQV,JCI,JNJ,KHC,KMB,KO,KR,LHX,LIN,LNT,MELI,MO,NCLH,NDSN,NEE,NWS,O,OMC,ORLY,OTIS,PANW,PDD,PFE,PFG,PHM,PLD,PLTR,PM,PNW,PPL,PSKY,REG,ROL,RSG,RTX,SBAC,SHW,SJM,SLB,SO,SOLV,STE,SYK,TEL,TMUS,TRI,TRMB,TSN,TTWO,UBER,UHS,VICI,VRSN,VRTX,VTR,VZ,WDAY,WEC,WELL,WM,WY,WYNN,YUM,^VIX","A,ACGL,ADBE,ALB,ALGN,ALLE,AMAT,AMD,AMZN,ANET,APA,APD,APH,ASML,AVGO,AVY,BDX,BG,BKNG,BLDR,BR,BX,BXP,CARR,CAT,CDNS,CEG,CF,CHTR,CIEN,CINF,CLX,CMG,CMI,CNC,CSCO,CTRA,CVX,D,DAL,DECK,DLR,DOC,DOW,EL,EME,EMR,EOG,EQIX,EQT,ETN,EXE,F,FANG,FDS,FDX,FIS,FIX,FSLR,GEV,GIS,GLW,GM,GOOG,GOOGL,GPN,GWW,HAL,HON,HPE,HUBB,HUM,IEX,INCY,IRM,J,JBL,KKR,KLAC,KMI,L,LII,LOW,LRCX,LW,LYB,MAR,MLM,MOH,MRK,MRNA,MRVL,MSCI,MSFT,MTCH,MTD,NI,NOW,NTAP,NUE,NVDA,NVR,NWSA,OKE,ORCL,PAYC,PCG,PEG,PKG,PNR,POOL,PPG,PSA,PTC,PWR,PYPL,QQQ,RMD,ROST,RVTY,SNA,SNPS,SW,SYF,TDG,TECH,TER,TJX,TPL,TRGP,TROW,TSCO,TSLA,TT,ULTA,VLTO,VMC,VST,WAB,WAT,WMB,WSM,WST,XOM,XYZ,ZBRA",116,146,[],[]
2025-03-13,"ABBV,AEE,AEP,AIZ,AMGN,AMT,AON,APP,AWK,AZO,BAX,BKR,BLK,BRK.B,BRO,CBOE,CCI,CHD,CME,CMS,CNP,COR,CVS,DD,DE,DGX,DLTR,DTE,DUK,ED,ELV,ES,EXC,FCX,GILD,GL,GNRC,GPC,HCA,HSIC,HWM,IBM,ICE,INSM,INTC,IQV,JCI,JNJ,KHC,KMB,KO,KR,LHX,LIN,LNT,MELI,MGM,MNST,MO,NCLH,NEE,O,OMC,ORLY,OTIS,PANW,PDD,PFE,PFG,PLTR,PM,PNW,PPL,PSKY,ROL,RSG,RTX,SBAC,SJM,SLB,SNDK,SO,SOLV,STE,SYK,TAP,TMUS,TRI,TRMB,TSN,TTWO,UBER,UHS,VICI,VRSN,VRTX,VTR,VZ,WDAY,WEC,WELL,WM,WY,WYNN,YUM,^VIX","A,ACGL,ADBE,ALB,ALGN,ALLE,AMAT,AMD,AMZN,ANET,APA,APD,APH,ASML,AVGO,AVY,BDX,BG,BKNG,BLDR,BR,BX,BXP,CARR,CAT,CDNS,CEG,CF,CHTR,CIEN,CINF,CLX,CMG,CMI,CNC,CSCO,CTRA,CVX,D,DAL,DECK,DLR,DOC,DOW,EL,EME,EMR,EOG,EQIX,EQT,ETN,EXE,F,FANG,FDS,FDX,FIS,FIX,FSLR,GEV,GIS,GLW,GM,GOOG,GOOGL,GPN,GWW,HAL,HON,HPE,HUBB,HUM,IEX,INCY,IRM,J,JBL,KKR,KLAC,KMI,L,LII,LOW,LRCX,LW,LYB,MAR,MLM,MOH,MRK,MRNA,MRVL,MSCI,MSFT,MTCH,MTD,NI,NOW,NTAP,NUE,NVDA,NVR,NWSA,OKE,ORCL,PAYC,PCG,PEG,PKG,PNR,POOL,PPG,PSA,PTC,PWR,PYPL,QQQ,RMD,ROST,RVTY,SNA,SNPS,SW,SYF,TDG,TECH,TER,TJX,TPL,TRGP,TROW,TSCO,TSLA,TT,TTD,ULTA,VLTO,VMC,VST,WAB,WAT,WMB,WSM,WST,XOM,XYZ,ZBRA,ZTS",106,148,[],[]
2025-03-14,"ABBV,AEE,AEP,AIZ,AMGN,AMT,AON,APP,AWK,AZO,BAX,BKR,BLK,BRK.B,BRO,CBOE,CCI,CHD,CME,CMS,CNP,COR,CVS,DD,DE,DGX,DLTR,DTE,DUK,ED,ELV,ES,EXC,FCX,GILD,GL,GNRC,GPC,HCA,HSIC,HWM,IBM,ICE,INSM,INTC,IQV,JCI,JNJ,KHC,KMB,KO,KR,KVUE,LHX,LIN,LNT,MELI,MGM,MNST,MO,NCLH,NEE,O,OMC,ORLY,OTIS,PANW,PDD,PFE,PFG,PLTR,PM,PNW,PPL,PSKY,ROL,RSG,RTX,SBAC,SJM,SLB,SNDK,SO,SOLV,STE,SYK,TAP,TMUS,TRI,TRMB,TSN,TTWO,UBER,UHS,VICI,VRSN,VRTX,VTR,VZ,WDAY,WEC,WELL,WM,WY,WYNN,YUM,^VIX","A,ACGL,ADBE,ALB,ALGN,ALLE,AMAT,AMD,AMZN,ANET,APA,APD,APH,ASML,AVGO,AVY,BDX,BG,BKNG,BLDR,BR,BX,BXP,CARR,CAT,CDNS,CEG,CF,CHTR,CIEN,CLX,CMG,CMI,CNC,COO,CSCO,CTRA,CVX,D,DAL,DECK,DLR,DOC,DOW,DVA,EL,EME,EMR,EOG,EQIX,EQT,ETN,EXE,F,FANG,FDS,FDX,FIS,FIX,FRT,FSLR,GDDY,GEV,GIS,GLW,GM,GOOG,GOOGL,GPN,GWW,HAL,HON,HPE,HUBB,HUM,IEX,INCY,IR,IRM,J,JBL,KKR,KLAC,KMI,L,LII,LOW,LRCX,LULU,LW,LYB,MAR,MLM,MOH,MRK,MRNA,MRVL,MSCI,MSFT,MSI,MTCH,MTD,NI,NOW,NTAP,NUE,NVDA,NVR,NWSA,OKE,ORCL,PAYC,PEG,PG,PKG,PNR,POOL,PPG,PSA,PTC,PWR,PYPL,QQQ,RMD,ROST,RVTY,SNA,SNPS,SW,SYF,TDG,TECH,TER,TJX,TPL,TRGP,TROW,TSCO,TSLA,TT,TTD,ULTA,VLTO,VMC,VST,WAB,WAT,WMB,WSM,WST,XOM,XYZ,ZBRA,ZTS",107,154,[],[]
2025-03-17,"ABBV,AEE,AEP,AIZ,AMGN,AMT,AON,APP,AWK,AZO,BAX,BKR,BLK,BRK.B,BRO,CBOE,CCI,CHD,CME,CMS,CNP,COR,CVS,DD,DE,DGX,DLTR,DTE,DUK,ED,ELV,ES,EXC,EXPD,FCX,GILD,GL,GNRC,GPC,HCA,HSIC,HWM,IBM,ICE,INSM,INTC,IQV,JCI,JNJ,KHC,KMB,KO,KR,KVUE,LHX,LIN,LNT,MCHP,MELI,MGM,MNST,MO,MU,NCLH,NEE,NKE,NRG,O,OMC,ORLY,OTIS,PANW,PDD,PFE,PFG,PLTR,PM,PNW,PPL,PSKY,ROL,RSG,RTX,SBAC,SJM,SLB,SNDK,SO,SOLV,STE,SYK,TAP,TMUS,TRI,TRMB,TSN,TTWO,UBER,UHS,VICI,VRSN,VRTX,VTR,VZ,WBD,WDAY,WEC,WELL,WM,WY,WYNN,YUM,^VIX","A,ADBE,ALB,ALGN,ALLE,ALNY,AMAT,AMD,AMZN,ANET,APA,APD,APH,ASML,AVGO,AVY,BDX,BG,BKNG,BLDR,BR,BX,BXP,CAG,CARR,CAT,CEG,CF,CHTR,CIEN,CLX,CMG,CMI,CNC,COO,CSCO,CTRA,CVX,D,DAL,DECK,DLR,DOC,DOW,DVA,EL,EME,EMR,EOG,EQIX,EQT,ETN,F,FANG,FDS,FDX,FIS,FIX,FRT,FSLR,GDDY,GIS,GLW,GM,GOOG,GOOGL,GPN,GWW,HAL,HON,HPE,HUBB,HUM,IEX,INCY,IR,IRM,J,JBL,KKR,KLAC,LII,LOW,LRCX,LULU,LW,LYB,MAR,MDT,MLM,MOH,MRK,MRNA,MRVL,MSCI,MSFT,MSI,MTCH,MTD,NI,NOW,NTAP,NUE,NVDA,NVR,NWSA,OKE,ORCL,PAYC,PEG,PG,PKG,PNR,POOL,PPG,PSA,PTC,PYPL,QQQ,RMD,ROST,RVTY,SNA,SNPS,SW,SYF,TDG,TECH,TER,TJX,TPL,TROW,TSCO,TSLA,TT,TTD,ULTA,UNH,VLTO,VMC,VST,WAB,WAT,WSM,WST,XOM,XYZ,ZBRA,ZTS",113,149,[],[]
2025-03-18,"ABBV,AEE,AEP,AIZ,AMGN,AMT,AON,APP,AWK,AZO,BAX,BKR,BLK,BRK.B,BRO,CBOE,CCI,CHD,CME,CMS,CNP,COR,CRL,CSGP,CVS,DD,DE,DGX,DLTR,DTE,DUK,DVN,ED,ELV,ES,EXC,EXPD,FCX,GILD,GL,GNRC,GPC,GRMN,HCA,HSIC,HWM,IBM,ICE,INSM,INTC,IQV,JCI,JNJ,KHC,KMB,KO,KR,KVUE,LHX,LIN,LNT,MCHP,MELI,MGM,MNST,MO,MU,NCLH,NEE,NKE,NRG,O,OMC,ORLY,OTIS,OXY,PANW,PDD,PFE,PFG,PLTR,PM,PNW,PPL,PSKY,ROL,RSG,RTX,SBAC,SJM,SLB,SNDK,SO,SOLV,STE,SYK,TAP,TMUS,TRI,TRMB,TSN,TTWO,UBER,UHS,VICI,VRSN,VRTX,VTR,VZ,WBD,WDAY,WEC,WELL,WM,WY,WYNN,YUM,^VIX","A,ADBE,ALB,ALGN,ALLE,ALNY,AMAT,AMD,AMZN,ANET,APA,APD,APH,ASML,AVGO,AVY,AXON,BDX,BG,BKNG,BLDR,BR,BX,BXP,CAG,CARR,CAT,CEG,CF,CHTR,CIEN,CLX,CMG,CMI,CNC,COO,CSCO,CVX,D,DAL,DECK,DLR,DOC,DOW,DVA,EL,EME,EMR,EOG,EQIX,EQT,ETN,F,FANG,FDS,FDX,FIX,FRT,FSLR,GDDY,GIS,GLW,GM,GOOG,GOOGL,GPN,GWW,HAL,HD,HON,HPE,HUBB,IEX,IFF,INCY,IR,IRM,J,JBL,KKR,KLAC,LII,LOW,LRCX,LULU,LW,LYB,MAR,MDT,MLM,MOH,MRK,MRNA,MRVL,MSCI,MSFT,MSI,MTCH,MTD,NI,NOW,NTAP,NUE,NVDA,NVR,NWSA,OKE,ORCL,PAYC,PEG,PG,PKG,PNR,POOL,PPG,PSA,PTC,PYPL,QQQ,RMD,ROST,RVTY,SNA,SNPS,SW,SYF,TDG,TECH,TER,TJX,TPL,TROW,TSCO,TSLA,TT,TTD,ULTA,VLTO,VMC,VST,WAB,WAT,WSM,WST,XOM,XYZ,ZBRA,ZTS",118,148,[],[]
2025-03-19,"ABBV,AEE,AEP,AIZ,AMGN,AMT,AON,APP,AWK,AZO,BAX,BKR,BLK,BRK.B,BRO,CBOE,CCI,CHD,CME,CMS,CNP,COR,CRL,CSGP,CVS,DD,DE,DGX,DLTR,DTE,DUK,DVN,ED,ELV,ES,EXC,EXPD,FCX,GL,GNRC,GPC,GRMN,HCA,HSIC,HWM,IBM,ICE,INSM,INTC,IQV,JCI,JNJ,KHC,KMB,KO,KR,KVUE,LHX,LIN,LNT,MCHP,MELI,MGM,MNST,MO,MU,NCLH,NEE,NKE,NRG,O,OMC,ORLY,OTIS,OXY,PANW,PDD,PFE,PFG,PLTR,PM,PNW,PPL,PSKY,ROL,RSG,RTX,SBAC,SJM,SLB,SNDK,SO,SOLV,STE,SYK,TAP,TMUS,TRI,TRMB,TSN,TTWO,UBER,UHS,VICI,VRSN,VRTX,VTR,VZ,WBD,WDAY,WEC,WELL,WM,WY,WYNN,YUM,^VIX","A,ADBE,ALB,ALGN,ALLE,ALNY,AMAT,AMD,AMZN,ANET,APA,APD,ASML,AVGO,AVY,AXON,BDX,BG,BKNG,BLDR,BR,BX,BXP,CAG,CARR,CAT,CCL,CEG,CF,CHTR,CIEN,CLX,CMG,CMI,CNC,COO,CSCO,CVNA,D,DAL,DECK,DLR,DOC,DOW,DVA,EL,EME,EMR,EOG,EPAM,EQIX,EQT,ETN,F,FANG,FDS,FDX,FIX,FRT,FSLR,GDDY,GIS,GLW,GM,GOOG,GOOGL,GPN,GS,GWW,HAL,HD,HON,HPE,HUBB,IEX,IFF,INCY,IR,IRM,J,JBL,JPM,KKR,KLAC,LII,LOW,LRCX,LULU,LW,LYB,MAR,MDT,MLM,MOH,MRK,MRNA,MRVL,MS,MSCI,MSFT,MSI,MTCH,MTD,NI,NOW,NTAP,NUE,NVDA,NVR,NWSA,OKE,ORCL,PAYC,PEG,PG,PKG,PNR,POOL,PPG,PSA,PTC,PYPL,QQQ,RCL,RMD,ROST,RVTY,SNA,SNPS,SW,SYF,TDG,TECH,TER,TJX,TPL,TROW,TSCO,TSLA,TT,TTD,ULTA,VLTO,VMC,VST,WAB,WAT,WMT,WSM,WST,XOM,XYZ,ZBRA,ZTS",117,154,[],[]
2025-03-20,"ABBV,AEE,AEP,AIZ,AMGN,AMT,AON,APP,AWK,AZO,BAX,BKR,BLK,BRK.B,BRO,CBOE,CCI,CHD,CME,CMS,CNP,COR,CPB,CRL,CSGP,CVS,DD,DE,DGX,DLTR,DTE,DUK,DVN,ED,ELV,ES,EXC,EXPD,FCX,GL,GNRC,GPC,GRMN,HCA,HRL,HSIC,HWM,IBM,ICE,INSM,INTC,IQV,JCI,JNJ,KDP,KHC,KMB,KO,KR,KVUE,LHX,LIN,LNT,MCHP,MDLZ,MELI,MGM,MKC,MNST,MO,MU,NCLH,NEE,NKE,NRG,O,OMC,ORLY,OTIS,OXY,PANW,PDD,PFE,PFG,PLTR,PM,PNW,PPL,PSKY,ROL,RSG,RTX,SBAC,SJM,SLB,SNDK,SO,SOLV,STE,SYK,SYY,TAP,TMUS,TRI,TRMB,TSN,TTWO,UBER,UHS,VICI,VRSN,VRTX,VTR,VZ,WBD,WDAY,WEC,WELL,WM,WY,WYNN,YUM,^VIX","A,ACN,ADBE,ADSK,AKAM,ALB,ALGN,ALLE,ALNY,AMAT,AMD,AMZN,ANET,APA,APD,APO,ASML,AVGO,AVY,AXON,AXP,BDX,BG,BKNG,BLDR,BR,BX,BXP,CAG,CARR,CAT,CCL,CEG,CF,CHTR,CIEN,CLX,CMG,CMI,CNC,COIN,COO,CPRT,CRM,CRWD,CSCO,CVNA,D,DAL,DECK,DLR,DOC,DOW,DVA,EL,EME,EMR,EOG,EPAM,EQIX,EQT,ETN,F,FANG,FDS,FDX,FFIV,FIX,FRT,FSLR,GDDY,GE,GIS,GLW,GM,GOOG,GOOGL,GPN,GS,GWW,HAL,HD,HON,HPE,HUBB,IEX,IFF,INCY,IR,IRM,J,JBL,JPM,KEY,KKR,KLAC,LII,LOW,LRCX,LULU,LW,LYB,MAR,MDT,MLM,MOH,MRK,MRNA,MRVL,MS,MSCI,MSFT,MSI,MTCH,MTD,NI,NOW,NTAP,NUE,NVDA,NVR,NWSA,ODFL,OKE,ORCL,PAYC,PEG,PG,PH,PKG,PNC,PNR,POOL,PPG,PSA,PTC,PYPL,QQQ,RCL,RF,RMD,ROST,RVTY,SHOP,SNA,SNPS,SW,SYF,TDG,TECH,TER,TGT,TJX,TKO,TPL,TROW,TSCO,TSLA,TT,TTD,ULTA,URI,VLTO,VMC,VST,WAB,WAT,WMT,WSM,WST,XOM,XYZ,ZBRA,ZS,ZTS",123,175,[],[]
2025-03-21,"ABBV,AEE,AEP,AIZ,AMGN,AMT,AON,APP,AWK,AZO,BAX,BF.B,BKR,BLK,BMY,BRK.B,BRO,CB,CBOE,CCI,CHD,CL,CME,CMS,CNP,COR,CPB,CRL,CSGP,CVS,DD,DE,DG,DGX,DLTR,DTE,DUK,DVN,ED,ELV,ES,EXC,EXPD,FCX,GL,GNRC,GPC,GRMN,HCA,HRL,HSIC,HWM,IBM,ICE,INSM,INTC,IQV,JCI,JNJ,KDP,KHC,KMB,KO,KR,KVUE,LHX,LIN,LNT,MCHP,MDLZ,MELI,MGM,MKC,MNST,MO,MU,NCLH,NEE,NRG,O,OMC,ORLY,OTIS,OXY,PANW,PDD,PFE,PFG,PLTR,PM,PNW,PPL,PSKY,ROL,RSG,RTX,SBAC,SJM,SLB,SNDK,SO,SOLV,STE,SYK,SYY,TAP,TMUS,TRI,TRMB,TRV,TSN,TTWO,UBER,UHS,VICI,VRSN,VRTX,VTR,VZ,WBD,WDAY,WEC,WELL,WM,WRB,WY,WYNN,YUM,^VIX","A,ACN,ADBE,ADSK,AKAM,ALB,ALGN,ALLE,AMAT,AMD,AMZN,ANET,APA,APD,APO,ARES,ASML,AVGO,AVY,AXON,AXP,BDX,BG,BKNG,BLDR,BR,BX,BXP,C,CAG,CARR,CAT,CCL,CEG,CF,CHTR,CIEN,CLX,CMG,CMI,CNC,COIN,COO,CPRT,CRM,CRWD,CSCO,CVNA,D,DAL,DECK,DLR,DOC,DOW,DVA,EL,EME,EMR,EOG,EPAM,EQIX,EQT,ETN,F,FANG,FDS,FDX,FFIV,FIX,FRT,FSLR,GDDY,GE,GIS,GLW,GM,GOOG,GOOGL,GPN,GS,GWW,HAL,HD,HON,HPE,HUBB,IEX,IFF,INCY,IR,IRM,J,JBL,JPM,KEY,KKR,KLAC,LII,LOW,LRCX,LULU,LW,LYB,MAR,MDT,META,MLM,MOH,MRK,MRNA,MRVL,MS,MSCI,MSFT,MSI,MSTR,MTCH,MTD,NFLX,NI,NOW,NTAP,NUE,NVDA,NVR,NWSA,ODFL,OKE,ORCL,PAYC,PEG,PG,PH,PKG,PNC,PNR,POOL,PPG,PSA,PTC,PYPL,QCOM,QQQ,RCL,RF,RMD,ROST,RVTY,SHOP,SNA,SNPS,SW,SYF,TDG,TEAM,TECH,TER,TGT,TJX,TKO,TPL,TROW,TSCO,TSLA,TT,TTD,ULTA,URI,VLTO,VMC,VST,WAB,WAT,WDC,WMT,WSM,WST,XOM,XYZ,ZBRA,ZS,ZTS",129,182,[],[]
2025-03-24,"ABBV,AEE,AEP,AIZ,AMGN,AMT,AON,APP,ARE,AWK,AZO,BAX,BF.B,BKR,BLK,BMY,BRK.B,BRO,CB,CBOE,CCI,CHD,CI,CL,CME,CMS,CNP,COR,CPB,CRL,CSGP,CVS,DD,DE,DG,DGX,DLTR,DTE,DUK,DVN,ED,ELV,ES,EXC,EXPD,FCX,GL,GNRC,GPC,GRMN,HCA,HIG,HRL,HSIC,HWM,IBM,ICE,INSM,INTC,IQV,JCI,JNJ,KDP,KHC,KMB,KO,KR,KVUE,LHX,LIN,LNT,MCHP,MDLZ,MELI,MGM,MKC,MNST,MO,MU,NCLH,NEE,NRG,O,OMC,ORLY,OTIS,OXY,PANW,PDD,PFE,PFG,PLTR,PM,PNW,PPL,PSKY,ROL,RSG,RTX,SBAC,SJM,SLB,SNDK,SO,SOLV,STE,SYK,SYY,TAP,TMUS,TRI,TRMB,TRV,TSN,TTWO,UBER,UHS,VICI,VRSN,VRTX,VTR,VZ,WBD,WDAY,WEC,WELL,WM,WRB,WY,WYNN,YUM,^VIX","A,ACN,ADBE,ADSK,AKAM,ALB,ALGN,ALLE,AMAT,AMZN,ANET,APA,APD,APO,ARES,ASML,AVGO,AVY,AXON,AXP,BDX,BG,BKNG,BLDR,BR,BSX,BX,BXP,C,CAG,CARR,CAT,CCL,CEG,CF,CHTR,CIEN,CLX,CMG,CMI,CNC,COIN,COO,CRM,CRWD,CSCO,D,DAL,DECK,DLR,DOC,DOW,DVA,EL,EMR,EOG,EPAM,EQIX,EQT,ETN,F,FANG,FDS,FDX,FFIV,FRT,FSLR,GDDY,GE,GIS,GLW,GM,GOOG,GOOGL,GPN,GS,GWW,HAL,HBAN,HD,HON,HPE,HUBB,IBKR,IEX,IFF,INCY,IR,IRM,ISRG,J,JPM,KEY,KKR,KLAC,LII,LOW,LRCX,LULU,LW,LYB,MAR,MDT,META,MLM,MOH,MRK,MRNA,MRVL,MS,MSCI,MSFT,MSI,MSTR,MTB,MTCH,MTD,NFLX,NI,NOW,NTAP,NUE,NVDA,NVR,NWSA,ODFL,OKE,ORCL,PAYC,PEG,PG,PH,PKG,PNC,PNR,PODD,POOL,PPG,PSA,PTC,PYPL,QCOM,QQQ,RCL,RF,RMD,ROST,RVTY,SNA,SNPS,SPY,SRE,SW,SYF,TDG,TEAM,TECH,TER,TGT,TKO,TPL,TROW,TSCO,TTD,ULTA,URI,VLTO,VMC,VST,WAB,WAT,WDC,WFC,WMT,WSM,WST,XOM,XYZ,ZS,ZTS",132,180,[],[]
2025-03-25,"AEE,AEP,AIZ,AMGN,AMT,AON,APP,ARE,AWK,AZO,BAX,BF.B,BKR,BLK,BMY,BRK.B,BRO,CB,CBOE,CCI,CHD,CI,CL,CME,CMS,CNP,COR,CPB,CRL,CSGP,CVS,DD,DE,DG,DGX,DLTR,DTE,DVN,ED,ELV,EXPD,FCX,GL,GNRC,GPC,GRMN,HCA,HIG,HRL,HSIC,HWM,IBM,ICE,INSM,INTC,INTU,IQV,JCI,JNJ,KDP,KHC,KMB,KO,KR,KVUE,LHX,LIN,LNT,MCHP,MDLZ,MELI,MGM,MKC,MNST,MO,MU,NCLH,NEE,NRG,O,OMC,ORLY,OTIS,OXY,PANW,PDD,PFE,PFG,PLTR,PM,PNW,PPL,PSKY,ROL,RSG,RTX,SJM,SLB,SNDK,SO,SOLV,STE,SYK,SYY,TAP,TMUS,TRI,TRMB,TRV,TSN,TTWO,UBER,UHS,VICI,VRSN,VRTX,VTR,VZ,WBD,WDAY,WEC,WELL,WM,WRB,WY,WYNN,YUM,^VIX","A,ACN,ADBE,ADSK,AKAM,ALB,ALGN,ALLE,AMAT,AMZN,ANET,APA,APD,APO,ARES,ASML,AVGO,AVY,AXON,AXP,BDX,BG,BKNG,BLDR,BR,BSX,BX,BXP,C,CAG,CARR,CAT,CCL,CEG,CF,CHTR,CIEN,CLX,CMG,CMI,CNC,COIN,COO,CRM,CRWD,CSCO,D,DAL,DECK,DLR,DOC,DOW,DVA,EL,EMR,EOG,EPAM,EQIX,EQT,ETN,F,FANG,FDS,FDX,FFIV,FRT,FSLR,GDDY,GIS,GLW,GM,GOOG,GOOGL,GPN,GS,GWW,HAL,HBAN,HD,HON,HPE,HUBB,IBKR,IEX,IFF,INCY,IR,IRM,ISRG,J,KEY,KKR,KLAC,LII,LOW,LRCX,LULU,LW,LYB,MAR,MDT,META,MLM,MOH,MRK,MRNA,MRVL,MS,MSCI,MSFT,MSI,MSTR,MTCH,MTD,NFLX,NI,NOW,NTAP,NUE,NVDA,NVR,NWSA,ODFL,OKE,ORCL,PAYC,PEG,PG,PH,PKG,PNC,PNR,PODD,POOL,PPG,PSA,PTC,PYPL,QCOM,QQQ,RCL,RF,RMD,ROST,RVTY,SNA,SNPS,SPY,SRE,SW,SYF,TEAM,TECH,TER,TGT,TKO,TPL,TROW,TSCO,ULTA,URI,VLTO,VMC,VRSK,VST,WAB,WAT,WDC,WFC,WMT,WSM,WST,XOM,XYZ,ZS,ZTS",128,176,[],[]
2025-03-26,"AEE,AEP,AIZ,AMGN,AMT,AON,APP,ARE,AWK,AZO,BAX,BF.B,BKR,BLK,BMY,BRK.B,BRO,CB,CBOE,CCI,CHD,CI,CL,CME,CMS,CNP,COR,CPB,CSGP,CVS,DD,DE,DG,DGX,DLTR,DTE,DVN,ED,ELV,EXPD,FCX,GL,GNRC,GPC,GRMN,HCA,HIG,HRL,HSIC,HWM,IBM,ICE,INSM,INTC,INTU,INVH,IQV,JCI,JNJ,KDP,KHC,KMB,KO,KR,KVUE,LHX,LIN,LNT,MCHP,MDLZ,MELI,MGM,MKC,MNST,MO,MU,NCLH,NEE,NRG,O,OMC,ORLY,OTIS,OXY,PANW,PDD,PFG,PLTR,PM,PNW,PPL,PSKY,ROL,RSG,RTX,SJM,SLB,SNDK,SO,SOLV,STE,SYK,SYY,TAP,TMUS,TRI,TRMB,TRV,TSN,TTWO,UBER,UHS,VICI,VRSN,VRTX,VTR,VZ,WBD,WDAY,WEC,WELL,WM,WRB,WY,WYNN,YUM,^VIX","A,ACN,ADBE,ADSK,AKAM,ALB,ALGN,ALLE,AMAT,AMZN,ANET,APA,APD,APO,ARES,ASML,AVGO,AVY,AXON,AXP,BDX,BG,BKNG,BLDR,BR,BSX,BX,BXP,C,CAG,CARR,CAT,CCL,CEG,CF,CHTR,CIEN,CLX,CMG,CMI,CNC,COIN,COO,CRM,CRWD,CSCO,D,DAL,DECK,DLR,DOC,DOW,DVA,EBAY,EL,EMR,EOG,EPAM,EQIX,EQT,ETN,F,FANG,FDS,FDX,FE,FFIV,FRT,FSLR,GDDY,GIS,GLW,GM,GOOG,GOOGL,GPN,GS,GWW,HAL,HBAN,HD,HON,HPE,HPQ,HUBB,IBKR,IDXX,IEX,IFF,INCY,IR,IRM,ISRG,J,KEY,KKR,KLAC,LII,LOW,LRCX,LULU,LW,LYB,MAR,MDT,META,MLM,MOH,MPWR,MRK,MRNA,MRVL,MS,MSCI,MSFT,MSI,MSTR,MTCH,MTD,NFLX,NI,NOW,NTAP,NUE,NVDA,NVR,NWSA,NXPI,ODFL,OKE,ON,ORCL,PAYC,PEG,PG,PH,PKG,PNC,PNR,PODD,POOL,PPG,PSA,PTC,PYPL,QCOM,QQQ,RCL,RF,RMD,ROST,RVTY,SNA,SNPS,SPY,SRE,SW,SYF,TEAM,TECH,TER,TGT,TKO,TPL,TROW,TSCO,ULTA,URI,VLTO,VMC,VRSK,VST,VTRS,WAB,WAT,WDC,WFC,WMT,WSM,WST,XOM,XYZ,ZS,ZTS",127,184,[],[]
2025-03-27,"AEE,AEP,AES,AIG,AIZ,ALL,AMGN,AMT,AON,ARE,AWK,AZO,BALL,BAX,BF.B,BKR,BLK,BMY,BRK.B,BRO,CB,CBOE,CCI,CHD,CI,CL,CME,CMS,CNP,COR,CPB,CSGP,CVS,DD,DE,DG,DGX,DLTR,DTE,DVN,ED,EG,EIX,ELV,ERIE,EXPD,FCX,GL,GNRC,GPC,GRMN,HCA,HIG,HRL,HSIC,HWM,IBM,ICE,INSM,INTC,INTU,INVH,IQV,JCI,JNJ,KDP,KHC,KMB,KO,KR,KVUE,LHX,LIN,LNT,MCHP,MCK,MDLZ,MELI,MGM,MKC,MMM,MNST,MO,MU,NCLH,NEE,NRG,O,OMC,ORLY,OTIS,OXY,PDD,PFG,PLTR,PM,PNW,PPL,PSKY,ROL,RSG,RTX,SJM,SLB,SNDK,SO,SOLV,STE,SYK,SYY,TAP,TDY,TMUS,TRI,TRMB,TRV,TSN,TTWO,UBER,UHS,VICI,VRSN,VRTX,VTR,VZ,WBD,WDAY,WEC,WELL,WM,WRB,WY,WYNN,YUM,^VIX","A,ACN,ADBE,ADSK,AKAM,ALB,ALGN,ALLE,AMAT,AMZN,ANET,APA,APD,APO,ARES,ASML,AVGO,AVY,AXON,AXP,BDX,BKNG,BLDR,BR,BSX,BX,BXP,C,CAG,CARR,CAT,CCL,CEG,CF,CHTR,CIEN,CLX,CMG,CMI,CNC,COIN,COO,CRM,CRWD,CSCO,D,DAL,DECK,DELL,DLR,DOC,DOW,DVA,EBAY,EL,EMR,EOG,EPAM,EQIX,EQT,ETN,F,FANG,FDS,FDX,FE,FFIV,FRT,FSLR,GDDY,GIS,GLW,GM,GOOG,GOOGL,GPN,GS,GWW,HAL,HBAN,HD,HON,HPE,HPQ,HUBB,IBKR,IDXX,IEX,IFF,INCY,IR,IRM,ISRG,J,KEY,KKR,KLAC,LII,LOW,LRCX,LULU,LW,LYB,MAR,MDT,META,MLM,MOH,MPWR,MRK,MRNA,MRVL,MS,MSCI,MSFT,MSI,MSTR,MTCH,MTD,NFLX,NI,NOW,NTAP,NUE,NVDA,NVR,NWSA,NXPI,ODFL,OKE,ON,ORCL,PAYC,PEG,PG,PH,PKG,PNC,PNR,PODD,POOL,PPG,PSA,PTC,PYPL,QCOM,QQQ,RCL,RF,RMD,ROST,RVTY,SNA,SNPS,SPY,SRE,SW,SYF,TEAM,TECH,TER,TGT,TKO,TPL,TROW,TSCO,ULTA,URI,VLTO,VMC,VST,VTRS,WAB,WAT,WDC,WFC,WMT,WSM,WST,XOM,XYZ,ZS,ZTS",135,183,[],[]
2025-03-28,"AEE,AEP,AES,AIG,AIZ,ALL,AMGN,AMT,AON,ARE,AWK,AZO,BALL,BAX,BF.B,BKR,BLK,BMY,BRK.B,BRO,CB,CBOE,CCI,CHD,CI,CL,CME,CMS,CNP,COR,CPB,CSGP,CVS,DD,DE,DG,DGX,DLTR,DTE,DVN,ED,EG,EIX,ELV,ERIE,EXPD,GL,GPC,GRMN,HCA,HIG,HRL,HSIC,HWM,IBM,ICE,INSM,INTC,INTU,INVH,IQV,JKHY,JNJ,KDP,KHC,KMB,KO,KR,KVUE,LHX,LIN,LNT,MCHP,MCK,MDLZ,MELI,MKC,MNST,MO,MU,NCLH,NEE,NRG,O,OMC,ORLY,OTIS,OXY,PDD,PFG,PLTR,PM,PNW,PPL,PSKY,ROL,RSG,RTX,SJM,SLB,SNDK,SO,SOLV,STE,SYK,SYY,TAP,TDY,TMUS,TRI,TRV,TSN,TTWO,UBER,UHS,VICI,VRSN,VRTX,VTR,VZ,WBD,WDAY,WEC,WELL,WM,WRB,WY,WYNN,YUM,^VIX","A,ACN,ADBE,ADSK,AKAM,ALB,ALGN,ALLE,AMAT,AMZN,ANET,APA,APD,APO,APTV,ARES,ARM,ASML,AVGO,AVY,AXON,AXP,BDX,BKNG,BLDR,BR,BSX,BX,BXP,C,CAG,CARR,CAT,CCL,CDW,CEG,CF,CHTR,CIEN,CLX,CMG,CMI,CNC,COIN,COO,COP,CRM,CRWD,CSCO,CTVA,D,DAL,DECK,DELL,DLR,DOC,DOW,DVA,EBAY,EL,EMR,EOG,EPAM,EQIX,EQT,ETN,F,FANG,FDS,FDX,FE,FFIV,FRT,FSLR,GDDY,GIS,GLW,GM,GOOG,GOOGL,GPN,GS,GWW,HAL,HBAN,HD,HON,HPE,HPQ,HUBB,IBKR,IDXX,IEX,IFF,INCY,IR,IRM,ISRG,IVZ,J,KEY,KKR,KLAC,LII,LOW,LRCX,LULU,LW,LYB,MAR,MDT,META,MLM,MOH,MPWR,MRK,MRNA,MRVL,MS,MSCI,MSFT,MSI,MSTR,MTCH,MTD,NFLX,NI,NOW,NTAP,NUE,NVDA,NVR,NWSA,NXPI,ODFL,OKE,ON,ORCL,PAYC,PEG,PG,PH,PKG,PNC,PNR,PODD,POOL,PPG,PSA,PTC,PYPL,QCOM,QQQ,RCL,RF,RMD,ROST,RVTY,SMCI,SNA,SNPS,SPY,SRE,SW,SYF,TEAM,TECH,TER,TGT,TKO,TPL,TROW,TSCO,ULTA,URI,VLTO,VMC,VST,VTRS,WAB,WAT,WDC,WFC,WMT,WSM,WST,XOM,XYZ,ZS,ZTS",130,190,[],[]
2025-03-31,"AEE,AEP,AES,AIG,AIZ,ALL,AMGN,AMT,AON,ARE,AWK,AZO,BALL,BAX,BF.B,BKR,BLK,BMY,BRK.B,BRO,CB,CBOE,CCI,CHD,CI,CL,CME,CMS,CNP,COR,CPB,CSGP,CVS,DD,DE,DG,DGX,DLTR,DTE,DVN,ED,EG,EIX,ELV,ERIE,EXPD,GL,GPC,GRMN,HCA,HIG,HRL,HSIC,HWM,IBM,INSM,INTC,INTU,INVH,IQV,JKHY,JNJ,KDP,KHC,KMB,KO,KR,KVUE,LHX,LIN,LNT,MCHP,MCK,MDLZ,MKC,MNST,MO,MU,NCLH,NEE,NRG,O,OMC,ORLY,OTIS,OXY,PDD,PFG,PLTR,PM,PNW,PPL,PSKY,ROL,RSG,RTX,SJM,SLB,SNDK,SO,SOLV,STE,SYK,SYY,TAP,TDY,TMUS,TRI,TRV,TSN,TTWO,UBER,UHS,VICI,VRSN,VRTX,VTR,VZ,WBD,WEC,WELL,WM,WRB,WY,WYNN,YUM,^VIX","A,ACN,ADBE,ADSK,AKAM,ALB,ALGN,ALLE,AMAT,AMP,AMZN,ANET,APA,APD,APO,APTV,ARES,ARM,ASML,AVGO,AVY,AXON,AXP,BAC,BBY,BDX,BKNG,BLDR,BR,BSX,BX,BXP,C,CAG,CARR,CAT,CCL,CDW,CEG,CF,CHTR,CIEN,CLX,CMG,CMI,CNC,COF,COIN,COO,COP,CPAY,CRH,CRM,CRWD,CSCO,CTVA,D,DAL,DECK,DELL,DLR,DOC,DOV,DOW,DVA,DXCM,EBAY,EL,EMR,EOG,EPAM,EQIX,EQT,ETN,F,FANG,FDS,FDX,FE,FFIV,FISV,FITB,FRT,FSLR,FTV,GDDY,GIS,GLW,GM,GOOG,GOOGL,GPN,GS,GWW,HAL,HBAN,HD,HON,HPE,HPQ,HUBB,IBKR,IDXX,IEX,IFF,INCY,IR,IRM,ISRG,IVZ,J,KEY,KKR,KLAC,LII,LOW,LRCX,LULU,LW,LYB,MAR,MDT,MET,META,MLM,MOH,MPWR,MRK,MRNA,MRVL,MS,MSCI,MSFT,MSI,MSTR,MTCH,MTD,NDAQ,NFLX,NI,NOW,NTAP,NTRS,NUE,NVDA,NVR,NWSA,NXPI,ODFL,OKE,ON,ORCL,PAYC,PEG,PG,PH,PKG,PNC,PNR,PODD,POOL,PPG,PRU,PSA,PTC,PYPL,QCOM,QQQ,RCL,RF,RJF,RL,RMD,ROST,RVTY,SCHW,SMCI,SNA,SNPS,SPY,SRE,STLD,STT,STX,SW,SYF,T,TEAM,TECH,TER,TFC,TGT,TKO,TPL,TPR,TROW,TSCO,TXT,UAL,ULTA,URI,USB,VLTO,VMC,VST,VTRS,WAB,WAT,WDC,WFC,WMT,WSM,WST,XOM,XYZ,ZS,ZTS",127,217,[],[]
2025-04-01,"AEE,AEP,AES,AIG,AIZ,ALL,AMGN,AMT,AON,ARE,AWK,AZO,BALL,BAX,BF.B,BKR,BLK,BMY,BRK.B,BRO,CB,CBOE,CCI,CHD,CI,CL,CME,CMS,CNP,COR,CPB,CSGP,CVS,DD,DE,DG,DGX,DLTR,DTE,DVN,ED,EG,EIX,ELV,ERIE,EXPD,FER,GD,GL,GPC,GRMN,HCA,HIG,HII,HRL,HSIC,HWM,IBM,INTC,INTU,INVH,IQV,JKHY,KDP,KHC,KMB,KO,KR,KVUE,LHX,LIN,LNT,MCHP,MCK,MDLZ,MKC,MNST,MO,MU,NCLH,NEE,NRG,O,OMC,ORLY,OTIS,OXY,PDD,PFG,PLTR,PM,PNW,PPL,PSKY,ROL,RSG,RTX,SJM,SLB,SNDK,SO,SOLV,STE,SYK,SYY,TAP,TDY,TMUS,TRI,TRV,TSN,TTWO,UBER,UHS,VICI,VRSN,VRTX,VTR,VZ,WBD,WEC,WELL,WM,WRB,WY,WYNN,YUM,^VIX","A,ACN,ADBE,ADSK,AKAM,ALB,ALGN,ALLE,AMAT,AMP,AMZN,ANET,APA,APD,APO,APTV,ARES,ARM,ASML,AVGO,AVY,AXON,AXP,BAC,BBY,BDX,BKNG,BLDR,BSX,BX,BXP,C,CAG,CARR,CAT,CCL,CDW,CEG,CF,CHTR,CIEN,CLX,CMI,CNC,COF,COIN,COO,COP,CPAY,CRH,CRM,CRWD,CSCO,CTVA,D,DAL,DECK,DELL,DLR,DOC,DOV,DOW,DVA,DXCM,EBAY,EL,EMR,EOG,EPAM,EQIX,EQT,ETN,F,FANG,FDS,FDX,FE,FFIV,FISV,FITB,FRT,FSLR,FTV,GDDY,GIS,GLW,GM,GOOG,GOOGL,GPN,GS,GWW,HAL,HBAN,HD,HON,HPE,HPQ,HUBB,IBKR,IDXX,IEX,IFF,INCY,IR,IRM,ISRG,IVZ,J,KEY,KKR,KLAC,LII,LOW,LRCX,LULU,LW,LYB,MAR,MDT,MET,META,MLM,MOH,MPWR,MRK,MRNA,MRVL,MS,MSCI,MSFT,MSI,MSTR,MTCH,MTD,NDAQ,NFLX,NI,NOW,NTAP,NTRS,NUE,NVDA,NVR,NWSA,NXPI,ODFL,OKE,ON,ORCL,PAYC,PEG,PG,PH,PKG,PNC,PNR,PODD,POOL,PPG,PRU,PSA,PSX,PTC,PYPL,QCOM,QQQ,RCL,RF,RJF,RL,RMD,ROST,RVTY,SCHW,SMCI,SNA,SNPS,SPY,SRE,STLD,STT,STX,SW,SYF,T,TEAM,TECH,TER,TFC,TGT,TKO,TPL,TPR,TROW,TSCO,TXT,UAL,ULTA,URI,USB,VLO,VLTO,VMC,VST,VTRS,WAB,WAT,WDC,WFC,WMT,WSM,WST,XEL,XOM,XYZ,ZS,ZTS",128,218,[],[]
2025-04-02,"AEE,AEP,AES,AIG,AIZ,ALL,AMGN,AMT,AON,ARE,AWK,AZO,BALL,BAX,BF.B,BKR,BLK,BMY,BRK.B,BRO,CB,CBOE,CCI,CHD,CI,CL,CME,CMS,CNP,COR,CPB,CSGP,CVS,DD,DE,DG,DGX,DLTR,DTE,DVN,EA,ED,EG,EIX,ELV,ERIE,EXPD,FER,GD,GL,GPC,GRMN,HCA,HIG,HII,HRL,HSIC,HWM,IBM,INTC,INTU,INVH,IQV,JKHY,KDP,KHC,KMB,KO,KR,KVUE,LHX,LIN,LNT,MCHP,MCK,MDLZ,MKC,MNST,MO,MU,NCLH,NEE,NRG,O,OMC,ORLY,OTIS,OXY,PDD,PFG,PLTR,PM,PNW,PPL,PSKY,ROL,RSG,RTX,SJM,SLB,SNDK,SO,SOLV,STE,SYK,SYY,TAP,TDY,TMUS,TRI,TRV,TSN,TTWO,UBER,UHS,VICI,VRSN,VRTX,VTR,VZ,WBD,WEC,WELL,WM,WRB,WY,WYNN,YUM,^VIX","A,ACN,ADBE,ADSK,AKAM,ALB,ALGN,ALLE,AMAT,AMP,AMZN,ANET,APA,APD,APO,APTV,ARES,ARM,ASML,AVGO,AVY,AXON,AXP,BAC,BBY,BDX,BKNG,BLDR,BSX,BX,BXP,C,CAG,CARR,CAT,CCL,CDW,CEG,CF,CHTR,CIEN,CLX,CMI,CNC,COF,COIN,COO,COP,CPAY,CRH,CRM,CRWD,CSCO,CTVA,D,DAL,DASH,DECK,DELL,DIS,DLR,DOC,DOV,DOW,DVA,DXCM,EBAY,EL,EMR,EOG,EPAM,EQIX,EQT,ETN,ETR,EVRG,F,FANG,FDS,FDX,FE,FFIV,FISV,FITB,FRT,FSLR,FTNT,FTV,GDDY,GIS,GLW,GM,GOOG,GOOGL,GPN,GS,HAL,HBAN,HD,HON,HPE,HPQ,HUBB,IBKR,IDXX,IEX,IFF,INCY,IR,IRM,ISRG,IVZ,J,KEY,KKR,KLAC,LII,LOW,LRCX,LULU,LW,LYB,MAR,MDT,MET,META,MLM,MOH,MPWR,MRK,MRNA,MRVL,MS,MSCI,MSFT,MSI,MSTR,MTCH,MTD,NFLX,NI,NOW,NTAP,NTRS,NUE,NVDA,NVR,NWSA,NXPI,ODFL,OKE,ON,ORCL,PAYC,PEG,PG,PH,PKG,PNC,PNR,PODD,POOL,PPG,PRU,PSA,PSX,PTC,PYPL,QCOM,QQQ,RCL,RF,RJF,RMD,ROST,RVTY,SBUX,SCHW,SMCI,SNA,SNPS,SPG,SPY,STLD,STT,STX,SYF,T,TEAM,TECH,TER,TFC,TGT,TKO,TPL,TPR,TROW,TSCO,TXT,UAL,ULTA,URI,USB,VLO,VLTO,VMC,VST,VTRS,WAB,WAT,WDC,WFC,WMT,WSM,WST,XEL,XOM,XYZ,ZS,ZTS",129,220,[],[]
2025-04-03,"ADM,AEE,AEP,AES,AIG,AIZ,ALL,AMGN,AMT,AON,AWK,AZO,BF.B,BMY,BRK.B,BRO,CB,CBOE,CCI,CHD,CI,CL,CMCSA,CME,CMS,CNP,COR,CPB,CVS,DG,DGX,DLTR,DTE,EA,ED,EG,EIX,ELV,ERIE,FER,GD,GEN,GPC,HCA,HIG,HII,HOLX,HRL,IBM,INTC,INTU,INVH,IQV,JKHY,KDP,KHC,KMB,KO,KR,KVUE,LDOS,LHX,LIN,LNT,MCK,MDLZ,MKC,MNST,MO,NEE,NRG,O,ORLY,OTIS,PDD,PLTR,PM,PNW,PPL,PSKY,ROL,RSG,RTX,SJM,SO,STE,STZ,SYK,SYY,TAP,TMUS,TRI,TRV,TSN,TTWO,UHS,VICI,VRSN,VRTX,VTR,VZ,WEC,WELL,WM,WRB,YUM,ZBH,^VIX","A,ACN,ADBE,ADSK,AJG,AKAM,ALB,ALGN,ALLE,AMAT,AMP,AMZN,ANET,APA,APD,APO,APTV,ARES,ARM,ASML,AVGO,AVY,AXON,AXP,BAC,BBY,BDX,BKNG,BLDR,BSX,BX,BXP,C,CAG,CARR,CAT,CBRE,CCL,CDW,CEG,CF,CHTR,CIEN,CLX,CMI,COF,COIN,COO,COP,COST,CPAY,CRH,CRM,CRWD,CSCO,CTVA,D,DAL,DASH,DECK,DELL,DIS,DLR,DOC,DOV,DOW,DVA,DXCM,EBAY,EL,EMR,EOG,EPAM,EQIX,EQT,ETN,ETR,EVRG,F,FANG,FDS,FDX,FE,FFIV,FISV,FITB,FRT,FTNT,FTV,GDDY,GIS,GLW,GM,GOOG,GOOGL,GPN,GS,HAL,HBAN,HD,HLT,HON,HPE,HPQ,HUBB,IBKR,IDXX,IEX,IFF,INCY,IR,IRM,ISRG,IVZ,J,KEY,KKR,KLAC,LII,LLY,LOW,LRCX,LULU,LYB,MAR,MDT,MET,META,MLM,MPWR,MRK,MRNA,MRVL,MS,MSCI,MSFT,MSI,MSTR,MTCH,MTD,NFLX,NI,NOW,NTAP,NTRS,NUE,NVDA,NVR,NWSA,NXPI,ODFL,OKE,ON,ORCL,PAYC,PEG,PG,PH,PKG,PNC,PNR,PODD,POOL,PPG,PRU,PSA,PSX,PTC,PYPL,QCOM,QQQ,RCL,RF,RJF,RMD,ROST,RVTY,SBUX,SCHW,SMCI,SNA,SNPS,SPG,SPGI,SPY,STLD,STT,STX,SYF,T,TEAM,TECH,TER,TFC,TGT,TKO,TPL,TPR,TROW,TSCO,TXT,TYL,UAL,ULTA,URI,USB,VLO,VLTO,VMC,VST,VTRS,WAB,WAT,WDC,WFC,WMT,WSM,WST,XOM,XYZ,ZS,ZTS",108,222,[],[]
2025-04-04,"AMT,AWK,AZO,BF.B,CCI,CHD,CI,CL,CNP,COR,CPB,DG,DGX,DLTR,ED,ELV,GPC,HOLX,HRL,INTC,KDP,KHC,KO,KR,LDOS,MCK,MDLZ,MO,ORLY,SJM,TAP,VRTX,WRB,^VIX","A,ACN,ADBE,ADSK,AJG,AKAM,ALB,ALGN,ALLE,AMAT,AMP,AMZN,ANET,APA,APD,APO,APTV,ARES,ARM,ASML,AVGO,AVY,AXON,AXP,BAC,BBY,BDX,BKNG,BLDR,BSX,BX,BXP,C,CAG,CARR,CAT,CBRE,CCL,CDW,CEG,CF,CFG,CHTR,CIEN,CLX,CMI,COF,COIN,COO,COP,COST,CPAY,CRH,CRM,CRWD,CSCO,CTVA,D,DAL,DASH,DDOG,DECK,DELL,DIS,DLR,DOC,DOV,DOW,DPZ,DVA,DXCM,EBAY,EL,EMR,EOG,EPAM,EQIX,EQT,ETN,ETR,EVRG,EW,F,FANG,FDS,FDX,FE,FFIV,FICO,FISV,FITB,FRT,FTNT,FTV,GDDY,GIS,GLW,GM,GOOG,GOOGL,GPN,GS,HAL,HBAN,HD,HLT,HON,HOOD,HPE,HPQ,HUBB,IBKR,IDXX,IEX,IFF,INCY,IR,IRM,ISRG,IVZ,J,KEY,KKR,KLAC,LH,LII,LLY,LOW,LRCX,LULU,LUV,LYB,LYV,MAR,MDT,MET,META,MLM,MPWR,MRK,MRNA,MRVL,MS,MSCI,MSFT,MSI,MSTR,MTCH,MTD,NFLX,NI,NOW,NTAP,NTRS,NUE,NVDA,NVR,NWSA,NXPI,ODFL,OKE,ON,ORCL,PAYC,PEG,PG,PH,PKG,PNC,PNR,PODD,POOL,PPG,PRU,PSA,PSX,PTC,PYPL,QCOM,QQQ,RCL,RF,RJF,RMD,ROST,RVTY,SBUX,SCHW,SMCI,SNA,SNPS,SPG,SPGI,SPY,STLD,STT,STX,SYF,T,TEAM,TECH,TER,TFC,TGT,TKO,TPL,TPR,TROW,TSCO,TXT,TYL,UAL,ULTA,URI,USB,VLO,VLTO,VMC,VST,VTRS,WAB,WAT,WDC,WFC,WMT,WSM,WST,XOM,XYZ,ZS,ZTS",34,231,[],[]
2025-04-07,"AMT,AWK,BF.B,CCI,CI,CL,CNP,COR,CPB,DG,DGX,DLTR,ED,ELV,HOLX,HRL,INTC,KDP,KO,KR,LDOS,MCK,MDLZ,MO,TAP,VRTX,WRB,^VIX","A,ABNB,ABT,ACN,ADBE,ADP,ADSK,AJG,AKAM,ALB,ALGN,ALLE,AMAT,AMP,AMZN,ANET,APA,APD,APO,APTV,ARES,ARM,ASML,AVB,AVGO,AVY,AXON,AXP,BAC,BBY,BDX,BK,BKNG,BLDR,BSX,BX,BXP,C,CAG,CARR,CAT,CBRE,CCL,CDW,CEG,CF,CFG,CHTR,CIEN,CLX,CMI,COF,COIN,COO,COP,COST,CPAY,CRH,CRM,CRWD,CSCO,CSX,CTVA,D,DAL,DASH,DDOG,DECK,DELL,DIS,DLR,DOC,DOV,DOW,DPZ,DVA,DXCM,EBAY,ECL,EL,EMR,EOG,EPAM,EQIX,EQR,EQT,ETN,ETR,EVRG,EW,EXPE,F,FANG,FDS,FDX,FE,FFIV,FICO,FISV,FITB,FRT,FTNT,FTV,GDDY,GIS,GLW,GM,GOOG,GOOGL,GPN,GS,HAL,HBAN,HD,HLT,HON,HOOD,HPE,HPQ,HST,HUBB,IBKR,IDXX,IEX,IFF,INCY,IR,IRM,ISRG,ITW,IVZ,J,KEY,KIM,KKR,KLAC,LH,LII,LLY,LOW,LRCX,LULU,LUV,LYB,LYV,MAR,MAS,MDT,MET,META,MLM,MPWR,MRK,MRNA,MRVL,MS,MSCI,MSFT,MSI,MSTR,MTCH,MTD,NFLX,NI,NOW,NTAP,NTRS,NUE,NVDA,NVR,NWSA,NXPI,ODFL,OKE,ON,ORCL,PAYC,PAYX,PEG,PG,PH,PKG,PNC,PNR,PODD,POOL,PPG,PRU,PSA,PSX,PTC,PYPL,QCOM,QQQ,RCL,RF,RJF,RMD,ROST,RVTY,SBUX,SCHW,SMCI,SNA,SNPS,SPG,SPGI,SPY,STLD,STT,STX,SYF,T,TEAM,TECH,TER,TFC,TGT,TKO,TMO,TPL,TPR,TROW,TSCO,TXN,TXT,TYL,UAL,ULTA,UNP,UPS,URI,USB,V,VLO,VLTO,VMC,VST,VTRS,WAB,WAT,WDC,WFC,WMT,WSM,WST,XOM,XYL,XYZ,ZS,ZTS",28,251,[],[]
2025-04-08,"AWK,BF.B,CCI,CI,CL,CNP,COR,DG,DGX,DLTR,ED,ELV,HOLX,INTC,KDP,KO,KR,LDOS,MCK,MDLZ,MO,VRTX,WRB,^VIX","A,ABNB,ABT,ACN,ADBE,ADI,ADP,ADSK,AFL,AJG,AKAM,ALB,ALGN,ALLE,AMAT,AMP,AMZN,ANET,APA,APD,APO,APTV,ARES,ARM,ASML,AVB,AVGO,AVY,AXON,AXP,BAC,BBY,BDX,BK,BKNG,BLDR,BSX,BX,BXP,C,CAG,CARR,CAT,CBRE,CCL,CDW,CEG,CF,CFG,CHTR,CIEN,CLX,CMI,COF,COIN,COO,COP,COST,CPAY,CPT,CRH,CRM,CRWD,CSCO,CSX,CTSH,CTVA,D,DAL,DASH,DDOG,DECK,DELL,DIS,DLR,DOC,DOV,DOW,DPZ,DVA,DXCM,EBAY,ECL,EL,EMR,EOG,EPAM,EQIX,EQR,EQT,ETN,ETR,EVRG,EW,EXPE,F,FANG,FDS,FDX,FE,FFIV,FICO,FISV,FITB,FRT,FTNT,FTV,GDDY,GIS,GLW,GM,GOOG,GOOGL,GPN,GS,HAL,HBAN,HD,HLT,HON,HOOD,HPE,HPQ,HST,HSY,HUBB,IBKR,IDXX,IEX,IFF,INCY,IR,IRM,ISRG,IT,ITW,IVZ,J,KEY,KIM,KKR,KLAC,LEN,LH,LII,LLY,LOW,LRCX,LULU,LUV,LVS,LYB,LYV,MAA,MAR,MAS,MCD,MDT,MET,META,MLM,MPWR,MRK,MRNA,MRVL,MS,MSCI,MSFT,MSI,MSTR,MTCH,MTD,NFLX,NI,NOW,NSC,NTAP,NTRS,NUE,NVDA,NVR,NWSA,NXPI,ODFL,OKE,ON,ORCL,PAYC,PAYX,PEG,PEP,PG,PH,PKG,PNC,PNR,PODD,POOL,PPG,PRU,PSA,PSX,PTC,PYPL,QCOM,QQQ,RCL,RF,RJF,RMD,ROST,RVTY,SBUX,SCHW,SMCI,SNA,SNPS,SPG,SPGI,SPY,STLD,STT,STX,SYF,T,TEAM,TECH,TER,TFC,TGT,TKO,TMO,TPL,TPR,TROW,TSCO,TXN,TXT,TYL,UAL,UDR,ULTA,UNP,UPS,URI,USB,V,VLO,VLTO,VMC,VST,VTRS,WAB,WAT,WDC,WFC,WMT,WSM,WST,WTW,XOM,XYL,XYZ,ZS,ZTS",24,265,[],[]
2025-04-09,"AWK,BF.B,CCI,CI,CL,CNP,COR,DG,DGX,DLTR,ED,ELV,HOLX,INTC,KDP,KO,KR,LDOS,MCK,MDLZ,MO,VRTX,WRB,^VIX","A,AAPL,ABNB,ABT,ACN,ADBE,ADI,ADP,ADSK,AFL,AJG,AKAM,ALB,ALGN,ALLE,AMAT,AMCR,AME,AMP,AMZN,ANET,APA,APD,APO,APTV,ARES,ARM,ASML,AVB,AVY,AXON,AXP,BAC,BBY,BDX,BEN,BK,BKNG,BLDR,BSX,BX,BXP,C,CAG,CARR,CAT,CBRE,CCL,CDW,CEG,CF,CFG,CHTR,CIEN,CLX,CMI,COF,COIN,COO,COP,COST,CPAY,CPT,CRH,CRM,CRWD,CSCO,CSX,CTSH,CTVA,D,DASH,DDOG,DECK,DELL,DHI,DIS,DLR,DOC,DOV,DOW,DPZ,DVA,DXCM,EBAY,ECL,EL,EMR,EOG,EPAM,EQIX,EQR,EQT,ESS,ETN,ETR,EVRG,EW,EXPE,EXR,F,FANG,FAST,FDS,FDX,FE,FFIV,FICO,FISV,FITB,FRT,FTV,GDDY,GEHC,GIS,GLW,GM,GOOG,GOOGL,GPN,GS,HAL,HAS,HBAN,HD,HLT,HON,HOOD,HPE,HPQ,HST,HSY,HUBB,IBKR,IDXX,IEX,IFF,INCY,IR,IRM,ISRG,IT,ITW,IVZ,J,JBHT,KEY,KIM,KKR,KLAC,LEN,LH,LII,LLY,LOW,LRCX,LULU,LUV,LVS,LYB,LYV,MAA,MAR,MAS,MCD,MDT,MET,META,MLM,MPWR,MRK,MRNA,MRVL,MS,MSCI,MSFT,MSI,MSTR,MTCH,MTD,NDSN,NFLX,NI,NOW,NSC,NTAP,NTRS,NUE,NVDA,NVR,NWS,NWSA,NXPI,ODFL,OKE,ON,ORCL,PAYC,PAYX,PCAR,PEG,PEP,PG,PH,PHM,PKG,PLD,PNC,PNR,PODD,POOL,PPG,PRU,PSA,PSX,PTC,PYPL,QCOM,QQQ,RCL,REG,RF,RJF,RMD,ROST,RVTY,SBUX,SCHW,SHW,SMCI,SNA,SNPS,SPG,SPGI,SPY,STLD,STT,STX,SWK,SYF,T,TEAM,TECH,TEL,TER,TFC,TGT,TKO,TMO,TPL,TPR,TROW,TSCO,TXN,TXT,TYL,UAL,UDR,ULTA,UNP,UPS,URI,USB,V,VLO,VLTO,VMC,VST,VTRS,WAB,WAT,WDC,WFC,WMT,WSM,WST,WTW,XOM,XYL,XYZ,ZS,ZTS",24,282,[],[]
2025-04-10,"AWK,BF.B,CCI,CI,CL,CNP,COR,DG,DGX,DLTR,ED,ELV,HOLX,INTC,KDP,KO,KR,LDOS,MCK,MDLZ,MO,VRTX,WRB,^VIX","A,AAPL,ABNB,ABT,ACN,ADBE,ADI,ADP,ADSK,AFL,AJG,AKAM,ALB,ALGN,ALLE,AMAT,AMCR,AME,AMP,AMZN,ANET,APA,APD,APO,APTV,ARES,ARM,ASML,AVB,AVY,AXON,AXP,BAC,BBY,BDX,BEN,BK,BKNG,BLDR,BSX,BX,BXP,C,CAG,CARR,CAT,CBRE,CCL,CDW,CEG,CF,CFG,CHTR,CIEN,CLX,CMI,COF,COIN,COO,COP,COST,CPAY,CPT,CRH,CRM,CRWD,CSCO,CSX,CTSH,CTVA,D,DASH,DDOG,DECK,DELL,DHI,DIS,DLR,DOC,DOV,DOW,DPZ,DVA,DXCM,EBAY,ECL,EL,EMR,EOG,EPAM,EQIX,EQR,EQT,ESS,ETN,ETR,EVRG,EW,EXPE,EXR,F,FANG,FAST,FDS,FDX,FE,FFIV,FICO,FISV,FITB,FRT,FTV,GDDY,GEHC,GIS,GLW,GM,GOOG,GOOGL,GPN,GS,HAL,HAS,HBAN,HD,HLT,HON,HOOD,HPE,HPQ,HST,HSY,HUBB,IBKR,IDXX,IEX,IFF,INCY,IR,IRM,ISRG,IT,ITW,IVZ,J,JBHT,KEY,KIM,KKR,KLAC,LEN,LH,LII,LLY,LOW,LRCX,LULU,LUV,LVS,LYB,LYV,MAA,MAR,MAS,MCD,MDT,MET,META,MLM,MPWR,MRK,MRNA,MRVL,MS,MSCI,MSFT,MSI,MSTR,MTCH,MTD,NDSN,NFLX,NI,NOW,NSC,NTAP,NTRS,NUE,NVDA,NVR,NWS,NWSA,NXPI,ODFL,OKE,ON,ORCL,PAYC,PAYX,PCAR,PEG,PEP,PG,PH,PHM,PKG,PLD,PNC,PNR,PODD,POOL,PPG,PRU,PSA,PSX,PTC,PYPL,QCOM,QQQ,RCL,REG,REGN,RF,RJF,RMD,ROST,RVTY,SBUX,SCHW,SHW,SMCI,SNA,SNPS,SPG,SPGI,SPY,STLD,STT,STX,SWK,SYF,T,TEAM,TECH,TEL,TER,TFC,TGT,TKO,TMO,TPL,TPR,TROW,TSCO,TXN,TXT,TYL,UAL,UDR,ULTA,UNP,UPS,URI,USB,V,VLO,VLTO,VMC,VST,VTRS,WAB,WAT,WDC,WFC,WMT,WSM,WST,WTW,XOM,XYL,XYZ,ZS,ZTS",24,283,[],[]
2025-04-11,"AWK,BF.B,CCI,CI,CL,CNP,COR,DG,DGX,DLTR,ED,ELV,HOLX,INTC,KDP,KO,KR,LDOS,MCK,MDLZ,MO,PWR,VRTX,WRB,^VIX","A,AAPL,ABNB,ABT,ACN,ADBE,ADI,ADP,ADSK,AFL,AJG,AKAM,ALB,ALGN,ALLE,AMAT,AMCR,AME,AMP,AMZN,ANET,APA,APD,APO,APTV,ARES,ARM,ASML,AVB,AVY,AXON,AXP,BAC,BBY,BDX,BEN,BK,BKNG,BLDR,BSX,BX,BXP,C,CAG,CARR,CAT,CBRE,CCL,CDW,CEG,CF,CFG,CHTR,CIEN,CLX,CMI,COF,COIN,COO,COP,COST,CPAY,CPT,CRH,CRM,CRWD,CSCO,CSX,CTSH,CTVA,D,DASH,DDOG,DECK,DELL,DHI,DIS,DLR,DOC,DOV,DOW,DPZ,DVA,DXCM,EBAY,ECL,EL,EMR,EOG,EPAM,EQIX,EQR,EQT,ESS,ETN,ETR,EVRG,EW,EXPE,EXR,F,FANG,FAST,FDS,FDX,FE,FFIV,FICO,FISV,FITB,FRT,FTV,GDDY,GEHC,GIS,GLW,GM,GOOG,GOOGL,GPN,GS,HAL,HAS,HBAN,HD,HLT,HON,HOOD,HPE,HPQ,HST,HSY,HUBB,IBKR,IDXX,IEX,IFF,INCY,IR,IRM,ISRG,IT,ITW,IVZ,J,JBHT,KEY,KIM,KKR,KLAC,LEN,LH,LII,LLY,LOW,LRCX,LULU,LUV,LVS,LYB,LYV,MAA,MAR,MAS,MCD,MDT,MET,META,MLM,MPWR,MRK,MRNA,MRVL,MS,MSCI,MSFT,MSI,MSTR,MTCH,MTD,NDSN,NFLX,NI,NOW,NSC,NTAP,NTRS,NUE,NVDA,NVR,NWS,NWSA,NXPI,ODFL,OKE,ON,ORCL,PAYC,PAYX,PCAR,PEG,PEP,PG,PH,PHM,PKG,PLD,PNC,PNR,PODD,POOL,PPG,PRU,PSA,PSX,PTC,PYPL,QCOM,QQQ,RCL,REG,REGN,RF,RJF,RMD,ROST,RVTY,SBUX,SCHW,SHW,SMCI,SNA,SNPS,SPG,SPGI,SPY,STLD,STT,STX,SWK,SYF,T,TEAM,TECH,TEL,TER,TFC,TGT,TKO,TMO,TPL,TPR,TROW,TSCO,TXN,TXT,TYL,UAL,UDR,ULTA,UNP,UPS,URI,USB,V,VLO,VLTO,VMC,VST,VTRS,WAB,WAT,WDC,WFC,WMT,WSM,WST,WTW,XOM,XYL,XYZ,ZS,ZTS",25,283,[],[]
2025-04-14,"AWK,BF.B,CCI,CI,CL,CNP,COR,DG,DGX,DLTR,ED,ELV,HOLX,INTC,KDP,KO,KR,LDOS,MCK,MDLZ,MO,PWR,UNH,VRTX,WRB,^VIX","A,AAPL,ABNB,ABT,ACN,ADBE,ADI,ADP,ADSK,AFL,AJG,AKAM,ALB,ALGN,ALLE,AMAT,AMCR,AME,AMP,AMZN,ANET,APA,APD,APO,APTV,ARES,ARM,ASML,AVB,AVY,AXON,AXP,BAC,BBY,BDX,BEN,BK,BKNG,BLDR,BSX,BX,BXP,C,CAG,CARR,CAT,CBRE,CCL,CDW,CEG,CF,CFG,CHTR,CIEN,CLX,CMI,COF,COIN,COO,COP,COST,CPAY,CPT,CRH,CRM,CRWD,CSCO,CSX,CTSH,CTVA,D,DASH,DDOG,DECK,DELL,DHI,DIS,DLR,DOC,DOV,DOW,DPZ,DVA,DXCM,EBAY,ECL,EL,EMR,EOG,EPAM,EQIX,EQR,EQT,ESS,ETN,ETR,EVRG,EW,EXPE,EXR,F,FANG,FAST,FDS,FDX,FE,FFIV,FICO,FISV,FITB,FRT,FTV,GDDY,GEHC,GIS,GLW,GM,GOOG,GOOGL,GPN,GS,HAL,HAS,HBAN,HD,HLT,HON,HOOD,HPE,HPQ,HST,HSY,HUBB,IBKR,IDXX,IEX,IFF,INCY,IR,IRM,ISRG,IT,ITW,IVZ,J,JBHT,KEY,KIM,KKR,KLAC,LEN,LH,LII,LLY,LOW,LRCX,LULU,LUV,LVS,LYB,LYV,MAA,MAR,MAS,MCD,MDT,MET,META,MLM,MPWR,MRK,MRNA,MRVL,MS,MSCI,MSFT,MSI,MSTR,MTCH,MTD,NDSN,NFLX,NI,NOW,NSC,NTAP,NTRS,NUE,NVDA,NVR,NWS,NWSA,NXPI,ODFL,OKE,ON,ORCL,PAYC,PAYX,PCAR,PEG,PEP,PG,PH,PHM,PKG,PLD,PNC,PNR,PODD,POOL,PPG,PRU,PSA,PSX,PTC,PYPL,QCOM,QQQ,RCL,REG,REGN,RF,RJF,RMD,ROST,RVTY,SBUX,SCHW,SHW,SMCI,SNA,SNPS,SPG,SPGI,SPY,STLD,STT,STX,SWK,SYF,T,TEAM,TECH,TEL,TER,TFC,TGT,TKO,TMO,TPL,TPR,TROW,TSCO,TXN,TXT,TYL,UAL,UDR,ULTA,UNP,UPS,URI,USB,V,VLO,VLTO,VMC,VST,VTRS,WAB,WAT,WDC,WFC,WMT,WSM,WST,WTW,XOM,XYL,XYZ,ZS,ZTS",26,283,[],[]
2025-04-15,"AWK,BF.B,CCI,CI,CL,CNP,COR,DG,DGX,DLTR,ED,ELV,HOLX,INTC,KDP,KO,KR,LDOS,MCK,MDLZ,MO,PWR,UNH,VRTX,WRB,^VIX","A,AAPL,ABNB,ABT,ACN,ADBE,ADI,ADP,ADSK,AFL,AJG,AKAM,ALB,ALGN,ALLE,AMAT,AMCR,AME,AMP,AMZN,ANET,APA,APD,APO,APTV,ARES,ARM,ASML,AVB,AVY,AXON,AXP,BAC,BBY,BDX,BEN,BK,BKNG,BLDR,BSX,BX,BXP,C,CAG,CARR,CAT,CBRE,CCL,CDW,CEG,CF,CFG,CHTR,CIEN,CLX,CMI,COF,COIN,COO,COP,COST,CPAY,CPT,CRH,CRM,CRWD,CSCO,CSX,CTSH,CTVA,D,DASH,DDOG,DECK,DELL,DHI,DIS,DLR,DOC,DOV,DOW,DPZ,DVA,DXCM,EBAY,ECL,EL,EMR,EOG,EPAM,EQIX,EQR,EQT,ESS,ETN,ETR,EVRG,EW,EXPE,EXR,F,FANG,FAST,FDS,FDX,FE,FFIV,FICO,FISV,FITB,FRT,FTV,GDDY,GEHC,GILD,GIS,GLW,GM,GOOG,GOOGL,GPN,GS,HAL,HAS,HBAN,HD,HLT,HON,HOOD,HPE,HPQ,HST,HSY,HUBB,IBKR,IDXX,IEX,IFF,INCY,IR,IRM,ISRG,IT,ITW,IVZ,J,JBHT,KEY,KIM,KKR,KLAC,LEN,LH,LII,LLY,LOW,LRCX,LULU,LUV,LVS,LYB,LYV,MAA,MAR,MAS,MCD,MDT,MET,META,MLM,MPWR,MRK,MRNA,MRVL,MS,MSCI,MSFT,MSI,MSTR,MTCH,MTD,NDSN,NFLX,NI,NOW,NSC,NTAP,NTRS,NUE,NVDA,NVR,NWS,NWSA,NXPI,ODFL,OKE,ON,ORCL,PAYC,PAYX,PCAR,PEG,PEP,PG,PGR,PH,PHM,PKG,PLD,PNC,PNR,PODD,POOL,PPG,PRU,PSA,PSX,PTC,PYPL,QCOM,QQQ,RCL,REG,REGN,RF,RJF,RMD,ROST,RVTY,SBUX,SCHW,SHW,SMCI,SNA,SNPS,SPG,SPGI,SPY,STLD,STT,STX,SWK,SYF,T,TEAM,TECH,TEL,TER,TFC,TGT,TKO,TMO,TPL,TPR,TROW,TSCO,TXN,TXT,TYL,UAL,UDR,ULTA,UNP,UPS,URI,USB,V,VLO,VLTO,VMC,VST,VTRS,WAB,WAT,WDC,WFC,WMT,WSM,WST,WTW,XOM,XYL,XYZ,ZS,ZTS",26,285,[],[]
2025-04-16,"AWK,BF.B,CCI,CI,CL,CNP,COR,DG,DGX,DLTR,DRI,ED,ELV,HOLX,INTC,KDP,KO,KR,LDOS,MCK,MDLZ,MO,PWR,UNH,VRTX,WRB,^VIX","A,AAPL,ABNB,ABT,ACN,ADBE,ADI,ADP,ADSK,AFL,AJG,AKAM,ALB,ALGN,ALLE,AMAT,AMCR,AME,AMP,AMZN,ANET,APA,APD,APO,APTV,ARES,ARM,ASML,AVB,AVY,AXON,AXP,BAC,BBY,BDX,BEN,BK,BKNG,BLDR,BSX,BX,BXP,C,CAG,CARR,CAT,CBRE,CCL,CDW,CEG,CF,CFG,CHTR,CIEN,CLX,CMI,COF,COIN,COO,COP,COST,CPAY,CPT,CRH,CRM,CRWD,CSCO,CSX,CTSH,CTVA,D,DASH,DDOG,DECK,DELL,DHI,DIS,DLR,DOC,DOV,DOW,DPZ,DVA,DXCM,EBAY,ECL,EL,EMR,EOG,EPAM,EQIX,EQR,EQT,ESS,ETN,ETR,EVRG,EW,EXPE,EXR,F,FANG,FAST,FDS,FDX,FE,FFIV,FICO,FISV,FITB,FRT,FTV,GDDY,GEHC,GILD,GIS,GLW,GM,GOOG,GOOGL,GPN,GS,HAL,HAS,HBAN,HD,HLT,HON,HOOD,HPE,HPQ,HST,HSY,HUBB,IBKR,IDXX,IEX,IFF,INCY,IR,IRM,ISRG,IT,ITW,IVZ,J,JBHT,KEY,KIM,KKR,KLAC,LEN,LH,LII,LLY,LOW,LRCX,LULU,LUV,LVS,LYB,LYV,MAA,MAR,MAS,MCD,MDT,MET,META,MLM,MPWR,MRK,MRNA,MRVL,MS,MSCI,MSFT,MSI,MSTR,MTCH,MTD,NDSN,NFLX,NI,NOW,NSC,NTAP,NTRS,NUE,NVDA,NVR,NWS,NWSA,NXPI,ODFL,OKE,ON,ORCL,PAYC,PAYX,PCAR,PEG,PEP,PG,PGR,PH,PHM,PKG,PLD,PNC,PNR,PODD,POOL,PPG,PRU,PSA,PSX,PTC,PYPL,QCOM,QQQ,RCL,REG,REGN,RF,RJF,RMD,ROST,RVTY,SBUX,SCHW,SHW,SMCI,SNA,SNPS,SPG,SPGI,SPY,STLD,STT,STX,SWK,SYF,T,TEAM,TECH,TEL,TER,TFC,TGT,TKO,TMO,TPL,TPR,TROW,TSCO,TXN,TXT,TYL,UAL,UDR,ULTA,UNP,UPS,URI,USB,V,VLO,VLTO,VMC,VST,VTRS,WAB,WAT,WDC,WFC,WMT,WSM,WST,WTW,XOM,XYL,XYZ,ZS,ZTS",27,285,[],[]
2025-04-17,"AWK,BF.B,CCI,CI,CL,CNP,COR,DG,DGX,DLTR,DRI,ED,ELV,HOLX,INTC,KDP,KO,KR,LDOS,MCK,MDLZ,MO,PWR,VRTX,WRB,^VIX","A,AAPL,ABNB,ABT,ACN,ADBE,ADI,ADP,ADSK,AFL,AJG,AKAM,ALB,ALGN,ALLE,AMAT,AMCR,AME,AMP,AMZN,ANET,APA,APD,APO,APTV,ARES,ARM,ASML,AVB,AVY,AXON,AXP,BAC,BBY,BDX,BEN,BK,BKNG,BLDR,BSX,BX,BXP,C,CAG,CARR,CAT,CBRE,CCL,CDW,CEG,CF,CFG,CHTR,CIEN,CLX,CMI,COF,COIN,COO,COP,COST,CPAY,CPT,CRH,CRM,CRWD,CSCO,CSX,CTSH,CTVA,D,DASH,DDOG,DECK,DELL,DHI,DIS,DLR,DOC,DOV,DOW,DPZ,DVA,DXCM,EBAY,ECL,EL,EMR,EOG,EPAM,EQIX,EQR,EQT,ESS,ETN,ETR,EVRG,EW,EXPE,EXR,F,FANG,FAST,FDS,FDX,FE,FFIV,FICO,FISV,FITB,FRT,FTV,GDDY,GEHC,GILD,GIS,GLW,GM,GOOG,GOOGL,GPN,GS,HAL,HAS,HBAN,HD,HLT,HON,HOOD,HPE,HPQ,HST,HSY,HUBB,IBKR,IDXX,IEX,IFF,INCY,IR,IRM,ISRG,IT,ITW,IVZ,J,JBHT,KEY,KIM,KKR,KLAC,LEN,LH,LII,LMT,LOW,LRCX,LULU,LUV,LVS,LYB,LYV,MAA,MAR,MAS,MCD,MDT,MET,META,MLM,MPWR,MRK,MRNA,MRVL,MS,MSCI,MSFT,MSI,MSTR,MTCH,MTD,NDSN,NFLX,NI,NKE,NOW,NSC,NTAP,NTRS,NUE,NVDA,NVR,NWS,NWSA,NXPI,ODFL,OKE,ON,ORCL,PAYC,PAYX,PCAR,PEG,PEP,PG,PGR,PH,PHM,PKG,PLD,PNC,PNR,PODD,POOL,PPG,PRU,PSA,PSX,PTC,PYPL,QCOM,QQQ,RCL,REG,REGN,RF,RJF,RMD,ROST,RVTY,SBUX,SCHW,SHW,SMCI,SNA,SNPS,SPG,SPGI,SPY,STLD,STT,STX,SWK,SYF,T,TEAM,TECH,TEL,TER,TFC,TGT,TKO,TMO,TPL,TPR,TROW,TSCO,TXN,TXT,TYL,UAL,UDR,ULTA,UNP,UPS,URI,USB,V,VLO,VLTO,VMC,VST,VTRS,WAB,WAT,WDC,WFC,WMT,WSM,WST,WTW,XOM,XYL,XYZ,ZS,ZTS",26,286,[],[]
2025-04-21,"AWK,BF.B,CCI,CI,CL,CNP,COR,CPRT,DG,DGX,DLTR,DRI,ED,ELV,HOLX,INTC,KDP,KO,KR,LDOS,MCK,MDLZ,MO,PWR,TJX,TSLA,VRTX,WRB,^VIX","A,AAPL,ABNB,ABT,ACN,ADBE,ADI,ADP,ADSK,AFL,AJG,AKAM,ALB,ALGN,ALLE,AMAT,AMCR,AME,AMP,AMZN,ANET,APA,APD,APO,APTV,ARES,ARM,ASML,AVB,AVY,AXON,AXP,BAC,BBY,BDX,BEN,BK,BKNG,BLDR,BSX,BX,BXP,C,CAG,CARR,CAT,CBRE,CCL,CDW,CEG,CF,CFG,CHTR,CIEN,CLX,CMI,COF,COIN,COO,COP,COST,CPAY,CPT,CRH,CRM,CRWD,CSCO,CSX,CTSH,CTVA,D,DASH,DDOG,DECK,DELL,DHI,DIS,DLR,DOC,DOV,DOW,DPZ,DVA,DXCM,EBAY,ECL,EL,EMR,EOG,EPAM,EQIX,EQR,EQT,ESS,ETN,ETR,EVRG,EW,EXPE,EXR,F,FANG,FAST,FDS,FDX,FE,FFIV,FICO,FISV,FITB,FRT,FTV,GDDY,GEHC,GILD,GIS,GLW,GM,GOOG,GOOGL,GPN,GS,HAL,HAS,HBAN,HD,HLT,HON,HOOD,HPE,HPQ,HST,HSY,HUBB,IBKR,IDXX,IEX,IFF,INCY,IR,IRM,ISRG,IT,ITW,IVZ,J,JBHT,KEY,KIM,KKR,KLAC,LEN,LH,LII,LMT,LOW,LRCX,LULU,LUV,LVS,LYB,LYV,MAA,MAR,MAS,MCD,MDT,MET,META,MLM,MPWR,MRK,MRNA,MRVL,MS,MSCI,MSFT,MSI,MSTR,MTCH,MTD,NDSN,NFLX,NI,NKE,NOW,NSC,NTAP,NTRS,NUE,NVDA,NVR,NWS,NWSA,NXPI,ODFL,OKE,ON,ORCL,PAYC,PAYX,PCAR,PEG,PEP,PG,PGR,PH,PHM,PKG,PLD,PNC,PNR,PODD,POOL,PPG,PRU,PSA,PSX,PTC,PYPL,QCOM,QQQ,RCL,REG,REGN,RF,RJF,RMD,ROST,RVTY,SBUX,SCHW,SHW,SMCI,SNA,SNPS,SPG,SPGI,SPY,STLD,STT,STX,SWK,SYF,T,TEAM,TECH,TEL,TER,TFC,TGT,TKO,TMO,TPL,TPR,TROW,TSCO,TXN,TXT,TYL,UAL,UDR,ULTA,UNP,UPS,URI,USB,V,VLO,VLTO,VMC,VST,VTRS,WAB,WAT,WDC,WFC,WMT,WSM,WST,WTW,XOM,XYL,XYZ,ZS,ZTS",29,286,[],[]
2025-04-22,"AWK,BF.B,CCI,CI,CL,CNP,COR,CPRT,DG,DGX,DLTR,DRI,ED,ELV,HOLX,INTC,KDP,KO,KR,LDOS,MCK,MDLZ,MO,PWR,TJX,TSLA,VRTX,WRB,^VIX","A,AAPL,ABBV,ABNB,ABT,ACN,ADBE,ADI,ADP,ADSK,AFL,AJG,AKAM,ALB,ALGN,ALLE,AMAT,AMCR,AME,AMP,AMZN,ANET,APA,APD,APO,APTV,ARES,ARM,ASML,AVB,AVY,AXON,AXP,BAC,BBY,BDX,BEN,BK,BKNG,BLDR,BSX,BX,BXP,C,CAG,CARR,CAT,CBRE,CCL,CDW,CEG,CF,CFG,CHTR,CIEN,CLX,CMI,COF,COIN,COO,COP,COST,CPAY,CPT,CRH,CRM,CRWD,CSCO,CSX,CTSH,CTVA,D,DASH,DDOG,DECK,DELL,DHI,DIS,DLR,DOC,DOV,DOW,DPZ,DVA,DXCM,EBAY,ECL,EL,EMR,EOG,EPAM,EQIX,EQR,EQT,ES,ESS,ETN,ETR,EVRG,EW,EXPE,EXR,F,FANG,FAST,FDS,FDX,FE,FFIV,FICO,FISV,FITB,FRT,FTV,GDDY,GEHC,GILD,GIS,GLW,GM,GOOG,GOOGL,GPN,GS,HAL,HAS,HBAN,HD,HLT,HON,HOOD,HPE,HPQ,HST,HSY,HUBB,IBKR,IDXX,IEX,IFF,INCY,IR,IRM,ISRG,IT,ITW,IVZ,J,JBHT,KEY,KIM,KKR,KLAC,LEN,LH,LII,LMT,LOW,LRCX,LULU,LUV,LVS,LYB,LYV,MAA,MAR,MAS,MCD,MDT,MET,META,MLM,MPWR,MRK,MRNA,MRVL,MS,MSCI,MSFT,MSI,MSTR,MTCH,MTD,NDSN,NFLX,NI,NKE,NOW,NSC,NTAP,NTRS,NUE,NVDA,NVR,NWS,NWSA,NXPI,ODFL,OKE,ON,ORCL,PAYC,PAYX,PCAR,PEG,PEP,PG,PGR,PH,PHM,PKG,PLD,PNC,PNR,PODD,POOL,PPG,PRU,PSA,PSX,PTC,PYPL,QCOM,QQQ,RCL,REG,REGN,RF,RJF,RMD,ROST,RVTY,SBUX,SCHW,SHW,SMCI,SNA,SNPS,SPG,SPGI,SPY,STLD,STT,STX,SWK,SYF,T,TEAM,TECH,TEL,TER,TFC,TGT,TKO,TMO,TPL,TPR,TROW,TSCO,TXN,TXT,TYL,UAL,UDR,ULTA,UNP,UPS,URI,USB,V,VLO,VLTO,VMC,VST,VTRS,WAB,WAT,WDC,WFC,WMT,WSM,WST,WTW,XOM,XYL,XYZ,ZS,ZTS",29,288,[],[]
2025-04-23,"AWK,BF.B,CCI,CI,CL,CNP,COR,CPRT,CTAS,DG,DGX,DLTR,DRI,ED,ELV,HOLX,INTC,KDP,KO,KR,LDOS,MCK,MDLZ,MO,PWR,TJX,TSLA,VRTX,WRB,^VIX","A,AAPL,ABBV,ABNB,ABT,ACN,ADBE,ADI,ADP,ADSK,AFL,AJG,AKAM,ALB,ALGN,ALLE,AMAT,AMCR,AME,AMP,AMZN,ANET,APA,APD,APO,APTV,ARES,ARM,ASML,AVB,AVY,AXON,AXP,BAC,BBY,BDX,BEN,BK,BKNG,BLDR,BSX,BX,BXP,C,CAG,CARR,CAT,CBRE,CCL,CDW,CEG,CF,CFG,CHTR,CIEN,CLX,CMI,COF,COIN,COO,COP,COST,CPAY,CPT,CRH,CRL,CRM,CRWD,CSCO,CSX,CTSH,CTVA,D,DASH,DDOG,DECK,DELL,DHI,DIS,DLR,DOC,DOV,DOW,DPZ,DVA,DXCM,EBAY,ECL,EL,EMR,EOG,EPAM,EQIX,EQR,EQT,ES,ESS,ETN,ETR,EVRG,EW,EXPE,EXR,F,FANG,FAST,FDS,FDX,FE,FFIV,FICO,FISV,FITB,FRT,FTV,GDDY,GEHC,GILD,GIS,GLW,GM,GOOG,GOOGL,GPN,GS,HAL,HAS,HBAN,HD,HLT,HON,HOOD,HPE,HPQ,HST,HSY,HUBB,IBKR,IDXX,IEX,IFF,INCY,IR,IRM,ISRG,IT,ITW,IVZ,J,JBHT,KEY,KIM,KKR,KLAC,LEN,LH,LII,LMT,LOW,LRCX,LULU,LUV,LVS,LYB,LYV,MAA,MAR,MAS,MCD,MDT,MET,META,MLM,MPWR,MRK,MRNA,MRVL,MS,MSCI,MSFT,MSI,MSTR,MTCH,MTD,NDSN,NFLX,NI,NKE,NOW,NSC,NTAP,NTRS,NUE,NVDA,NVR,NWS,NWSA,NXPI,ODFL,OKE,ON,ORCL,PAYC,PAYX,PCAR,PEG,PEP,PFE,PG,PGR,PH,PHM,PKG,PLD,PNC,PNR,PODD,POOL,PPG,PRU,PSA,PSX,PTC,PYPL,QCOM,QQQ,RCL,REG,REGN,RF,RJF,RMD,ROST,RVTY,SBUX,SCHW,SHW,SMCI,SNA,SNPS,SPG,SPGI,SPY,STLD,STT,STX,SWK,SYF,T,TEAM,TECH,TEL,TER,TFC,TGT,TKO,TMO,TPL,TPR,TROW,TSCO,TXN,TXT,TYL,UAL,UDR,ULTA,UNP,UPS,URI,USB,V,VLO,VLTO,VMC,VST,VTRS,WAB,WAT,WDC,WFC,WMT,WSM,WST,WTW,XOM,XYL,XYZ,ZS,ZTS",30,290,[],[]
2025-04-24,"AWK,BF.B,CCI,CI,CL,CNP,COR,CPRT,CTAS,DG,DGX,DLTR,DRI,ED,ELV,HOLX,INTC,KDP,KO,KR,LDOS,MCK,MDLZ,MO,PWR,TJX,TSLA,VRTX,WRB,^VIX","A,AAPL,ABBV,ABNB,ABT,ACN,ADBE,ADI,ADP,ADSK,AFL,AJG,AKAM,ALB,ALGN,AMAT,AMCR,AME,AMP,AMZN,ANET,APA,APD,APO,APP,APTV,ARES,ARM,ASML,AVB,AVY,AXON,AXP,BAC,BBY,BDX,BEN,BK,BKNG,BLDR,BSX,BX,BXP,C,CAG,CARR,CAT,CBRE,CCL,CDW,CEG,CF,CFG,CHTR,CIEN,CLX,CMI,COF,COIN,COO,COP,COST,CPAY,CPT,CRH,CRL,CRM,CRWD,CSCO,CSX,CTSH,CTVA,D,DASH,DDOG,DECK,DELL,DHI,DIS,DLR,DOC,DOV,DOW,DPZ,DVA,DXCM,EBAY,ECL,EL,EME,EMR,EOG,EPAM,EQIX,EQR,EQT,ES,ESS,ETN,ETR,EVRG,EW,EXPE,EXR,F,FANG,FAST,FDS,FDX,FE,FFIV,FICO,FISV,FITB,FRT,FTV,GDDY,GEHC,GEV,GILD,GIS,GLW,GM,GOOG,GOOGL,GPN,GS,HAL,HAS,HBAN,HD,HLT,HON,HOOD,HPE,HPQ,HST,HSY,HUBB,IBKR,IDXX,IEX,IFF,INCY,IR,IRM,ISRG,IT,ITW,IVZ,J,JBHT,KEY,KIM,KKR,KLAC,LEN,LH,LII,LMT,LOW,LRCX,LULU,LUV,LVS,LYB,LYV,MAA,MAR,MAS,MCD,MDT,MET,META,MLM,MPWR,MRK,MRNA,MRVL,MS,MSCI,MSFT,MSI,MSTR,MTCH,MTD,NDSN,NFLX,NI,NKE,NSC,NTAP,NTRS,NUE,NVDA,NVR,NWS,NWSA,NXPI,ODFL,OKE,ON,ORCL,PANW,PAYC,PAYX,PCAR,PEG,PEP,PFE,PG,PGR,PH,PHM,PKG,PLD,PNC,PNR,PODD,POOL,PPG,PRU,PSA,PSX,PTC,PYPL,QCOM,QQQ,RCL,REG,REGN,RF,RJF,ROST,RVTY,SBUX,SCHW,SHW,SMCI,SNA,SNPS,SPG,SPGI,SPY,STLD,STT,STX,SWK,SYF,T,TEAM,TECH,TEL,TER,TFC,TGT,TKO,TMO,TPL,TPR,TROW,TSCO,TXN,TXT,TYL,UAL,UDR,ULTA,UNP,UPS,URI,USB,V,VLO,VLTO,VMC,VST,VTRS,WAB,WAT,WDC,WFC,WMT,WSM,WST,WTW,XOM,XYL,XYZ,ZS,ZTS",30,291,[],[]
2025-04-25,"AWK,BF.B,CCI,CI,CL,CNP,COR,CPRT,CTAS,DG,DGX,DLTR,DRI,ED,ELV,HOLX,INTC,KDP,KO,KR,LDOS,MCK,MDLZ,MO,PWR,TJX,TSLA,VRTX,WRB,^VIX","A,AAPL,ABBV,ABNB,ABT,ACN,ADBE,ADI,ADP,ADSK,AFL,AJG,AKAM,ALB,ALGN,AMAT,AMCR,AME,AMP,AMZN,ANET,APA,APD,APO,APP,APTV,ARES,ARM,ASML,AVB,AVY,AXON,AXP,BAC,BBY,BDX,BEN,BK,BKNG,BLDR,BSX,BX,BXP,C,CAG,CARR,CAT,CBRE,CCL,CDW,CEG,CF,CFG,CIEN,CLX,CMI,COF,COIN,COO,COP,COST,CPAY,CPT,CRH,CRL,CRM,CRWD,CSCO,CSX,CTSH,CTVA,D,DASH,DDOG,DECK,DELL,DHI,DIS,DLR,DOC,DOV,DOW,DPZ,DVA,DXCM,EBAY,ECL,EL,EME,EMR,EOG,EPAM,EQIX,EQR,EQT,ES,ESS,ETN,ETR,EVRG,EW,EXPE,EXR,F,FANG,FAST,FCX,FDS,FDX,FE,FFIV,FICO,FISV,FITB,FRT,FTV,GDDY,GEHC,GEV,GILD,GIS,GLW,GM,GNRC,GOOG,GOOGL,GPN,GS,HAL,HAS,HBAN,HD,HLT,HON,HOOD,HPE,HPQ,HST,HSY,HUBB,IBKR,IDXX,IEX,IFF,INCY,IR,IRM,ISRG,IT,ITW,IVZ,J,JBHT,JCI,KEY,KEYS,KIM,KKR,KLAC,LEN,LH,LII,LMT,LOW,LRCX,LULU,LUV,LVS,LYB,LYV,MAA,MAR,MAS,MCD,MDT,MET,META,MGM,MLM,MMM,MPC,MPWR,MRK,MRNA,MRVL,MS,MSCI,MSFT,MSI,MSTR,MTB,MTCH,MTD,NDSN,NFLX,NI,NKE,NSC,NTAP,NTRS,NUE,NVDA,NVR,NWS,NWSA,NXPI,ODFL,OKE,ON,ORCL,PANW,PAYC,PAYX,PCAR,PEG,PEP,PFE,PG,PGR,PH,PHM,PKG,PLD,PNC,PNR,PODD,POOL,PPG,PRU,PSA,PSX,PTC,PYPL,QCOM,QQQ,RCL,REG,REGN,RF,RJF,ROK,ROST,RVTY,SBUX,SCHW,SHW,SMCI,SNA,SNPS,SPG,SPGI,SPY,STLD,STT,STX,SWK,SYF,T,TEAM,TECH,TEL,TER,TFC,TGT,TKO,TMO,TPL,TPR,TRMB,TROW,TSCO,TT,TXN,TXT,TYL,UAL,UDR,ULTA,UNP,UPS,URI,USB,V,VLO,VLTO,VMC,VST,VTRS,WAB,WAT,WDC,WFC,WMT,WSM,WST,WTW,XOM,XYL,XYZ,ZS,ZTS",30,301,[],[]
2025-04-28,"AWK,BF.B,CCI,CI,CL,CNP,COR,CPRT,CTAS,DG,DGX,DLTR,DRI,DUK,ED,ELV,EXC,HOLX,INTC,KDP,KO,KR,LDOS,MCK,MDLZ,MO,PWR,TJX,TSLA,VRTX,WRB,^VIX","A,AAPL,ABBV,ABNB,ABT,ACN,ADBE,ADI,ADP,ADSK,AFL,AJG,AKAM,ALB,ALGN,AMAT,AMCR,AME,AMP,AMZN,ANET,APA,APD,APO,APP,APTV,ARES,ARM,ASML,AVB,AVY,AXON,AXP,BAC,BBY,BDX,BEN,BK,BKNG,BLDR,BSX,BX,BXP,C,CAG,CARR,CAT,CBRE,CCL,CDW,CEG,CF,CFG,CIEN,CLX,CMI,COF,COIN,COO,COP,COST,CPAY,CPT,CRH,CRL,CRM,CRWD,CSCO,CSX,CTSH,CTVA,D,DASH,DDOG,DECK,DELL,DHI,DIS,DLR,DOC,DOV,DOW,DPZ,DVA,DXCM,EBAY,ECL,EL,EME,EMR,EOG,EPAM,EQIX,EQR,EQT,ES,ESS,ETN,ETR,EVRG,EW,EXPE,EXR,F,FANG,FAST,FCX,FDS,FDX,FE,FFIV,FICO,FISV,FITB,FRT,FTV,GDDY,GEHC,GEV,GILD,GIS,GLW,GM,GNRC,GOOG,GOOGL,GPN,GS,HAL,HAS,HBAN,HD,HLT,HON,HOOD,HPE,HPQ,HST,HSY,HUBB,IBKR,ICE,IDXX,IEX,IFF,INCY,IR,IRM,ISRG,IT,ITW,IVZ,J,JBHT,JCI,KEY,KEYS,KIM,KKR,KLAC,LEN,LH,LII,LMT,LOW,LRCX,LULU,LUV,LVS,LYB,LYV,MAA,MAR,MAS,MCD,MDT,MELI,MET,META,MGM,MLM,MMM,MPC,MPWR,MRK,MRNA,MRVL,MS,MSCI,MSFT,MSI,MSTR,MTB,MTCH,MTD,NDSN,NFLX,NI,NKE,NSC,NTAP,NTRS,NUE,NVDA,NVR,NWS,NWSA,NXPI,ODFL,OKE,ON,ORCL,PANW,PAYC,PAYX,PCAR,PEG,PEP,PFE,PG,PGR,PH,PHM,PKG,PLD,PNC,PNR,PODD,POOL,PPG,PRU,PSA,PSX,PTC,PYPL,QCOM,QQQ,RCL,REG,REGN,RF,RJF,ROK,ROST,RVTY,SBUX,SCHW,SHW,SMCI,SNA,SNPS,SPG,SPGI,SPY,STLD,STT,STX,SWK,SYF,T,TEAM,TECH,TEL,TER,TFC,TGT,TKO,TMO,TPL,TPR,TRMB,TROW,TSCO,TT,TXN,TXT,TYL,UAL,UDR,ULTA,UNP,UPS,URI,USB,V,VLO,VLTO,VMC,VST,VTRS,WAB,WAT,WDAY,WDC,WFC,WMT,WSM,WST,WTW,XOM,XYL,XYZ,ZS,ZTS",32,304,[],[]
2025-04-29,"AWK,BF.B,CCI,CI,CL,CNP,COR,CPRT,CTAS,DG,DGX,DLTR,DRI,DUK,ED,ELV,EXC,HOLX,INTC,KDP,KO,KR,LDOS,MCK,MDLZ,MO,PWR,TJX,TSLA,VRTX,WRB,^VIX","A,AAPL,ABBV,ABNB,ABT,ACN,ADBE,ADI,ADP,ADSK,AFL,AJG,AKAM,ALB,ALGN,AMAT,AMCR,AME,AMP,AMZN,ANET,APA,APD,APO,APP,APTV,ARES,ARM,ASML,AVB,AVY,AXON,AXP,BAC,BBY,BDX,BEN,BIIB,BK,BKNG,BLDR,BSX,BX,BXP,C,CAG,CARR,CAT,CBRE,CCL,CDW,CEG,CF,CFG,CIEN,CLX,CMI,COF,COIN,COO,COP,COST,CPAY,CPT,CRH,CRL,CRM,CRWD,CSCO,CSX,CTSH,CTVA,D,DASH,DDOG,DECK,DELL,DHI,DHR,DIS,DLR,DOC,DOV,DOW,DPZ,DVA,DXCM,EBAY,ECL,EL,EME,EMR,EOG,EPAM,EQIX,EQR,EQT,ES,ESS,ETN,ETR,EVRG,EW,EXPE,EXR,F,FANG,FAST,FCX,FDS,FDX,FE,FFIV,FICO,FISV,FITB,FRT,FTV,GDDY,GEHC,GEV,GILD,GIS,GLW,GM,GNRC,GOOG,GOOGL,GPN,GS,HAL,HAS,HBAN,HD,HLT,HON,HOOD,HPE,HPQ,HST,HSY,HUBB,IBKR,ICE,IDXX,IEX,IFF,INCY,INSM,IR,IRM,ISRG,IT,ITW,IVZ,J,JBHT,JCI,JNJ,KEY,KEYS,KIM,KKR,KLAC,LEN,LH,LII,LMT,LOW,LRCX,LULU,LUV,LVS,LYB,LYV,MAA,MAR,MAS,MCD,MDT,MELI,MET,META,MGM,MLM,MMM,MPC,MPWR,MRK,MRNA,MRVL,MS,MSCI,MSFT,MSI,MSTR,MTB,MTCH,MTD,NDSN,NFLX,NI,NKE,NSC,NTAP,NTRS,NUE,NVDA,NVR,NWS,NWSA,NXPI,ODFL,OKE,ON,ORCL,PANW,PAYC,PAYX,PCAR,PEG,PEP,PFE,PG,PGR,PH,PHM,PKG,PLD,PNC,PNR,PODD,POOL,PPG,PRU,PSA,PSX,PTC,PYPL,QCOM,QQQ,RCL,REG,REGN,RF,RJF,ROK,ROST,RVTY,SBUX,SCHW,SHW,SMCI,SNA,SNPS,SPG,SPGI,SPY,STLD,STT,STX,SWK,SYF,T,TEAM,TECH,TEL,TER,TFC,TGT,TKO,TMO,TPL,TPR,TRMB,TROW,TSCO,TT,TXN,TXT,TYL,UAL,UDR,ULTA,UNP,UPS,URI,USB,V,VLO,VLTO,VMC,VST,VTRS,WAB,WAT,WDAY,WDC,WFC,WMT,WSM,WST,WTW,XOM,XYL,XYZ,ZS,ZTS",32,308,[],[]
2025-04-30,"AWK,BF.B,CCI,CI,CL,CNP,COR,CPRT,CTAS,DG,DGX,DLTR,DRI,DUK,ED,ELV,EXC,HOLX,INTC,KDP,KO,KR,LDOS,MCK,MDLZ,MO,PWR,TJX,TSLA,VRTX,WRB,^VIX","A,AAPL,ABBV,ABNB,ABT,ACN,ADBE,ADI,ADP,ADSK,AFL,AJG,AKAM,ALB,ALGN,AMAT,AMCR,AME,AMP,AMZN,ANET,APA,APD,APO,APP,APTV,ARES,ARM,ASML,AVB,AVY,AXON,AXP,BAC,BBY,BDX,BEN,BIIB,BK,BKNG,BLDR,BSX,BX,BXP,C,CAG,CARR,CAT,CBRE,CCL,CDW,CEG,CF,CFG,CIEN,CLX,CMI,COF,COIN,COO,COP,COST,CPAY,CPT,CRH,CRL,CRM,CRWD,CSCO,CSX,CTSH,CTVA,D,DASH,DDOG,DECK,DELL,DHI,DHR,DIS,DLR,DOC,DOV,DOW,DPZ,DVA,DXCM,EBAY,ECL,EL,EME,EMR,EOG,EPAM,EQIX,EQR,EQT,ES,ESS,ETN,ETR,EVRG,EW,EXPE,EXR,F,FANG,FAST,FCX,FDS,FDX,FE,FFIV,FICO,FISV,FITB,FRT,FTV,GDDY,GEHC,GEV,GILD,GIS,GLW,GM,GNRC,GOOG,GOOGL,GPN,GS,HAL,HAS,HBAN,HD,HLT,HON,HOOD,HPE,HPQ,HST,HSY,HUBB,IBKR,ICE,IDXX,IEX,IFF,INCY,INSM,IR,IRM,ISRG,IT,ITW,IVZ,J,JBHT,JCI,JNJ,KEY,KEYS,KIM,KKR,KLAC,LEN,LH,LII,LMT,LOW,LRCX,LULU,LUV,LVS,LYB,LYV,MAA,MAR,MAS,MCD,MDT,MELI,MET,META,MGM,MLM,MMM,MPC,MPWR,MRK,MRNA,MRVL,MS,MSCI,MSFT,MSI,MSTR,MTB,MTCH,MTD,NDSN,NFLX,NI,NKE,NSC,NTAP,NTRS,NUE,NVDA,NVR,NWS,NWSA,NXPI,ODFL,OKE,ON,ORCL,PANW,PAYC,PAYX,PCAR,PEG,PEP,PFE,PG,PGR,PH,PHM,PKG,PLD,PNC,PNR,PODD,POOL,PPG,PRU,PSA,PSX,PTC,PYPL,QCOM,QQQ,RCL,REG,REGN,RF,RJF,ROK,ROST,RVTY,SBUX,SCHW,SHW,SMCI,SNA,SNPS,SPG,SPGI,SPY,STLD,STT,STX,SWK,SYF,T,TEAM,TECH,TEL,TER,TFC,TGT,TKO,TMO,TPL,TPR,TRMB,TROW,TSCO,TXN,TXT,TYL,UAL,UDR,ULTA,UNP,UPS,URI,USB,V,VLO,VLTO,VMC,VST,VTRS,WAB,WAT,WDAY,WDC,WFC,WMT,WSM,WST,WTW,XOM,XYL,XYZ,ZS,ZTS",32,307,[],[]
2025-05-01,"AWK,BF.B,CCI,CI,CL,CNC,CNP,COR,CPRT,CTAS,DG,DGX,DLTR,DRI,DUK,ED,ELV,EXC,FSLR,HOLX,INTC,KDP,KO,KR,LDOS,LW,MCK,MDLZ,MO,PWR,SBAC,TJX,TSLA,VRTX,WRB,^VIX","A,AAPL,ABBV,ABNB,ABT,ACN,ADBE,ADI,ADP,ADSK,AFL,AJG,AKAM,ALB,ALGN,AMAT,AMCR,AMD,AME,AMP,AMZN,AOS,APA,APD,APH,APO,APP,APTV,ARE,ARES,ARM,ASML,AVB,AVY,AXON,AXP,BA,BAC,BALL,BAX,BBY,BDX,BEN,BIIB,BK,BKNG,BKR,BLDR,BLK,BSX,BX,BXP,C,CAG,CAT,CBRE,CCL,CDW,CF,CFG,CHRW,CIEN,CLX,CMI,COF,COIN,COO,COP,COST,CPAY,CPT,CRH,CRL,CRM,CRWD,CSCO,CSGP,CSX,CTRA,CTSH,CTVA,CVNA,CVX,D,DASH,DD,DE,DECK,DELL,DHI,DHR,DIS,DLR,DOC,DOV,DOW,DPZ,DVA,DVN,DXCM,EBAY,ECL,EL,EME,EMR,EOG,EPAM,EQIX,EQR,EQT,ES,ESS,ETN,ETR,EVRG,EW,EXPD,EXPE,EXR,F,FANG,FAST,FCX,FDS,FDX,FE,FFIV,FICO,FISV,FITB,FOX,FOXA,FRT,FTV,GE,GEHC,GEV,GILD,GIS,GL,GLW,GM,GNRC,GOOG,GOOGL,GPN,GRMN,GS,HAL,HAS,HBAN,HD,HON,HOOD,HPE,HPQ,HSIC,HST,HSY,HUBB,IBKR,IEX,IFF,INCY,INSM,IP,IR,IRM,ISRG,IT,ITW,IVZ,J,JBHT,JBL,JNJ,JPM,KEY,KEYS,KIM,KKR,KLAC,LEN,LH,LII,LMT,LOW,LRCX,LULU,LUV,LVS,LYB,LYV,MAA,MAR,MAS,MCD,MCHP,MCO,MDT,MELI,MET,META,MGM,MLM,MMM,MPC,MPWR,MRK,MRNA,MRVL,MS,MSCI,MSI,MSTR,MTB,MTCH,MTD,MU,NCLH,NDAQ,NDSN,NFLX,NI,NKE,NSC,NTAP,NTRS,NUE,NVDA,NVR,NWS,NWSA,NXPI,ODFL,OKE,OMC,ON,ORCL,OXY,PANW,PAYC,PAYX,PCAR,PEG,PEP,PFE,PFG,PG,PGR,PH,PHM,PKG,PLD,PNC,PNR,PODD,POOL,PPG,PRU,PSA,PSX,PTC,PYPL,QCOM,QQQ,RCL,REG,REGN,RF,RJF,RL,ROK,ROST,RVTY,SBUX,SCHW,SHOP,SHW,SLB,SMCI,SNA,SNDK,SNPS,SOLV,SPG,SPGI,SPY,STLD,STT,STX,SW,SWK,SWKS,SYF,T,TDY,TEAM,TECH,TEL,TER,TFC,TGT,TKO,TMO,TPL,TPR,TRGP,TRMB,TROW,TSCO,TTD,TXN,TXT,TYL,UAL,UBER,UDR,ULTA,UNP,UPS,URI,USB,V,VLO,VLTO,VMC,VST,VTRS,WAB,WAT,WBD,WDAY,WDC,WFC,WMT,WSM,WST,WTW,WY,WYNN,XOM,XYL,XYZ,ZBRA,ZS,ZTS",36,347,[],[]
2025-05-02,"AWK,BF.B,CCI,CI,CL,CNC,CNP,COR,CPRT,CTAS,DG,DGX,DLTR,DRI,DUK,ED,ELV,EXC,FSLR,INTC,KDP,KO,KR,LDOS,LW,MCK,MDLZ,MO,PWR,SBAC,TJX,TSLA,VRTX,WRB,^VIX","A,AAPL,ABNB,ABT,ACGL,ACN,ADBE,ADI,ADM,ADP,ADSK,AEE,AEP,AES,AFL,AIG,AIZ,AJG,AKAM,ALB,ALGN,ALL,ALNY,AMAT,AMCR,AMD,AME,AMGN,AMP,AMZN,AON,AOS,APA,APD,APH,APO,APP,APTV,ARE,ARES,ASML,ATO,AVB,AVY,AXON,AXP,BA,BAC,BALL,BAX,BBY,BDX,BG,BIIB,BK,BKNG,BKR,BLDR,BLK,BMY,BR,BRK.B,BRO,BSX,BX,BXP,C,CAG,CB,CBRE,CCEP,CCL,CDNS,CF,CFG,CHRW,CIEN,CINF,CLX,CMCSA,CME,CMG,CMI,CMS,COF,COIN,COO,COP,COST,CPAY,CRL,CRM,CRWD,CSGP,CSX,CTRA,CTVA,CVNA,CVX,D,DD,DE,DECK,DELL,DHI,DHR,DIS,DLR,DOC,DOV,DOW,DPZ,DTE,DVA,DVN,EBAY,EG,EIX,EL,EME,EMR,EOG,EPAM,EQIX,EQR,EQT,ERIE,ES,ETN,ETR,EVRG,EW,EXE,EXPD,EXPE,EXR,F,FANG,FAST,FCX,FDS,FE,FER,FFIV,FICO,FIS,FISV,FITB,FOX,FOXA,FRT,FTV,GD,GE,GEHC,GEN,GEV,GILD,GIS,GL,GLW,GM,GNRC,GOOG,GOOGL,GPN,GRMN,GS,HAL,HAS,HBAN,HCA,HD,HON,HOOD,HPE,HPQ,HSIC,HST,HSY,HUBB,IBKR,IBM,IEX,IFF,INCY,INSM,INTU,INVH,IP,IQV,IR,ISRG,IT,ITW,IVZ,J,JBHT,JBL,JKHY,JNJ,JPM,KEY,KEYS,KIM,KKR,KLAC,KMB,KMI,KVUE,L,LEN,LH,LHX,LII,LIN,LMT,LNT,LOW,LRCX,LULU,LVS,LYB,LYV,MA,MAR,MAS,MCD,MCHP,MCO,MDT,MELI,MET,MGM,MKC,MLM,MMM,MNST,MOS,MPC,MPWR,MRK,MRNA,MRSH,MRVL,MS,MSCI,MSI,MSTR,MTB,MTCH,MTD,MU,NCLH,NDSN,NEE,NFLX,NI,NKE,NOC,NSC,NTAP,NTRS,NUE,NVDA,NVR,NWS,NWSA,NXPI,O,ODFL,OKE,OMC,ON,OTIS,OXY,PANW,PAYC,PAYX,PCAR,PCG,PDD,PEG,PEP,PFE,PFG,PG,PGR,PH,PHM,PKG,PLD,PM,PNC,PNR,PNW,PODD,POOL,PPG,PPL,PRU,PSA,PSKY,PSX,PTC,PYPL,QCOM,QQQ,RCL,REG,REGN,RF,RJF,RL,ROK,ROL,ROP,ROST,RSG,RTX,RVTY,SBUX,SCHW,SHOP,SHW,SLB,SMCI,SNA,SNDK,SNPS,SO,SOLV,SPG,SPGI,SPY,SRE,STE,STLD,STT,STX,STZ,SW,SWK,SWKS,SYF,SYK,SYY,T,TDG,TDY,TEAM,TECH,TEL,TER,TFC,TGT,TKO,TMO,TMUS,TPL,TPR,TRGP,TRI,TRMB,TROW,TRV,TSCO,TSN,TTD,TTWO,TXN,TXT,TYL,UAL,UHS,ULTA,UNP,UPS,URI,USB,V,VICI,VLO,VLTO,VMC,VRSK,VST,VTR,VTRS,VZ,WAB,WAT,WBD,WDAY,WDC,WEC,WELL,WM,WMB,WMT,WSM,WST,WTW,WY,WYNN,XEL,XOM,XYZ,YUM,ZBH,ZBRA,ZS,ZTS",35,413,[],[]
2025-05-05,"AWK,BF.B,CCI,CI,CL,CNC,CNP,COR,CPRT,CTAS,DG,DGX,DLTR,DRI,DUK,ED,ELV,EXC,FSLR,INTC,KDP,KO,KR,LDOS,LW,MCK,MDLZ,MO,PWR,SBAC,TJX,TSLA,VRTX,WRB,^VIX","A,AAPL,ABNB,ABT,ACGL,ACN,ADBE,ADI,ADM,ADP,ADSK,AEE,AEP,AES,AFL,AIG,AIZ,AJG,AKAM,ALB,ALGN,ALL,AMAT,AMCR,AMD,AME,AMGN,AMP,AMZN,AON,AOS,APA,APD,APH,APO,APP,APTV,ARE,ARES,ASML,ATO,AVB,AVY,AXON,AXP,AZO,BA,BAC,BALL,BAX,BBY,BDX,BG,BIIB,BK,BKNG,BKR,BLDR,BLK,BMY,BR,BRK.B,BRO,BSX,BX,BXP,C,CAG,CB,CBRE,CCEP,CCL,CDNS,CF,CFG,CHD,CHRW,CIEN,CINF,CLX,CMCSA,CME,CMG,CMI,CMS,COF,COIN,COO,COP,COST,CPAY,CRL,CRM,CRWD,CSGP,CSX,CTRA,CTVA,CVNA,CVX,D,DD,DE,DECK,DELL,DHI,DHR,DIS,DLR,DOC,DOV,DOW,DPZ,DTE,DVA,DVN,EBAY,EG,EIX,EL,EME,EMR,EOG,EPAM,EQIX,EQR,EQT,ERIE,ES,ETN,ETR,EVRG,EW,EXE,EXPD,EXPE,EXR,F,FANG,FAST,FCX,FDS,FE,FER,FFIV,FICO,FIS,FISV,FITB,FOX,FOXA,FRT,FTV,GD,GE,GEHC,GEN,GEV,GILD,GIS,GL,GLW,GM,GNRC,GOOG,GOOGL,GPC,GPN,GRMN,GS,HAL,HAS,HBAN,HCA,HD,HON,HOOD,HPE,HPQ,HSIC,HST,HSY,HUBB,IBKR,IBM,IEX,IFF,INCY,INSM,INTU,INVH,IP,IQV,IR,ISRG,IT,ITW,IVZ,J,JBHT,JBL,JKHY,JNJ,JPM,KEY,KEYS,KHC,KIM,KKR,KLAC,KMB,KMI,KVUE,L,LEN,LH,LHX,LII,LIN,LMT,LNT,LOW,LRCX,LULU,LVS,LYB,LYV,MA,MAR,MAS,MCD,MCHP,MCO,MDT,MELI,MET,MGM,MKC,MLM,MMM,MOS,MPC,MPWR,MRK,MRNA,MRSH,MRVL,MS,MSCI,MSI,MSTR,MTB,MTCH,MTD,MU,NCLH,NDSN,NEE,NFLX,NI,NKE,NOC,NSC,NTAP,NTRS,NUE,NVDA,NVR,NWS,NWSA,NXPI,O,ODFL,OKE,OMC,ON,ORLY,OTIS,OXY,PANW,PAYC,PAYX,PCAR,PCG,PDD,PEG,PEP,PFE,PFG,PG,PGR,PH,PHM,PKG,PLD,PM,PNC,PNR,PNW,PODD,POOL,PPG,PPL,PRU,PSA,PSKY,PSX,PTC,PYPL,QCOM,QQQ,RCL,REG,REGN,RF,RJF,RL,ROK,ROL,ROP,ROST,RSG,RTX,RVTY,SBUX,SCHW,SHOP,SHW,SJM,SLB,SMCI,SNA,SNDK,SNPS,SO,SOLV,SPG,SPGI,SPY,SRE,STE,STLD,STT,STX,STZ,SW,SWK,SWKS,SYF,SYK,SYY,T,TDY,TEAM,TECH,TEL,TER,TFC,TGT,TKO,TMO,TMUS,TPL,TPR,TRGP,TRI,TRMB,TROW,TRV,TSCO,TSN,TTD,TTWO,TXN,TXT,TYL,UAL,UHS,ULTA,UNP,UPS,URI,USB,V,VICI,VLO,VLTO,VMC,VRSK,VST,VTR,VTRS,VZ,WAB,WAT,WBD,WDAY,WDC,WEC,WELL,WM,WMB,WMT,WSM,WST,WTW,WY,WYNN,XEL,XOM,XYZ,YUM,ZBH,ZBRA,ZS,ZTS",35,416,[],[]
2025-05-06,"AWK,BF.B,CCI,CI,CL,CNC,CNP,COR,CPRT,CTAS,DG,DGX,DLTR,DRI,DUK,ED,ELV,EXC,FSLR,HUM,INTC,KDP,KO,KR,LDOS,LW,MCK,MDLZ,MO,PWR,SBAC,TJX,TSLA,WRB,^VIX","A,AAPL,ABNB,ABT,ACGL,ACN,ADBE,ADI,ADM,ADP,ADSK,AEE,AEP,AES,AFL,AIG,AIZ,AJG,AKAM,ALB,ALGN,ALL,AMAT,AMCR,AMD,AME,AMGN,AMP,AMT,AMZN,AON,AOS,APA,APD,APH,APO,APP,APTV,ARE,ARES,ASML,ATO,AVB,AVY,AXON,AXP,AZO,BA,BAC,BALL,BAX,BBY,BDX,BG,BIIB,BK,BKNG,BKR,BLDR,BLK,BMY,BR,BRK.B,BRO,BSX,BX,BXP,C,CAG,CB,CBRE,CCEP,CCL,CDNS,CF,CFG,CHD,CHRW,CIEN,CINF,CLX,CMCSA,CME,CMG,CMI,CMS,COF,COIN,COO,COP,COST,CPAY,CPB,CRL,CRM,CRWD,CSGP,CSX,CTRA,CTVA,CVNA,CVX,D,DD,DE,DECK,DELL,DHI,DHR,DIS,DLR,DOC,DOV,DOW,DPZ,DTE,DVA,DVN,EBAY,EG,EIX,EL,EME,EMR,EOG,EPAM,EQIX,EQR,EQT,ERIE,ES,ETN,ETR,EVRG,EW,EXE,EXPD,EXPE,EXR,F,FANG,FAST,FCX,FDS,FE,FER,FFIV,FICO,FIS,FISV,FITB,FOX,FOXA,FRT,FTV,GD,GE,GEHC,GEN,GEV,GILD,GIS,GL,GLW,GM,GNRC,GOOG,GOOGL,GPC,GPN,GRMN,GS,HAL,HAS,HBAN,HCA,HD,HON,HOOD,HPE,HPQ,HRL,HSIC,HST,HSY,HUBB,IBKR,IBM,IEX,IFF,INCY,INSM,INTU,INVH,IP,IQV,IR,ISRG,IT,ITW,IVZ,J,JBHT,JBL,JKHY,JNJ,JPM,KEY,KEYS,KHC,KIM,KKR,KLAC,KMB,KMI,KVUE,L,LEN,LH,LHX,LII,LIN,LMT,LNT,LOW,LRCX,LULU,LVS,LYB,LYV,MA,MAR,MAS,MCD,MCHP,MCO,MDT,MELI,MET,MGM,MKC,MLM,MMM,MOS,MPC,MPWR,MRK,MRNA,MRSH,MRVL,MS,MSCI,MSI,MSTR,MTB,MTCH,MTD,MU,NCLH,NDSN,NEE,NFLX,NI,NKE,NOC,NSC,NTAP,NTRS,NUE,NVDA,NVR,NWS,NWSA,NXPI,O,ODFL,OKE,OMC,ON,ORLY,OTIS,OXY,PANW,PAYC,PAYX,PCAR,PCG,PDD,PEG,PEP,PFE,PFG,PG,PGR,PH,PHM,PKG,PLD,PM,PNC,PNR,PNW,PODD,POOL,PPG,PPL,PRU,PSA,PSKY,PSX,PTC,PYPL,QCOM,QQQ,RCL,REG,REGN,RF,RJF,RL,ROK,ROL,ROP,ROST,RSG,RTX,RVTY,SBUX,SCHW,SHOP,SHW,SJM,SLB,SMCI,SNA,SNDK,SNPS,SO,SOLV,SPG,SPGI,SPY,SRE,STE,STLD,STT,STX,STZ,SW,SWK,SWKS,SYF,SYK,SYY,T,TAP,TDY,TEAM,TECH,TEL,TER,TFC,TGT,TKO,TMO,TMUS,TPL,TPR,TRGP,TRI,TRMB,TROW,TRV,TSCO,TSN,TTD,TTWO,TXN,TXT,TYL,UAL,UHS,ULTA,UNP,UPS,URI,USB,V,VICI,VLO,VLTO,VMC,VRSK,VST,VTR,VTRS,VZ,WAB,WAT,WBD,WDAY,WDC,WEC,WELL,WM,WMB,WMT,WSM,WST,WTW,WY,WYNN,XEL,XOM,XYZ,YUM,ZBH,ZBRA,ZS,ZTS",35,420,[],[]
2025-05-07,"AVGO,AWK,BF.B,CCI,CI,CL,CNC,CNP,COR,CPRT,CTAS,DAL,DG,DGX,DLTR,DRI,DUK,ED,ELV,EXC,FIX,FSLR,FTNT,HUM,INTC,KDP,KO,KR,LDOS,LW,MCK,MDLZ,MO,PWR,SBAC,TJX,TSLA,WRB,^VIX","A,AAPL,ABNB,ABT,ACGL,ACN,ADBE,ADI,ADM,ADP,ADSK,AEE,AEP,AES,AFL,AIG,AIZ,AJG,AKAM,ALB,ALGN,ALL,AMAT,AMCR,AMD,AME,AMGN,AMP,AMT,AMZN,AON,AOS,APA,APD,APH,APO,APP,APTV,ARE,ARES,ASML,ATO,AVB,AVY,AXON,AXP,AZO,BA,BAC,BALL,BAX,BBY,BDX,BG,BIIB,BK,BKNG,BKR,BLDR,BLK,BMY,BR,BRK.B,BRO,BSX,BX,BXP,C,CAG,CB,CBRE,CCEP,CCL,CDNS,CF,CFG,CHD,CHRW,CIEN,CINF,CLX,CMCSA,CME,CMG,CMI,CMS,COF,COIN,COO,COP,COST,CPAY,CPB,CRM,CRWD,CSGP,CSX,CTRA,CTVA,CVNA,CVX,D,DD,DE,DECK,DELL,DHI,DHR,DLR,DOC,DOV,DOW,DPZ,DTE,DVA,DVN,EBAY,EG,EIX,EL,EME,EMR,EOG,EPAM,EQIX,EQR,EQT,ERIE,ETN,ETR,EVRG,EW,EXE,EXPD,EXPE,EXR,F,FANG,FAST,FCX,FDS,FE,FER,FFIV,FICO,FIS,FISV,FITB,FOX,FOXA,FRT,FTV,GD,GE,GEHC,GEV,GILD,GIS,GL,GLW,GM,GNRC,GOOG,GOOGL,GPC,GPN,GRMN,GS,HAL,HAS,HBAN,HCA,HD,HON,HOOD,HPE,HPQ,HRL,HSIC,HST,HSY,HUBB,IBKR,IBM,IEX,IFF,INCY,INSM,INTU,INVH,IP,IQV,IR,ISRG,IT,ITW,IVZ,J,JBHT,JBL,JKHY,JNJ,JPM,KEY,KEYS,KHC,KIM,KKR,KLAC,KMB,KMI,KVUE,L,LEN,LH,LHX,LII,LIN,LMT,LNT,LOW,LRCX,LULU,LVS,LYB,LYV,MA,MAR,MAS,MCD,MCHP,MCO,MDT,MELI,MET,MGM,MKC,MLM,MMM,MOS,MPC,MPWR,MRK,MRNA,MRSH,MRVL,MS,MSCI,MSI,MSTR,MTB,MTCH,MTD,MU,NCLH,NDSN,NEE,NFLX,NKE,NOC,NSC,NTAP,NTRS,NUE,NVDA,NVR,NWS,NWSA,NXPI,O,ODFL,OKE,OMC,ON,ORLY,OTIS,OXY,PANW,PAYC,PAYX,PCAR,PCG,PDD,PEG,PEP,PFE,PFG,PG,PGR,PH,PHM,PKG,PLD,PM,PNC,PNR,PNW,PODD,POOL,PPG,PPL,PRU,PSA,PSKY,PSX,PTC,PYPL,QCOM,QQQ,RCL,REG,REGN,RF,RJF,RL,ROL,ROP,ROST,RSG,RTX,RVTY,SBUX,SCHW,SHOP,SHW,SJM,SLB,SMCI,SNA,SNDK,SNPS,SO,SOLV,SPG,SPGI,SPY,SRE,STE,STLD,STT,STX,STZ,SW,SWK,SWKS,SYF,SYK,SYY,T,TAP,TDY,TEAM,TECH,TEL,TER,TFC,TGT,TKO,TMO,TMUS,TPL,TPR,TRGP,TRI,TRMB,TROW,TRV,TSCO,TSN,TTD,TTWO,TXN,TXT,TYL,UAL,UHS,ULTA,UNP,UPS,URI,USB,V,VICI,VLO,VLTO,VMC,VST,VTR,VTRS,VZ,WAB,WAT,WBD,WDAY,WDC,WEC,WELL,WM,WMB,WMT,WSM,WST,WTW,WY,WYNN,XEL,XOM,XYZ,YUM,ZBH,ZBRA,ZS,ZTS",39,413,[],[]
2025-05-08,"AVGO,AWK,BF.B,CCI,CI,CL,CNC,CNP,COR,CPRT,CTAS,DAL,DG,DGX,DLTR,DRI,DUK,ELV,EXC,FIX,FSLR,HUM,INTC,KDP,KO,KR,LDOS,LW,MCK,MDLZ,MO,PWR,SBAC,TJX,TSLA,WRB,^VIX","A,AAPL,ABNB,ABT,ACGL,ACN,ADBE,ADI,ADM,ADP,AEE,AEP,AFL,AIG,AIZ,AJG,AKAM,ALB,ALGN,ALL,AMAT,AMCR,AMD,AME,AMGN,AMP,AMT,AMZN,AON,AOS,APA,APD,APH,APO,APTV,ARE,ARES,ASML,ATO,AVB,AVY,AXP,AZO,BA,BAC,BALL,BAX,BBY,BDX,BG,BIIB,BKNG,BKR,BLDR,BLK,BMY,BR,BRK.B,BRO,BSX,BX,BXP,C,CAG,CB,CBRE,CCEP,CCL,CDNS,CF,CFG,CHD,CHRW,CIEN,CINF,CLX,CMCSA,CME,CMG,CMI,CMS,COF,COIN,COO,COP,COST,CPAY,CPB,CRM,CRWD,CSGP,CSX,CTRA,CVX,D,DD,DE,DELL,DHI,DHR,DLR,DOC,DOV,DOW,DPZ,DTE,DVA,DVN,EBAY,EG,EIX,EL,EME,EMR,EOG,EQIX,EQR,EQT,ERIE,ETN,ETR,EVRG,EW,EXE,EXPD,EXPE,EXR,F,FANG,FAST,FCX,FDS,FE,FER,FFIV,FICO,FIS,FISV,FITB,FOX,FOXA,FRT,FTV,GD,GE,GEHC,GEV,GILD,GIS,GL,GLW,GM,GNRC,GOOG,GOOGL,GPC,GPN,GRMN,GS,HAL,HAS,HBAN,HCA,HD,HON,HPE,HPQ,HRL,HSIC,HST,HSY,HUBB,IBKR,IBM,IEX,IFF,INCY,INSM,INVH,IP,IQV,IR,ISRG,IT,ITW,IVZ,J,JBHT,JBL,JNJ,JPM,KEY,KEYS,KHC,KIM,KKR,KLAC,KMB,KMI,KVUE,L,LEN,LH,LHX,LII,LIN,LMT,LNT,LOW,LRCX,LULU,LVS,LYB,LYV,MA,MAR,MAS,MCD,MCHP,MCO,MDT,MET,MGM,MKC,MLM,MMM,MOS,MPWR,MRK,MRNA,MRSH,MRVL,MS,MSCI,MSI,MTB,MTCH,MTD,NCLH,NDSN,NEE,NFLX,NKE,NOC,NSC,NTAP,NTRS,NUE,NVDA,NVR,NWS,NWSA,NXPI,O,ODFL,OKE,OMC,ON,ORLY,OTIS,OXY,PANW,PAYX,PCAR,PCG,PDD,PEG,PEP,PFE,PFG,PG,PGR,PH,PHM,PKG,PLD,PM,PNC,PNR,PNW,PODD,POOL,PPG,PPL,PRU,PSA,PSKY,PSX,PTC,PYPL,QCOM,QQQ,RCL,REG,REGN,RF,RJF,ROL,ROP,ROST,RSG,RTX,RVTY,SBUX,SCHW,SHOP,SHW,SJM,SLB,SMCI,SNA,SNDK,SNPS,SO,SOLV,SPG,SPGI,SPY,SRE,STE,STLD,STT,STX,STZ,SW,SWK,SWKS,SYF,SYK,SYY,T,TAP,TDY,TEAM,TECH,TEL,TER,TFC,TGT,TKO,TMO,TMUS,TPL,TPR,TRGP,TRI,TRMB,TROW,TRV,TSCO,TSN,TTWO,TXN,TXT,TYL,UAL,UHS,ULTA,UNP,UPS,URI,USB,V,VICI,VLO,VLTO,VMC,VST,VTR,VZ,WAB,WAT,WBD,WDAY,WDC,WEC,WELL,WM,WMB,WMT,WSM,WST,WTW,WY,WYNN,XEL,XOM,XYZ,YUM,ZBH,ZBRA,ZS,ZTS",37,393,[],[]
2025-05-09,"AVGO,AWK,BF.B,CCI,CI,CL,CNC,CNP,COR,CPRT,CTAS,DAL,DG,DGX,DLTR,DRI,DUK,ELV,EXC,FIX,FSLR,HII,HUM,INTC,KDP,KO,KR,LDOS,LW,MCK,MDLZ,MO,NEM,PWR,SBAC,TJX,TSLA,WRB,^VIX","A,AAPL,ABNB,ABT,ACGL,ACN,ADBE,ADI,ADM,ADP,AEE,AEP,AFL,AIG,AIZ,AJG,AKAM,ALB,ALGN,ALL,AMAT,AMCR,AMD,AME,AMGN,AMP,AMT,AMZN,AON,AOS,APA,APD,APH,APO,APTV,ARE,ARES,ASML,ATO,AVB,AVY,AXP,AZO,BA,BAC,BALL,BAX,BBY,BDX,BG,BIIB,BKNG,BKR,BLDR,BLK,BMY,BR,BRK.B,BRO,BSX,BX,BXP,C,CAG,CB,CBRE,CCEP,CCL,CDNS,CF,CFG,CHD,CHRW,CIEN,CINF,CLX,CMCSA,CME,CMG,CMI,CMS,COF,COIN,COO,COP,COST,CPAY,CPB,CRM,CRWD,CSGP,CSX,CTRA,CVX,D,DD,DE,DELL,DHI,DHR,DLR,DOC,DOV,DOW,DPZ,DTE,DVA,DVN,EBAY,EG,EIX,EL,EME,EMR,EOG,EQIX,EQR,EQT,ERIE,ETN,ETR,EVRG,EW,EXE,EXPD,EXPE,EXR,F,FANG,FAST,FCX,FDS,FE,FER,FFIV,FICO,FIS,FISV,FITB,FOX,FOXA,FRT,FTV,GD,GE,GEHC,GEV,GILD,GIS,GL,GLW,GM,GNRC,GOOG,GOOGL,GPC,GPN,GRMN,GS,HAL,HAS,HBAN,HCA,HD,HON,HPE,HPQ,HRL,HSIC,HST,HSY,HUBB,IBKR,IBM,IEX,IFF,INCY,INSM,INVH,IP,IQV,IR,ISRG,IT,ITW,IVZ,J,JBHT,JBL,JNJ,JPM,KEY,KEYS,KHC,KIM,KKR,KLAC,KMB,KMI,KVUE,L,LEN,LH,LHX,LII,LIN,LMT,LNT,LOW,LRCX,LULU,LVS,LYB,LYV,MA,MAR,MAS,MCD,MCO,MDT,MET,MGM,MKC,MLM,MMM,MOS,MPWR,MRK,MRNA,MRSH,MRVL,MS,MSCI,MSI,MTB,MTCH,MTD,NCLH,NDSN,NFLX,NKE,NOC,NSC,NTAP,NTRS,NUE,NVDA,NVR,NWS,NWSA,NXPI,O,ODFL,OKE,OMC,ON,ORLY,OTIS,OXY,PANW,PAYX,PCAR,PCG,PDD,PEG,PEP,PFE,PFG,PG,PGR,PH,PHM,PKG,PLD,PM,PNC,PNR,PNW,POOL,PPG,PPL,PRU,PSA,PSX,PTC,PYPL,QCOM,QQQ,RCL,REG,REGN,RF,RJF,ROL,ROP,ROST,RSG,RTX,RVTY,SBUX,SCHW,SHOP,SHW,SJM,SLB,SMCI,SNA,SNDK,SNPS,SO,SPG,SPGI,SPY,SRE,STE,STLD,STT,STX,STZ,SW,SWK,SWKS,SYF,SYK,SYY,T,TAP,TDY,TEAM,TECH,TEL,TER,TFC,TGT,TKO,TMO,TMUS,TPL,TPR,TRGP,TRI,TRMB,TROW,TRV,TSCO,TSN,TTWO,TXN,TXT,TYL,UAL,UHS,ULTA,UNP,UPS,URI,USB,V,VICI,VLO,VLTO,VMC,VST,VTR,VZ,WAB,WAT,WBD,WDAY,WDC,WEC,WELL,WM,WMB,WMT,WSM,WST,WTW,WY,WYNN,XEL,XOM,XYZ,YUM,ZBH,ZBRA,ZS,ZTS",39,388,[],[]
2025-05-12,"AVGO,BF.B,CL,CNC,COR,CPRT,CTAS,DAL,DG,DGX,DLTR,DRI,ELV,FIX,FSLR,HII,HUM,INTC,KDP,KO,LDOS,LW,MCK,MDLZ,PWR,SBAC,TJX,TSLA,WRB","ABT,ACGL,ADP,AEE,AEP,AFL,AIG,AIZ,AJG,AKAM,ALB,ALGN,ALL,AMCR,AMD,AMGN,AMT,AON,AOS,APD,APH,ARE,ARES,ATO,AVB,AZO,BA,BALL,BAX,BDX,BG,BIIB,BKNG,BKR,BLDR,BLK,BMY,BR,BRK.B,BRO,BSX,BXP,CAG,CB,CBRE,CCEP,CDNS,CF,CHD,CIEN,CINF,CLX,CMCSA,CME,CMG,CMS,COF,COIN,COO,COP,COST,CPB,CRM,CRWD,CSGP,CTRA,CVX,D,DE,DHI,DHR,DLR,DOC,DOV,DOW,DPZ,DTE,DVA,DVN,EBAY,EG,EIX,EME,EOG,EQIX,EQR,EQT,ERIE,ETN,ETR,EVRG,EW,EXE,EXPE,EXR,F,FAST,FCX,FDS,FE,FER,FICO,FIS,FISV,GD,GE,GEHC,GEV,GILD,GIS,GL,GLW,GOOG,GOOGL,GPC,GRMN,HAL,HAS,HCA,HON,HRL,HSIC,HSY,IBM,IEX,IFF,INCY,INSM,INVH,IQV,ISRG,IT,ITW,IVZ,J,JNJ,JPM,KHC,KIM,KKR,KMB,KMI,KVUE,L,LEN,LH,LHX,LII,LIN,LMT,LNT,LYV,MA,MCD,MCO,MET,MKC,MLM,MOS,MRK,MRNA,MRSH,MRVL,MSCI,MSI,MTCH,NCLH,NFLX,NOC,NUE,NVR,NWS,NWSA,O,OKE,OMC,ORLY,OTIS,PANW,PAYX,PCAR,PCG,PDD,PEG,PEP,PFE,PG,PGR,PHM,PKG,PM,PNR,PNW,POOL,PPL,PRU,PSA,PYPL,QCOM,RCL,REG,REGN,ROL,ROP,RSG,RTX,RVTY,SBUX,SCHW,SHW,SJM,SLB,SMCI,SNA,SO,SPGI,SRE,STLD,STT,STX,STZ,SYK,SYY,T,TAP,TDY,TEAM,TKO,TMO,TMUS,TPL,TRGP,TRI,TRV,TSCO,TSN,TTWO,TYL,UAL,UHS,URI,V,VICI,VLTO,VMC,VST,VTR,VZ,WAB,WBD,WDC,WEC,WELL,WM,WMB,WMT,WST,WTW,XEL,XOM,XYZ,YUM,ZBH,ZTS",29,264,[],[]
2025-05-13,"AVGO,BF.B,CL,CNC,COR,CPRT,CTAS,DAL,DG,DGX,DLTR,DRI,FIX,FSLR,HII,INTC,KDP,KO,LDOS,LW,MCK,PWR,SBAC,TJX,TSLA,WRB","ABT,ACGL,ADP,AEE,AEP,AFL,AIG,AIZ,AJG,AKAM,ALB,ALGN,ALL,AMCR,AMGN,AMT,AON,AOS,APD,APH,ARE,ARES,ATO,AVB,AZO,BA,BALL,BAX,BDX,BIIB,BKNG,BKR,BLK,BMY,BR,BRK.B,BRO,BSX,BXP,CAG,CB,CBRE,CCEP,CDNS,CHD,CIEN,CINF,CLX,CMCSA,CME,CMG,CMS,COF,COO,COP,COST,CPB,CRM,CRWD,CSGP,CTRA,CVX,D,DE,DHI,DHR,DLR,DOC,DOV,DOW,DPZ,DTE,DVA,DVN,EBAY,EG,EIX,EME,EOG,EQIX,EQR,EQT,ERIE,ETR,EVRG,EW,EXE,EXPE,EXR,F,FAST,FCX,FDS,FE,FER,FICO,FIS,FISV,GD,GEHC,GILD,GIS,GL,GLW,GOOG,GOOGL,GPC,GRMN,HAL,HAS,HCA,HON,HRL,HSIC,HSY,IBM,IEX,IFF,INCY,INSM,INVH,IQV,ISRG,IT,ITW,IVZ,J,JNJ,JPM,KHC,KIM,KKR,KMB,KMI,KVUE,L,LEN,LH,LHX,LII,LIN,LMT,LNT,MA,MCD,MCO,MET,MKC,MLM,MRK,MRNA,MRSH,MRVL,MSCI,MSI,MTCH,NCLH,NFLX,NOC,NUE,NVR,NWS,NWSA,O,OKE,OMC,ORLY,OTIS,PANW,PAYX,PCAR,PCG,PDD,PEG,PEP,PFE,PG,PGR,PHM,PKG,PM,PNR,PNW,POOL,PPL,PRU,PSA,PYPL,QCOM,RCL,REG,REGN,ROL,ROP,RSG,RTX,RVTY,SBUX,SCHW,SHW,SJM,SLB,SMCI,SNA,SO,SPGI,SRE,STLD,STT,STX,STZ,SYK,SYY,T,TAP,TDY,TEAM,TKO,TMO,TMUS,TPL,TRGP,TRI,TRV,TSCO,TSN,TTWO,TYL,UAL,UHS,URI,V,VICI,VLTO,VMC,VTR,VZ,WAB,WBD,WEC,WELL,WM,WMB,WMT,WST,WTW,XEL,XOM,XYZ,YUM,ZBH,ZTS",26,252,[],[]
2025-05-14,"AVGO,BF.B,CL,CNC,COR,CPRT,CTAS,DAL,DG,DGX,DLTR,DRI,FIX,FSLR,HII,INTC,KDP,KO,LDOS,LW,MCK,PWR,SBAC,TJX,TSLA,WRB","ABT,ACGL,ADP,AEE,AEP,AFL,AIG,AIZ,AJG,AKAM,ALB,ALGN,ALL,AMCR,AMGN,AMT,AON,AOS,APD,APH,ARE,ARES,ATO,AVB,AZO,BALL,BAX,BDX,BIIB,BKNG,BKR,BLK,BMY,BR,BRK.B,BRO,BSX,BXP,CAG,CB,CBRE,CCEP,CDNS,CHD,CIEN,CINF,CLX,CMCSA,CME,CMG,CMS,COF,COO,COP,COST,CPB,CRM,CRWD,CSGP,CTRA,CVX,D,DE,DHI,DHR,DLR,DOC,DOV,DOW,DPZ,DTE,DVA,DVN,EBAY,EG,EIX,EME,EOG,EQIX,EQR,EQT,ERIE,ETR,EVRG,EW,EXE,EXPE,EXR,F,FAST,FCX,FDS,FE,FICO,FIS,FISV,GD,GEHC,GILD,GIS,GL,GLW,GOOG,GOOGL,GRMN,HAL,HAS,HCA,HON,HRL,HSIC,HSY,IBM,IEX,IFF,INCY,INSM,INVH,IQV,ISRG,IT,ITW,IVZ,J,JNJ,JPM,KHC,KIM,KKR,KMB,KMI,KVUE,L,LEN,LH,LHX,LII,LIN,LMT,LNT,MA,MCD,MCO,MET,MKC,MLM,MRK,MRNA,MRSH,MRVL,MSCI,MSI,MTCH,NCLH,NFLX,NOC,NUE,NVR,NWS,NWSA,O,OKE,OMC,ORLY,OTIS,PANW,PAYX,PCAR,PCG,PDD,PEG,PEP,PFE,PG,PGR,PHM,PKG,PM,PNR,PNW,POOL,PPL,PRU,PSA,PYPL,QCOM,RCL,REG,REGN,ROL,ROP,RSG,RTX,RVTY,SBUX,SCHW,SHW,SJM,SLB,SNA,SO,SPGI,SRE,STLD,STT,STX,STZ,SYK,SYY,T,TAP,TDY,TEAM,TKO,TMO,TMUS,TPL,TRGP,TRI,TRV,TSCO,TSN,TTWO,TYL,UAL,UHS,URI,V,VICI,VLTO,VMC,VTR,VZ,WAB,WBD,WEC,WELL,WM,WMB,WMT,WST,WTW,XEL,XOM,XYZ,YUM,ZBH,ZTS",26,248,[],[]
2025-05-15,"AVGO,BF.B,CL,CNC,COR,CPRT,CTAS,DAL,DG,DGX,DLTR,DRI,FIX,FSLR,HII,INTC,KDP,KO,LDOS,LLY,LW,MCK,PWR,SBAC,TJX,TSLA,WRB","ABT,ACGL,ADP,AEE,AEP,AFL,AIG,AIZ,AJG,AKAM,ALB,ALGN,ALL,AMCR,AMGN,AMT,AON,AOS,APD,APH,ARE,ARES,ATO,AVB,AZO,BALL,BAX,BDX,BIIB,BKNG,BKR,BLK,BMY,BR,BRK.B,BRO,BSX,BXP,CAG,CB,CBRE,CCEP,CDNS,CHD,CIEN,CINF,CLX,CMCSA,CME,CMG,CMS,COF,COO,COP,COST,CPB,CRM,CRWD,CSGP,CTRA,CVX,D,DE,DHI,DHR,DLR,DOC,DOV,DOW,DPZ,DTE,DVA,DVN,EBAY,EG,EIX,EME,EOG,EQIX,EQR,EQT,ERIE,ETR,EVRG,EW,EXE,EXPE,EXR,F,FAST,FCX,FE,FICO,FIS,FISV,GD,GEHC,GILD,GIS,GL,GLW,GOOG,GOOGL,GRMN,HAL,HAS,HCA,HON,HSIC,HSY,IEX,IFF,INCY,INSM,INVH,IQV,ISRG,IT,ITW,IVZ,J,JNJ,JPM,KHC,KIM,KKR,KMB,KMI,KVUE,L,LEN,LH,LHX,LII,LIN,LMT,LNT,MA,MCD,MCO,MET,MKC,MLM,MRK,MRNA,MRSH,MRVL,MSCI,MSI,MTCH,NCLH,NOC,NUE,NVR,NWS,NWSA,O,OKE,OMC,ORLY,OTIS,PANW,PAYX,PCAR,PCG,PDD,PEG,PEP,PFE,PG,PGR,PHM,PKG,PM,PNR,PNW,POOL,PPL,PRU,PSA,PYPL,QCOM,RCL,REG,REGN,ROL,ROP,RSG,RVTY,SBUX,SHW,SJM,SLB,SNA,SO,SPGI,SRE,STLD,STT,STX,STZ,SYK,SYY,T,TAP,TDY,TEAM,TKO,TMO,TMUS,TPL,TRGP,TRI,TRV,TSCO,TSN,TTWO,TYL,UAL,UHS,UNH,URI,V,VICI,VLTO,VMC,VTR,VZ,WAB,WBD,WEC,WELL,WM,WMB,WMT,WST,WTW,XEL,XOM,XYZ,YUM,ZBH,ZTS",27,243,[],[]
2025-05-16,"AVGO,BF.B,CL,CNC,COR,CPRT,CTAS,DAL,DG,DGX,DLTR,DRI,FIX,FSLR,HII,INTC,KDP,KO,LDOS,LLY,LW,MCK,PWR,SBAC,TJX,TSLA,WRB","ABT,ACGL,ADP,AEE,AEP,AFL,AIG,AIZ,AJG,AKAM,ALB,ALGN,AMCR,AMGN,AMT,AON,AOS,APD,APH,ARE,ARES,ATO,AVB,AZO,BALL,BAX,BDX,BIIB,BKNG,BKR,BLK,BMY,BR,BRK.B,BRO,BSX,BXP,CAG,CB,CBRE,CCEP,CDNS,CHD,CIEN,CINF,CLX,CMCSA,CME,CMG,CMS,COF,COO,COP,COST,CPB,CRM,CRWD,CSGP,CTRA,CVX,D,DE,DHI,DHR,DLR,DOV,DOW,DPZ,DTE,DVA,DVN,EBAY,EG,EIX,EME,EOG,EQIX,EQR,EQT,ERIE,ETR,EVRG,EXE,EXPE,EXR,F,FAST,FCX,FE,FICO,FIS,FISV,GD,GEHC,GILD,GIS,GL,GLW,GOOG,GOOGL,GRMN,HAL,HAS,HCA,HON,HSIC,HSY,IEX,IFF,INCY,INSM,INVH,IQV,ISRG,IT,ITW,IVZ,J,JNJ,JPM,KHC,KIM,KKR,KMB,KMI,KVUE,L,LEN,LH,LHX,LII,LIN,LMT,LNT,MA,MCD,MCO,MET,MKC,MLM,MOH,MRK,MRNA,MRSH,MRVL,MSCI,MSI,MTCH,NCLH,NOC,NUE,NVR,NWS,NWSA,O,OKE,OMC,ORLY,PANW,PAYX,PCAR,PCG,PDD,PEG,PEP,PFE,PG,PGR,PHM,PKG,PM,PNR,PNW,POOL,PPL,PRU,PSA,PYPL,QCOM,RCL,REG,REGN,ROL,ROP,RSG,RVTY,SBUX,SHW,SLB,SNA,SO,SPGI,STLD,STT,STX,SYK,SYY,T,TAP,TDY,TEAM,TKO,TMO,TMUS,TPL,TRGP,TRI,TRV,TSCO,TSN,TTWO,TYL,UAL,UHS,UNH,URI,V,VICI,VLTO,VMC,VTR,VZ,WAB,WBD,WEC,WELL,WM,WMB,WMT,WST,WTW,XOM,XYZ,YUM,ZBH,ZTS",27,236,[],[]
2025-05-19,"AVGO,BF.B,CL,CNC,COR,CPRT,CTAS,DAL,DG,DGX,DLTR,DRI,EFX,FIX,FSLR,HII,INTC,KDP,KO,LDOS,LLY,LW,MCK,PWR,SBAC,TJX,TSLA,WRB","ABT,ACGL,AEE,AEP,AFL,AIG,AIZ,AJG,AKAM,ALB,ALGN,AMCR,AMGN,AMT,AON,AOS,APD,APH,ARE,ARES,ATO,AVB,BALL,BAX,BDX,BKNG,BKR,BLK,BMY,BR,BRK.B,BRO,BSX,BXP,CAG,CB,CBRE,CCEP,CDNS,CHD,CIEN,CINF,CLX,CMCSA,CME,CMG,CMS,COF,COO,COP,COST,CPB,CRM,CRWD,CSGP,CTRA,CVX,D,DE,DHI,DHR,DLR,DOV,DOW,DPZ,DTE,DVA,DVN,EBAY,EG,EIX,EME,EOG,EQIX,EQR,EQT,ERIE,ETR,EVRG,EXE,EXPE,EXR,F,FAST,FCX,FE,FICO,FIS,FISV,GD,GEHC,GILD,GIS,GL,GLW,GOOG,GOOGL,GRMN,HAL,HAS,HCA,HON,HSIC,HSY,IEX,IFF,INCY,INSM,INVH,IQV,ISRG,IT,ITW,IVZ,J,JNJ,JPM,KHC,KIM,KKR,KMI,KVUE,L,LEN,LH,LHX,LII,LIN,LMT,LNT,MA,MCD,MCO,MET,MKC,MLM,MOH,MRK,MRNA,MRSH,MRVL,MSCI,MSI,MTCH,NCLH,NOC,NUE,NVR,NWS,NWSA,O,OKE,OMC,ORLY,PANW,PCAR,PCG,PDD,PEG,PEP,PFE,PG,PGR,PHM,PKG,PM,PNR,PNW,POOL,PPL,PRU,PSA,PYPL,QCOM,RCL,REG,REGN,ROL,ROP,RSG,RVTY,SBUX,SHW,SLB,SNA,SO,SPGI,STLD,STT,STX,SYK,SYY,T,TAP,TDY,TEAM,TKO,TMO,TMUS,TPL,TRGP,TRV,TSCO,TSN,TTWO,TYL,UAL,UHS,UNH,URI,V,VICI,VLTO,VMC,VTR,VZ,WAB,WBD,WELL,WM,WMB,WMT,WST,WTW,XOM,XYZ,YUM,ZBH,ZTS",28,229,[],[]
2025-05-20,"AVGO,BF.B,CL,CNC,COR,CPRT,CTAS,DAL,DG,DGX,DLTR,DRI,EFX,FIX,FSLR,HII,INTC,KDP,KO,LDOS,LLY,LW,MCK,PWR,SBAC,TJX,TSLA,WRB","ABT,ACGL,AEE,AEP,AFL,AIG,AIZ,AJG,AKAM,ALB,ALGN,AMCR,AMGN,AMT,AON,AOS,APD,APH,ARE,ARES,ATO,AVB,BALL,BAX,BDX,BKNG,BKR,BLK,BMY,BR,BRK.B,BRO,BSX,BXP,CAG,CB,CBRE,CCEP,CDNS,CHD,CIEN,CINF,CLX,CMCSA,CME,CMG,CMS,COF,COO,COP,COST,CPB,CRM,CRWD,CSGP,CTRA,CVX,DE,DHI,DHR,DLR,DOV,DOW,DPZ,DTE,DVA,DVN,EBAY,EG,EIX,EME,EOG,EQIX,EQR,EQT,ERIE,ETR,EVRG,EXE,EXPE,EXR,F,FAST,FCX,FE,FICO,FIS,FISV,GD,GEHC,GIS,GL,GLW,GOOG,GOOGL,GRMN,HAL,HAS,HCA,HON,HSIC,HSY,IEX,IFF,INCY,INSM,INVH,IQV,ISRG,IT,ITW,IVZ,J,JNJ,JPM,KHC,KIM,KKR,KMI,KVUE,L,LEN,LH,LHX,LII,LIN,LMT,LNT,MA,MCD,MCO,MET,MKC,MLM,MOH,MRK,MRNA,MRSH,MRVL,MSCI,MSI,MTCH,NCLH,NOC,NUE,NVR,NWS,NWSA,O,OKE,OMC,ORLY,PANW,PCAR,PCG,PDD,PEG,PEP,PFE,PG,PGR,PHM,PKG,PM,PNR,PNW,POOL,PPL,PRU,PSA,PYPL,QCOM,RCL,REG,REGN,ROL,ROP,RSG,RVTY,SBUX,SHW,SLB,SNA,SPGI,STLD,STT,STX,SYK,SYY,T,TAP,TDY,TEAM,TKO,TMO,TMUS,TPL,TRGP,TRV,TSCO,TSN,TTWO,TYL,UAL,UHS,UNH,URI,V,VICI,VLTO,VMC,VTR,VZ,WAB,WBD,WELL,WM,WMB,WMT,WST,WTW,XOM,XYZ,YUM,ZBH,ZTS",28,226,[],[]
2025-05-21,"ALLE,AVGO,BF.B,CL,CNC,COR,CPRT,CTAS,DAL,DG,DLTR,DRI,FIX,FSLR,HII,INTC,KDP,KO,LDOS,LLY,LW,MCK,NOW,PWR,RMD,SBAC,TJX,TSLA,WRB","ABT,ACGL,AEE,AEP,AFL,AIG,AIZ,AJG,AKAM,ALB,ALGN,AMCR,AMGN,AMT,AON,AOS,APD,APH,ARE,ARES,ATO,AVB,BALL,BAX,BDX,BKNG,BKR,BLK,BMY,BR,BRK.B,BRO,BSX,BXP,CAG,CB,CBRE,CCEP,CDNS,CHD,CIEN,CINF,CLX,CMCSA,CME,CMG,CMS,COF,COO,COP,COST,CPB,CRM,CRWD,CSGP,CTRA,CVX,DE,DHI,DHR,DLR,DOV,DOW,DPZ,DTE,DVA,DVN,EBAY,EG,EIX,EME,EOG,EQIX,EQR,EQT,ERIE,ETR,EVRG,EXE,EXPE,EXR,F,FAST,FCX,FE,FICO,FIS,FISV,GD,GEHC,GIS,GL,GLW,GOOG,GOOGL,GRMN,HAL,HAS,HCA,HON,HSIC,HSY,IEX,IFF,INCY,INSM,INVH,IQV,ISRG,IT,ITW,IVZ,J,JNJ,JPM,KHC,KIM,KKR,KMI,KVUE,L,LEN,LH,LHX,LII,LIN,LMT,LNT,MA,MCD,MCO,MET,MKC,MLM,MOH,MRK,MRNA,MRSH,MRVL,MSCI,MSI,MTCH,NCLH,NOC,NUE,NVR,NWS,NWSA,O,OKE,OMC,ORLY,PANW,PCAR,PCG,PDD,PEG,PEP,PFE,PG,PGR,PHM,PKG,PM,PNR,PNW,POOL,PPL,PRU,PSA,PYPL,QCOM,RCL,REG,REGN,ROL,ROP,RSG,RVTY,SBUX,SHW,SLB,SNA,SPGI,STLD,STT,STX,SYK,SYY,T,TAP,TDY,TEAM,TKO,TMO,TMUS,TPL,TRGP,TRV,TSCO,TSN,TTWO,TYL,UAL,UHS,UNH,URI,V,VICI,VLTO,VMC,VTR,VZ,WAB,WBD,WELL,WM,WMB,WMT,WST,WTW,XOM,XYZ,YUM,ZBH,ZTS",29,226,[],[]
2025-05-22,"ALLE,AVGO,CHTR,CL,CNC,COR,CPRT,CTAS,DAL,DG,DLTR,DRI,FIX,FSLR,HII,INTC,KDP,KO,LDOS,LLY,LW,MCK,NOW,PWR,RMD,SBAC,TJX,TSLA,VRSN,WRB","ABT,ACGL,AEE,AEP,AFL,AIG,AIZ,AJG,AKAM,ALB,ALGN,AMCR,AMGN,AMT,AON,AOS,APD,APH,ARE,ARES,ATO,AVB,BALL,BAX,BDX,BKNG,BKR,BLK,BMY,BR,BRK.B,BRO,BSX,BXP,CAG,CB,CBRE,CCEP,CDNS,CHD,CIEN,CINF,CLX,CMCSA,CME,CMG,CMS,COF,COO,COP,COST,CPB,CRM,CRWD,CSGP,CTRA,CVX,DE,DHI,DHR,DLR,DOV,DOW,DPZ,DTE,DVA,DVN,EBAY,EG,EIX,EME,EOG,EQIX,EQR,EQT,ERIE,ETR,EVRG,EXE,EXPE,EXR,F,FAST,FCX,FE,FICO,FIS,FISV,GD,GEHC,GIS,GL,GLW,GOOG,GOOGL,GRMN,HAL,HAS,HCA,HON,HSIC,HSY,IEX,IFF,INCY,INSM,INVH,IQV,ISRG,IT,ITW,IVZ,J,JNJ,JPM,KHC,KIM,KKR,KMI,KVUE,L,LEN,LH,LHX,LII,LIN,LMT,LNT,MA,MCD,MCO,MET,MKC,MLM,MOH,MRK,MRNA,MRSH,MRVL,MSCI,MSI,MTCH,NCLH,NOC,NUE,NVR,NWS,NWSA,O,OKE,OMC,ORLY,PANW,PCAR,PCG,PDD,PEG,PEP,PFE,PG,PGR,PHM,PKG,PM,PNR,PNW,POOL,PPL,PRU,PSA,PYPL,QCOM,RCL,REG,REGN,ROL,ROP,RSG,RVTY,SBUX,SHW,SLB,SNA,SPGI,STLD,STT,STX,SYK,SYY,T,TAP,TDY,TEAM,TKO,TMO,TMUS,TPL,TRGP,TRV,TSCO,TSN,TTWO,TYL,UAL,UHS,UNH,URI,V,VICI,VLTO,VMC,VTR,VZ,WAB,WBD,WELL,WM,WMB,WMT,WST,WTW,XOM,XYZ,YUM,ZBH,ZTS",30,226,[],[]
2025-05-23,"ALLE,AVGO,CHTR,CL,CNC,COR,CTAS,DAL,DG,DLTR,DRI,FIX,FSLR,HII,INTC,KDP,KO,LDOS,LLY,LW,MCK,NOW,PWR,RMD,SBAC,TSLA,VRSN,WRB","ABT,ACGL,AEE,AEP,AFL,AIG,AIZ,AJG,AKAM,ALB,ALGN,AMCR,AMGN,AMT,AON,AOS,APD,APH,ARE,ARES,ATO,AVB,BALL,BAX,BDX,BKNG,BKR,BLK,BMY,BR,BRK.B,BRO,BSX,BXP,CAG,CB,CBRE,CCEP,CDNS,CHD,CIEN,CINF,CLX,CMCSA,CME,CMG,CMS,COF,COO,COP,COST,CPB,CRM,CRWD,CSGP,CTRA,CVX,DE,DHI,DHR,DLR,DOV,DOW,DPZ,DTE,DVA,DVN,EBAY,EG,EIX,EME,EOG,EQIX,EQR,EQT,ERIE,ETR,EVRG,EXE,EXPE,EXR,F,FAST,FCX,FE,FICO,FIS,FISV,GD,GEHC,GIS,GL,GLW,GOOG,GOOGL,GRMN,HAL,HAS,HCA,HON,HSIC,HSY,IEX,IFF,INCY,INSM,INVH,IQV,ISRG,IT,ITW,IVZ,J,JNJ,JPM,KHC,KIM,KKR,KMI,KVUE,L,LEN,LH,LHX,LII,LIN,LMT,LNT,MA,MCD,MCO,MET,MKC,MLM,MOH,MRK,MRNA,MRSH,MRVL,MSCI,MSI,MTCH,NCLH,NOC,NUE,NVR,NWS,NWSA,O,OKE,OMC,ORLY,PANW,PCAR,PCG,PDD,PEG,PEP,PFE,PG,PGR,PHM,PKG,PM,PNR,PNW,POOL,PPL,PRU,PSA,PYPL,QCOM,RCL,REG,REGN,ROL,ROP,RSG,RVTY,SBUX,SHW,SLB,SNA,SPGI,STLD,STT,STX,SYK,SYY,T,TAP,TDY,TEAM,TKO,TMO,TMUS,TPL,TRGP,TRV,TSCO,TSN,TTWO,TYL,UAL,UHS,UNH,URI,V,VICI,VLTO,VMC,VTR,VZ,WAB,WBD,WELL,WM,WMB,WMT,WST,WTW,XOM,XYZ,YUM,ZBH,ZTS",28,226,[],[]
2025-05-27,"ALLE,AVGO,CHTR,CL,CNC,COR,CTAS,DAL,DG,DLTR,DRI,FIX,FSLR,HII,INTC,KDP,KO,LDOS,LLY,LW,MCK,NOW,PWR,RMD,SBAC,TSLA,WRB","ABT,ACGL,AEE,AEP,AFL,AIG,AIZ,AJG,AKAM,ALB,ALGN,AMCR,AMGN,AMT,AOS,APD,APH,ARE,ARES,ATO,AVB,BALL,BAX,BDX,BKNG,BKR,BLK,BMY,BR,BRK.B,BRO,BSX,BXP,CAG,CB,CBRE,CCEP,CDNS,CHD,CIEN,CINF,CLX,CMCSA,CME,CMG,CMS,COF,COO,COP,COST,CPB,CRM,CSGP,CTRA,CVX,DE,DHI,DHR,DLR,DOV,DOW,DPZ,DTE,DVA,DVN,EBAY,EG,EIX,EME,EOG,EQIX,EQR,EQT,ERIE,ETR,EVRG,EXE,EXPE,EXR,F,FAST,FCX,FE,FICO,FIS,FISV,GD,GEHC,GIS,GL,GOOG,GOOGL,GRMN,HAL,HAS,HCA,HON,HSIC,HSY,IEX,IFF,INCY,INSM,INVH,IQV,ISRG,IT,ITW,IVZ,J,JNJ,JPM,KHC,KIM,KKR,KMI,KVUE,L,LEN,LH,LII,LMT,LNT,MA,MCD,MCO,MET,MKC,MLM,MOH,MRK,MRNA,MRSH,MRVL,MSCI,MSI,MTCH,NCLH,NOC,NUE,NVR,NWS,NWSA,O,OKE,OMC,ORLY,PANW,PCAR,PCG,PDD,PEG,PEP,PFE,PG,PGR,PHM,PKG,PM,PNR,PNW,POOL,PPL,PRU,PSA,PYPL,QCOM,REG,REGN,ROL,ROP,RSG,RVTY,SBUX,SHW,SLB,SNA,SPGI,STLD,STT,SYK,SYY,T,TAP,TDY,TEAM,TKO,TMO,TMUS,TPL,TRGP,TRV,TSCO,TSN,TTWO,TYL,UAL,UHS,UNH,URI,V,VICI,VLTO,VMC,VTR,VZ,WAB,WBD,WELL,WM,WMB,WMT,WST,WTW,XOM,YUM,ZBH,ZTS",27,218,[],[]
2025-05-28,"ALLE,AVGO,CHTR,CL,CNC,COR,CTAS,DAL,DG,DLTR,DRI,FIX,FSLR,HII,INTC,KDP,KO,LDOS,LLY,LW,MCK,NOW,PWR,RMD,SBAC,TSLA,TT,WRB","ABT,ACGL,AEE,AEP,AFL,AIG,AIZ,AJG,AKAM,ALB,ALGN,AMCR,AMGN,AMT,AOS,APD,APH,ARE,ARES,ATO,AVB,BALL,BAX,BDX,BKNG,BKR,BLK,BMY,BR,BRK.B,BRO,BSX,BXP,CAG,CB,CBRE,CCEP,CDNS,CHD,CIEN,CINF,CLX,CMCSA,CME,CMG,CMS,COF,COO,COP,COST,CPB,CRM,CSGP,CTRA,CVX,DE,DHI,DHR,DLR,DOV,DOW,DPZ,DTE,DVA,DVN,EBAY,EG,EIX,EME,EOG,EQIX,EQR,EQT,ERIE,ETR,EVRG,EXE,EXPE,EXR,F,FAST,FCX,FE,FICO,FIS,FISV,GD,GEHC,GIS,GL,GOOG,GOOGL,GRMN,HAL,HAS,HCA,HON,HSIC,HSY,IEX,IFF,INCY,INSM,INVH,IQV,ISRG,IT,ITW,IVZ,J,JNJ,JPM,KHC,KIM,KKR,KMI,KVUE,L,LEN,LH,LII,LMT,LNT,MA,MCD,MCO,MET,MKC,MLM,MOH,MRK,MRNA,MRSH,MRVL,MSCI,MSI,MTCH,NCLH,NOC,NUE,NVR,NWS,NWSA,O,OKE,OMC,ORLY,PANW,PCAR,PCG,PDD,PEG,PEP,PFE,PG,PGR,PHM,PKG,PM,PNR,PNW,POOL,PPL,PRU,PSA,PYPL,QCOM,REG,REGN,ROL,ROP,RSG,RVTY,SBUX,SHW,SLB,SNA,SPGI,STLD,STT,SYK,SYY,T,TAP,TDY,TEAM,TKO,TMO,TMUS,TPL,TRGP,TRV,TSCO,TSN,TTWO,TYL,UAL,UHS,UNH,URI,V,VICI,VLTO,VMC,VTR,VZ,WAB,WBD,WELL,WM,WMB,WMT,WST,WTW,XOM,YUM,ZBH,ZTS",28,218,[],[]
2025-05-29,"ALLE,AVGO,CAH,CARR,CEG,CHTR,CL,CNC,COR,CTAS,DAL,DDOG,DG,DLTR,DRI,FIX,FSLR,GWW,HII,HLT,HWM,ICE,IDXX,INTC,JCI,KDP,KO,LDOS,LLY,LW,MCK,MSFT,NOW,NRG,PWR,RMD,SBAC,TSLA,TT,WRB","ABT,ACGL,AEE,AEP,AFL,AIG,AIZ,AJG,AKAM,ALB,ALGN,AMCR,AMGN,AMT,AOS,APD,APH,ARE,ARES,ATO,AVB,BALL,BAX,BDX,BKNG,BKR,BLK,BMY,BR,BRK.B,BRO,BSX,BXP,CAG,CB,CBRE,CCEP,CDNS,CHD,CIEN,CINF,CLX,CMCSA,CME,CMG,CMS,COF,COO,COP,COST,CPB,CRM,CSGP,CTRA,CVX,DE,DHI,DHR,DLR,DOV,DOW,DPZ,DTE,DVA,DVN,EBAY,EG,EIX,EME,EOG,EQIX,EQR,EQT,ERIE,ETR,EVRG,EXE,EXPE,EXR,F,FAST,FCX,FE,FICO,FIS,FISV,GD,GEHC,GIS,GL,GOOG,GOOGL,GRMN,HAL,HAS,HCA,HON,HSIC,HSY,IEX,IFF,INCY,INSM,INVH,IQV,ISRG,IT,ITW,IVZ,J,JNJ,JPM,KHC,KIM,KKR,KMI,KVUE,L,LEN,LH,LII,LMT,LNT,MA,MCD,MCO,MET,MKC,MLM,MOH,MRK,MRNA,MRSH,MRVL,MSCI,MSI,MTCH,NCLH,NOC,NUE,NVR,NWS,NWSA,O,OKE,OMC,ORLY,PANW,PCAR,PCG,PDD,PEG,PEP,PFE,PG,PGR,PHM,PKG,PM,PNR,PNW,POOL,PPL,PRU,PSA,PYPL,QCOM,REG,REGN,ROL,ROP,RSG,RVTY,SBUX,SHW,SLB,SNA,SPGI,STLD,STT,SYK,SYY,T,TAP,TDY,TEAM,TKO,TMO,TMUS,TPL,TRGP,TRV,TSCO,TSN,TTWO,TYL,UAL,UHS,UNH,URI,V,VICI,VLTO,VMC,VTR,VZ,WAB,WBD,WELL,WM,WMB,WMT,WST,WTW,XOM,YUM,ZBH,ZTS",40,218,[],[]
2025-05-30,"ABBV,ALLE,ARM,AVGO,BEN,CAH,CARR,CAT,CBOE,CDW,CEG,CHTR,CL,CNC,COR,CRH,CSCO,CTAS,CTSH,DAL,DDOG,DG,DLTR,DRI,DXCM,EA,ECL,FDX,FIX,FSLR,GWW,HIG,HII,HLT,HWM,ICE,IDXX,INTC,IRM,JCI,KDP,KO,LDOS,LLY,LUV,LW,MCK,META,MSFT,NDAQ,NOW,NRG,ORCL,PWR,RMD,SBAC,TSLA,TT,UBER,WFC,WRB,XYL","ABT,ACGL,AEE,AEP,AFL,AIG,AIZ,AJG,AKAM,ALB,ALGN,AMCR,AMGN,AMT,AOS,APD,APH,ARE,ARES,ATO,AVB,BALL,BAX,BDX,BKNG,BKR,BLK,BMY,BR,BRK.B,BRO,BSX,BXP,CAG,CB,CBRE,CCEP,CDNS,CHD,CIEN,CINF,CLX,CMCSA,CME,CMG,CMS,COF,COO,COP,COST,CPB,CRM,CSGP,CTRA,CVX,DE,DHI,DHR,DLR,DOV,DOW,DPZ,DTE,DVA,DVN,EBAY,EG,EIX,EME,EOG,EQIX,EQR,EQT,ERIE,ETR,EVRG,EXE,EXPE,EXR,F,FAST,FCX,FE,FICO,FIS,FISV,GD,GDDY,GEHC,GIS,GL,GOOG,GOOGL,GRMN,HAL,HAS,HCA,HON,HSIC,HSY,IEX,IFF,INCY,INSM,INVH,IQV,ISRG,IT,ITW,IVZ,J,JNJ,JPM,KHC,KIM,KKR,KMI,KVUE,L,LEN,LH,LII,LMT,LNT,MA,MCD,MCO,MET,MKC,MLM,MOH,MRK,MRNA,MRSH,MRVL,MSCI,MSI,MTCH,NCLH,NOC,NUE,NVR,NWS,NWSA,O,OKE,OMC,ORLY,PANW,PCAR,PCG,PDD,PEP,PFE,PG,PGR,PHM,PKG,PM,PNR,PNW,POOL,PPL,PRU,PSA,PYPL,QCOM,REG,REGN,ROL,ROP,RSG,RVTY,SBUX,SHW,SLB,SNA,SPGI,STLD,STT,SYK,SYY,T,TAP,TDY,TEAM,TKO,TMO,TMUS,TPL,TRGP,TRV,TSCO,TSN,TTWO,TYL,UAL,UHS,UNH,URI,V,VICI,VLTO,VMC,VTR,VZ,WAB,WBD,WELL,WM,WMB,WMT,WST,WTW,XOM,YUM,ZBH,ZTS",62,218,[],[]
2025-06-02,"ABBV,ALLE,ALNY,ARM,AVGO,BEN,CAH,CARR,CAT,CBOE,CDW,CEG,CHTR,CL,CNC,COR,CRH,CSCO,CTAS,CTSH,DAL,DDOG,DG,DLTR,DRI,DXCM,EA,ECL,FDX,FIX,FSLR,GWW,HIG,HII,HLT,HWM,ICE,IDXX,INTC,IRM,JCI,KDP,KO,LLY,LUV,LW,MCK,META,MNST,MSFT,NDAQ,NOW,NRG,ORCL,PWR,RMD,SBAC,TDG,TSLA,TT,UBER,WFC,WRB,XYL","ABT,ACGL,AEE,AEP,AFL,AIZ,AJG,AKAM,ALB,ALGN,AMCR,AMGN,AMT,AOS,APD,APH,ARE,ARES,ATO,AVB,BALL,BAX,BDX,BKNG,BKR,BLK,BMY,BR,BRK.B,BRO,BSX,BXP,CAG,CB,CBRE,CCEP,CDNS,CHD,CIEN,CINF,CLX,CMCSA,CME,CMG,CMS,COF,COO,COP,COST,CPB,CRM,CSGP,CTRA,CVX,DE,DHI,DHR,DLR,DOV,DOW,DPZ,DTE,DVA,DVN,EBAY,EG,EIX,EME,EOG,EQIX,EQR,EQT,ERIE,ETR,EVRG,EXPE,EXR,F,FAST,FCX,FE,FICO,FIS,FISV,GD,GDDY,GEHC,GIS,GL,GOOG,GOOGL,GRMN,HAL,HAS,HCA,HON,HSIC,HSY,IEX,IFF,INCY,INSM,INVH,IQV,ISRG,IT,ITW,IVZ,J,JNJ,JPM,KHC,KIM,KKR,KMI,KVUE,L,LEN,LH,LII,LMT,LNT,MA,MCD,MCO,MET,MKC,MLM,MOH,MRK,MRNA,MRSH,MRVL,MSCI,MSI,MTCH,NCLH,NOC,NVR,NWS,NWSA,O,OKE,OMC,ORLY,PANW,PCAR,PCG,PDD,PEP,PFE,PG,PGR,PHM,PKG,PM,PNR,PNW,POOL,PPL,PRU,PSA,PYPL,QCOM,REG,REGN,ROP,RSG,RVTY,SBUX,SHW,SLB,SNA,SPGI,STT,SYK,SYY,T,TAP,TDY,TEAM,TKO,TMO,TMUS,TPL,TRGP,TRV,TSCO,TSN,TTWO,TYL,UAL,UHS,UNH,URI,V,VICI,VLTO,VMC,VTR,VZ,WAB,WBD,WELL,WM,WMB,WMT,WST,WTW,XOM,YUM,ZBH,ZTS",64,213,[],[]
2025-06-03,"ABBV,ALLE,ALNY,ARM,AVGO,BEN,CAH,CARR,CAT,CBOE,CDW,CEG,CHTR,CL,CNC,COR,CRH,CSCO,CTAS,CTSH,DAL,DDOG,DG,DLTR,DRI,DXCM,EA,ECL,FDX,FIX,FSLR,GWW,HIG,HII,HLT,HWM,ICE,IDXX,INTC,IRM,JCI,KDP,KO,LLY,LUV,LW,MCK,META,MNST,MSFT,NDAQ,NOW,NRG,ORCL,PWR,RMD,SBAC,TDG,TSLA,TT,UBER,WFC,WRB,XYL","ABT,ACGL,AEE,AEP,AFL,AIZ,AJG,AKAM,ALB,ALGN,AMCR,AMGN,AMT,AOS,ARE,ARES,ATO,AVB,BALL,BAX,BDX,BKNG,BKR,BLK,BMY,BR,BRK.B,BRO,BSX,CAG,CB,CBRE,CCEP,CDNS,CHD,CIEN,CINF,CLX,CMCSA,CME,CMG,CMS,COF,COO,COP,COST,CPB,CRM,CSGP,CTRA,CVX,DE,DHI,DHR,DLR,DOV,DOW,DPZ,DTE,DVA,EG,EIX,EOG,EQIX,EQR,EQT,ERIE,ETR,EVRG,EXPE,EXR,F,FAST,FCX,FE,FICO,FIS,FISV,GD,GDDY,GEHC,GIS,GL,GOOG,GOOGL,GRMN,HAL,HAS,HCA,HON,HSIC,HSY,IEX,IFF,INCY,INVH,IQV,ISRG,IT,ITW,IVZ,J,JNJ,JPM,KHC,KIM,KKR,KMI,KVUE,L,LEN,LH,LII,LMT,LNT,MA,MCD,MCO,MET,MKC,MLM,MOH,MRK,MRNA,MRSH,MRVL,MSCI,MSI,MTCH,NCLH,NOC,NVR,NWS,NWSA,O,OKE,OMC,ORLY,PANW,PCAR,PCG,PDD,PEP,PFE,PG,PGR,PHM,PKG,PLTR,PM,PNR,PNW,POOL,PPL,PRU,PSA,PYPL,QCOM,REG,REGN,ROP,RSG,RVTY,SBUX,SHW,SLB,SNA,SPGI,STT,SYK,SYY,T,TAP,TDY,TEAM,TMO,TMUS,TPL,TRGP,TRV,TSCO,TSN,TTWO,TYL,UAL,UHS,UNH,URI,V,VICI,VLTO,VMC,VRTX,VTR,VZ,WAB,WBD,WELL,WM,WMB,WMT,WST,WTW,XOM,YUM,ZBH,ZTS",64,207,[],[]
2025-06-04,"ABBV,ALLE,ALNY,ARM,AVGO,BEN,CAH,CARR,CAT,CBOE,CDW,CEG,CHTR,CL,CNC,COR,CRH,CRL,CSCO,CTAS,CTSH,DAL,DDOG,DG,DIS,DLTR,DRI,DXCM,EA,ECL,ES,FDX,FIX,FSLR,GEN,GWW,HIG,HII,HLT,HWM,ICE,IDXX,INTC,IRM,JCI,KDP,KO,LLY,LUV,LW,MCK,META,MNST,MSFT,NDAQ,NI,NOW,NRG,ORCL,PWR,RMD,ROK,SBAC,TDG,TSLA,TT,UBER,VRSK,WFC,WRB,XYL","ABT,ACGL,AEE,AEP,AFL,AIZ,AJG,AKAM,ALGN,AMCR,AMGN,AMT,AOS,ARE,ARES,ATO,AVB,BALL,BAX,BDX,BKNG,BKR,BLK,BMY,BR,BRK.B,BRO,BSX,CAG,CB,CBRE,CCEP,CDNS,CHD,CIEN,CINF,CLX,CMCSA,CME,CMS,COF,COO,COP,COST,CPB,CRM,CTRA,CVX,DE,DHR,DOV,DOW,DPZ,DTE,DVA,EG,EIX,EOG,EQR,EQT,ERIE,ETR,EVRG,EXPE,EXR,F,FAST,FCX,FE,FICO,FIS,FISV,GD,GDDY,GEHC,GIS,GL,GOOG,GOOGL,GRMN,HAL,HAS,HCA,HON,HSIC,HSY,IEX,IFF,INCY,INVH,IQV,ISRG,IT,ITW,IVZ,J,JNJ,JPM,KHC,KIM,KKR,KMI,KVUE,L,LH,LII,LMT,LNT,MA,MCD,MCO,MET,MKC,MLM,MOH,MRK,MRNA,MRSH,MRVL,MSCI,MSI,MTCH,NCLH,NOC,NVR,NWS,NWSA,O,OKE,OMC,ORLY,PANW,PCAR,PCG,PDD,PEP,PFE,PG,PGR,PKG,PLTR,PM,PNR,PNW,POOL,PPL,PRU,PSA,PYPL,QCOM,REG,REGN,ROP,RSG,RVTY,SHW,SLB,SNA,SPGI,STT,SYK,SYY,T,TAP,TDY,TEAM,TMO,TMUS,TPL,TRGP,TRV,TSCO,TSN,TTWO,TYL,UAL,UHS,UNH,URI,V,VICI,VLTO,VMC,VRTX,VTR,VZ,WAB,WBD,WELL,WM,WMB,WMT,WST,WTW,XOM,YUM,ZBH,ZTS",71,198,[],[]
2025-06-05,"ABBV,ADSK,ALLE,ALNY,APP,ARM,AVGO,AXON,BEN,BK,CAH,CARR,CAT,CBOE,CDW,CEG,CHTR,CL,CNC,COR,CRH,CRL,CSCO,CTAS,CTSH,CTVA,CVNA,DAL,DDOG,DG,DIS,DLTR,DRI,DXCM,EA,ECL,EPAM,ES,FDX,FIX,FSLR,GEN,GWW,HIG,HII,HLT,HOOD,HWM,ICE,IDXX,INTC,INTU,IRM,JCI,JKHY,KDP,KO,LLY,LUV,LW,MCK,MELI,META,MNST,MPC,MSFT,MU,NDAQ,NI,NOW,NRG,ORCL,PAYC,PWR,RL,RMD,ROK,SBAC,TDG,TT,UBER,VRSK,VTRS,WFC,WRB,XYL","ABT,ACGL,AEE,AEP,AFL,AIZ,AJG,AKAM,ALGN,AMCR,AMGN,AMT,AOS,ARE,ARES,ATO,AVB,BALL,BAX,BDX,BKNG,BKR,BLK,BMY,BR,BRK.B,BRO,BSX,CAG,CB,CBRE,CCEP,CDNS,CHD,CIEN,CINF,CLX,CMCSA,CME,CMS,COF,COO,COP,COST,CPB,CRM,CTRA,CVX,DE,DHR,DOV,DOW,DPZ,DTE,DVA,ED,EG,EIX,EOG,EQR,EQT,ERIE,ETR,EVRG,EXPE,EXR,F,FAST,FCX,FE,FICO,FIS,FISV,FTNT,GD,GDDY,GEHC,GIS,GL,GOOG,GOOGL,GRMN,HAL,HAS,HCA,HON,HSIC,HSY,IEX,IFF,INCY,INVH,IQV,ISRG,IT,ITW,IVZ,J,JNJ,JPM,KHC,KIM,KKR,KMI,KVUE,L,LH,LII,LMT,LNT,MA,MCD,MCO,MET,MKC,MLM,MOH,MRK,MRNA,MRSH,MRVL,MSCI,MSI,NOC,NVR,NWS,NWSA,O,OKE,OMC,ORLY,PANW,PCAR,PCG,PDD,PEP,PFE,PG,PGR,PKG,PLTR,PM,PNR,PNW,POOL,PPL,PRU,PSA,PYPL,QCOM,REG,REGN,ROP,RSG,RVTY,SHW,SLB,SNA,SPGI,STT,SYK,SYY,T,TAP,TDY,TEAM,TMO,TMUS,TPL,TRGP,TRV,TSN,TTWO,TYL,UAL,UHS,UNH,URI,V,VICI,VLTO,VMC,VRTX,VTR,VZ,WAB,WBD,WELL,WM,WMB,WMT,WST,WTW,XOM,YUM,ZBH,ZTS",86,197,[],[]
2025-06-06,"ABBV,ADSK,ALLE,ALNY,APP,ARM,AVGO,AXON,BEN,BK,CAH,CARR,CAT,CBOE,CDW,CEG,CHTR,CL,CNC,COR,CRH,CRL,CSCO,CTAS,CTSH,CTVA,CVNA,DAL,DDOG,DG,DIS,DLTR,DRI,DXCM,EA,ECL,EPAM,ES,FDX,FIX,FSLR,GEN,GWW,HIG,HII,HLT,HOOD,HWM,ICE,IDXX,INTC,INTU,IRM,JCI,JKHY,KDP,KO,LLY,LUV,LW,MCHP,MCK,META,MNST,MPC,MSFT,MU,NDAQ,NI,NOW,NRG,ORCL,PAYC,PSKY,PWR,RL,RMD,ROK,SBAC,SOLV,TDG,TT,UBER,VRSK,VTRS,WFC,WRB,XYL","ABT,ACGL,AEE,AEP,AFL,AIZ,AJG,AKAM,ALGN,AMCR,AMGN,AMT,AOS,ARE,ARES,ATO,AVB,BALL,BAX,BDX,BKNG,BKR,BLK,BMY,BR,BRK.B,BRO,BSX,CAG,CB,CBRE,CCEP,CDNS,CHD,CIEN,CINF,CLX,CMCSA,CME,CMS,COF,COO,COP,COST,CPB,CRM,CTRA,CVX,DE,DHR,DOV,DOW,DPZ,DTE,DVA,ED,EG,EIX,EOG,EQR,EQT,ERIE,ETR,EVRG,EXR,F,FAST,FCX,FE,FICO,FIS,FISV,FTNT,GD,GDDY,GEHC,GIS,GL,GOOG,GOOGL,GRMN,HAL,HAS,HCA,HON,HSIC,HSY,IEX,IFF,INCY,INVH,ISRG,IT,ITW,IVZ,J,JNJ,JPM,KHC,KIM,KKR,KMI,KVUE,L,LH,LII,LMT,LNT,MA,MCD,MCO,MET,MKC,MLM,MOH,MRK,MRNA,MRSH,MRVL,MSCI,MSI,NOC,NVR,NWS,NWSA,O,OKE,OMC,ORLY,PANW,PCAR,PCG,PDD,PEP,PFE,PG,PGR,PKG,PLTR,PM,PNR,PNW,POOL,PPL,PRU,PSA,PYPL,QCOM,REG,REGN,ROP,RSG,RVTY,SHW,SLB,SNA,SPGI,SYK,SYY,T,TAP,TDY,TEAM,TMO,TMUS,TPL,TRGP,TRV,TSN,TTWO,TYL,UAL,UHS,UNH,URI,V,VICI,VLTO,VMC,VRTX,VTR,VZ,WAB,WBD,WELL,WM,WMB,WMT,WTW,XOM,YUM,ZBH,ZTS",88,193,[],[]
2025-06-09,"A,AAPL,ABBV,ACN,ADBE,ADI,ADM,ADSK,ALLE,ALNY,AMAT,AME,AMP,AMZN,APA,APTV,ARM,ASML,AVGO,AVY,AXON,AXP,BAC,BBY,BEN,BK,BX,C,CAH,CARR,CAT,CBOE,CCL,CDW,CEG,CFG,CHRW,CHTR,CL,CMI,CNC,COR,CPAY,CRH,CRL,CSCO,CSX,CTAS,CTSH,CTVA,CVNA,DAL,DD,DDOG,DELL,DG,DIS,DLTR,DRI,DXCM,EA,ECL,EL,EMR,EPAM,ES,EXPD,FANG,FDX,FFIV,FITB,FIX,FOX,FOXA,FRT,FSLR,FTV,GEN,GM,GNRC,GS,GWW,HBAN,HD,HIG,HII,HLT,HOOD,HPE,HST,HUBB,HWM,IBKR,ICE,IDXX,INTC,INTU,IP,IR,IRM,JBHT,JBL,JCI,JKHY,KDP,KEY,KEYS,KLAC,KO,LLY,LOW,LRCX,LUV,LVS,LW,LYB,MAR,MAS,MCHP,MCK,META,MGM,MMM,MNST,MPC,MPWR,MS,MSFT,MTB,MTD,MU,NDAQ,NDSN,NI,NKE,NOW,NRG,NSC,NTAP,NTRS,NVDA,NXPI,ODFL,ON,ORCL,OXY,PAYC,PH,PLD,PNC,PPG,PSKY,PTC,PWR,QQQ,RF,RJF,RL,RMD,ROK,SBAC,SHOP,SNDK,SOLV,SPG,SPY,STE,SW,SWK,SWKS,SYF,TDG,TECH,TEL,TER,TFC,TGT,TPR,TRMB,TROW,TT,TXN,TXT,UBER,ULTA,UNP,UPS,USB,VLO,VRSK,VTRS,WAT,WFC,WRB,WSM,XYL,ZBRA,ZS","ABT,ACGL,AEE,AEP,AFL,AIZ,AJG,AKAM,ALGN,AMCR,AMGN,AMT,AOS,ARE,ARES,ATO,AVB,AWK,BALL,BAX,BDX,BKNG,BLK,BMY,BR,BRK.B,BRO,BSX,CAG,CB,CBRE,CCEP,CCI,CDNS,CHD,CI,CIEN,CINF,CLX,CMCSA,CME,CMS,CNP,COF,COO,COP,COST,CPB,CRM,CTRA,CVX,DE,DHR,DOV,DPZ,DTE,DUK,DVA,ED,EG,EIX,EOG,EQR,EQT,ERIE,ETR,EXC,EXR,F,FAST,FCX,FE,FICO,FIS,FISV,FTNT,GD,GDDY,GEHC,GIS,GL,GOOG,GOOGL,GRMN,HCA,HON,HSIC,HSY,IEX,IFF,INCY,INVH,ISRG,IT,ITW,IVZ,J,JNJ,JPM,KHC,KIM,KKR,KMI,KR,KVUE,L,LH,LII,LMT,LNT,MA,MCD,MCO,MET,MLM,MO,MOH,MRK,MRNA,MRSH,MRVL,MSCI,MSI,NOC,NVR,NWS,NWSA,OKE,OMC,ORLY,PANW,PCAR,PCG,PDD,PEP,PG,PGR,PKG,PLTR,PM,PNR,PNW,POOL,PPL,PRU,PSA,PYPL,REG,REGN,ROP,RSG,RVTY,SHW,SLB,SNA,SPGI,SYK,SYY,T,TAP,TDY,TEAM,TMO,TMUS,TPL,TRGP,TRV,TSN,TTWO,TYL,UAL,UHS,UNH,URI,V,VICI,VLTO,VMC,VRTX,VTR,VZ,WAB,WBD,WELL,WM,WMB,WMT,WTW,XOM,YUM,ZBH,ZTS,^VIX",198,193,[],[]
2025-06-10,"A,AAPL,ABBV,ACN,ADBE,ADI,ADM,ADSK,ALLE,ALNY,AMAT,AMD,AME,AMP,AMZN,APA,APTV,ARM,ASML,AVGO,AVY,AXON,AXP,BAC,BBY,BEN,BK,BLDR,BX,C,CAH,CARR,CAT,CBOE,CCL,CDW,CEG,CF,CFG,CHRW,CHTR,CL,CMI,CNC,COIN,COR,CPAY,CRH,CRL,CSCO,CSX,CTAS,CTSH,CTVA,CVNA,DAL,DD,DDOG,DELL,DG,DIS,DLTR,DRI,DXCM,EA,ECL,EL,EMR,EPAM,ES,ETN,EXPD,FANG,FDX,FFIV,FITB,FIX,FOX,FOXA,FRT,FSLR,FTV,GEN,GEV,GM,GNRC,GS,GWW,HBAN,HD,HIG,HII,HLT,HOOD,HPE,HST,HUBB,IBKR,ICE,IDXX,INTC,INTU,IP,IR,IRM,JBHT,JBL,JCI,JKHY,KDP,KEY,KEYS,KLAC,KO,LLY,LOW,LRCX,LUV,LVS,LW,LYB,MAR,MAS,MCHP,MCK,META,MGM,MMM,MNST,MPC,MPWR,MS,MSFT,MTB,MTD,MU,NDAQ,NDSN,NI,NKE,NOW,NSC,NTAP,NTRS,NVDA,NXPI,ODFL,ON,ORCL,OXY,PAYC,PH,PLD,PNC,PPG,PSKY,PTC,PWR,QQQ,RF,RJF,RL,RMD,ROK,SBAC,SHOP,SNDK,SOLV,SPG,SPY,STE,SW,SWK,SWKS,SYF,TDG,TECH,TEL,TER,TFC,TGT,TPR,TRMB,TROW,TT,TXN,TXT,UBER,ULTA,UNP,UPS,USB,VLO,VRSK,VST,VTRS,WAT,WDC,WFC,WRB,WSM,XYL,ZBRA,ZS","ABT,ACGL,AEE,AEP,AFL,AIZ,AJG,AKAM,ALGN,AMCR,AMGN,AMT,AOS,ARE,ARES,ATO,AVB,AWK,BALL,BDX,BKNG,BLK,BR,BRK.B,BRO,BSX,CAG,CB,CBRE,CCEP,CCI,CDNS,CHD,CI,CIEN,CINF,CLX,CME,CMS,CNP,COF,COO,COST,CPB,CRM,CTRA,CVS,DE,DHR,DOV,DPZ,DTE,DUK,DVA,ED,EG,EIX,ELV,EQR,EQT,ERIE,ETR,EXC,EXR,F,FCX,FE,FICO,FIS,FISV,FTNT,GD,GDDY,GEHC,GIS,GL,GOOG,GOOGL,GRMN,HCA,HON,HSIC,HSY,HUM,IEX,INCY,INVH,ISRG,IT,ITW,IVZ,J,JNJ,JPM,KHC,KIM,KKR,KMI,KR,KVUE,L,LH,LII,LMT,LNT,MA,MCD,MCO,MDLZ,MET,MLM,MO,MOH,MRNA,MRSH,MRVL,MSCI,MSI,NOC,NWS,NWSA,OKE,OMC,ORLY,PANW,PCAR,PCG,PDD,PEP,PG,PGR,PKG,PLTR,PM,PNR,PNW,POOL,PPL,PRU,PSA,PYPL,REG,REGN,ROP,RSG,SHW,SNA,SPGI,SYK,SYY,T,TAP,TDY,TEAM,TMO,TMUS,TPL,TRGP,TRV,TSN,TTWO,TYL,UAL,UHS,UNH,URI,V,VLTO,VMC,VRTX,VTR,VZ,WAB,WBD,WELL,WM,WMB,WMT,WTW,YUM,ZBH,ZTS,^VIX",204,183,[],[]
2025-06-11,"A,AAPL,ABBV,ACN,ADBE,ADI,ADM,ADSK,ALLE,ALNY,AMAT,AMD,AME,AMP,AMZN,APA,APTV,ARM,ASML,AVGO,AVY,AXON,AXP,BA,BAC,BBY,BEN,BK,BLDR,BX,C,CAH,CARR,CAT,CBOE,CCL,CDW,CEG,CF,CFG,CHRW,CHTR,CL,CMI,CNC,COIN,COR,CPAY,CRH,CRL,CSCO,CSX,CTAS,CTSH,CTVA,CVNA,DAL,DD,DDOG,DELL,DG,DIS,DLTR,DRI,DXCM,EA,ECL,EL,EMR,EPAM,ES,ETN,EXPD,FANG,FDX,FER,FFIV,FITB,FIX,FOX,FOXA,FRT,FSLR,FTV,GEN,GEV,GM,GNRC,GPC,GS,GWW,HBAN,HD,HIG,HII,HLT,HOOD,HPE,HST,HUBB,IBKR,ICE,IDXX,INTC,INTU,IP,IR,IRM,JBHT,JBL,JCI,JKHY,KDP,KEY,KEYS,KLAC,KO,LLY,LOW,LRCX,LUV,LVS,LW,LYB,MAR,MAS,MCHP,MCK,META,MGM,MMM,MNST,MPC,MPWR,MS,MSFT,MTB,MTD,MU,NDAQ,NDSN,NI,NKE,NOW,NSC,NTAP,NTRS,NVDA,NXPI,ODFL,ON,ORCL,OXY,PAYC,PH,PLD,PNC,PPG,PSKY,PTC,PWR,QQQ,RF,RJF,RL,RMD,ROK,SBAC,SHOP,SMCI,SNDK,SOLV,SPG,SPY,STE,SW,SWK,SWKS,SYF,TDG,TECH,TEL,TER,TFC,TGT,TPR,TRMB,TROW,TT,TXN,TXT,UBER,ULTA,UNP,UPS,USB,VLO,VRSK,VST,VTRS,WAT,WDC,WFC,WRB,WSM,XYL,ZBRA,ZS","ABT,ACGL,AEE,AEP,AFL,AIZ,AJG,AKAM,ALGN,AMCR,AMGN,AMT,AOS,ARE,ARES,ATO,AVB,AWK,BALL,BDX,BKNG,BLK,BR,BRK.B,BRO,BSX,CAG,CB,CBRE,CCEP,CCI,CDNS,CHD,CI,CIEN,CINF,CLX,CME,CMS,CNP,COF,COO,COST,CPB,CRM,CTRA,CVS,DE,DHR,DOV,DPZ,DTE,DUK,DVA,ED,EG,EIX,ELV,EQR,EQT,ERIE,ETR,EXC,EXR,F,FCX,FE,FICO,FIS,FISV,FTNT,GD,GDDY,GEHC,GIS,GL,GOOG,GOOGL,GRMN,HCA,HON,HSIC,HSY,HUM,IEX,INCY,INVH,ISRG,IT,ITW,IVZ,J,JNJ,JPM,KHC,KIM,KKR,KMI,KR,KVUE,L,LH,LII,LMT,LNT,MA,MCD,MCO,MDLZ,MET,MLM,MO,MOH,MRNA,MRSH,MRVL,MSCI,MSI,NOC,NWS,NWSA,OKE,OMC,ORLY,PANW,PCAR,PCG,PDD,PEP,PG,PGR,PKG,PLTR,PM,PNR,PNW,POOL,PPL,PRU,PSA,PYPL,REG,REGN,ROP,RSG,SHW,SNA,SPGI,SYK,SYY,T,TAP,TDY,TEAM,TMO,TMUS,TPL,TRGP,TRV,TSN,TTWO,TYL,UAL,UHS,UNH,URI,V,VLTO,VMC,VRTX,VTR,VZ,WAB,WBD,WELL,WM,WMB,WMT,WTW,YUM,ZBH,ZTS,^VIX",208,183,[],[]
2025-06-12,"A,AAPL,ABBV,ACN,ADBE,ADI,ADM,ADSK,ALLE,ALNY,AMAT,AMD,AME,AMP,AMZN,APA,APTV,ARM,ASML,AVGO,AVY,AXON,AXP,BAC,BBY,BEN,BK,BLDR,BX,C,CAH,CARR,CAT,CBOE,CCL,CDW,CEG,CF,CFG,CHRW,CHTR,CL,CMI,CNC,COIN,COR,CPAY,CRH,CRL,CSCO,CSX,CTAS,CTSH,CTVA,DAL,DD,DDOG,DELL,DG,DIS,DLTR,DRI,DXCM,EA,ECL,EL,EMR,EPAM,ES,ETN,EXPD,FANG,FDX,FER,FFIV,FITB,FIX,FOX,FOXA,FRT,FSLR,FTV,GEN,GEV,GM,GNRC,GPC,GS,GWW,HBAN,HD,HIG,HII,HLT,HOOD,HPE,HRL,HST,HUBB,IBKR,IBM,ICE,IDXX,INTC,INTU,IP,IR,IRM,JBHT,JBL,JCI,JKHY,KDP,KEY,KEYS,KLAC,KO,LLY,LOW,LRCX,LUV,LVS,LW,LYB,MAR,MAS,MCHP,MCK,META,MGM,MMM,MNST,MPC,MPWR,MS,MSFT,MTB,MTD,MU,NDAQ,NDSN,NFLX,NI,NKE,NOW,NSC,NTAP,NTRS,NVDA,NXPI,ODFL,ON,ORCL,OXY,PAYC,PH,PLD,PNC,PPG,PSKY,PTC,PWR,QQQ,RF,RJF,RL,RMD,ROK,RTX,SBAC,SCHW,SHOP,SMCI,SNDK,SOLV,SPG,SPY,STE,SW,SWK,SWKS,SYF,TDG,TECH,TEL,TER,TFC,TGT,TPR,TRMB,TROW,TT,TXN,TXT,UBER,ULTA,UNP,UPS,USB,VLO,VRSK,VST,VTRS,WAT,WDC,WFC,WRB,WSM,XYL,ZBRA,ZS","ACGL,AEE,AEP,AFL,AIZ,AJG,AKAM,ALGN,AMCR,AMGN,AMT,AOS,ARE,ARES,ATO,AVB,AWK,BALL,BDX,BKNG,BLK,BR,BRK.B,BRO,BSX,CAG,CB,CCEP,CCI,CDNS,CHD,CI,CIEN,CINF,CLX,CME,CMS,CNP,COF,COO,COST,CPB,CRM,CTRA,CVS,DE,DOV,DPZ,DTE,DUK,DVA,ED,EG,EIX,ELV,EQR,EQT,ERIE,ETR,EXR,F,FCX,FE,FICO,FIS,FISV,FTNT,GD,GDDY,GEHC,GIS,GL,GOOG,GOOGL,GRMN,HCA,HON,HSIC,HSY,HUM,IEX,INCY,INVH,ISRG,IT,ITW,IVZ,J,JNJ,JPM,KHC,KIM,KKR,KMI,KR,KVUE,L,LH,LII,LMT,LNT,MA,MCD,MCO,MET,MLM,MO,MOH,MRNA,MRSH,MRVL,MSCI,MSI,NOC,NWS,NWSA,OKE,OMC,ORLY,PANW,PCAR,PCG,PDD,PEP,PG,PGR,PKG,PLTR,PM,PNR,PNW,POOL,PPL,PRU,PSA,PYPL,REG,REGN,ROP,RSG,SHW,SNA,SPGI,SYK,SYY,T,TAP,TDY,TEAM,TMO,TMUS,TPL,TRGP,TRV,TSN,TTWO,TYL,UAL,UHS,URI,V,VLTO,VMC,VRTX,VTR,VZ,WAB,WBD,WELL,WM,WMB,WMT,WTW,YUM,ZBH,ZTS,^VIX",211,177,[],[]
2025-06-13,"A,AAPL,ABBV,ACN,ADI,ADM,ADSK,ALLE,ALNY,AMAT,AMD,AME,AMZN,APA,APTV,ARM,ASML,AVGO,AVY,AXON,BAC,BBY,BEN,BK,BLDR,C,CAH,CARR,CAT,CBOE,CDW,CEG,CF,CFG,CHRW,CHTR,CL,CMI,CNC,COIN,COR,CRH,CRL,CSCO,CSX,CTAS,CTVA,DAL,DD,DDOG,DELL,DG,DIS,DLTR,DRI,DXCM,EA,ECL,EL,EMR,EPAM,ES,ETN,EXPD,FANG,FDX,FER,FFIV,FIX,FOX,FOXA,FRT,FSLR,FTV,GEN,GEV,GM,GNRC,GS,GWW,HIG,HII,HOOD,HPE,HRL,HUBB,IBKR,IBM,ICE,IDXX,INTC,INTU,IRM,JBHT,JBL,JCI,JKHY,KDP,KLAC,KO,LLY,LRCX,LUV,LVS,LW,LYB,MAS,MCHP,MCK,META,MGM,MMM,MNST,MPC,MS,MSFT,MTD,MU,NDAQ,NDSN,NFLX,NI,NKE,NSC,NTAP,NTRS,NVDA,NXPI,ODFL,ON,ORCL,OXY,PH,PLD,PSKY,PTC,PWR,QQQ,RF,RJF,RL,RMD,ROK,RTX,SBAC,SCHW,SHOP,SMCI,SNDK,SOLV,SPG,SPY,STE,SWK,SWKS,SYF,TDG,TECH,TEL,TER,TGT,TPR,TRMB,TROW,TT,TXN,TXT,UBER,ULTA,UNP,UPS,VLO,VRSK,VST,VTRS,WAT,WDC,WFC,WRB,WSM,XEL,XYL,ZS","ACGL,AEE,AEP,AFL,AIZ,AJG,AKAM,ALGN,AMCR,AMGN,AMT,AOS,ARE,ARES,ATO,AVB,AWK,BALL,BDX,BKNG,BLK,BR,BRK.B,BRO,BSX,CAG,CB,CCEP,CCI,CDNS,CHD,CI,CIEN,CINF,CLX,CME,CMS,CNP,COF,COO,COST,CPB,CRM,DE,DOV,DPZ,DTE,DUK,DVA,ED,EG,EIX,ELV,EQR,EQT,ERIE,ETR,EXR,F,FCX,FE,FICO,FIS,FISV,FTNT,GD,GDDY,GEHC,GIS,GL,GOOG,GOOGL,GRMN,HCA,HON,HSIC,HSY,HUM,IEX,INCY,INVH,ISRG,IT,ITW,IVZ,J,JNJ,JPM,KHC,KIM,KKR,KMI,KR,KVUE,L,LH,LII,LMT,LNT,MA,MCD,MCO,MET,MLM,MO,MOH,MRNA,MRSH,MRVL,MSCI,MSI,NWS,NWSA,OKE,OMC,ORLY,PANW,PCAR,PCG,PDD,PEP,PG,PGR,PKG,PLTR,PM,PNR,PNW,POOL,PPL,PRU,PSA,PYPL,REG,REGN,ROP,RSG,SHW,SNA,SPGI,SYK,SYY,T,TAP,TDY,TEAM,TMO,TMUS,TPL,TRV,TSN,TTWO,TYL,UAL,UHS,URI,V,VLTO,VMC,VRTX,VTR,VZ,WAB,WBD,WELL,WM,WMB,WMT,WTW,YUM,ZBH,ZTS,^VIX",183,173,[],[]
2025-06-16,"A,AAPL,ABBV,ACN,ADI,ADM,ADSK,ALLE,ALNY,AMAT,AMD,AME,AMZN,APA,APTV,ARM,ASML,AVGO,AVY,AXON,BAC,BBY,BEN,BIIB,BK,BLDR,C,CAH,CARR,CAT,CBOE,CDW,CEG,CF,CFG,CHRW,CL,CMI,CNC,COIN,COR,CRH,CRL,CSCO,CSX,CTAS,CTVA,DAL,DD,DDOG,DELL,DG,DIS,DLTR,DRI,DXCM,EA,ECL,EL,EMR,EPAM,ES,ETN,EXPD,FANG,FDX,FER,FFIV,FIX,FOX,FOXA,FRT,FSLR,FTV,GEN,GEV,GM,GNRC,GS,GWW,HIG,HII,HOOD,HPE,HRL,HUBB,IBKR,IBM,ICE,IDXX,INTC,INTU,IRM,JBHT,JBL,JCI,JKHY,KDP,KLAC,KO,LLY,LRCX,LUV,LVS,LW,LYB,MAS,MCHP,MCK,META,MGM,MMM,MNST,MPC,MS,MSFT,MTD,MU,NDAQ,NDSN,NFLX,NI,NKE,NSC,NTAP,NTRS,NVDA,NXPI,ODFL,ON,ORCL,OXY,PH,PLD,PSKY,PTC,PWR,QQQ,RF,RJF,RL,RMD,ROK,RTX,SBAC,SCHW,SHOP,SMCI,SNDK,SOLV,SPG,SPY,STE,SWK,SWKS,SYF,TDG,TECH,TEL,TER,TGT,TPR,TRI,TRMB,TROW,TT,TXN,TXT,UBER,ULTA,UNP,UPS,VLO,VRSK,VST,VTRS,WAT,WDC,WEC,WFC,WRB,WSM,XYL,ZS","ACGL,AEE,AEP,AFL,AIZ,AJG,ALGN,AMCR,AMGN,AMT,AOS,ARE,ARES,ATO,AVB,AWK,BALL,BDX,BKNG,BLK,BR,BRK.B,BRO,BSX,CAG,CB,CCEP,CCI,CDNS,CHD,CI,CIEN,CINF,CLX,CME,CMS,CNP,COF,COO,COST,CPB,CRM,DE,DOV,DPZ,DTE,DUK,DVA,ED,EG,EIX,ELV,EQR,ERIE,ETR,EXR,F,FCX,FE,FICO,FIS,FISV,FTNT,GD,GDDY,GEHC,GIS,GL,GOOG,GOOGL,GRMN,HCA,HON,HSIC,HSY,HUM,IEX,INCY,INVH,ISRG,IT,ITW,IVZ,J,JNJ,JPM,KHC,KIM,KKR,KMI,KR,KVUE,L,LH,LII,LMT,LNT,MA,MCD,MCO,MET,MLM,MO,MOH,MRNA,MRSH,MRVL,MSCI,MSI,NWS,OKE,OMC,ORLY,PANW,PCAR,PCG,PDD,PEP,PG,PGR,PKG,PLTR,PM,PNR,PNW,POOL,PPL,PRU,PSA,PYPL,REG,REGN,ROP,RSG,SHW,SNA,SPGI,SYK,SYY,T,TAP,TDY,TEAM,TMO,TMUS,TPL,TRV,TSN,TTWO,TYL,UAL,UHS,URI,V,VLTO,VMC,VRTX,VTR,VZ,WAB,WBD,WELL,WM,WMB,WMT,WTW,YUM,ZBH,ZTS,^VIX",184,170,[],[]
2025-06-17,"A,AAPL,ACN,ADI,ADM,ADSK,ALLE,ALNY,AMAT,AMD,AME,AMZN,APA,APTV,ARM,ASML,AVGO,AVY,AXON,BAC,BBY,BEN,BK,BLDR,C,CAH,CAT,CBOE,CDW,CEG,CF,CFG,CHRW,CNC,COIN,COR,CRH,CRL,CSCO,CSX,CTAS,CTVA,DAL,DD,DDOG,DELL,DG,DIS,DLTR,DRI,DXCM,EA,ECL,EL,EMR,ETN,EXPD,FANG,FDX,FER,FFIV,FIX,FOX,FOXA,FRT,FTV,GEN,GEV,GILD,GM,GNRC,GS,HIG,HII,HOOD,HPE,HRL,HUBB,IBKR,IBM,ICE,IDXX,INTC,INTU,IRM,JBHT,JBL,JCI,JKHY,KDP,KLAC,LLY,LRCX,LUV,LVS,LW,LYB,MAS,MCHP,MCK,META,MGM,MMM,MNST,MPC,MS,MSFT,MTD,MU,NDAQ,NDSN,NFLX,NI,NKE,NSC,NTAP,NTRS,NVDA,NXPI,ODFL,ON,ORCL,OXY,PH,PLD,PSKY,PTC,PWR,QQQ,RF,RJF,RL,RMD,ROK,RTX,SBAC,SCHW,SHOP,SMCI,SNDK,SO,SOLV,SPG,SPY,SWK,SWKS,SYF,TDG,TECH,TEL,TER,TGT,TPR,TRI,TRMB,TROW,TT,TXN,TXT,UBER,ULTA,UNP,UPS,VLO,VRSK,VST,VTRS,WAT,WDC,WEC,WFC,WRB,WSM,XYL,ZS","ACGL,AEE,AEP,AFL,AIZ,AJG,ALGN,AMCR,AMGN,AMT,AOS,ARE,ARES,ATO,AVB,AWK,BALL,BDX,BKNG,BLK,BR,BRK.B,BRO,BSX,CAG,CB,CCEP,CCI,CDNS,CHD,CI,CIEN,CINF,CLX,CME,CMS,CNP,COF,COO,COST,CPB,CRM,DE,DOV,DPZ,DTE,DUK,DVA,ED,EG,EIX,ELV,EQR,ERIE,ETR,EXR,F,FCX,FE,FICO,FIS,FISV,FTNT,GD,GDDY,GEHC,GIS,GL,GOOG,GOOGL,GRMN,HCA,HON,HSIC,HSY,IEX,INCY,INVH,ISRG,IT,ITW,IVZ,J,JNJ,JPM,KHC,KIM,KKR,KMI,KR,KVUE,L,LH,LII,LMT,LNT,MA,MCD,MCO,MET,MLM,MO,MOH,MRNA,MRSH,MRVL,MSCI,MSI,NWS,OKE,OMC,ORLY,PANW,PCAR,PCG,PDD,PEP,PG,PGR,PKG,PLTR,PM,PNR,PNW,POOL,PPL,PRU,PSA,PYPL,REG,REGN,ROP,RSG,SHW,SNA,SPGI,SYK,SYY,T,TAP,TDY,TEAM,TMO,TMUS,TPL,TRV,TSN,TTWO,TYL,UAL,UHS,URI,V,VLTO,VMC,VRTX,VTR,VZ,WAB,WBD,WELL,WM,WMB,WMT,WTW,YUM,ZBH,ZTS,^VIX",175,169,[],[]
2025-06-18,"A,AAPL,ADI,ADM,ADSK,ALLE,ALNY,AMAT,AMD,AME,AMZN,APA,APTV,ARM,ASML,AVGO,AVY,AXON,BAC,BBY,BEN,BK,BLDR,C,CAH,CAT,CBOE,CDW,CEG,CF,CFG,CHRW,CNC,COIN,COR,CRH,CRL,CSCO,CSX,CTAS,CTVA,DAL,DD,DDOG,DELL,DG,DIS,DLTR,DRI,DXCM,EA,ECL,EL,EMR,ETN,EXPD,FANG,FDX,FER,FFIV,FIX,FOX,FOXA,FRT,FTV,GEN,GEV,GILD,GM,GNRC,GS,HIG,HII,HOOD,HPE,HRL,HUBB,IBKR,IBM,ICE,IDXX,INTC,INTU,IRM,JBHT,JBL,JCI,JKHY,KDP,KLAC,LLY,LRCX,LUV,LVS,LW,LYB,MAS,MCHP,MCK,META,MGM,MMM,MNST,MPC,MS,MSFT,MTD,MU,NDAQ,NDSN,NFLX,NI,NKE,NSC,NTAP,NTRS,NVDA,NXPI,ODFL,ON,ORCL,OXY,PH,PLD,PSKY,PTC,PWR,QQQ,RF,RJF,RL,RMD,ROK,RTX,SBAC,SCHW,SHOP,SMCI,SNDK,SO,SOLV,SPG,SPY,SWK,SWKS,SYF,TDG,TECH,TEL,TER,TGT,TPR,TRI,TRMB,TROW,TT,TXN,TXT,UBER,ULTA,UNP,UPS,VLO,VRSK,VST,VTRS,WAT,WDC,WEC,WFC,WRB,WSM,XYL,ZS","ACGL,AEE,AEP,AES,AFL,AIZ,AJG,ALGN,AMCR,AMGN,AMT,AOS,APO,ARE,ARES,ATO,AVB,AWK,BALL,BDX,BKNG,BLK,BR,BRK.B,BRO,BSX,CAG,CB,CCEP,CCI,CDNS,CHD,CI,CIEN,CINF,CLX,CME,CMS,CNP,COF,COO,COST,CPB,CRM,DE,DOC,DOV,DPZ,DTE,DUK,DVA,ED,EFX,EG,EIX,ELV,EQR,ERIE,ETR,EXR,F,FCX,FE,FICO,FIS,FISV,FTNT,GD,GDDY,GEHC,GIS,GL,GOOG,GOOGL,GRMN,HCA,HON,HSIC,HSY,IEX,INCY,INVH,ISRG,IT,ITW,IVZ,J,JNJ,KHC,KIM,KKR,KMI,KR,KVUE,L,LH,LII,LMT,LNT,MA,MCD,MCO,MET,MLM,MO,MOH,MRNA,MRSH,MSCI,MSI,NWS,OKE,OMC,ORLY,PANW,PCAR,PCG,PDD,PEP,PFG,PG,PGR,PKG,PLTR,PM,PNR,PNW,POOL,PPL,PRU,PSA,PSX,PYPL,REG,REGN,ROP,RSG,SHW,SNA,SPGI,STZ,SYK,SYY,T,TAP,TDY,TEAM,TMO,TMUS,TPL,TRV,TSN,TTWO,TYL,UAL,UHS,URI,V,VLTO,VMC,VRTX,VTR,VZ,WAB,WBD,WELL,WM,WMB,WMT,WTW,YUM,ZBH,ZTS,^VIX",174,174,[],[]
2025-06-20,"A,AAPL,ADI,ADM,ADSK,ALLE,ALNY,AMAT,AMD,AME,AMZN,APA,APTV,ARM,ASML,AVGO,AVY,AXON,BAC,BBY,BEN,BK,BLDR,C,CAH,CAT,CBOE,CDW,CEG,CF,CFG,CHRW,CNC,COIN,COR,CRH,CRL,CSCO,CSX,CTAS,CTVA,DAL,DD,DDOG,DELL,DG,DIS,DLTR,DRI,EA,ECL,EL,EMR,ETN,EXPD,FANG,FDX,FER,FFIV,FIX,FOX,FOXA,FRT,FTV,GEN,GEV,GILD,GM,GNRC,GS,HIG,HII,HOOD,HPE,HRL,HUBB,IBKR,IBM,ICE,IDXX,INTC,INTU,IRM,JBHT,JBL,JCI,JKHY,KDP,KLAC,LRCX,LUV,LVS,LW,LYB,MAS,MCHP,MCK,META,MGM,MMM,MNST,MPC,MS,MSFT,MTD,MU,NDAQ,NDSN,NFLX,NI,NKE,NSC,NTAP,NTRS,NVDA,NXPI,ODFL,ON,ORCL,OXY,PH,PLD,PSKY,PTC,PWR,QQQ,RF,RJF,RL,RMD,ROK,RTX,SBAC,SCHW,SHOP,SMCI,SNDK,SO,SOLV,SPG,SPY,SWK,SWKS,SYF,TDG,TECH,TEL,TER,TGT,TPR,TRI,TRMB,TROW,TT,TXN,TXT,UBER,ULTA,UNP,UPS,VLO,VRSK,VST,VTRS,WAT,WDC,WEC,WFC,WRB,WSM,XYL,ZS","ACGL,AEE,AEP,AES,AFL,AIZ,AJG,ALGN,AMCR,AMGN,AMT,AOS,APO,ARE,ARES,ATO,AVB,AWK,BALL,BDX,BF.B,BKNG,BLK,BR,BRK.B,BRO,BSX,CAG,CB,CCEP,CCI,CDNS,CHD,CI,CIEN,CINF,CLX,CME,CMS,CNP,COF,COO,COST,CPB,CRM,DE,DOC,DOV,DPZ,DTE,DUK,DVA,ED,EFX,EG,EIX,ELV,EQR,ERIE,ESS,ETR,EW,EXR,F,FCX,FE,FICO,FIS,FISV,FTNT,GD,GDDY,GEHC,GIS,GL,GOOG,GOOGL,GRMN,HCA,HON,HSIC,HSY,IEX,INCY,INVH,ISRG,IT,ITW,IVZ,J,JNJ,KHC,KIM,KKR,KMI,KVUE,L,LH,LII,LMT,LNT,MA,MCD,MCO,MDT,MET,MLM,MO,MOH,MRNA,MRSH,MSCI,MSI,NEE,NWS,OKE,OMC,ORLY,PANW,PCAR,PCG,PDD,PEP,PFG,PG,PGR,PKG,PLTR,PM,PNR,PNW,POOL,PPL,PRU,PSA,PSX,PYPL,REG,REGN,ROP,RSG,SHW,SNA,SPGI,STZ,SYK,SYY,T,TAP,TDY,TEAM,TMO,TMUS,TPL,TRV,TSN,TTWO,TYL,UAL,UDR,UHS,URI,V,VLTO,VMC,VRTX,VTR,VZ,WAB,WBD,WELL,WM,WMB,WMT,WTW,YUM,ZBH,ZTS,^VIX",172,179,[],[]
2025-06-23,"A,AAPL,ADI,ADM,ADSK,ALLE,ALNY,AMAT,AMD,AME,AMZN,APTV,ARM,ASML,AVGO,AVY,AXON,BAC,BBY,BEN,BK,BLDR,C,CAH,CAT,CBOE,CDW,CEG,CF,CFG,CHRW,CNC,COIN,COR,CRH,CRL,CSCO,CSX,CTAS,CTVA,DAL,DD,DDOG,DELL,DG,DIS,DLTR,DRI,EA,ECL,EL,EMR,ETN,EXPD,FDX,FER,FFIV,FIX,FOX,FOXA,FRT,FTV,GEN,GEV,GILD,GM,GNRC,GS,HIG,HII,HOOD,HPE,HRL,HUBB,IBKR,IBM,ICE,IDXX,INTC,INTU,IRM,JBHT,JBL,JCI,JKHY,KDP,KLAC,LRCX,LUV,LVS,LW,LYB,MAS,MCHP,MCK,META,MGM,MMM,MNST,MPC,MS,MSFT,MTD,MU,NDAQ,NDSN,NFLX,NI,NKE,NSC,NTAP,NTRS,NVDA,NXPI,ODFL,ON,ORCL,OXY,PH,PLD,PSKY,PTC,PWR,QQQ,RF,RJF,RL,RMD,ROK,RTX,SBAC,SCHW,SHOP,SMCI,SNDK,SO,SOLV,SPG,SPY,SWK,SWKS,SYF,TDG,TECH,TEL,TER,TGT,TPR,TRI,TRMB,TROW,TT,TXN,TXT,UBER,ULTA,UNP,UPS,VLO,VRSK,VST,VTRS,WAT,WDC,WEC,WFC,WRB,WSM,XYL,ZS","ACGL,AEE,AEP,AES,AFL,AIZ,AJG,ALGN,AMCR,AMGN,AOS,APO,ARE,ARES,AVB,BALL,BDX,BF.B,BKNG,BLK,BR,BRK.B,BRO,BSX,CAG,CB,CCEP,CDNS,CHD,CI,CIEN,CINF,CLX,CME,CMS,CNP,COF,COO,COST,CPB,CPRT,CPT,CRM,DE,DECK,DOC,DOV,DPZ,DTE,DUK,DVA,ED,EFX,EG,EIX,ELV,EQR,ERIE,ESS,ETR,EW,EXR,F,FCX,FE,FIS,FTNT,GD,GDDY,GEHC,GIS,GL,GOOG,GOOGL,GRMN,HCA,HON,HSIC,HSY,IEX,INCY,INVH,ISRG,IT,ITW,IVZ,J,JNJ,KHC,KIM,KKR,KMI,KVUE,L,LH,LII,LMT,LNT,MA,MAA,MCD,MCO,MDT,MET,MLM,MOH,MRNA,MRSH,MSCI,MSI,MSTR,NEE,OKE,OMC,ORLY,PANW,PCAR,PCG,PDD,PEP,PFG,PG,PGR,PKG,PLTR,PM,PNR,PNW,POOL,PPL,PRU,PSA,PSX,PYPL,REG,REGN,ROP,ROST,RSG,SHW,SNA,SPGI,STZ,SYK,SYY,T,TAP,TDY,TEAM,TJX,TMO,TMUS,TPL,TRV,TSN,TTWO,TYL,UAL,UDR,UHS,URI,V,VLTO,VMC,VRTX,VTR,VZ,WAB,WBD,WDAY,WELL,WM,WMB,WTW,YUM,ZBH,ZTS,^VIX",170,178,[],[]
2025-06-24,"A,AAPL,ADI,ADM,ADSK,ALLE,ALNY,AMAT,AMD,AME,AMZN,APTV,ARM,ASML,AVGO,AVY,AXON,BAC,BBY,BEN,BK,BLDR,C,CAH,CAT,CBOE,CDW,CEG,CF,CFG,CHRW,CNC,COIN,COR,CRH,CRL,CRWD,CSCO,CSX,CTAS,CTVA,DAL,DD,DDOG,DELL,DG,DIS,DLTR,DRI,EA,ECL,EL,EMR,ETN,EXPD,FDX,FER,FFIV,FIX,FOX,FOXA,FRT,FTV,GEN,GEV,GILD,GLW,GM,GNRC,GS,HIG,HII,HOLX,HOOD,HPE,HRL,HUBB,IBKR,IBM,ICE,IDXX,INTC,INTU,IRM,JBHT,JBL,JCI,JKHY,KDP,KLAC,LHX,LRCX,LUV,LVS,LW,LYB,MAS,MCHP,MCK,META,MGM,MMM,MNST,MPC,MS,MSFT,MTD,MU,NDAQ,NDSN,NFLX,NI,NKE,NSC,NTAP,NTRS,NVDA,NXPI,ODFL,ON,ORCL,OXY,PH,PLD,PSKY,PTC,PWR,QQQ,RCL,RF,RJF,RL,RMD,ROK,RTX,SBAC,SCHW,SHOP,SMCI,SNDK,SO,SOLV,SPG,SPY,STX,SWK,SWKS,SYF,TDG,TECH,TEL,TER,TGT,TPR,TRI,TRMB,TROW,TT,TXN,TXT,UBER,ULTA,UNP,UPS,VLO,VRSK,VST,VTRS,WAT,WDC,WEC,WFC,WRB,WSM,XYL,XYZ,ZS","ACGL,AEE,AEP,AES,AFL,AIZ,AJG,ALGN,AMCR,AMGN,AOS,ARES,AVB,BALL,BDX,BF.B,BR,BRK.B,BRO,BSX,CAG,CB,CCEP,CDNS,CHD,CI,CIEN,CINF,CLX,CME,CMS,CNP,COO,COST,CPB,CPRT,CPT,DE,DECK,DOC,DOV,DPZ,DTE,DUK,ED,EFX,EG,EIX,ELV,EQR,ERIE,ESS,ETR,EW,EXR,F,FCX,FE,FIS,FTNT,GD,GDDY,GEHC,GIS,GL,GOOG,GOOGL,GRMN,HCA,HON,HSIC,HSY,IEX,INCY,INVH,ISRG,IT,ITW,J,JNJ,KHC,KIM,KMI,KVUE,L,LH,LMT,LNT,MA,MAA,MCD,MDT,MET,MLM,MOH,MRNA,MRSH,MSTR,NEE,OKE,OMC,ORLY,PANW,PCG,PEP,PFG,PG,PGR,PKG,PLTR,PM,PNW,POOL,PPL,PRU,PSA,PSX,PYPL,REG,REGN,ROP,ROST,RSG,SHW,SNA,STZ,SYY,T,TAP,TDY,TEAM,TJX,TMO,TMUS,TPL,TRV,TSN,TTWO,TYL,UAL,UDR,UHS,V,VMC,VRSN,VRTX,VTR,VZ,WBD,WDAY,WELL,WM,WMB,WTW,YUM,ZBH,ZTS,^VIX",177,158,[],[]
2025-06-25,"A,AAPL,ADI,ADM,ADSK,ALLE,ALNY,AMAT,AMD,AME,AMZN,APTV,ARM,ASML,AVGO,AVY,AXON,BAC,BBY,BEN,BK,BLDR,C,CAH,CAT,CBOE,CDW,CEG,CF,CFG,CHRW,CNC,COIN,COR,CRH,CRL,CRWD,CSCO,CSX,CTAS,CTVA,DAL,DD,DDOG,DELL,DG,DIS,DLTR,DRI,EA,ECL,EL,EMR,ETN,EXPD,FDX,FER,FFIV,FIX,FOX,FOXA,FTV,GEN,GEV,GILD,GLW,GM,GNRC,GS,HIG,HII,HOLX,HOOD,HPE,HUBB,IBKR,IBM,ICE,IDXX,INTC,INTU,IRM,JBHT,JBL,JCI,JKHY,KDP,KLAC,LHX,LRCX,LUV,LVS,LW,LYB,MAS,MCHP,MCK,META,MGM,MMM,MNST,MPC,MS,MSFT,MTD,MU,NDAQ,NDSN,NFLX,NI,NKE,NSC,NTAP,NTRS,NVDA,NXPI,ODFL,ON,ORCL,OXY,PH,PLD,PSKY,PTC,PWR,QQQ,RCL,RF,RJF,RL,RMD,ROK,RTX,SBAC,SCHW,SHOP,SMCI,SNDK,SO,SOLV,SPG,SPY,STX,SWK,SWKS,SYF,TDG,TECH,TEL,TER,TGT,TPR,TRI,TRMB,TROW,TT,TXN,TXT,UBER,ULTA,UNP,UPS,VLO,VRSK,VST,VTRS,WAT,WDC,WFC,WRB,WSM,XYL,XYZ,ZS","ACGL,AEE,AEP,AES,AFL,AIZ,AJG,ALGN,AMCR,AMGN,AOS,ARES,AVB,BALL,BDX,BF.B,BR,BRK.B,BRO,BSX,CAG,CB,CCEP,CDNS,CHD,CI,CIEN,CINF,CLX,CME,CMS,CNP,COO,COST,CPB,CPRT,CPT,DE,DECK,DOC,DOV,DPZ,DTE,DUK,ED,EFX,EG,EIX,ELV,EQR,ERIE,ESS,ETR,EW,EXR,F,FCX,FE,FIS,FTNT,GD,GDDY,GEHC,GIS,GL,GOOG,GOOGL,GRMN,HCA,HON,HSIC,HSY,IEX,INCY,INVH,ISRG,IT,ITW,J,JNJ,KHC,KIM,KMI,KVUE,L,LH,LMT,LNT,MA,MAA,MCD,MDT,MET,MLM,MOH,MRNA,MRSH,MSTR,NEE,OKE,OMC,ORLY,OTIS,PANW,PCG,PEP,PFG,PG,PGR,PKG,PLTR,PM,PNW,POOL,PPL,PRU,PSA,PSX,PYPL,REG,REGN,ROP,ROST,RSG,SHW,SNA,SNPS,STZ,SYY,T,TAP,TDY,TEAM,TJX,TMO,TMUS,TPL,TRV,TSN,TTWO,TYL,UAL,UDR,UHS,V,VMC,VRSN,VRTX,VTR,VZ,WBD,WDAY,WELL,WM,WMB,WTW,ZBH,ZTS,^VIX",174,159,[],[]
2025-06-26,"A,AAPL,ADI,ADM,ADSK,ALLE,ALNY,AMAT,AMD,AME,AMZN,APTV,ARM,ASML,AVGO,AVY,AXON,BAC,BBY,BEN,BK,BLDR,C,CAH,CAT,CBOE,CDW,CEG,CF,CFG,CHRW,CNC,COIN,COR,CRH,CRL,CRWD,CSCO,CSX,CTAS,CTVA,DAL,DD,DDOG,DELL,DG,DIS,DLTR,DRI,EA,ECL,EL,EMR,ETN,EXPD,FDX,FER,FFIV,FIX,FOX,FOXA,FTV,GEN,GEV,GILD,GLW,GM,GNRC,GS,HIG,HII,HOLX,HOOD,HPE,HUBB,IBKR,IBM,ICE,IDXX,INTC,INTU,IRM,JBHT,JBL,JCI,JKHY,KDP,KLAC,LHX,LRCX,LUV,LVS,LW,LYB,MAS,MCHP,MCK,META,MGM,MMM,MNST,MPC,MS,MSFT,MTD,MU,NDAQ,NDSN,NFLX,NI,NKE,NSC,NTAP,NTRS,NVDA,NXPI,ODFL,ON,ORCL,OXY,PH,PLD,PSKY,PTC,PWR,QQQ,RCL,RF,RJF,RL,RMD,ROK,RTX,SBAC,SCHW,SHOP,SMCI,SNDK,SO,SOLV,SPG,SPY,STX,SWK,SWKS,SYF,TDG,TECH,TEL,TER,TGT,TPR,TRI,TRMB,TROW,TT,TXN,TXT,UBER,ULTA,UNP,UPS,VLO,VRSK,VST,VTRS,WAT,WDC,WFC,WRB,WSM,XYL,XYZ,ZS","ACGL,AEE,AEP,AES,AFL,AIZ,AJG,ALGN,AMCR,AMGN,AOS,ARES,AVB,BALL,BDX,BF.B,BR,BRK.B,BRO,BSX,CAG,CB,CCEP,CDNS,CHD,CIEN,CINF,CLX,CME,CMS,CNP,COO,COST,CPB,CPRT,CPT,DE,DECK,DOC,DPZ,DTE,DUK,ED,EFX,EG,EIX,ELV,EQR,ERIE,ESS,ETR,EW,EXR,F,FE,FIS,FTNT,GDDY,GIS,GL,GOOG,GOOGL,GRMN,HCA,HON,HPQ,HSIC,HSY,IEX,INCY,INVH,ISRG,IT,ITW,J,JNJ,KHC,KIM,KVUE,L,LH,LMT,LNT,MA,MAA,MCD,MDT,MET,MLM,MOH,MRNA,MRSH,MSTR,NEE,OKE,OMC,ORLY,OTIS,PANW,PCG,PEP,PFG,PG,PGR,PKG,PLTR,PM,PNW,POOL,PPL,PRU,PSA,PSX,PYPL,REG,REGN,ROP,ROST,RSG,SHW,SNA,SNPS,STZ,SYY,T,TAP,TEAM,TJX,TMO,TMUS,TPL,TRV,TSN,TTWO,TYL,UAL,UDR,UHS,V,VMC,VRSN,VRTX,VTR,VZ,WBD,WDAY,WELL,WM,WTW,ZBH,ZTS,^VIX",174,152,[],[]
2025-06-27,"A,AAPL,ADI,ADM,ADSK,ALLE,ALNY,AMAT,AMD,AME,AMZN,APTV,ARM,ASML,AVGO,AVY,AXON,BAC,BBY,BEN,BK,BLDR,C,CAH,CAT,CBOE,CDW,CEG,CF,CFG,CHRW,CNC,COIN,COR,CRH,CRL,CRWD,CSCO,CSX,CTAS,CTVA,DAL,DD,DDOG,DELL,DG,DIS,DLTR,DRI,EA,ECL,EL,EMR,ETN,EXPD,FDX,FER,FFIV,FIX,FOX,FOXA,FTV,GEN,GEV,GILD,GLW,GM,GNRC,GS,HIG,HII,HOLX,HOOD,HPE,HUBB,IBKR,IBM,ICE,IDXX,INTC,INTU,IRM,JBHT,JBL,JCI,JKHY,KDP,KLAC,LHX,LRCX,LUV,LVS,LW,LYB,MAS,MCHP,MCK,META,MGM,MMM,MNST,MPC,MS,MSFT,MTD,MU,NDAQ,NDSN,NFLX,NI,NKE,NSC,NTAP,NTRS,NVDA,NXPI,ODFL,ON,ORCL,OXY,PEG,PH,PLD,PSKY,PTC,PWR,QQQ,RCL,RF,RJF,RL,RMD,ROK,RTX,SBAC,SCHW,SHOP,SMCI,SNDK,SO,SOLV,SPG,SPY,STX,SWK,SWKS,SYF,TDG,TECH,TEL,TER,TGT,TPR,TRI,TRMB,TROW,TT,TXN,TXT,UBER,ULTA,UNP,UPS,VLO,VRSK,VST,VTRS,WAT,WDC,WFC,WRB,WSM,XYL,XYZ,ZS","ACGL,AEE,AEP,AES,AFL,AIZ,AJG,ALGN,AMCR,AMGN,AOS,ARES,AVB,BALL,BDX,BF.B,BR,BRK.B,BRO,BSX,CAG,CB,CCEP,CDNS,CHD,CINF,CLX,CME,CMS,CNP,COO,COST,CPB,CPRT,CPT,DE,DECK,DOC,DPZ,DTE,DUK,ED,EFX,EG,EIX,ELV,EQR,ERIE,ESS,ETR,EW,EXR,F,FE,FIS,FTNT,GDDY,GIS,GL,GOOG,GRMN,HCA,HPQ,HSIC,HSY,IEX,INCY,INVH,ISRG,IT,ITW,J,JNJ,KHC,KIM,KVUE,L,LH,LMT,LNT,MA,MAA,MCD,MDT,MET,MLM,MOH,MRNA,MRSH,MSTR,NEE,OKE,OMC,ORLY,OTIS,PANW,PCG,PEP,PG,PGR,PKG,PLTR,PM,PNW,POOL,PPL,PRU,PSA,PSX,PYPL,REG,REGN,ROP,ROST,RSG,SHW,SNA,SNPS,STZ,SYY,T,TAP,TEAM,TJX,TMO,TMUS,TPL,TRV,TSN,TTWO,TYL,UAL,UDR,UHS,V,VMC,VRSN,VRTX,VTR,VZ,WBD,WDAY,WELL,WM,WTW,ZBH,ZTS,^VIX",175,148,[],[]
2025-06-30,"A,AAPL,ADI,ADM,ADSK,AIG,ALLE,ALNY,AMAT,AMD,AME,AMZN,APTV,ARM,ASML,AVGO,AVY,AXON,BAC,BBY,BEN,BK,BLDR,C,CAH,CAT,CBOE,CDW,CEG,CF,CFG,CHRW,CNC,COIN,COR,CRH,CRL,CRWD,CSCO,CSX,CTAS,CTVA,DAL,DD,DDOG,DELL,DG,DIS,DLTR,DRI,EA,ECL,EL,EMR,ETN,EXPD,FDX,FER,FFIV,FIX,FOX,FOXA,FTV,GEN,GEV,GILD,GLW,GM,GNRC,GS,HIG,HII,HOLX,HOOD,HPE,HUBB,IBKR,IBM,ICE,IDXX,INTC,INTU,IRM,JBHT,JBL,JCI,JKHY,KDP,KLAC,LHX,LRCX,LUV,LVS,LW,LYB,MAS,MCHP,MCK,META,MGM,MMM,MNST,MPC,MS,MSFT,MTD,MU,NDAQ,NDSN,NEM,NFLX,NI,NKE,NSC,NTAP,NTRS,NUE,NVDA,NXPI,ODFL,ON,ORCL,OXY,PEG,PH,PLD,PSKY,PTC,PWR,QQQ,RCL,RF,RJF,RL,RMD,ROK,ROL,RTX,SBAC,SCHW,SHOP,SMCI,SNDK,SO,SOLV,SPG,SPY,STLD,STX,SWK,SWKS,SYF,TDG,TECH,TEL,TER,TGT,TPR,TRI,TRMB,TROW,TT,TXN,TXT,UBER,ULTA,UNP,UPS,VLO,VRSK,VST,VTRS,WAT,WDC,WFC,WRB,WSM,XYL,XYZ,ZS","ACGL,AEE,AEP,AES,AFL,AIZ,AJG,ALGN,AMCR,AMGN,AOS,ARES,AVB,BALL,BDX,BF.B,BR,BRK.B,BRO,CAG,CB,CCEP,CDNS,CHD,CINF,CLX,CME,CMS,CNP,COO,COST,CPB,CPRT,CPT,DE,DECK,DOC,DPZ,DTE,DUK,ED,EFX,EG,EIX,EQR,ERIE,ESS,ETR,EW,EXR,F,FE,FIS,FTNT,GDDY,GIS,GL,GOOG,GRMN,HCA,HPQ,HSIC,HSY,IEX,INCY,INVH,ISRG,IT,ITW,J,JNJ,KHC,KIM,KVUE,L,LH,LMT,LNT,MA,MAA,MCD,MDT,MET,MLM,MOH,MRNA,MRSH,NEE,OKE,OMC,ORLY,OTIS,PANW,PCG,PEP,PG,PGR,PKG,PLTR,PM,PNW,POOL,PPL,PRU,PSA,PSX,PYPL,REG,REGN,ROP,ROST,RSG,SHW,SNA,SNPS,STZ,SYY,TAP,TEAM,TJX,TMO,TMUS,TPL,TRV,TSN,TTWO,TYL,UAL,UDR,UHS,V,VMC,VRSN,VRTX,VTR,WBD,WDAY,WELL,WM,WTW,ZBH,ZTS,^VIX",180,143,[],[]
2025-07-01,"A,AAPL,ADI,ADM,ADSK,AIG,ALLE,ALNY,AMAT,AMD,AME,AMZN,APH,APTV,ARM,ASML,AVGO,AVY,AXON,BAC,BBY,BEN,BK,BLDR,C,CAH,CAT,CBOE,CDW,CEG,CF,CFG,CHRW,CNC,COIN,COR,CRH,CRL,CRWD,CSCO,CSX,CTAS,CTVA,DAL,DD,DDOG,DELL,DG,DIS,DLTR,DRI,EA,ECL,EL,EME,EMR,ETN,EXPD,FDX,FER,FFIV,FIX,FOX,FOXA,FTV,GEN,GEV,GILD,GLW,GM,GNRC,GS,HIG,HII,HOLX,HOOD,HPE,HUBB,IBKR,IBM,ICE,IDXX,INSM,INTC,INTU,IRM,JBHT,JBL,JCI,JKHY,KDP,KLAC,LHX,LRCX,LUV,LVS,LW,LYB,MAS,MCHP,MCK,META,MGM,MMM,MNST,MPC,MS,MSFT,MTD,MU,NDAQ,NDSN,NEM,NFLX,NI,NKE,NSC,NTAP,NTRS,NUE,NVDA,NXPI,ODFL,ON,ORCL,OXY,PEG,PH,PLD,PSKY,PTC,PWR,QQQ,RCL,RF,RJF,RL,RMD,ROK,ROL,RTX,SBAC,SCHW,SHOP,SMCI,SNDK,SO,SOLV,SPG,SPY,STLD,STX,SWK,SWKS,SYF,TDG,TECH,TEL,TER,TGT,TKO,TPR,TRI,TRMB,TROW,TT,TXN,TXT,UBER,ULTA,UNP,UPS,VLO,VRSK,VST,VTRS,WAT,WDC,WFC,WRB,WSM,XYL,XYZ,ZS","ACGL,AEE,AEP,AES,AFL,AIZ,AJG,ALGN,AMGN,ARES,AVB,BALL,BR,BRK.B,BRO,CAG,CB,CCEP,CDNS,CINF,CME,CMS,CNP,COO,COST,CPB,CPRT,CPT,DE,DECK,DPZ,DTE,DUK,ED,EFX,EG,EQR,ERIE,ESS,ETR,EW,FDS,FE,FIS,FTNT,GDDY,GIS,GL,GOOG,GRMN,HCA,HSIC,INCY,INVH,ISRG,IT,J,KIM,KVUE,LH,LMT,LNT,MA,MAA,MET,MLM,MOH,MRNA,MRSH,NEE,OKE,OMC,ORLY,PANW,PCG,PG,PGR,PLTR,PM,PPL,PSA,PSX,PYPL,REG,REGN,ROP,ROST,RSG,SHW,STZ,TAP,TEAM,TJX,TMO,TMUS,TPL,TRV,TTWO,TYL,UAL,UDR,V,VMC,VRSN,VRTX,VTR,WBD,WDAY,WELL,WM,WTW,ZTS,^VIX",184,113,[],[]
2025-07-02,"A,AAPL,ADI,ADM,ADSK,ALLE,ALNY,AMAT,AMD,AME,AMZN,APH,APTV,ARM,ASML,AVGO,AVY,AXON,BAC,BBY,BEN,BK,BLDR,C,CAH,CAT,CBOE,CDW,CEG,CF,CFG,CHRW,CMG,COIN,COR,CRH,CRL,CRWD,CSCO,CSGP,CSX,CTVA,DAL,DASH,DD,DDOG,DELL,DG,DHI,DIS,DLTR,DRI,EA,ECL,EL,EME,EMR,ETN,EXPD,FDX,FER,FFIV,FIX,FOX,FOXA,FTV,GEN,GEV,GILD,GLW,GM,GNRC,GS,HII,HOLX,HOOD,HPE,HUBB,IBKR,IBM,ICE,IDXX,INSM,INTC,INTU,IRM,JBHT,JBL,JCI,JKHY,KDP,KLAC,LHX,LRCX,LUV,LVS,LW,LYB,MAS,MCHP,META,MGM,MMM,MNST,MPC,MS,MSFT,MTD,MU,NDAQ,NDSN,NEM,NFLX,NI,NKE,NSC,NTAP,NTRS,NUE,NVDA,NXPI,ODFL,ON,ORCL,OXY,PH,PHM,PLD,PSKY,PTC,PWR,QQQ,RCL,RF,RJF,RL,RMD,ROK,ROL,RTX,SBAC,SBUX,SCHW,SHOP,SMCI,SNDK,SO,SOLV,SPG,SPY,STLD,STX,SWK,SWKS,SYF,TDG,TECH,TEL,TER,TGT,TKO,TPR,TRI,TRMB,TROW,TT,TXN,TXT,UBER,ULTA,UNP,UPS,VLO,VST,VTRS,WAT,WDC,WFC,WSM,XYL,XYZ,ZS","ACGL,AEE,AEP,AES,AFL,AIZ,AJG,ALGN,AMGN,AVB,BALL,BR,BRK.B,BRO,CAG,CB,CCEP,CDNS,CINF,CME,CMS,CNP,COO,COST,CPB,CPRT,CPT,DE,DECK,DPZ,DTE,DUK,ED,EFX,EG,EQR,ERIE,ESS,ETR,EW,FDS,FE,FIS,FTNT,GDDY,GIS,GL,GOOG,GRMN,HCA,HSIC,INCY,INVH,ISRG,IT,J,KIM,KVUE,LH,LMT,LNT,MA,MAA,MET,MLM,MOH,MRSH,NEE,OKE,OMC,ORLY,PANW,PCG,PG,PGR,PLTR,PM,PPL,PSA,PYPL,REG,REGN,ROP,ROST,RSG,SHW,TAP,TEAM,TJX,TMO,TMUS,TPL,TRV,TTWO,TYL,UAL,UDR,V,VMC,VRSN,VRTX,VTR,WBD,WDAY,WELL,WM,WTW,ZTS,^VIX",182,109,[],[]
2025-07-03,"A,AAPL,ABNB,ADI,ADM,ADSK,ALLE,ALNY,AMAT,AMD,AME,AMZN,APH,APTV,ARM,ASML,AVGO,AVY,AXON,BAC,BBY,BEN,BK,BLDR,C,CAH,CAT,CBOE,CDW,CEG,CF,CFG,CHRW,CMG,COIN,COR,CRH,CRL,CRWD,CSCO,CSGP,CSX,CTVA,DAL,DASH,DD,DDOG,DELL,DG,DHI,DIS,DLTR,DRI,EA,ECL,EL,EME,EMR,ETN,EXPD,FDX,FER,FFIV,FIX,FOX,FOXA,FTV,GEN,GEV,GILD,GLW,GM,GNRC,GS,HII,HOLX,HOOD,HPE,HUBB,IBKR,IBM,ICE,IDXX,INSM,INTC,INTU,IRM,JBHT,JBL,JCI,JKHY,KDP,KLAC,LHX,LRCX,LUV,LVS,LW,LYB,LYV,MAS,MCHP,META,MGM,MMM,MNST,MPC,MS,MSFT,MTD,MU,NDAQ,NDSN,NEM,NFLX,NI,NKE,NSC,NTAP,NTRS,NUE,NVDA,NXPI,ODFL,ON,ORCL,OXY,PH,PHM,PLD,PSKY,PTC,PWR,QQQ,RCL,RF,RJF,RL,RMD,ROK,ROL,RTX,SBAC,SBUX,SCHW,SHOP,SMCI,SNDK,SO,SOLV,SPG,SPY,STLD,STX,SWK,SWKS,SYF,TDG,TECH,TEL,TER,TGT,TKO,TPR,TRI,TRMB,TROW,TSCO,TT,TXN,TXT,UBER,ULTA,UNP,UPS,VLO,VST,VTRS,WAT,WDC,WFC,WSM,XYL,XYZ,ZS","ACGL,AEE,AEP,AES,AFL,AIZ,AJG,ALGN,AMGN,AVB,BALL,BR,BRK.B,BRO,CAG,CB,CINF,CME,CMS,CNP,COO,COST,CPB,CPRT,CPT,DE,DECK,DPZ,DTE,DUK,ED,EFX,EG,EQR,ERIE,ESS,ETR,EW,FDS,FE,FIS,FTNT,GDDY,GIS,GL,GOOG,GRMN,HCA,HSIC,INCY,INVH,ISRG,IT,J,KIM,KVUE,LH,LMT,LNT,MA,MAA,MET,MLM,MOH,MRSH,NEE,OKE,OMC,ORLY,PANW,PCG,PG,PGR,PLTR,PM,PPL,PSA,PYPL,REG,REGN,ROP,ROST,RSG,SHW,TAP,TJX,TMO,TMUS,TPL,TRV,TSLA,TTD,TTWO,TYL,UAL,UDR,V,VMC,VRSN,VRTX,VTR,WBD,WDAY,WELL,WM,WTW,ZTS,^VIX",185,108,[],[]
2025-07-07,"A,AAPL,ABNB,ADI,ADM,ADSK,ALLE,ALNY,AMAT,AMD,AME,AMZN,APH,APTV,ASML,AVGO,AVY,AXON,BAC,BBY,BEN,BK,BLDR,C,CAH,CAT,CBOE,CDW,CEG,CF,CFG,CHRW,CMG,COIN,COR,CRH,CRL,CRWD,CSCO,CSGP,CSX,CTVA,DAL,DASH,DD,DDOG,DELL,DG,DHI,DIS,DLTR,DRI,EA,ECL,EL,EME,EMR,ETN,EXPD,FDX,FER,FFIV,FIX,FOX,FOXA,FTV,GEN,GEV,GILD,GLW,GM,GNRC,GS,HII,HOLX,HOOD,HPE,HUBB,IBKR,IBM,ICE,IDXX,INSM,INTC,INTU,IQV,IRM,JBHT,JBL,JCI,JKHY,KDP,KLAC,LHX,LRCX,LUV,LVS,LW,LYB,LYV,MAS,MCHP,META,MGM,MMM,MNST,MPC,MS,MSFT,MTD,MU,NDAQ,NDSN,NEM,NFLX,NI,NKE,NSC,NTAP,NTRS,NUE,NVDA,NXPI,ODFL,ON,ORCL,OXY,PH,PHM,PLD,PSKY,PTC,PWR,QQQ,RCL,RF,RJF,RL,RMD,ROK,ROL,RTX,SBAC,SBUX,SCHW,SHOP,SMCI,SNDK,SO,SOLV,SPG,SPY,STLD,STT,STX,SWK,SWKS,SYF,TDG,TECH,TEL,TER,TGT,TKO,TPR,TRI,TRMB,TROW,TSCO,TT,TXN,TXT,UBER,ULTA,UNP,UPS,VLO,VST,VTRS,WAT,WDC,WFC,WSM,WST,XYL,XYZ,ZS","ACGL,AEE,AEP,AES,AFL,AIZ,AJG,ALGN,AMGN,AVB,BALL,BR,BRK.B,BRO,CAG,CB,CINF,CME,CMS,CNP,COO,COST,CPB,CPRT,CPT,DE,DECK,DPZ,DTE,DUK,ED,EFX,EG,EQR,ERIE,ESS,ETR,EW,FDS,FE,FIS,FTNT,GDDY,GIS,GL,GOOG,GRMN,HCA,HSIC,INCY,INVH,ISRG,IT,J,KIM,KVUE,LH,LMT,LNT,MA,MAA,MELI,MET,MLM,MOH,MRSH,NEE,OKE,OMC,PANW,PCG,PG,PGR,PLTR,PM,PODD,PPL,PSA,PYPL,REG,REGN,ROP,ROST,RSG,SHW,TAP,TJX,TMO,TMUS,TPL,TRV,TSLA,TTD,TTWO,TYL,UAL,UDR,V,VMC,VRSN,VRTX,VTR,WBD,WDAY,WELL,WM,WTW,ZTS,^VIX",187,109,[],[]
2025-07-08,"A,AAPL,ABNB,ADI,ADM,ADSK,ALLE,ALNY,AMAT,AMD,AME,AMZN,APH,APTV,ASML,AVGO,AVY,AXON,BAC,BBY,BEN,BK,BLDR,C,CAH,CAT,CBOE,CDW,CEG,CF,CFG,CHRW,CMG,COIN,COR,CRH,CRL,CRWD,CSCO,CSGP,CSX,CTVA,DAL,DASH,DD,DDOG,DELL,DG,DHI,DIS,DLTR,DRI,EA,ECL,EL,EME,EMR,ETN,EVRG,EXPD,FDX,FER,FFIV,FIX,FOX,FOXA,FTV,GEN,GEV,GILD,GLW,GM,GNRC,GS,HAS,HII,HOLX,HOOD,HPE,HUBB,IBKR,IBM,ICE,IDXX,INSM,INTC,INTU,IQV,IRM,JBHT,JBL,JCI,JKHY,KDP,KLAC,LHX,LRCX,LUV,LVS,LW,LYB,MAS,MCHP,META,MGM,MKC,MMM,MNST,MPC,MS,MSFT,MTD,MU,NDAQ,NDSN,NEM,NFLX,NI,NKE,NSC,NTAP,NTRS,NUE,NVDA,NXPI,O,ODFL,ON,ORCL,OXY,PFE,PH,PHM,PLD,PSKY,PTC,PWR,QCOM,QQQ,RCL,RF,RJF,RL,RMD,ROK,ROL,RTX,SBAC,SBUX,SCHW,SHOP,SMCI,SNDK,SO,SOLV,SPG,SPY,STLD,STT,STX,SWK,SWKS,SYF,TDG,TECH,TEL,TER,TGT,TKO,TPR,TRI,TRMB,TROW,TSCO,TT,TXN,TXT,UBER,ULTA,UNP,UPS,VLO,VST,VTRS,WAT,WDC,WFC,WSM,WST,XYL,XYZ,ZS","ACGL,ADP,AEE,AEP,AES,AFL,AIZ,AJG,ALGN,AMGN,AON,APP,AVB,BALL,BR,BRK.B,BRO,CAG,CB,CINF,CME,CMS,CNP,COO,COST,CPB,CPRT,CPT,DE,DECK,DPZ,DTE,DUK,ED,EFX,EG,EQR,ERIE,ESS,ETR,EW,FDS,FE,FIS,FTNT,GDDY,GIS,GL,GOOG,GRMN,HCA,HSIC,INCY,INVH,ISRG,IT,J,KIM,KVUE,LH,LMT,LNT,MA,MAA,MELI,MET,MLM,MOH,MRSH,NEE,OKE,OMC,PANW,PCG,PG,PGR,PLTR,PM,PODD,PPL,PSA,PYPL,REG,REGN,ROP,ROST,RSG,SHW,SRE,TAP,TJX,TMO,TMUS,TPL,TRV,TSLA,TTD,TTWO,TYL,UAL,UDR,V,VMC,VRSN,VRTX,VTR,WBD,WDAY,WELL,WM,WTW,ZTS,^VIX",192,113,[],[]
2025-07-09,"A,AAPL,ABNB,ADI,ADM,ADSK,ALLE,ALNY,AMAT,AMD,AME,AMZN,APH,APTV,ASML,AVGO,AVY,AXON,BAC,BBY,BEN,BK,BLDR,C,CAH,CAT,CBOE,CDW,CEG,CF,CFG,CHRW,CMCSA,CMG,COIN,COR,CRH,CRL,CRWD,CSCO,CSGP,CSX,CTVA,CVX,DAL,DASH,DD,DDOG,DELL,DG,DHI,DIS,DLTR,DRI,EA,ECL,EL,EME,EMR,EOG,ETN,EVRG,EXPD,FDX,FER,FFIV,FIX,FOX,FOXA,FTV,GEN,GEV,GILD,GLW,GM,GNRC,GS,HAS,HII,HOLX,HOOD,HPE,HUBB,IBKR,IBM,ICE,IDXX,INSM,INTC,INTU,IQV,IRM,JBHT,JBL,JCI,JKHY,KDP,KLAC,LHX,LRCX,LUV,LVS,LW,LYB,MAS,MCHP,META,MGM,MKC,MMM,MPC,MRK,MS,MSFT,MTD,MU,NDAQ,NDSN,NEM,NFLX,NI,NKE,NSC,NTAP,NTRS,NUE,NVDA,NXPI,O,ODFL,ON,ORCL,OXY,PFE,PH,PHM,PLD,PSKY,PTC,PWR,QCOM,QQQ,RCL,RF,RJF,RL,RMD,ROK,ROL,RTX,RVTY,SBAC,SBUX,SCHW,SHOP,SMCI,SNDK,SO,SOLV,SPG,SPY,STLD,STT,STX,SWK,SWKS,SYF,TDG,TECH,TEL,TER,TGT,TKO,TPR,TRI,TRMB,TROW,TSCO,TT,TXN,TXT,UBER,ULTA,UNP,UPS,VICI,VLO,VST,VTRS,WAT,WDC,WFC,WSM,WST,XYL,XYZ,ZS","ACGL,ADP,AEE,AEP,AFL,AIZ,AJG,ALGN,ALL,AMGN,AON,APP,AVB,BALL,BR,BRK.B,BRO,CAG,CB,CINF,CME,CMS,CNP,COO,COST,CPB,CPRT,CPT,DE,DECK,DPZ,DTE,DUK,ED,EFX,EG,EQR,ERIE,ESS,ETR,EW,EXE,FDS,FE,FIS,FTNT,GDDY,GE,GIS,GL,GOOG,GRMN,HCA,HSIC,INCY,INVH,ISRG,IT,J,KIM,KVUE,LH,LMT,LNT,MA,MAA,MELI,MET,MLM,MOH,MRSH,NEE,OKE,OMC,PANW,PCG,PG,PGR,PLTR,PM,PODD,PPL,PSA,PYPL,REG,REGN,ROP,ROST,RSG,SHW,SRE,TAP,TJX,TMO,TMUS,TPL,TRV,TSLA,TTD,TTWO,TYL,UAL,UDR,V,VMC,VRSN,VTR,WBD,WDAY,WELL,WM,WTW,ZTS,^VIX",197,114,[],[]
2025-07-10,"A,AAPL,ABNB,ADI,ADM,ALLE,ALNY,AMAT,AMD,AME,AMZN,APH,APTV,ASML,AVGO,AVY,BAC,BBY,BEN,BK,BLDR,C,CAH,CAT,CBOE,CDW,CEG,CF,CFG,CHRW,CMCSA,CMG,COIN,COR,CRH,CRL,CRWD,CSCO,CSGP,CSX,CTVA,CVX,DAL,DASH,DD,DDOG,DELL,DG,DHI,DIS,DLTR,DRI,EA,ECL,EL,EME,EMR,EOG,ETN,EVRG,EXPD,FDX,FER,FFIV,FIX,FOX,FOXA,FTV,GEN,GEV,GILD,GLW,GM,GNRC,GS,HAS,HII,HOLX,HOOD,HPE,HUBB,IBKR,IBM,ICE,IDXX,INSM,INTC,IQV,IRM,JBHT,JBL,JCI,JKHY,KDP,KLAC,LHX,LRCX,LUV,LVS,LW,LYB,MAS,MCHP,META,MGM,MKC,MMM,MPC,MRK,MS,MSFT,MTD,MU,NDAQ,NDSN,NEM,NFLX,NI,NKE,NSC,NTAP,NTRS,NUE,NVDA,NXPI,O,ODFL,ON,ORCL,OXY,PFE,PH,PHM,PLD,PSKY,PTC,PWR,QCOM,QQQ,RCL,RF,RJF,RL,RMD,ROK,ROL,RTX,RVTY,SBAC,SBUX,SCHW,SHOP,SMCI,SNDK,SO,SOLV,SPG,SPY,STLD,STT,STX,SWK,SWKS,SYF,TDG,TECH,TEL,TER,TGT,TKO,TPR,TRI,TRMB,TROW,TSCO,TT,TXN,TXT,UBER,ULTA,UNP,UPS,VICI,VLO,VST,VTRS,WAT,WDC,WFC,WSM,WST,XYL,XYZ","ACGL,ADP,AEE,AFL,AIZ,AJG,ALGN,ALL,AMGN,AON,APP,AVB,BALL,BR,BRK.B,BRO,CAG,CB,CINF,CME,CMS,CNP,COST,CPB,CPRT,CPT,DE,DECK,DPZ,DUK,ED,EFX,EG,EQR,ERIE,ESS,ETR,EW,EXE,FDS,FIS,FTNT,GDDY,GE,GIS,GL,GOOG,GRMN,HCA,HSIC,INCY,INVH,ISRG,IT,KIM,KVUE,LH,LMT,LNT,MA,MAA,MELI,MET,MLM,MOH,MRSH,NEE,OKE,OMC,PANW,PAYX,PCG,PG,PGR,PLTR,PM,PODD,PSA,PYPL,REG,REGN,ROP,ROST,RSG,SHW,SRE,TAP,TJX,TMO,TMUS,TPL,TRV,TSLA,TTD,TTWO,TYL,UDR,V,VMC,VRSN,VTR,WBD,WDAY,WELL,WM,WTW,ZTS,^VIX",193,108,[],[]
2025-07-11,"A,AAPL,ABNB,ABT,ADI,ADM,ALLE,ALNY,AMAT,AMD,AME,AMZN,APH,APTV,ASML,AVGO,AVY,BAC,BBY,BEN,BK,BLDR,C,CAH,CAT,CBOE,CBRE,CDW,CEG,CF,CFG,CHRW,CMCSA,CMG,COIN,COR,CRH,CRL,CRWD,CSCO,CSGP,CSX,CVX,DAL,DASH,DD,DDOG,DELL,DG,DHI,DHR,DIS,DLTR,DRI,ECL,EL,EME,EMR,EOG,ETN,EVRG,EXC,EXPD,FDX,FER,FFIV,FIX,FOX,FOXA,FTV,GEV,GILD,GLW,GM,GNRC,GS,HAS,HII,HOLX,HOOD,HPE,HUBB,IBKR,IBM,ICE,IDXX,INSM,INTC,IQV,IRM,JBHT,JBL,JCI,JKHY,KDP,KLAC,LHX,LRCX,LUV,LVS,LW,LYB,MAS,MCHP,MDLZ,META,MGM,MKC,MMM,MPC,MRK,MS,MSFT,MTD,MU,NDAQ,NDSN,NEM,NFLX,NI,NKE,NSC,NTAP,NTRS,NUE,NVDA,NXPI,O,ODFL,ON,ORCL,OXY,PFE,PH,PHM,PLD,PSKY,PTC,PWR,QCOM,QQQ,RCL,RF,RJF,RL,RMD,ROK,ROL,RTX,RVTY,SBAC,SBUX,SCHW,SHOP,SMCI,SNDK,SO,SOLV,SPG,SPY,STLD,STT,STX,SWK,SWKS,SYF,TDG,TECH,TEL,TER,TGT,TKO,TPR,TRI,TRMB,TROW,TSCO,TT,TXN,TXT,UBER,ULTA,UNH,UNP,UPS,VICI,VLO,VST,VTRS,WAT,WDC,WFC,WSM,WST,XYL","ACGL,ADP,AEE,AFL,AIZ,AJG,ALGN,ALL,AMGN,AON,APP,AVB,BALL,BR,BRK.B,BRO,CAG,CB,CINF,CME,CMS,CNP,COST,CPB,CPRT,CPT,DE,DECK,DPZ,DUK,ED,EFX,EG,EQR,ERIE,ESS,ETR,EW,EXE,FDS,FIS,FTNT,GDDY,GE,GIS,GL,GOOG,GRMN,HCA,HSIC,INCY,INVH,ISRG,IT,KIM,LH,LMT,LNT,MA,MAA,MELI,MET,MLM,MOH,MRSH,NEE,OKE,OMC,PANW,PAYX,PCG,PG,PGR,PLTR,PM,PODD,PSA,PYPL,REG,REGN,ROP,ROST,RSG,SHW,SRE,TAP,TJX,TMO,TMUS,TPL,TRV,TSLA,TTD,TTWO,TYL,UDR,V,VMC,VRSN,WBD,WDAY,WELL,WM,WTW,ZTS,^VIX",195,106,[],[]
2025-07-14,"A,AAPL,ABNB,ABT,ADI,ADM,ALLE,ALNY,AMAT,AMD,AME,AMZN,APH,APTV,ASML,AVGO,AVY,BAC,BBY,BEN,BG,BK,BLDR,C,CAH,CAT,CBOE,CBRE,CDW,CEG,CF,CFG,CHRW,CMCSA,CMG,COIN,COR,CRH,CRL,CRWD,CSCO,CSGP,CSX,CTRA,CVS,CVX,DAL,DASH,DD,DDOG,DELL,DG,DHI,DHR,DIS,DLTR,DRI,ECL,EL,EME,EMR,EOG,ETN,EVRG,EXC,EXPD,FDX,FER,FFIV,FIX,FOX,FOXA,FTV,GEV,GILD,GLW,GM,GNRC,GS,HAS,HII,HOLX,HOOD,HPE,HUBB,IBKR,IBM,ICE,IDXX,INSM,INTC,IQV,IRM,JBHT,JBL,JCI,JKHY,KDP,KLAC,LHX,LRCX,LUV,LVS,LW,LYB,MAS,MCHP,MDLZ,META,MGM,MKC,MMM,MPC,MRK,MS,MSFT,MTD,MU,NDAQ,NDSN,NEM,NFLX,NI,NKE,NOC,NSC,NTAP,NTRS,NUE,NVDA,NXPI,O,ODFL,ON,ORCL,OXY,PFE,PH,PHM,PLD,PSKY,PTC,PWR,QQQ,RCL,RF,RJF,RL,RMD,ROK,ROL,RTX,RVTY,SBAC,SBUX,SCHW,SHOP,SMCI,SO,SOLV,SPG,SPY,STLD,STT,STX,SWK,SWKS,SYF,TDG,TECH,TEL,TER,TGT,TKO,TPR,TRGP,TRI,TRMB,TROW,TSCO,TT,TXN,TXT,UBER,ULTA,UNH,UNP,UPS,VICI,VLO,VST,VTRS,WDC,WFC,WSM,WST,XYL","ACGL,ADBE,ADP,AEE,AFL,AIZ,AJG,ALGN,ALL,AMGN,AMP,AON,APP,AVB,BALL,BR,BRK.B,BRO,CAG,CB,CINF,CME,CMS,CNP,COST,CPAY,CPB,CPRT,CPT,CTSH,DE,DECK,DPZ,DUK,ED,EFX,EG,EQR,ERIE,ESS,ETR,EW,EXE,EXPE,FDS,FIS,FTNT,GDDY,GIS,GL,GOOG,GRMN,HCA,HSIC,HST,INCY,INVH,ISRG,IT,KIM,LH,LMT,LNT,MA,MAA,MAR,MELI,MET,MLM,MOH,MPWR,MRSH,NEE,OKE,OMC,PANW,PAYC,PAYX,PCG,PG,PGR,PLTR,PM,PODD,PPG,PSA,PYPL,REG,REGN,ROP,ROST,RSG,SHW,SRE,TAP,TJX,TMO,TMUS,TPL,TRV,TSLA,TTD,TTWO,TYL,UDR,V,VMC,VRSN,WBD,WDAY,WM,WTW,ZTS,^VIX",197,114,[],[]
2025-07-15,"AAPL,ABNB,ABT,ADI,ADM,ALLE,ALNY,AMAT,AMD,AMZN,APH,APTV,ASML,AVGO,AVY,BAC,BBY,BEN,BG,BK,BLDR,C,CAH,CAT,CBOE,CBRE,CDW,CEG,CF,CFG,CHRW,CMCSA,CMG,COIN,COR,CRH,CRL,CRWD,CSGP,CSX,CTRA,CVS,CVX,DAL,DASH,DD,DDOG,DELL,DG,DHI,DHR,DIS,DLTR,ECL,EL,EME,EMR,EOG,ETN,EVRG,EXC,EXPD,FDX,FER,FFIV,FIX,FOX,FOXA,FTV,GEV,GILD,GLW,GM,GNRC,GS,HAS,HII,HOOD,HPE,HUBB,IBKR,IBM,ICE,IDXX,INSM,INTC,IQV,IRM,JBHT,JBL,JCI,JKHY,KDP,KLAC,LHX,LRCX,LUV,LVS,LW,LYB,MAS,MCHP,MDLZ,META,MGM,MKC,MMM,MPC,MRK,MS,MSFT,MTD,MU,NDAQ,NDSN,NEM,NFLX,NI,NKE,NOC,NSC,NTAP,NTRS,NUE,NVDA,NWSA,NXPI,O,ODFL,ON,ORCL,PFE,PH,PHM,PLD,PSKY,PTC,PWR,QQQ,RCL,RF,RJF,RL,RMD,ROK,ROL,RTX,RVTY,SBAC,SBUX,SCHW,SHOP,SMCI,SO,SOLV,SPG,SPY,STX,SWK,SWKS,SYF,TDG,TECH,TEL,TER,TGT,TKO,TPR,TRGP,TRI,TRMB,TROW,TSCO,TT,TXN,TXT,UBER,ULTA,UNH,UNP,UPS,VICI,VLO,VST,VTRS,WDC,WST,XYL","ACGL,ADBE,ADP,AEE,AFL,AIZ,AJG,ALGN,ALL,AMGN,AMP,AON,APP,AVB,BALL,BR,BRK.B,BRO,CAG,CB,CINF,CME,CMS,CNP,COST,CPAY,CPB,CPRT,CPT,CTSH,DE,DECK,DPZ,DUK,ED,EFX,EG,EQR,ERIE,ESS,ETR,EW,EXE,EXPE,FDS,FIS,FTNT,GDDY,GIS,GL,GOOG,GRMN,HCA,HSIC,HST,INCY,INVH,ISRG,IT,KIM,LH,LMT,LNT,MA,MAA,MAR,MELI,MET,MLM,MOH,MPWR,MRSH,NEE,OKE,OMC,PANW,PAYC,PAYX,PCG,PG,PGR,PLTR,PM,PODD,PPG,PSA,PYPL,REG,REGN,ROP,ROST,RSG,SHW,SRE,TAP,TJX,TMO,TMUS,TPL,TRV,TSLA,TTWO,TYL,UDR,V,VMC,VRSN,WBD,WDAY,WM,WTW,XEL,ZTS,^VIX",188,114,[],[]
2025-07-16,"AAPL,ABNB,ABT,ADI,ADM,ALLE,ALNY,AMAT,AMD,AMZN,APH,APTV,AVGO,AVY,BAC,BEN,BG,BK,BLDR,C,CAH,CAT,CBOE,CBRE,CDW,CEG,CFG,CHRW,CMCSA,CMG,COIN,COR,CRH,CRL,CRWD,CSGP,CSX,CVS,CVX,DAL,DASH,DD,DDOG,DELL,DG,DHI,DHR,DIS,DLTR,ECL,EL,EME,EMR,EOG,ETN,EVRG,EXC,EXPD,FDX,FER,FFIV,FIX,FOX,FOXA,FTV,GEV,GILD,GLW,GM,GNRC,GS,HAS,HII,HOOD,HPE,HUBB,IBKR,IBM,ICE,IDXX,INSM,INTC,IQV,IRM,JBHT,JBL,JCI,JKHY,KDP,KLAC,LHX,LRCX,LUV,LVS,LW,LYB,MAS,MCHP,MDLZ,META,MGM,MKC,MMM,MPC,MRK,MSFT,MTD,MU,NDAQ,NDSN,NEM,NFLX,NI,NKE,NOC,NSC,NTAP,NTRS,NUE,NVDA,NWSA,NXPI,O,ODFL,ON,ORCL,PFE,PH,PHM,PLD,PSKY,PTC,PWR,QQQ,RCL,RF,RJF,RL,RMD,ROK,ROL,RTX,RVTY,SBAC,SBUX,SCHW,SHOP,SMCI,SO,SOLV,SPG,SPY,STX,SWK,SWKS,SYF,TDG,TECH,TEL,TER,TGT,TKO,TPR,TRGP,TRI,TRMB,TROW,TSCO,TT,TXN,TXT,ULTA,UNH,UNP,UPS,VICI,VLO,VST,VTRS,WDC,WST,XYL","ABBV,ACGL,ADBE,ADP,AEE,AFL,AIZ,AJG,ALGN,ALL,AMGN,AMP,AON,APP,AVB,BALL,BAX,BIIB,BMY,BR,BRK.B,BRO,CAG,CB,CINF,CME,CMS,CNP,COST,CPAY,CPB,CPRT,CPT,CTSH,DE,DECK,DPZ,DUK,ED,EFX,EG,EPAM,EQR,ERIE,ES,ESS,ETR,EW,EXE,EXPE,FDS,FIS,FSLR,FTNT,GDDY,GIS,GL,GOOG,GRMN,GWW,HCA,HSIC,HST,IFF,INCY,INVH,ISRG,IT,KIM,LEN,LH,LMT,LNT,MA,MAA,MAR,MELI,MET,MLM,MOH,MPWR,MRSH,NEE,OKE,OMC,PANW,PAYC,PAYX,PCG,PG,PGR,PLTR,PM,PODD,PPG,PSA,PYPL,REG,REGN,ROP,ROST,RSG,SHW,SRE,STE,TAP,TJX,TMO,TMUS,TPL,TRV,TSLA,TTWO,TYL,UDR,V,VMC,VRSN,WDAY,WM,WTW,WY,XEL,ZTS,^VIX",182,125,[],[]
2025-07-17,"AAPL,ABNB,ADI,ADM,ALLE,ALNY,AMAT,AMD,AMZN,APH,APTV,AVGO,AVY,BAC,BEN,BG,BK,BLDR,C,CAH,CAT,CBOE,CBRE,CDW,CEG,CFG,CHRW,CMCSA,CMG,COIN,COR,CRH,CRL,CRWD,CSGP,CSX,CVS,CVX,DAL,DASH,DD,DDOG,DELL,DHI,DHR,DIS,DLTR,ECL,EL,EME,EMR,EOG,ETN,EVRG,EXC,EXPD,FDX,FER,FFIV,FIX,FOX,FOXA,FTV,GEV,GILD,GLW,GM,GNRC,GS,HAS,HII,HOOD,HPE,HUBB,IBKR,IBM,ICE,IDXX,INSM,INTC,IQV,IRM,JBHT,JBL,JCI,JKHY,KDP,KLAC,LHX,LRCX,LUV,LVS,LW,LYB,MAS,MCHP,MDLZ,META,MGM,MKC,MMM,MPC,MRK,MRVL,MSFT,MTD,MU,NDAQ,NDSN,NEM,NFLX,NI,NKE,NOC,NSC,NTAP,NTRS,NUE,NVDA,NWSA,NXPI,O,ODFL,ON,ORCL,PFE,PH,PHM,PLD,PSKY,PTC,PWR,QQQ,RCL,RF,RJF,RL,RMD,ROK,ROL,RTX,RVTY,SBAC,SBUX,SCHW,SHOP,SMCI,SO,SOLV,SPG,SPY,STX,SWK,SWKS,SYF,TDG,TECH,TEL,TER,TGT,TKO,TPR,TRGP,TRI,TRMB,TROW,TSCO,TT,TXN,TXT,ULTA,UNH,UNP,UPS,VICI,VLO,VST,VTRS,WDC,WST,XYL","ABBV,ACGL,ACN,ADBE,ADP,AEE,AFL,AIZ,AJG,ALGN,ALL,AMGN,AMP,AON,APP,AVB,BALL,BAX,BIIB,BMY,BR,BRK.B,BRO,CAG,CB,CINF,CME,CMS,CNP,COST,CPAY,CPB,CPRT,CPT,CTSH,DE,DECK,DOW,DPZ,DUK,ED,EFX,EG,EPAM,EQR,ERIE,ES,ESS,EW,EXE,EXPE,FDS,FIS,FSLR,FTNT,GDDY,GIS,GL,GOOG,GWW,HCA,HSIC,HST,IFF,INCY,INVH,ISRG,IT,KIM,LEN,LH,LMT,LNT,MA,MAA,MAR,MELI,MET,MLM,MOH,MPWR,MRSH,NEE,OKE,OMC,PANW,PAYC,PAYX,PCG,PG,PGR,PLTR,PM,PODD,PPG,PSA,PYPL,REG,REGN,ROP,ROST,RSG,SHW,STE,TAP,TJX,TMO,TMUS,TPL,TRV,TSLA,TTWO,TYL,UDR,V,VMC,VRSN,WDAY,WM,WTW,WY,XEL,ZTS,^VIX",181,124,[],[]
2025-07-18,"AAPL,ABNB,ADI,ADM,ALLE,ALNY,AMAT,AMD,AMZN,APH,APTV,AVGO,AVY,BAC,BEN,BG,BK,BLDR,C,CAH,CAT,CBOE,CBRE,CDW,CEG,CFG,CHRW,CMCSA,CMG,COIN,COR,CRH,CRL,CRWD,CSGP,CSX,CVS,CVX,DAL,DASH,DD,DDOG,DELL,DHI,DHR,DIS,DLTR,ECL,EL,EME,EMR,EOG,ETN,EVRG,EXC,EXPD,FDX,FER,FFIV,FIX,FOX,FOXA,FTV,GEV,GILD,GLW,GM,GNRC,GS,HAS,HII,HOOD,HPE,HUBB,IBKR,IBM,ICE,IDXX,INSM,INTC,IQV,IRM,JBHT,JBL,JCI,JKHY,KDP,KLAC,KR,LHX,LRCX,LUV,LVS,LW,LYB,MAS,MCHP,MDLZ,META,MGM,MKC,MMM,MPC,MRK,MRVL,MSFT,MTD,MU,NDAQ,NDSN,NEM,NI,NKE,NOC,NSC,NTAP,NTRS,NUE,NVDA,NWSA,NXPI,O,ODFL,ON,ORCL,PFE,PH,PHM,PLD,PSKY,PTC,PWR,QQQ,RCL,RF,RJF,RL,RMD,ROK,ROL,RTX,RVTY,SBAC,SBUX,SCHW,SHOP,SMCI,SO,SOLV,SPG,SPY,STX,SWK,SWKS,SYF,TDG,TECH,TEL,TER,TGT,TKO,TPR,TRGP,TRI,TRMB,TROW,TSCO,TT,TXN,TXT,ULTA,UNH,UPS,VICI,VLO,VST,VTRS,WDC,XYL","ABBV,ACGL,ACN,ADBE,ADP,AFL,AIZ,AJG,ALGN,ALL,AMGN,AMP,AON,APP,AVB,BALL,BAX,BIIB,BMY,BR,BRK.B,BRO,CAG,CB,CINF,CME,COST,CPAY,CPB,CPRT,CPT,CTSH,DE,DECK,DOW,DPZ,DUK,ED,EFX,EG,EPAM,EQR,ERIE,ES,ESS,EW,EXE,EXPE,FDS,FIS,FSLR,FTNT,GDDY,GIS,GL,GOOG,GWW,HCA,HSIC,HST,IFF,INCY,INVH,ISRG,IT,KIM,LEN,LH,LLY,LMT,MA,MAA,MAR,MELI,MET,MLM,MOH,MPWR,MRSH,NEE,OMC,PANW,PAYC,PAYX,PCG,PG,PGR,PLTR,PM,PODD,PPG,PSA,PYPL,REG,REGN,ROP,ROST,RSG,SHW,STE,TAP,TJX,TMO,TMUS,TPL,TSLA,TTWO,TYL,UDR,V,VMC,VRSN,WDAY,WM,WTW,WY,XEL,ZTS,^VIX",179,119,[],[]
2025-07-21,"AAPL,ABNB,ADI,ADM,ALLE,ALNY,AMAT,AMD,AMT,AMZN,APH,APTV,ATO,AVGO,AVY,BAC,BEN,BG,BK,BLDR,C,CAH,CAT,CBOE,CBRE,CCI,CDW,CEG,CFG,CHRW,CMCSA,CMG,COIN,COR,CRH,CRL,CRWD,CSGP,CSX,CVS,CVX,DAL,DASH,DD,DDOG,DELL,DHI,DHR,DIS,DLTR,ECL,EL,EME,EMR,EOG,ETN,EVRG,EXC,EXPD,FDX,FER,FFIV,FISV,FITB,FIX,FOX,FOXA,FTV,GEV,GILD,GLW,GM,GNRC,GS,HAS,HII,HOOD,HPE,HUBB,IBKR,IBM,ICE,IDXX,INSM,INTC,IQV,IRM,JBHT,JBL,JCI,JKHY,KDP,KLAC,KR,LHX,LRCX,LUV,LVS,LW,LYB,MAS,MCHP,MDLZ,META,MGM,MKC,MMM,MPC,MRK,MRVL,MSFT,MTD,MU,NDAQ,NDSN,NEM,NI,NKE,NOC,NSC,NTAP,NTRS,NUE,NVDA,NWS,NWSA,NXPI,O,ODFL,ON,ORCL,PFE,PH,PHM,PLD,PNC,PSKY,PTC,PWR,QQQ,RCL,RF,RJF,RL,RMD,ROK,ROL,RTX,SBAC,SBUX,SCHW,SHOP,SMCI,SO,SOLV,SPG,SPY,STX,SWK,SWKS,SYF,TDG,TECH,TEL,TER,TFC,TGT,TKO,TPR,TRGP,TRI,TRMB,TROW,TSCO,TT,TXN,TXT,ULTA,UNH,UPS,VICI,VLO,VST,VTRS,WDC,XYL","ABBV,ACGL,ACN,ADBE,ADP,AFL,AIZ,AJG,ALGN,ALL,AMGN,AMP,AON,APA,APP,AVB,BALL,BAX,BIIB,BKR,BMY,BR,BRK.B,BRO,CAG,CB,CINF,CME,COST,CPAY,CPB,CPRT,CPT,CTSH,DE,DECK,DOW,DPZ,DUK,ED,EFX,EG,EPAM,EQR,ERIE,ES,ESS,EW,EXE,EXPE,FANG,FDS,FIS,FSLR,FTNT,GDDY,GIS,GL,GWW,HAL,HCA,HSIC,HST,IFF,INCY,INVH,ISRG,IT,KIM,LEN,LH,LLY,LMT,MA,MAA,MAR,MELI,MET,MLM,MOH,MPWR,MRSH,NEE,OMC,PANW,PAYC,PAYX,PCG,PG,PGR,PLTR,PM,PODD,PPG,PSA,PYPL,REG,REGN,ROP,ROST,RSG,SHW,SLB,STE,TAP,TMO,TMUS,TPL,TSLA,TTWO,TYL,UDR,V,VMC,VRSN,WDAY,WM,WTW,WY,ZTS,^VIX",186,121,[],[]
2025-07-22,"AAPL,ABNB,ADM,ALLE,ALNY,AMAT,AMD,AMT,AMZN,APH,APO,APTV,ARE,ATO,AVGO,AVY,BAC,BEN,BG,BK,BKNG,BLDR,BX,C,CAH,CARR,CAT,CBOE,CBRE,CCI,CCL,CDW,CEG,CFG,CHRW,CMCSA,CMG,COF,COIN,COR,CRH,CRL,CRWD,CSGP,CSX,CVS,CVX,DAL,DASH,DD,DDOG,DELL,DHI,DHR,DIS,DLTR,DVA,DXCM,ECL,EL,EME,EMR,EOG,ETN,EVRG,EXC,EXPD,FDX,FER,FFIV,FISV,FITB,FIX,FOX,FOXA,FTV,GEV,GILD,GLW,GNRC,GS,HAS,HII,HOOD,HPE,HUBB,IBKR,IBM,ICE,IDXX,INSM,INTC,IQV,IR,IRM,IVZ,JBHT,JBL,JCI,JKHY,KDP,KEY,KEYS,KKR,KLAC,KR,LHX,LII,LRCX,LUV,LVS,LW,LYB,MAS,MCHP,MCO,MDLZ,META,MGM,MKC,MMM,MPC,MRK,MRVL,MSFT,MSI,MTD,MU,NDAQ,NDSN,NEM,NI,NKE,NOC,NSC,NTAP,NTRS,NUE,NVDA,NWS,NWSA,NXPI,O,ODFL,ON,ORCL,PCAR,PDD,PFE,PH,PHM,PLD,PNC,PNR,PSKY,PTC,PWR,QQQ,RCL,RF,RJF,RL,RMD,ROK,ROL,RTX,SBAC,SBUX,SCHW,SHOP,SMCI,SO,SOLV,SPG,SPY,STX,SWK,SWKS,SYF,SYK,TDG,TECH,TEL,TER,TFC,TGT,TKO,TPR,TRGP,TRI,TRMB,TROW,TSCO,TT,TXN,TXT,ULTA,UNH,UPS,URI,VICI,VLO,VLTO,VST,VTRS,WAB,WDC,XYL","ABBV,ACGL,ACN,ADBE,ADP,AFL,AIZ,AJG,ALGN,ALL,AMGN,AMP,AON,APA,APP,AVB,BALL,BAX,BIIB,BKR,BMY,BR,BRK.B,BRO,CAG,CB,CINF,CME,COP,COST,CPAY,CPB,CPRT,CPT,CTSH,DE,DECK,DOW,DPZ,EFX,EG,EPAM,EQR,ERIE,ES,ESS,EW,EXE,EXPE,FANG,FDS,FIS,FSLR,FTNT,GDDY,GIS,GL,GWW,HAL,HCA,HSIC,HST,IFF,INCY,INVH,ISRG,IT,KIM,LH,LLY,LMT,MA,MAA,MAR,MELI,MET,MLM,MOH,MPWR,MRSH,NEE,OMC,PANW,PAYC,PAYX,PCG,PGR,PLTR,PM,PODD,PPG,PSA,PYPL,REGN,ROP,ROST,RSG,SHW,SLB,STE,TMO,TMUS,TPL,TSLA,TTWO,TYL,UDR,V,VMC,VRSN,WDAY,WM,WTW,WY,XOM,ZTS,^VIX",208,117,[],[]
2025-07-23,"AAPL,ABNB,ADM,ALLE,ALNY,AMAT,AMD,AMT,AMZN,APH,APO,APTV,ARE,ATO,AVGO,AVY,BAC,BEN,BG,BK,BKNG,BLDR,BX,C,CAH,CARR,CAT,CBOE,CBRE,CCI,CCL,CDW,CEG,CFG,CHRW,CMCSA,CMG,COF,COIN,COR,CRH,CRL,CRWD,CSGP,CSX,CVS,CVX,DAL,DASH,DD,DDOG,DELL,DHI,DHR,DIS,DLTR,DVA,DXCM,ECL,EL,EME,EMR,EOG,ETN,EVRG,EXC,EXPD,FDX,FER,FFIV,FITB,FIX,FOX,FOXA,FTV,GEV,GILD,GLW,GNRC,GS,HAS,HII,HOOD,HPE,HUBB,IBKR,IBM,ICE,IDXX,INSM,INTC,IQV,IR,IRM,IVZ,JBHT,JBL,JCI,JKHY,KDP,KEY,KEYS,KKR,KLAC,KR,LDOS,LHX,LII,LRCX,LUV,LVS,LW,LYB,MAS,MCO,MDLZ,META,MGM,MKC,MMM,MPC,MRK,MRVL,MSFT,MSI,MTD,MU,NDAQ,NDSN,NEM,NI,NKE,NOC,NSC,NTAP,NTRS,NUE,NVDA,NWS,NWSA,NXPI,O,ODFL,ON,ORCL,PCAR,PDD,PFE,PH,PHM,PLD,PNC,PNR,PSKY,PTC,PWR,QQQ,RCL,RF,RJF,RL,RMD,ROK,ROL,RTX,SBAC,SBUX,SCHW,SHOP,SMCI,SO,SOLV,SPG,SPY,STX,SWK,SWKS,SYF,SYK,TDG,TECH,TEL,TER,TFC,TGT,TKO,TPR,TRGP,TRI,TRMB,TROW,TSCO,TT,TXT,ULTA,UNH,UPS,URI,VICI,VLO,VLTO,VST,VTRS,WAB,WDC,XYL,YUM","ABBV,ACGL,ACN,ADBE,ADP,AFL,AIZ,AJG,ALL,AMP,AON,APA,APP,AVB,BALL,BAX,BIIB,BMY,BR,BRK.B,BRO,BXP,CAG,CB,CINF,CME,COP,COST,CPRT,CPT,CTSH,DE,DECK,DOW,DPZ,EFX,EG,EPAM,EQIX,EQR,ERIE,ES,ESS,EW,EXE,EXPE,FANG,FDS,FIS,FRT,FSLR,FTNT,GDDY,GIS,GL,GWW,HAL,HCA,HRL,HSIC,HST,IFF,INVH,ISRG,IT,KIM,LH,LLY,LMT,MA,MAA,MAR,MELI,MET,MLM,MOH,MPWR,MRSH,NEE,PANW,PAYC,PAYX,PCG,PGR,PLTR,PM,PODD,PPG,PSA,PYPL,REGN,ROP,ROST,RSG,SHW,SLB,STE,TMUS,TPL,TSLA,TTWO,TYL,UDR,V,VMC,VRSN,WDAY,WM,WTW,WY,XOM,ZTS,^VIX",207,113,[],[]
2025-07-24,"AAPL,ABNB,ADM,ALB,ALLE,ALNY,AMAT,AMD,AMT,AMZN,ANET,APH,APO,APTV,ARE,ATO,AVGO,AVY,BAC,BEN,BG,BK,BKNG,BLDR,BX,C,CAH,CARR,CAT,CBOE,CBRE,CCI,CCL,CDW,CEG,CFG,CHRW,CI,CMCSA,COF,COIN,COR,CRH,CRL,CRWD,CSGP,CSX,CVX,DAL,DASH,DD,DDOG,DELL,DHI,DHR,DIS,DLTR,DOV,DVA,DXCM,ECL,EL,EME,EMR,EOG,ETN,EVRG,EXC,EXPD,FCX,FDX,FER,FFIV,FITB,FIX,FOX,FOXA,FTV,GD,GEHC,GEV,GILD,GLW,GNRC,GS,HAS,HII,HOOD,HPE,HUBB,IBKR,ICE,IDXX,INSM,INTC,IQV,IR,IRM,IVZ,JBHT,JBL,JCI,JKHY,KDP,KEY,KEYS,KKR,KLAC,KMI,KR,LDOS,LHX,LII,LRCX,LVS,LW,MAS,MCO,MDLZ,META,MGM,MKC,MMM,MPC,MRK,MRVL,MSFT,MSI,MTD,MU,NDAQ,NDSN,NEM,NI,NKE,NOC,NRG,NSC,NTAP,NTRS,NUE,NVDA,NWS,NWSA,NXPI,O,ODFL,ON,ORCL,PCAR,PDD,PFE,PH,PHM,PLD,PNC,PNR,PSKY,PTC,PWR,QQQ,RCL,RF,RJF,RL,RMD,ROK,ROL,RTX,SBAC,SBUX,SCHW,SHOP,SMCI,SO,SOLV,SPG,SPY,STX,SWK,SWKS,SYF,SYK,TDG,TDY,TECH,TEL,TER,TFC,TGT,TKO,TPR,TRGP,TRI,TRMB,TROW,TSCO,TT,ULTA,UPS,URI,VICI,VLO,VLTO,VST,VTRS,WDC,XYL,YUM,ZBRA","ABBV,ACGL,ACN,ADBE,ADP,AFL,AIZ,AJG,ALL,AMP,AON,APA,APP,AVB,BALL,BAX,BIIB,BMY,BRK.B,BRO,BXP,CAG,CB,CINF,CME,COP,COST,CPRT,CPT,CTSH,DE,DECK,DOW,DPZ,EFX,EG,EPAM,EQIX,EQR,ERIE,ES,ESS,EW,EXE,EXPE,FANG,FDS,FIS,FRT,FSLR,FTNT,GDDY,GIS,GWW,HAL,HCA,HRL,HSIC,HST,IFF,INVH,ISRG,IT,KIM,LLY,LMT,MA,MAA,MAR,MELI,MET,MLM,MOH,MPWR,MRSH,NEE,PANW,PAYC,PAYX,PCG,PGR,PLTR,PM,PODD,PPG,PSA,PYPL,REGN,ROP,ROST,SHW,SLB,STE,TPL,TSLA,TTWO,TYL,UDR,V,VMC,VRSN,WDAY,WTW,WY,XOM,ZTS,^VIX",210,107,[],[]
2025-07-25,"AAPL,ABNB,ADM,ALB,ALLE,ALNY,AMAT,AMD,AMT,AMZN,ANET,APH,APO,APTV,ARE,ATO,AVGO,AVY,BA,BAC,BEN,BG,BK,BKNG,BLDR,BX,C,CAH,CARR,CAT,CBOE,CBRE,CCI,CCL,CDW,CEG,CFG,CHRW,CI,CIEN,COF,COIN,COR,CRH,CRL,CRWD,CSGP,CSX,CVX,DAL,DASH,DD,DDOG,DELL,DHI,DHR,DIS,DLTR,DOV,DVA,DXCM,ECL,EL,EME,EMR,EOG,ETN,EVRG,EXC,EXPD,FCX,FDX,FER,FFIV,FITB,FIX,FOX,FOXA,FTV,GD,GEHC,GEV,GILD,GLW,GNRC,GOOGL,GS,HAS,HD,HII,HOOD,HPE,HUBB,HWM,IBKR,ICE,IDXX,INSM,IQV,IR,IRM,IVZ,JBHT,JBL,JCI,JKHY,KDP,KEY,KEYS,KKR,KLAC,KMI,KR,LDOS,LHX,LII,LRCX,LVS,LW,MAS,MCO,MDLZ,META,MGM,MKC,MMM,MPC,MRK,MRVL,MSFT,MSI,MTD,MU,NDAQ,NDSN,NEM,NI,NKE,NOC,NRG,NSC,NTAP,NTRS,NUE,NVDA,NWS,NWSA,NXPI,O,ODFL,ON,ORCL,PCAR,PDD,PFE,PFG,PH,PHM,PLD,PNC,PNR,PSKY,PTC,PWR,QQQ,RCL,RF,RJF,RL,RMD,ROK,ROL,RTX,SBAC,SBUX,SCHW,SHOP,SMCI,SO,SOLV,SPG,SPY,STX,SWK,SWKS,SYF,SYK,TDG,TDY,TECH,TEL,TER,TFC,TGT,TKO,TPR,TRGP,TRI,TRMB,TROW,TSCO,TT,ULTA,UPS,URI,VICI,VLO,VLTO,VST,VTRS,WDC,WYNN,XYL,YUM,ZBRA","ABBV,ACGL,ACN,ADBE,AFL,AIZ,AJG,ALL,AMP,APA,APP,AVB,BALL,BAX,BIIB,BMY,BRK.B,BRO,BXP,CAG,CB,CINF,CME,COP,COST,CPRT,CPT,CTSH,DE,DOW,DPZ,EFX,EG,EPAM,EQIX,EQR,ERIE,ES,ESS,EXE,EXPE,FANG,FDS,FIS,FRT,FSLR,FTNT,GDDY,GIS,GWW,HAL,HCA,HRL,HSIC,HST,IFF,INVH,ISRG,IT,KIM,LLY,LMT,MA,MAA,MAR,MELI,MET,MLM,MOH,MPWR,MRSH,NEE,PANW,PAYC,PGR,PLTR,PM,PODD,PPG,PSA,PYPL,REGN,ROP,ROST,SHW,SLB,TPL,TSLA,TTWO,TYL,UDR,V,VMC,WDAY,WTW,WY,XOM,ZTS,^VIX",215,99,[],[]
2025-07-28,"AAPL,ABNB,ADM,ALB,ALLE,ALNY,AMAT,AMD,AMT,AMZN,ANET,APH,APO,APTV,ARE,AVGO,AVY,AZO,BA,BAC,BEN,BG,BK,BKNG,BLDR,BSX,BX,C,CAH,CARR,CAT,CBOE,CBRE,CCI,CCL,CDW,CEG,CFG,CHRW,CI,CIEN,COF,COIN,CRH,CRL,CRWD,CSGP,CSX,CVX,DAL,DASH,DD,DDOG,DELL,DHI,DHR,DIS,DLTR,DOV,DVA,DXCM,ECL,EL,EME,EMR,EOG,ETN,EVRG,EXC,EXPD,FCX,FDX,FER,FFIV,FITB,FIX,FOX,FOXA,FTV,GD,GEHC,GEV,GILD,GLW,GNRC,GOOGL,GS,HAS,HD,HII,HOOD,HPE,HUBB,HWM,IBKR,ICE,IDXX,INSM,IQV,IR,IRM,IVZ,JBHT,JBL,JCI,JKHY,KDP,KEY,KEYS,KKR,KLAC,KMI,LDOS,LHX,LII,LRCX,LVS,LW,MAS,MCO,MDLZ,META,MGM,MKC,MMM,MPC,MRK,MRVL,MSFT,MSI,MSTR,MTD,MU,NDAQ,NDSN,NEM,NI,NKE,NOC,NRG,NSC,NTAP,NTRS,NUE,NVDA,NWS,NWSA,NXPI,O,ODFL,ON,ORCL,PCAR,PDD,PFE,PFG,PH,PHM,PLD,PNC,PNR,PSKY,PTC,PWR,QQQ,RCL,RF,RJF,RL,RMD,ROK,ROL,RTX,SBUX,SCHW,SHOP,SMCI,SO,SOLV,SPG,SPY,STX,SWK,SWKS,SYF,SYK,TDG,TDY,TECH,TEL,TER,TFC,TGT,TKO,TPR,TRGP,TRI,TRMB,TROW,TSCO,TT,ULTA,UPS,URI,VICI,VLO,VLTO,VST,VTRS,VZ,WDC,WYNN,XYL,YUM,ZBRA","ABBV,ACGL,ACN,ADBE,AFL,AIZ,AJG,ALL,AMP,APA,APP,AVB,BALL,BAX,BIIB,BMY,BRK.B,BRO,BXP,CAG,CB,CINF,CME,COP,COST,CPRT,CPT,CTSH,DE,DOW,DPZ,EFX,EG,EPAM,EQIX,EQR,ERIE,ES,ESS,EXE,EXPE,FDS,FIS,FRT,FSLR,FTNT,GDDY,GIS,GWW,HAL,HCA,HRL,HSIC,HST,IFF,INVH,ISRG,IT,KIM,LLY,LMT,MA,MAA,MAR,MELI,MET,MLM,MOH,MPWR,MRSH,NEE,PANW,PAYC,PGR,PLTR,PM,PODD,PPG,PSA,PYPL,REGN,ROP,SHW,SLB,TPL,TSLA,TTWO,TYL,UDR,V,VMC,WDAY,WTW,WY,XOM,ZTS,^VIX",215,97,[],[]
2025-07-29,"AAPL,ABNB,ADM,ALB,ALLE,ALNY,AMAT,AMCR,AMD,AMZN,ANET,AOS,APH,APO,APTV,ARE,AVGO,AVY,AWK,AZO,BA,BAC,BDX,BEN,BF.B,BG,BK,BKNG,BLDR,BSX,BX,C,CAH,CAT,CBOE,CBRE,CCI,CCL,CDW,CEG,CFG,CHRW,CI,CIEN,CLX,COF,COIN,CRH,CRL,CRWD,CSGP,CSX,CVX,D,DAL,DASH,DD,DDOG,DELL,DHI,DHR,DIS,DLTR,DOV,DVA,DXCM,EIX,EL,EME,EMR,EOG,ETN,EVRG,EXC,EXPD,EXR,FAST,FCX,FDX,FER,FFIV,FITB,FIX,FOX,FOXA,FTV,GD,GEHC,GEV,GILD,GLW,GNRC,GOOGL,GPC,GPN,GS,HAS,HD,HII,HOOD,HPE,HPQ,HUBB,HWM,IBKR,ICE,IDXX,IEX,INSM,IP,IQV,IR,IRM,ITW,IVZ,JBHT,JBL,JKHY,JNJ,KDP,KEY,KEYS,KHC,KKR,KLAC,KMI,KO,L,LDOS,LHX,LII,LIN,LOW,LRCX,LULU,LVS,LW,MAS,MCD,MCO,MDLZ,MDT,MGM,MKC,MMM,MPC,MRK,MRVL,MSFT,MSI,MSTR,MTCH,MTD,MU,NDAQ,NDSN,NEM,NI,NKE,NOC,NRG,NSC,NTAP,NTRS,NUE,NVDA,NVR,NWS,NWSA,NXPI,O,ODFL,ON,ORCL,PCAR,PDD,PEP,PFE,PFG,PH,PHM,PKG,PLD,PNC,PNR,POOL,PSKY,PTC,PWR,QQQ,RF,RJF,RL,RMD,ROK,ROL,RTX,SBUX,SCHW,SHOP,SMCI,SNA,SNPS,SO,SOLV,SPG,SPY,STX,SW,SWKS,SYF,SYK,SYY,TDG,TDY,TECH,TEL,TER,TFC,TGT,TKO,TPR,TRGP,TRI,TRMB,TROW,TSCO,TT,ULTA,URI,VICI,VLO,VLTO,VST,VTRS,VZ,WDC,WYNN,XYL,YUM,ZBH,ZBRA","ABBV,ACGL,ACN,ADBE,AFL,AIZ,AJG,ALL,AMP,APA,APP,AVB,BALL,BAX,BIIB,BMY,BRK.B,BRO,BXP,CAG,CB,CINF,CME,COST,CPRT,CPT,CTSH,DE,DOW,DPZ,EFX,EG,EPAM,EQIX,EQR,ERIE,ES,ESS,EXE,EXPE,FDS,FIS,FRT,FSLR,FTNT,GDDY,GIS,GWW,HAL,HCA,HRL,HSIC,HST,IFF,INVH,ISRG,IT,KIM,LLY,LMT,MA,MAA,MAR,MELI,MET,MLM,MOH,MPWR,MRSH,NEE,PANW,PAYC,PGR,PLTR,PM,PODD,PPG,PSA,PYPL,REGN,ROP,SHW,SLB,TPL,TSLA,TTWO,TYL,UDR,V,VMC,WDAY,WMB,WTW,WY,XOM,ZTS,^VIX",242,97,[],[]
2025-07-30,"ABNB,ADM,ALLE,ALNY,AMAT,AMCR,AMD,AMZN,ANET,AOS,APD,APH,APO,ARE,ARES,AVGO,AVY,AWK,AZO,BA,BAC,BDX,BEN,BF.B,BG,BK,BKNG,BLDR,BSX,BX,C,CAH,CAT,CBOE,CBRE,CCI,CCL,CDW,CEG,CFG,CHRW,CI,CIEN,CLX,CMI,COF,COIN,CRH,CRL,CRWD,CSGP,CSX,CVX,D,DAL,DASH,DDOG,DELL,DHI,DHR,DIS,DLTR,DOV,DVA,DXCM,EIX,EL,EME,EMR,EOG,ETN,EVRG,EXC,EXR,FAST,FER,FFIV,FITB,FIX,FOX,FOXA,FTV,GD,GEV,GILD,GLW,GNRC,GOOGL,GPC,GPN,GS,HAS,HD,HII,HOOD,HPE,HPQ,HUBB,HWM,IBKR,ICE,IDXX,INSM,IP,IQV,IR,IRM,IVZ,JBHT,JBL,JKHY,JNJ,KDP,KEY,KEYS,KHC,KKR,KLAC,KMI,KO,L,LDOS,LHX,LII,LIN,LOW,LRCX,LVS,LW,MAS,MCD,MCO,MDT,MGM,MKC,MMM,MOS,MPC,MRK,MRNA,MRVL,MSFT,MSI,MSTR,MTCH,MTD,MU,NCLH,NDAQ,NDSN,NEM,NI,NKE,NOC,NRG,NSC,NTAP,NTRS,NUE,NVDA,NVR,NWS,NWSA,NXPI,O,ON,ORCL,PCAR,PDD,PEP,PFE,PH,PHM,PKG,PLD,PNC,PNR,POOL,PSKY,PTC,PWR,QQQ,RF,RJF,RL,RMD,ROK,ROL,RTX,SBUX,SCHW,SHOP,SJM,SMCI,SNA,SNPS,SO,SOLV,SPG,SPY,STX,STZ,SW,SWKS,SYF,SYK,SYY,TDG,TDY,TECH,TEL,TER,TFC,TGT,TKO,TPR,TRGP,TRI,TRMB,TROW,TSCO,ULTA,URI,VICI,VLO,VLTO,VST,VTRS,VZ,WDC,WYNN,XYL,YUM,ZBH,ZBRA","ABBV,ACGL,ACN,ADBE,AFL,AIG,AIZ,AJG,ALL,AMP,APA,APP,AVB,BALL,BAX,BIIB,BMY,BRK.B,BRO,BXP,CAG,CB,CINF,CME,CNC,COST,CPRT,CPT,CTAS,CTSH,DE,DOW,DPZ,EFX,EG,ELV,EPAM,EQIX,EQR,ERIE,ES,ESS,EXE,EXPE,FDS,FIS,FRT,FSLR,FTNT,GDDY,GIS,GWW,HAL,HCA,HIG,HRL,HSIC,HST,IFF,INVH,ISRG,IT,KIM,LLY,LMT,MA,MAA,MAR,MCK,MELI,MET,MLM,MOH,MPWR,MRSH,NEE,PANW,PAYC,PGR,PLTR,PM,PPG,PSA,PYPL,REGN,ROP,SHW,SLB,TPL,TSLA,TTWO,TYL,UDR,V,VMC,VRSK,WDAY,WMB,WRB,WTW,WY,XOM,ZTS,^VIX",235,104,[],[]
2025-07-31,"ADM,ALLE,ALNY,AMD,AMZN,ANET,AOS,APD,APH,APO,ARE,ARES,AVGO,AVY,AWK,AZO,BA,BAC,BDX,BEN,BF.B,BG,BK,BKNG,BLDR,BSX,BX,C,CAH,CAT,CBOE,CBRE,CCEP,CCI,CCL,CDNS,CEG,CFG,CHRW,CIEN,CLX,CMI,COF,COIN,CRH,CRL,CRWD,CSGP,CSX,CVX,D,DAL,DASH,DELL,DHI,DHR,DIS,DLTR,DOV,DVA,EIX,EL,EME,EMR,EOG,ETN,EVRG,EXC,FAST,FFIV,FITB,FIX,FOX,FOXA,GD,GEV,GILD,GLW,GNRC,GOOGL,GPC,GPN,GS,HAS,HD,HII,HOOD,HPE,HPQ,HUBB,IBKR,ICE,INSM,IQV,IR,IRM,IVZ,JBHT,JBL,JKHY,JNJ,KDP,KEY,KEYS,KHC,KKR,KLAC,KMI,KO,L,LDOS,LHX,LII,LIN,LOW,LRCX,LVS,LW,MAS,MCD,MCO,MDT,MGM,MKC,MMM,MOS,MPC,MRK,MRVL,MSFT,MSI,MSTR,MTCH,MTD,MU,NCLH,NDAQ,NDSN,NEM,NI,NKE,NOC,NRG,NSC,NTAP,NTRS,NUE,NVDA,NVR,NWS,NWSA,O,ON,ORCL,PCAR,PDD,PEP,PH,PHM,PLD,PNR,POOL,PSKY,PTC,PWR,QQQ,RF,RJF,RL,RMD,ROK,ROL,RTX,SBUX,SCHW,SHOP,SJM,SMCI,SNA,SNPS,SO,SOLV,SPG,SPY,STX,STZ,SYF,SYK,SYY,TDG,TDY,TECH,TEL,TER,TFC,TKO,TPR,TRGP,TRI,TRMB,TSCO,ULTA,URI,VICI,VLO,VLTO,VST,VZ,WDC,WYNN,XYL,YUM,ZBRA","ABBV,ACGL,ACN,ADBE,AFL,AIG,AIZ,AJG,AMP,APA,AVB,BALL,BAX,BIIB,BMY,BRK.B,BRO,BXP,CAG,CB,CINF,CME,CNC,COST,CPRT,CPT,CTAS,CTSH,DE,DOW,DPZ,EFX,EG,ELV,EPAM,EQIX,EQR,ERIE,ES,ESS,EXE,EXPE,FDS,FIS,FRT,FSLR,FTNT,GDDY,GIS,GWW,HAL,HCA,HIG,HRL,HSIC,HST,IFF,INVH,ISRG,IT,KIM,LLY,LMT,MA,MAA,MAR,MCK,MELI,MET,MLM,MOH,MPWR,MRSH,NEE,PANW,PAYC,PGR,PLTR,PM,PPG,PSA,PYPL,REGN,ROP,SHW,SLB,TPL,TSLA,TTWO,UDR,V,VMC,VRSK,WDAY,WMB,WRB,WY,XOM,ZTS,^VIX",213,100,[],[]
2025-08-01,"ADM,ALLE,ALNY,AMD,ANET,AOS,APH,ARE,ARES,AVGO,AVY,AWK,AZO,BA,BEN,BF.B,BG,BK,BKNG,BLDR,BSX,BX,C,CAH,CAT,CBOE,CBRE,CCEP,CCI,CCL,CDNS,CEG,CFG,CHRW,CIEN,CMI,COF,CRH,CRL,CRWD,CSGP,CSX,CVX,D,DASH,DELL,DHI,DHR,DLTR,DVA,EIX,EL,EME,ETN,EVRG,EXC,FAST,FFIV,FITB,FIX,FOX,FOXA,GD,GEV,GILD,GLW,GNRC,GOOGL,GPC,HAS,HD,HII,HOOD,HUBB,IBKR,ICE,INSM,IQV,IVZ,JBHT,JBL,JNJ,KDP,KHC,KLAC,KMI,KO,L,LDOS,LHX,LII,LIN,LOW,LRCX,LVS,LW,MAS,MCD,MCO,MGM,MKC,MMM,MOS,MPC,MRK,MRVL,MSFT,MSI,MTCH,MU,NCLH,NDAQ,NEM,NI,NKE,NOC,NRG,NSC,NTRS,NUE,NVDA,NVR,NWS,NWSA,O,ON,ORCL,ORLY,PCAR,PDD,PEP,PHM,PLD,PNR,POOL,PSKY,PTC,PWR,RF,RJF,RL,RMD,ROL,RTX,SBUX,SCHW,SHOP,SJM,SMCI,SNA,SNPS,SO,SOLV,STX,STZ,SYY,TDG,TDY,TECH,TEL,TER,TKO,TPR,TRGP,TRI,TRMB,TSCO,ULTA,URI,VICI,VLO,VLTO,VST,VZ,WDC,WYNN,XYL,YUM,ZBRA","ABBV,ACGL,ACN,ADBE,AFL,AIG,AIZ,AJG,AMP,APA,ARM,AVB,BALL,BAX,BIIB,BMY,BRK.B,BRO,BXP,CAG,CB,CINF,CME,CNC,COST,CPRT,CPT,CTAS,CTSH,DE,DOW,DPZ,EFX,EG,ELV,EPAM,EQIX,EQR,ERIE,ES,ESS,EXE,EXPE,FDS,FIS,FRT,FSLR,FTNT,GDDY,GIS,GWW,HAL,HCA,HIG,HRL,HSIC,HST,IFF,INVH,ISRG,IT,KIM,LLY,LMT,MA,MAA,MAR,MCK,MELI,MET,MLM,MOH,MRSH,NEE,PANW,PAYC,PGR,PLTR,PM,PPG,PSA,PYPL,REGN,ROP,SHW,SLB,TPL,TSLA,TTWO,UDR,V,VMC,VRSK,WDAY,WMB,WRB,WY,XOM,ZTS",179,99,[],[]
2025-08-04,"ADM,ALLE,ALNY,AMD,ANET,AOS,APH,ARE,ARES,AVGO,AVY,AWK,AZO,BA,BEN,BF.B,BG,BK,BKNG,BLDR,BSX,BX,C,CAH,CAT,CBOE,CBRE,CCEP,CCI,CCL,CDNS,CEG,CFG,CHRW,CIEN,CMI,COF,CRH,CRL,CRWD,CSGP,CSX,CVX,D,DASH,DELL,DHI,DHR,DLTR,DVA,EIX,EL,EME,ETN,EVRG,EXC,FAST,FFIV,FITB,FIX,FOX,FOXA,GD,GEV,GILD,GLW,GNRC,GOOGL,GPC,HAS,HD,HII,HOOD,HUBB,IBKR,ICE,INSM,IQV,IVZ,JBHT,JBL,JNJ,KDP,KHC,KLAC,KMI,KO,L,LDOS,LHX,LII,LIN,LOW,LRCX,LVS,LW,MAS,MCD,MCO,MGM,MKC,MMM,MOS,MPC,MRK,MRVL,MSFT,MSI,MTCH,MU,NCLH,NDAQ,NEM,NI,NKE,NOC,NRG,NSC,NTRS,NUE,NVDA,NVR,NWS,NWSA,O,ORCL,ORLY,PCAR,PDD,PEP,PHM,PLD,PNR,POOL,PSKY,PTC,PWR,RF,RJF,RL,RMD,ROL,RTX,SBUX,SCHW,SHOP,SJM,SMCI,SNA,SNPS,SO,SOLV,STX,STZ,SYY,TDG,TDY,TECH,TEL,TER,TKO,TPR,TRGP,TRI,TRMB,TSCO,ULTA,URI,VICI,VLO,VLTO,VST,VZ,WDC,WYNN,XYL,YUM,ZBRA","ABBV,ACGL,ACN,ADBE,AFL,AIG,AIZ,AJG,AMP,APA,ARM,AVB,BALL,BAX,BIIB,BMY,BRK.B,BRO,BXP,CAG,CB,CINF,CNC,COST,CPRT,CPT,CTAS,CTSH,DE,DOW,DPZ,EFX,EG,ELV,EPAM,EQIX,EQR,ERIE,ES,ESS,EXE,EXPE,FDS,FICO,FIS,FRT,FSLR,FTNT,GDDY,GIS,GWW,HAL,HCA,HIG,HRL,HSIC,HST,IFF,INVH,ISRG,IT,JPM,KIM,LLY,LMT,LYV,MA,MAA,MAR,MCK,MELI,MET,MOH,MRSH,NEE,PANW,PAYC,PGR,PLTR,PM,PPG,PSA,PYPL,REGN,ROP,SHW,SLB,TPL,TSLA,TTWO,UDR,V,VMC,VRSK,WDAY,WMB,WRB,WY,XOM,ZTS",178,100,[],[]
2025-08-05,"ADM,AES,ALLE,ALNY,AMD,ANET,AOS,APH,ARE,ARES,AVGO,AVY,AWK,AZO,BA,BEN,BF.B,BG,BK,BKNG,BLDR,BSX,BX,C,CAH,CAT,CBOE,CBRE,CCEP,CCI,CCL,CDNS,CEG,CFG,CHRW,CIEN,CMI,COF,CRH,CRL,CRWD,CSGP,CSX,CVX,D,DASH,DELL,DHI,DHR,DLTR,DVA,EIX,EL,EME,EVRG,EXC,FAST,FFIV,FITB,FIX,FOX,FOXA,GD,GEV,GILD,GLW,GNRC,GOOGL,GPC,HAS,HD,HII,HOOD,HUBB,IBKR,ICE,INSM,IQV,IVZ,JBHT,JBL,JNJ,KDP,KHC,KLAC,KMI,KO,L,LDOS,LHX,LII,LIN,LOW,LRCX,LVS,LW,MAS,MCD,MCO,MGM,MKC,MMM,MOS,MPC,MRK,MRVL,MSFT,MSI,MTCH,MU,NCLH,NDAQ,NEM,NI,NKE,NOC,NRG,NSC,NTRS,NUE,NVDA,NVR,NWS,NWSA,O,ORCL,ORLY,PCAR,PDD,PEP,PHM,PLD,PNR,POOL,PSKY,PTC,PWR,RF,RJF,RL,RMD,ROL,RTX,SBUX,SCHW,SHOP,SJM,SMCI,SNA,SNPS,SO,SOLV,STX,STZ,SYY,TDY,TECH,TEL,TER,TKO,TPR,TRGP,TRI,TRMB,TSCO,ULTA,URI,VICI,VLO,VLTO,VST,VZ,WDC,WYNN,XYL","ABBV,ACGL,ACN,ADBE,AFL,AIG,AIZ,AJG,AMP,APA,ARM,AVB,BALL,BAX,BIIB,BMY,BRK.B,BRO,BXP,CAG,CB,CINF,CNC,COST,CPRT,CPT,CTAS,CTSH,DE,DOW,DPZ,EFX,EG,ELV,EPAM,EQIX,EQR,ERIE,ES,ESS,EXE,EXPE,FDS,FICO,FIS,FRT,FSLR,FTNT,GDDY,GIS,GWW,HAL,HCA,HIG,HRL,HSIC,HST,HSY,IFF,INVH,ISRG,IT,JPM,KIM,LLY,LMT,LYV,MA,MAA,MAR,MCK,MELI,MET,MNST,MOH,MRSH,NEE,PANW,PAYC,PGR,PM,PPG,PSA,PYPL,REGN,ROP,SHW,SLB,TPL,TSLA,TTWO,UDR,V,VMC,VRSK,WDAY,WMB,WRB,WY,XOM,ZTS",175,101,[],[]
2025-08-06,"ADM,AEP,AES,ALLE,ALNY,ANET,AOS,APH,ARE,ARES,AVGO,AVY,AWK,AZO,BA,BEN,BF.B,BG,BK,BKNG,BLDR,BSX,BX,C,CAH,CAT,CBOE,CBRE,CCI,CCL,CDNS,CEG,CFG,CHRW,CIEN,CMI,COF,CRH,CRWD,CSGP,CSX,CVX,D,DASH,DELL,DHI,DHR,DLTR,DTE,EIX,EL,EME,EVRG,EXC,FAST,FE,FFIV,FITB,FIX,FOX,FOXA,GD,GEV,GILD,GLW,GNRC,GOOGL,GPC,HAS,HD,HII,HOOD,HUBB,IBKR,ICE,INSM,IQV,IVZ,J,JBHT,JBL,JNJ,KDP,KHC,KLAC,KO,L,LDOS,LHX,LII,LIN,LOW,LRCX,LVS,LW,MAS,MCD,MCO,MGM,MKC,MMM,MPC,MRK,MRVL,MSFT,MSI,MTCH,MU,NCLH,NDAQ,NEM,NI,NKE,NOC,NSC,NTRS,NUE,NVDA,NVR,NWS,NWSA,O,ORCL,ORLY,PCAR,PDD,PEP,PHM,PLD,PNR,POOL,PPL,PSKY,PTC,PWR,RF,RJF,RL,RMD,ROL,RTX,SBUX,SCHW,SHOP,SJM,SNA,SNPS,SO,SOLV,STX,STZ,SYY,TDY,TEL,TER,TPR,TRGP,TRMB,TSCO,ULTA,URI,VICI,VLO,VLTO,VST,VZ,WDC,WYNN,XYL","ABBV,ACGL,ACN,ADBE,ADSK,AIG,AJG,AMP,APA,ARM,AVB,BALL,BAX,BIIB,BMY,BRK.B,BRO,BXP,CAG,CB,CINF,CNC,CPRT,CPT,CTAS,CTSH,DE,DOW,DPZ,EFX,EG,ELV,EPAM,EQIX,EQR,ERIE,ES,ESS,EXE,EXPE,FDS,FICO,FIS,FRT,FSLR,FTNT,GDDY,GIS,GWW,HAL,HCA,HIG,HRL,HSIC,HST,HSY,IFF,INVH,ISRG,IT,JPM,KIM,LLY,LMT,LYV,MA,MAA,MAR,MCK,MELI,MET,MNST,MOH,MRSH,NEE,NOW,PANW,PAYC,PGR,PM,PPG,PSA,PYPL,REGN,ROP,SHW,SLB,TEAM,TPL,TSLA,TTWO,UDR,V,VMC,VRSK,WDAY,WMB,WRB,WY,XOM,ZS,ZTS",169,102,[],[]
2025-08-07,"ADM,AEP,AES,ALLE,ALNY,ANET,AOS,APH,ARE,ARES,AVGO,AVY,AWK,AZO,BA,BEN,BF.B,BG,BK,BKNG,BLDR,BSX,BX,C,CAH,CBOE,CBRE,CCI,CCL,CDNS,CEG,CFG,CHRW,CIEN,CMI,COF,CRH,CSGP,CSX,CVX,D,DASH,DELL,DHI,DHR,DLTR,DTE,EIX,EL,EME,EVRG,EXC,FAST,FE,FFIV,FITB,FIX,FOX,FOXA,GD,GEV,GILD,GLW,GNRC,GOOGL,GPC,HAS,HD,HII,HOOD,HUBB,IBKR,ICE,INSM,IQV,IVZ,J,JBHT,JBL,JNJ,KDP,KHC,KLAC,KO,KVUE,L,LDOS,LHX,LII,LIN,LOW,LRCX,LVS,LW,MAS,MCD,MCO,MGM,MKC,MMM,MPC,MRK,MRVL,MSFT,MSI,MTCH,MU,NCLH,NDAQ,NEM,NI,NKE,NOC,NSC,NTRS,NUE,NVDA,NVR,NWS,NWSA,O,ORCL,ORLY,PCAR,PDD,PEP,PHM,PLD,PNR,POOL,PPL,PSKY,PTC,PWR,RF,RJF,RMD,ROL,RTX,SBUX,SCHW,SHOP,SJM,SNA,SNPS,SO,SOLV,STX,STZ,SYY,TDY,TEL,TER,TPR,TRGP,TRMB,TSCO,ULTA,URI,VICI,VLO,VLTO,VST,VTR,VZ,WDC,WYNN,XYL","ABBV,ACGL,ACN,ADBE,ADSK,AIG,AJG,AMP,APA,ARM,AVB,BALL,BAX,BIIB,BMY,BRK.B,BRO,BXP,CAG,CB,CHTR,CINF,CL,CNC,CPRT,CPT,CRM,CTAS,CTSH,CTVA,DE,DOW,DPZ,EFX,EG,ELV,EPAM,EQIX,EQR,ERIE,ES,ESS,EXE,EXPE,FDS,FICO,FIS,FRT,FSLR,FTNT,GDDY,GEN,GIS,GWW,HAL,HCA,HIG,HRL,HSIC,HST,HSY,IFF,INVH,ISRG,IT,JPM,KIM,LLY,LMT,LYV,MA,MAA,MAR,MCK,MELI,MET,MNST,MOH,MRSH,NEE,NOW,PANW,PAYC,PGR,PM,PPG,PSA,PYPL,REGN,ROP,SHW,SLB,T,TEAM,TPL,TSLA,TTWO,UDR,V,VMC,VRSK,WDAY,WMB,WRB,WY,XOM,ZS,ZTS",168,108,[],[]
2025-08-08,"ADM,AEP,AES,ALLE,ALNY,ANET,AOS,APH,ARE,ARES,AVGO,AVY,AWK,AZO,BA,BEN,BF.B,BG,BK,BKNG,BLDR,BSX,BX,C,CAH,CBOE,CBRE,CCI,CCL,CDNS,CEG,CFG,CHRW,CIEN,CMI,COF,CRH,CSGP,CSX,CVX,D,DASH,DELL,DHI,DHR,DLTR,DTE,EIX,EL,EME,EVRG,EXC,FAST,FE,FFIV,FITB,FIX,FOX,FOXA,GD,GE,GEV,GILD,GLW,GNRC,GOOGL,GPC,HAS,HD,HII,HOOD,HUBB,IBKR,ICE,INSM,IQV,IVZ,J,JBHT,JBL,JNJ,KDP,KHC,KLAC,KO,KVUE,L,LDOS,LHX,LII,LIN,LOW,LRCX,LVS,LW,MAS,MCD,MCO,MGM,MKC,MMM,MPC,MRK,MRVL,MSFT,MSI,MTCH,MU,NCLH,NDAQ,NEM,NI,NKE,NOC,NSC,NTRS,NUE,NVDA,NVR,NWS,NWSA,O,ORCL,ORLY,PCAR,PDD,PEP,PHM,PLD,PNR,POOL,PPL,PSKY,PTC,PWR,RF,RJF,RMD,ROL,RTX,SBUX,SCHW,SHOP,SJM,SNA,SNPS,SO,SOLV,STX,STZ,SYY,TDY,TEL,TER,TPR,TRGP,TRMB,TSCO,ULTA,URI,VICI,VLO,VLTO,VST,VTR,VZ,WDC,WELL,WYNN,XYL","ABBV,ACGL,ACN,ADBE,ADSK,AIG,AJG,AMP,APA,ARM,AVB,BALL,BAX,BIIB,BMY,BRK.B,BRO,BXP,CAG,CB,CHTR,CINF,CL,CNC,CPRT,CPT,CRM,CTAS,CTSH,CTVA,DE,DOW,DPZ,EFX,EG,ELV,EPAM,EQIX,EQR,ERIE,ES,ESS,EXE,FDS,FICO,FIS,FRT,FSLR,FTNT,GDDY,GIS,GWW,HAL,HCA,HIG,HRL,HSIC,HST,HSY,IFF,INVH,ISRG,IT,JPM,KIM,LLY,LMT,LYV,MA,MAA,MAR,MCK,MELI,MET,MOH,MRSH,NEE,NOW,PANW,PAYC,PGR,PM,PPG,PSA,PYPL,REGN,ROP,SHW,SLB,SNDK,T,TEAM,TPL,TSLA,TTWO,UDR,V,VMC,VRSK,WAT,WDAY,WMB,WRB,WY,XOM,ZS,ZTS",170,107,[],[]
2025-08-11,"ADM,AEP,AES,ALLE,ALNY,ANET,AOS,APH,ARE,ARES,AVGO,AVY,AWK,AZO,BA,BEN,BF.B,BG,BK,BKNG,BLDR,BSX,BX,C,CAH,CBOE,CBRE,CCI,CCL,CDNS,CEG,CFG,CHRW,CIEN,CMI,COF,CRH,CSGP,CSX,CVX,D,DASH,DELL,DHI,DHR,DLTR,DTE,EIX,EL,EME,EVRG,EXC,FAST,FE,FFIV,FITB,FIX,FOX,FOXA,GD,GE,GEV,GILD,GLW,GNRC,GOOGL,GPC,HAS,HD,HII,HOOD,HUBB,IBKR,ICE,INSM,IQV,IVZ,J,JBHT,JBL,JNJ,KDP,KHC,KLAC,KO,KVUE,L,LDOS,LHX,LII,LIN,LOW,LRCX,LVS,LW,MAS,MCD,MCO,MGM,MKC,MMM,MPC,MRK,MRVL,MSFT,MSI,MTCH,MU,NCLH,NDAQ,NEM,NI,NKE,NOC,NSC,NTRS,NUE,NVDA,NVR,NWS,NWSA,O,ORCL,ORLY,PCAR,PDD,PEP,PHM,PLD,PNR,POOL,PPL,PSKY,PTC,PWR,RF,RJF,RMD,ROL,RTX,SBUX,SCHW,SHOP,SJM,SNA,SNPS,SO,SOLV,STX,STZ,SYY,TDY,TEL,TER,TPR,TRGP,TRMB,TSCO,ULTA,URI,VICI,VLO,VLTO,VST,VTR,VZ,WDC,WELL,WYNN,XYL","A,ABBV,ACGL,ACN,ADBE,ADSK,AIG,AJG,AMP,APA,ARM,AVB,AXP,BALL,BAX,BIIB,BLK,BMY,BRK.B,BRO,BXP,CAG,CB,CHD,CHTR,CINF,CL,CNC,CPRT,CPT,CRM,CTAS,CTSH,CTVA,DE,DOW,DPZ,DRI,EFX,EG,ELV,EPAM,EQIX,EQR,ERIE,ES,ESS,EXE,FDS,FICO,FIS,FRT,FSLR,FTNT,GDDY,GIS,GWW,HAL,HBAN,HCA,HIG,HOLX,HRL,HSIC,HST,HSY,IFF,INVH,ISRG,IT,JPM,KIM,LLY,LMT,LYV,MA,MAA,MAR,MCK,MELI,MET,MOH,MRSH,NEE,NOW,OXY,PANW,PAYC,PGR,PM,PPG,PRU,PSA,PYPL,REGN,ROP,SHW,SLB,SNDK,STLD,STT,T,TEAM,TPL,TSLA,TSN,TTWO,UDR,USB,V,VMC,VRSK,WAT,WDAY,WFC,WMB,WRB,WY,XOM,ZS,ZTS",170,121,[],[]
2025-08-12,"ADM,AEP,AES,ALLE,ALNY,ANET,AOS,APH,ARE,ARES,AVGO,AVY,AWK,AZO,BA,BEN,BF.B,BG,BK,BKNG,BLDR,BSX,BX,C,CBOE,CBRE,CCI,CCL,CDNS,CEG,CFG,CHRW,CIEN,CMI,COF,CRH,CSX,CVX,D,DASH,DELL,DHI,DHR,DLTR,DTE,EIX,EL,EME,EVRG,EXC,FAST,FE,FFIV,FITB,FIX,FOX,FOXA,GD,GE,GEV,GILD,GLW,GNRC,GOOGL,GPC,HAS,HD,HII,HOOD,HUBB,IBKR,INSM,IQV,IVZ,J,JBHT,JBL,JNJ,KDP,KHC,KLAC,KO,KVUE,L,LDOS,LHX,LII,LIN,LOW,LRCX,LVS,LW,MAS,MCD,MCO,MGM,MKC,MMM,MPC,MRK,MRVL,MSFT,MSI,MTCH,MU,NCLH,NDAQ,NEM,NI,NKE,NOC,NSC,NTRS,NUE,NVDA,NVR,NWS,NWSA,O,ORCL,ORLY,PCAR,PDD,PEP,PHM,PLD,PNR,POOL,PPL,PSKY,PTC,PWR,RF,RJF,RMD,ROL,RTX,SBUX,SCHW,SHOP,SJM,SNA,SNPS,SO,SOLV,STX,STZ,SYY,TDY,TEL,TER,TPR,TRGP,TRMB,TSCO,ULTA,URI,VICI,VLO,VLTO,VST,VTR,VZ,WDC,WELL,WYNN,XYL","A,ABBV,ACGL,ACN,ADBE,ADSK,AIG,AJG,AMP,APA,ARM,AVB,AXP,BALL,BAX,BBY,BIIB,BMY,BRK.B,BRO,BXP,CAG,CB,CF,CHD,CHTR,CINF,CL,CNC,CPRT,CPT,CRM,CTAS,CTRA,CTSH,CTVA,DE,DOW,DPZ,DRI,EFX,EG,ELV,EPAM,EQIX,EQR,ERIE,ES,ESS,EXE,F,FDS,FICO,FIS,FRT,FSLR,FTNT,GDDY,GIS,GWW,HAL,HBAN,HIG,HOLX,HRL,HSIC,HST,HSY,IFF,INVH,ISRG,IT,JPM,KIM,LLY,LMT,LYV,MA,MAA,MAR,MCK,MELI,MET,MOH,MRSH,MS,MTB,NEE,NOW,OXY,PANW,PAYC,PGR,PM,PPG,PRU,PSA,PSX,PYPL,REGN,ROP,SHW,SLB,SNDK,STLD,STT,T,TEAM,TPL,TSLA,TSN,TTWO,UBER,UDR,UHS,USB,V,VMC,VRSK,WAT,WDAY,WFC,WMB,WRB,WY,XOM,ZS,ZTS",167,128,[],[]
2025-08-13,"ADM,AEP,AES,ALLE,ALNY,ANET,AOS,APH,ARE,ARES,AVGO,AVY,AWK,AZO,BA,BEN,BF.B,BG,BK,BKNG,BLDR,BSX,BX,C,CBOE,CBRE,CCI,CCL,CDNS,CEG,CFG,CHRW,CIEN,CMI,COF,CRH,CSX,CVX,D,DASH,DELL,DHI,DHR,DLTR,DTE,EIX,EL,EME,ETR,EVRG,EXC,FAST,FE,FFIV,FITB,FIX,FOX,FOXA,GD,GE,GEV,GILD,GLW,GNRC,GOOGL,GPC,HAS,HD,HII,HOOD,HUBB,IBKR,INSM,IQV,IVZ,J,JBHT,JBL,JNJ,KDP,KHC,KLAC,KO,KVUE,L,LDOS,LHX,LII,LIN,LOW,LRCX,LVS,LW,MAS,MCD,MCO,MGM,MKC,MMM,MPC,MRK,MRVL,MSFT,MSI,MTCH,MU,NCLH,NDAQ,NEM,NI,NKE,NOC,NSC,NTRS,NUE,NVDA,NVR,NWS,NWSA,O,ORCL,ORLY,PCAR,PDD,PEP,PHM,PLD,PNR,POOL,PPL,PSKY,PTC,PWR,RF,RJF,RMD,ROL,RTX,SBUX,SCHW,SHOP,SJM,SNA,SNPS,SO,SOLV,SRE,STX,STZ,SYY,TDY,TEL,TER,TPR,TRGP,TRMB,TSCO,ULTA,URI,VICI,VLO,VLTO,VST,VTR,VZ,WDC,WELL,WYNN,XYL","ABBV,ACGL,ACN,ADBE,ADSK,AIG,AJG,AMP,APA,ARM,AVB,AXP,BALL,BAX,BIIB,BMY,BRK.B,BRO,BXP,CAG,CF,CHD,CHTR,CINF,CL,CNC,CPRT,CPT,CRM,CTAS,CTRA,CTSH,CTVA,DE,DOW,DPZ,DRI,EG,ELV,EPAM,EQIX,EQR,ERIE,ES,ESS,EXE,F,FDS,FICO,FIS,FRT,FSLR,FTNT,GDDY,GIS,GWW,HAL,HBAN,HIG,HOLX,HRL,HSIC,HST,HSY,IFF,INVH,ISRG,IT,JPM,KIM,LLY,LYV,MA,MAA,MCK,MELI,MET,MOH,MS,NEE,NOW,OXY,PANW,PAYC,PGR,PM,PRU,PSA,PSX,PYPL,REGN,ROP,SLB,SNDK,STT,T,TEAM,TPL,TSLA,TSN,TTWO,UBER,UDR,UHS,V,VMC,VRSK,WDAY,WFC,WMB,WY,XOM,ZS,ZTS",169,114,[],[]
2025-08-14,"ADM,AEE,AEP,AES,ALLE,ALNY,ANET,AOS,APH,ARE,ARES,AVGO,AVY,AWK,AZO,BA,BEN,BF.B,BG,BK,BKNG,BLDR,BSX,BX,C,CBOE,CBRE,CCI,CCL,CDNS,CEG,CFG,CHRW,CIEN,CMI,CMS,CNP,COF,CRH,CSX,CVX,D,DASH,DELL,DHI,DHR,DLR,DLTR,DTE,EIX,EL,EME,ETR,EVRG,EXC,FAST,FE,FFIV,FITB,FIX,FOX,FOXA,GD,GE,GEV,GILD,GLW,GNRC,GOOGL,GPC,HAS,HD,HII,HOOD,HUBB,IBKR,INSM,IQV,IVZ,J,JBHT,JBL,JNJ,KDP,KHC,KLAC,KO,KVUE,L,LDOS,LHX,LII,LIN,LNT,LOW,LRCX,LVS,LW,MAS,MCD,MCO,MGM,MKC,MMM,MPC,MRK,MRVL,MSFT,MSI,MTCH,MU,NCLH,NDAQ,NEM,NI,NKE,NOC,NSC,NTRS,NUE,NVDA,NVR,NWS,NWSA,O,ORCL,ORLY,PCAR,PDD,PEG,PEP,PHM,PLD,PNR,POOL,PPL,PSKY,PTC,PWR,RF,RJF,RMD,ROL,RTX,SBUX,SCHW,SHOP,SJM,SNA,SNPS,SO,SOLV,SRE,STX,STZ,SYY,TDY,TEL,TER,TRGP,TRMB,TRV,TSCO,ULTA,URI,VICI,VLO,VLTO,VST,VTR,VZ,WDC,WEC,WELL,WYNN,XYL","ABBV,ACGL,ACN,ADBE,ADSK,AIG,AJG,AMP,APA,ARM,AVB,AXP,BALL,BAX,BIIB,BMY,BRK.B,BRO,BXP,CAG,CF,CHD,CHTR,CINF,CL,CNC,CPRT,CPT,CRM,CTAS,CTRA,CTSH,CTVA,DE,DPZ,DRI,EG,ELV,EPAM,EQIX,EQR,ERIE,ES,ESS,EXE,F,FDS,FICO,FIS,FRT,FSLR,FTNT,GDDY,GIS,GWW,HAL,HBAN,HIG,HOLX,HRL,HSIC,HST,HSY,IFF,INVH,ISRG,IT,JPM,KIM,LLY,LYV,MA,MAA,MCK,MELI,MET,MOH,MS,NEE,NOW,OXY,PANW,PAYC,PGR,PM,PRU,PSA,PSX,PYPL,REGN,ROP,SLB,SNDK,STT,T,TEAM,TPL,TSLA,TSN,TTWO,UBER,UDR,UHS,UNP,V,VMC,VRSK,WDAY,WFC,WMB,WY,XOM,ZS,ZTS",176,114,[],[]
2025-08-15,"ADM,AEE,AEP,AES,ALLE,ALNY,ANET,AOS,APH,ARE,ARES,AVGO,AVY,AWK,AZO,BA,BEN,BF.B,BG,BK,BKNG,BLDR,BSX,BX,C,CBOE,CBRE,CCI,CCL,CDNS,CEG,CFG,CHRW,CIEN,CMI,CMS,CNP,COF,CRH,CSX,CVX,D,DASH,DELL,DHI,DHR,DLR,DLTR,DTE,EIX,EL,EME,ETR,EVRG,EXC,FAST,FE,FFIV,FITB,FIX,FOX,FOXA,GD,GE,GEV,GILD,GLW,GNRC,GOOG,GOOGL,GPC,HAS,HD,HII,HOOD,HUBB,IBKR,INSM,IQV,IVZ,J,JBHT,JBL,JNJ,KDP,KHC,KO,KVUE,L,LDOS,LHX,LII,LIN,LNT,LOW,LRCX,LVS,LW,MAS,MCD,MCO,MGM,MKC,MMM,MPC,MRK,MRVL,MSFT,MSI,MTCH,MU,NCLH,NDAQ,NEM,NI,NKE,NOC,NSC,NTRS,NUE,NVDA,NVR,NWS,NWSA,O,ORCL,ORLY,PCAR,PDD,PEG,PEP,PHM,PLD,PNR,POOL,PPL,PSKY,PTC,PWR,RF,RJF,RMD,ROL,RTX,SBUX,SCHW,SHOP,SJM,SNA,SNPS,SO,SOLV,SRE,STX,STZ,SYY,TDY,TEL,TER,TJX,TRGP,TRMB,TRV,TSCO,ULTA,URI,VICI,VLO,VLTO,VST,VTR,VZ,WDC,WEC,WELL,WYNN,XEL,XYL,XYZ","ABBV,ACGL,ACN,ADBE,ADSK,AIG,AJG,AMP,APA,ARM,AVB,AXP,BALL,BAX,BIIB,BMY,BRK.B,BRO,BXP,CAG,CF,CHD,CHTR,CINF,CL,CPRT,CPT,CRM,CTAS,CTRA,CTSH,CTVA,DE,DPZ,DRI,EG,EPAM,EQIX,EQR,EQT,ERIE,ES,ESS,EXE,F,FDS,FICO,FIS,FRT,FTNT,GDDY,GIS,GWW,HAL,HBAN,HIG,HOLX,HRL,HSIC,HST,HSY,IFF,INVH,ISRG,IT,JPM,KIM,LLY,LYV,MA,MAA,MCK,MELI,MET,MOH,MS,NOW,OXY,PANW,PAYC,PGR,PM,PRU,PSA,PSX,PYPL,REGN,ROP,SLB,SNDK,STT,T,TEAM,TPL,TSLA,TSN,TTWO,UBER,UDR,UHS,UNP,V,VMC,VRSK,WDAY,WFC,WMB,WY,XOM,ZS,ZTS",179,111,[],[]
2025-08-18,"ADM,AEE,AEP,AES,ALLE,ALNY,ANET,AOS,APH,ARE,ARES,AVGO,AVY,AWK,AZO,BA,BEN,BF.B,BG,BK,BKNG,BLDR,BSX,BX,C,CBOE,CBRE,CCI,CCL,CDNS,CEG,CFG,CHRW,CIEN,CMI,CMS,CNP,COF,CRH,CSX,CVX,D,DASH,DELL,DGX,DHI,DHR,DLR,DLTR,DTE,DUK,EBAY,EIX,EL,EME,ETR,EVRG,EXC,FAST,FE,FFIV,FITB,FIX,FOX,FOXA,GD,GE,GEV,GILD,GLW,GNRC,GOOG,GOOGL,GPC,HAS,HD,HII,HOOD,HUBB,IBKR,INSM,IQV,IVZ,J,JBHT,JBL,JNJ,KDP,KHC,KO,KVUE,L,LDOS,LEN,LHX,LII,LIN,LNT,LOW,LRCX,LVS,LW,MAS,MCD,MCO,MGM,MKC,MMM,MPC,MRK,MRVL,MSFT,MSI,MTCH,MU,NCLH,NDAQ,NEM,NI,NKE,NOC,NSC,NTRS,NUE,NVDA,NVR,NWS,NWSA,O,ORCL,ORLY,PCAR,PDD,PEG,PEP,PHM,PLD,PNR,POOL,PPL,PSKY,PTC,PWR,REG,RF,RJF,RMD,ROL,RTX,SBUX,SCHW,SHOP,SJM,SNA,SNPS,SO,SOLV,SRE,STX,STZ,SYY,TAP,TDY,TEL,TER,TJX,TRGP,TRMB,TRV,TSCO,ULTA,URI,VICI,VLO,VLTO,VST,VTR,VZ,WDC,WELL,WYNN,XEL,XYL,XYZ","ABBV,ACGL,ACN,ADBE,ADSK,AIG,AJG,AMP,APA,ARM,AVB,AXP,BALL,BAX,BIIB,BMY,BRK.B,BRO,BXP,CAG,CF,CHD,CHTR,CINF,CL,CPRT,CPT,CRM,CTAS,CTRA,CTSH,CTVA,DE,DPZ,DRI,EG,EPAM,EQIX,EQR,EQT,ERIE,ES,ESS,EXE,F,FDS,FICO,FIS,FRT,FTNT,GDDY,GIS,GWW,HAL,HBAN,HIG,HOLX,HRL,HSIC,HST,HSY,IFF,INVH,ISRG,IT,JPM,KIM,LLY,LYV,MA,MAA,MCK,MELI,MET,MOH,MS,MSCI,NOW,OXY,PANW,PAYC,PGR,PM,PRU,PSA,PSX,PYPL,REGN,ROP,SLB,SNDK,STT,T,TEAM,TPL,TSLA,TSN,TTWO,UBER,UDR,UHS,UNP,V,VMC,VRSK,WDAY,WFC,WMB,WY,XOM,ZS,ZTS",184,112,[],[]
2025-08-19,"ADM,AEE,AEP,AES,ALLE,ALNY,ANET,AOS,APH,ARE,ARES,AVGO,AVY,AWK,AZO,BA,BEN,BF.B,BG,BK,BKNG,BKR,BLDR,BSX,BX,C,CBOE,CBRE,CCI,CCL,CDNS,CEG,CFG,CHRW,CIEN,CMI,CMS,CNP,COF,CPB,CRH,CSX,CVX,D,DASH,DELL,DGX,DHI,DHR,DLR,DLTR,DTE,DUK,EBAY,EIX,EL,EME,ETR,EVRG,EXC,FAST,FE,FFIV,FITB,FIX,FOX,FOXA,GD,GE,GEV,GILD,GLW,GNRC,GOOG,GOOGL,GPC,HAS,HD,HII,HOOD,HUBB,IBKR,INCY,INSM,IQV,IVZ,J,JBHT,JBL,JNJ,KDP,KHC,KO,KVUE,L,LDOS,LEN,LHX,LII,LIN,LNT,LOW,LRCX,LVS,LW,MAS,MCD,MCO,MGM,MKC,MMM,MPC,MRK,MRVL,MSFT,MSI,MTCH,MU,NCLH,NDAQ,NEM,NI,NKE,NOC,NSC,NTRS,NUE,NVDA,NVR,NWS,NWSA,O,OMC,ORCL,ORLY,PCAR,PDD,PEG,PEP,PHM,PLD,PNR,POOL,PPL,PSKY,PTC,PWR,REG,RF,RJF,RMD,ROL,RTX,RVTY,SBUX,SCHW,SHOP,SJM,SNA,SNPS,SO,SOLV,SRE,STX,STZ,SYY,TAP,TDY,TEL,TER,TJX,TMO,TRGP,TRMB,TRV,TSCO,ULTA,URI,VICI,VLO,VLTO,VST,VTR,VZ,WDC,WELL,WSM,WYNN,XEL,XYL,XYZ","ABBV,ACGL,ACN,ADBE,ADSK,AIG,AMP,APA,ARM,AVB,AXP,BALL,BAX,BIIB,BMY,BRK.B,BRO,BXP,CAG,CF,CHD,CHTR,CINF,CL,CPRT,CPT,CRM,CTAS,CTRA,CTSH,CTVA,DE,DPZ,DRI,EG,EPAM,EQIX,EQR,EQT,ERIE,ES,ESS,EXE,F,FDS,FICO,FIS,FISV,FRT,FTNT,GDDY,GIS,GWW,HAL,HBAN,HIG,HOLX,HRL,HSIC,HST,HSY,IFF,INVH,ISRG,IT,JPM,KIM,LLY,LYV,MA,MAA,MCHP,MCK,MELI,MET,MS,MSCI,NOW,OXY,PANW,PAYC,PGR,PM,PRU,PSA,PSX,PYPL,REGN,ROP,SLB,SNDK,STT,T,TEAM,TPL,TSLA,TSN,TTWO,TXN,UBER,UDR,UNP,V,VMC,VRSK,WDAY,WFC,WMB,WY,XOM,ZS,ZTS",191,112,[],[]
2025-08-20,"ADM,AEE,AEP,AES,ALLE,ALNY,ANET,AOS,APH,ARE,ARES,AVGO,AVY,AWK,AZO,BA,BEN,BF.B,BG,BK,BKNG,BKR,BLDR,BR,BSX,C,CBOE,CBRE,CCI,CCL,CDNS,CEG,CFG,CHRW,CIEN,CMI,CMS,CNP,COF,CPB,CRH,CSX,CVX,D,DASH,DGX,DHI,DHR,DLR,DLTR,DTE,DUK,EBAY,EIX,EL,EME,ETR,EVRG,EXC,FAST,FE,FFIV,FITB,FIX,FOX,FOXA,GD,GE,GEV,GILD,GL,GLW,GNRC,GOOG,GOOGL,GPC,HAS,HD,HII,HOOD,HUBB,IBKR,INCY,INSM,IQV,IVZ,J,JBHT,JBL,JNJ,KDP,KHC,KO,KVUE,L,LDOS,LEN,LH,LHX,LII,LIN,LNT,LOW,LRCX,LVS,LW,MAS,MCD,MCO,MGM,MKC,MMM,MPC,MRK,MRVL,MSFT,MSI,MTCH,MU,NCLH,NDAQ,NEM,NI,NKE,NOC,NSC,NTRS,NUE,NVDA,NVR,NWS,NWSA,O,OMC,ORCL,ORLY,PCAR,PDD,PEG,PEP,PHM,PLD,PNR,POOL,PPL,PSKY,PTC,PWR,REG,RF,RJF,RMD,ROL,RTX,RVTY,SBUX,SCHW,SHOP,SJM,SNA,SNPS,SO,SOLV,SRE,STX,STZ,SYY,TAP,TDY,TEL,TER,TJX,TMO,TMUS,TRGP,TRMB,TRV,TSCO,ULTA,URI,VICI,VLO,VLTO,VST,VTR,VZ,WDC,WELL,WM,WSM,WST,WYNN,XEL,XYL,XYZ","ABBV,ACGL,ACN,ADBE,ADSK,AIG,AMP,APA,ARM,AVB,AXP,BALL,BAX,BIIB,BMY,BRK.B,BRO,BXP,CAG,CF,CHD,CHTR,CINF,CL,CMG,CPRT,CPT,CRM,CTAS,CTRA,CTSH,CTVA,CVS,DE,DPZ,DRI,EG,EPAM,EQIX,EQR,EQT,ERIE,ES,ESS,EXE,F,FDS,FICO,FIS,FISV,FRT,FTNT,GDDY,GIS,GWW,HAL,HBAN,HOLX,HON,HRL,HSIC,HST,HSY,IBM,IFF,INVH,ISRG,IT,JPM,KIM,LLY,LUV,LYB,LYV,MA,MAA,MCHP,MCK,MELI,MET,MS,MSCI,NOW,OXY,PANW,PAYC,PGR,PRU,PSA,PSX,PYPL,REGN,ROP,SLB,SNDK,STT,T,TEAM,TPL,TSLA,TSN,TTWO,TXN,TXT,UBER,UDR,UNP,V,VMC,VRSK,WAB,WDAY,WFC,WMB,WY,XOM,ZS,ZTS",195,118,[],[]
2025-08-21,"ADM,ADP,AEE,AEP,AES,ALLE,ALNY,ANET,AON,AOS,APH,ARE,ARES,AVGO,AVY,AWK,AZO,BA,BEN,BF.B,BG,BK,BKNG,BKR,BLDR,BR,BSX,C,CBOE,CBRE,CCI,CCL,CDNS,CEG,CFG,CHRW,CIEN,CMI,CMS,CNP,COF,CPB,CRH,CSX,CVX,D,DASH,DECK,DGX,DHI,DLR,DLTR,DTE,DUK,EBAY,EIX,EL,EME,ETR,EVRG,EW,EXC,FAST,FE,FFIV,FITB,FIX,FOX,FOXA,GD,GE,GEV,GILD,GL,GLW,GNRC,GOOG,GOOGL,GPC,HAS,HD,HII,HOOD,HUBB,IBKR,INCY,INSM,IQV,IVZ,J,JBHT,JBL,JNJ,KDP,KHC,KO,KVUE,L,LDOS,LEN,LH,LHX,LIN,LNT,LOW,LRCX,LVS,LW,MAS,MCD,MCO,MGM,MKC,MMM,MPC,MRK,MRVL,MSFT,MSI,MTCH,MU,NCLH,NDAQ,NEM,NI,NKE,NOC,NSC,NTRS,NUE,NVDA,NVR,NWS,NWSA,O,OMC,ORCL,ORLY,PCAR,PCG,PDD,PEG,PEP,PHM,PLD,PNR,POOL,PPL,PSKY,PTC,PWR,REG,RF,RJF,RMD,ROL,RTX,RVTY,SBUX,SCHW,SHOP,SJM,SNA,SNPS,SO,SOLV,SPGI,SRE,STX,STZ,SYY,TAP,TDY,TEL,TER,TJX,TMO,TMUS,TRGP,TRMB,TRV,TSCO,ULTA,URI,VICI,VLO,VLTO,VST,VTR,VZ,WDC,WELL,WM,WSM,WST,WYNN,XEL,XYL,XYZ","ABBV,ACGL,ACN,ADBE,ADSK,AIG,AMP,APA,ARM,AVB,AXP,BALL,BAX,BIIB,BMY,BRK.B,BRO,BXP,CAG,CF,CHD,CHTR,CINF,CL,CMCSA,CMG,CPRT,CPT,CRM,CTAS,CTRA,CTSH,CTVA,CVS,DE,DOC,DPZ,DRI,EG,EPAM,EQIX,EQR,EQT,ERIE,ES,ESS,EXE,F,FDS,FICO,FIS,FISV,FRT,FTNT,GDDY,GIS,GWW,HAL,HBAN,HOLX,HON,HRL,HSIC,HST,HSY,IBM,IFF,INVH,ISRG,IT,JPM,KIM,LLY,LUV,LYB,LYV,MA,MAA,MCHP,MCK,MELI,MET,MS,MSCI,NOW,OXY,PANW,PAYC,PGR,PRU,PSA,PSX,PYPL,REGN,ROP,SLB,SNDK,STT,T,TEAM,TPL,TSLA,TSN,TTWO,TXN,TXT,UBER,UDR,UNP,V,VMC,VRSK,WAB,WDAY,WFC,WMB,WY,XOM,ZS,ZTS",199,120,[],[]
2025-08-22,"ADM,ADP,AEE,AEP,AES,ALLE,ALNY,ANET,AON,AOS,APH,ARE,ARES,AVGO,AVY,AWK,AZO,BA,BEN,BF.B,BG,BK,BKNG,BKR,BLDR,BR,BSX,C,CBOE,CBRE,CCI,CCL,CDNS,CEG,CFG,CHRW,CIEN,CMI,CMS,CNP,COF,CPB,CRH,CVX,D,DASH,DECK,DGX,DHI,DLR,DLTR,DTE,DUK,EBAY,EIX,EL,EME,ETR,EVRG,EW,EXC,FAST,FE,FFIV,FITB,FIX,FOX,FOXA,GD,GE,GEV,GILD,GL,GLW,GNRC,GOOG,GOOGL,GPC,HAS,HD,HII,HOOD,HUBB,IBKR,INCY,INSM,IQV,IVZ,J,JBHT,JBL,JNJ,KDP,KHC,KO,KVUE,L,LDOS,LEN,LH,LHX,LIN,LNT,LOW,LRCX,LVS,LW,MAS,MCD,MCO,MGM,MKC,MMM,MPC,MRK,MRVL,MSFT,MSI,MTCH,MU,NCLH,NDAQ,NEM,NI,NKE,NOC,NSC,NTRS,NUE,NVDA,NVR,NWS,NWSA,O,OMC,ORCL,ORLY,PCAR,PCG,PDD,PEG,PEP,PHM,PLD,PNR,POOL,PPL,PSKY,PTC,PWR,REG,RF,RJF,RMD,ROL,ROST,RTX,RVTY,SBUX,SCHW,SHOP,SJM,SNA,SNPS,SO,SOLV,SPGI,SRE,STX,STZ,SYY,TAP,TDY,TEL,TER,TJX,TMO,TMUS,TRGP,TRMB,TRV,TSCO,ULTA,URI,VICI,VLO,VLTO,VST,VTR,VZ,WDC,WELL,WM,WSM,WST,WYNN,XEL,XYL,XYZ","ABBV,ACGL,ACN,ADBE,ADSK,AIG,AMP,APA,ARM,AVB,BALL,BAX,BIIB,BMY,BRK.B,BRO,CAG,CF,CHD,CINF,CL,CMCSA,CMG,COR,CPT,CRM,CTAS,CTRA,CTSH,CTVA,CVS,DE,DPZ,DRI,EG,EPAM,EQIX,EQR,EQT,ERIE,ES,EXE,F,FDS,FICO,FIS,FISV,FTNT,GDDY,GIS,HOLX,HRL,HSIC,HSY,IBM,IFF,ISRG,IT,JPM,LLY,LYV,MA,MAA,MCHP,MCK,MELI,MET,MS,MSCI,NOW,OXY,PANW,PAYC,PGR,PYPL,REGN,ROP,SBAC,SNDK,T,TEAM,TPL,TSLA,TSN,TTWO,TXN,TXT,UBER,UDR,UNP,V,VMC,VRSK,WAB,WDAY,WFC,WMB,ZS,ZTS",199,99,[],[]
2025-08-25,"ADM,ADP,AEE,AEP,AES,ALLE,ALNY,ANET,AON,AOS,APH,ARE,ARES,AVGO,AVY,AWK,AZO,BA,BEN,BF.B,BG,BK,BKNG,BKR,BLDR,BR,BSX,C,CBOE,CBRE,CCI,CCL,CDNS,CEG,CFG,CHRW,CIEN,CMI,CMS,CNP,COF,CPB,CRH,CVX,DASH,DECK,DGX,DHI,DLR,DLTR,DTE,DUK,EBAY,EIX,EL,EME,ETR,EVRG,EW,EXC,FAST,FE,FFIV,FITB,FIX,FOX,FOXA,GD,GE,GEV,GILD,GL,GLW,GNRC,GOOG,GOOGL,GPC,HAS,HD,HII,HOOD,HUBB,IBKR,INCY,INSM,IQV,IVZ,J,JBHT,JBL,JNJ,KHC,KVUE,L,LDOS,LEN,LH,LHX,LIN,LNT,LOW,LRCX,LVS,LW,MAS,MCD,MCO,MGM,MKC,MMM,MPC,MRK,MRVL,MSFT,MSI,MTCH,MU,NCLH,NDAQ,NEM,NI,NKE,NOC,NSC,NTRS,NUE,NVDA,NVR,NWS,NWSA,O,OMC,ORCL,ORLY,PCAR,PCG,PDD,PEG,PEP,PHM,PLD,PNR,POOL,PPL,PSKY,PTC,PWR,REG,RF,RJF,RMD,ROST,RTX,RVTY,SCHW,SHOP,SJM,SNA,SNPS,SO,SOLV,SPGI,SRE,STX,STZ,SYY,TAP,TDY,TEL,TER,TJX,TMO,TMUS,TRGP,TRMB,TRV,TSCO,ULTA,URI,VICI,VLO,VLTO,VST,VTR,VZ,WDC,WELL,WM,WSM,WST,WYNN,XEL,XYL,XYZ","ABBV,ACGL,ACN,ADBE,ADSK,AIG,AMP,AMT,APA,ARM,AVB,BALL,BAX,BIIB,BMY,BRK.B,BRO,CAG,CARR,CF,CHD,CINF,CL,CMCSA,CMG,COR,CPT,CRM,CTAS,CTRA,CTSH,CTVA,CVS,DE,DPZ,DRI,EG,EPAM,EQIX,EQR,EQT,ERIE,ES,EXE,F,FDS,FICO,FIS,FISV,FTNT,GDDY,GIS,HOLX,HRL,HSIC,HSY,IBM,IFF,ISRG,IT,JCI,JPM,LLY,LYV,MA,MAA,MCHP,MCK,MELI,MET,MS,MSCI,NOW,OXY,PANW,PAYC,PGR,PYPL,REGN,ROP,SBAC,SNDK,T,TEAM,TPL,TSLA,TSN,TTWO,TXN,TXT,UBER,UDR,UNP,UPS,V,VMC,VRSK,VRSN,WAB,WDAY,WFC,WMB,ZS,ZTS",194,104,[],[]
2025-08-26,"ADM,ADP,AEE,AEP,AES,ALLE,ALNY,ANET,AON,AOS,APH,ARE,ARES,AVGO,AVY,AWK,AZO,BA,BEN,BG,BK,BKNG,BKR,BLDR,BR,BSX,C,CBOE,CBRE,CCI,CCL,CDNS,CEG,CFG,CHRW,CIEN,CMI,CMS,CNP,COF,CPB,CRH,CVX,DASH,DECK,DGX,DHI,DLR,DLTR,DTE,DUK,EIX,EL,EME,ETR,EVRG,EW,EXC,FAST,FE,FFIV,FITB,FIX,FOX,FOXA,GD,GE,GEV,GILD,GL,GLW,GNRC,GOOG,GOOGL,GPC,HAS,HD,HII,HOOD,HUBB,HUM,IBKR,INCY,INSM,IQV,IVZ,J,JBHT,JBL,JNJ,KHC,KVUE,L,LDOS,LEN,LH,LHX,LIN,LNT,LOW,LRCX,LVS,LW,MAS,MCD,MCO,MGM,MKC,MMM,MO,MPC,MRK,MRVL,MSFT,MSI,MTCH,MU,NCLH,NDAQ,NEM,NI,NKE,NOC,NSC,NTRS,NUE,NVDA,NVR,NWS,NWSA,O,OMC,ORCL,ORLY,PCAR,PCG,PDD,PEG,PEP,PHM,PLD,PNR,POOL,PPL,PSKY,PTC,PWR,REG,RF,RJF,RMD,ROST,RTX,RVTY,SCHW,SHOP,SJM,SNA,SNPS,SO,SOLV,SPGI,SRE,STX,SYY,TAP,TDY,TEL,TER,TJX,TMO,TMUS,TRGP,TRMB,TRV,TSCO,ULTA,URI,VICI,VLO,VLTO,VST,VTR,VZ,WDC,WELL,WM,WSM,WST,WYNN,XEL,XYL,XYZ","ABBV,ACGL,ACN,ADBE,ADSK,AIG,AKAM,AMP,AMT,APA,ARM,AVB,BALL,BAX,BIIB,BMY,BRK.B,BRO,CAG,CARR,CF,CHD,CINF,CL,CMCSA,CMG,COR,CPT,CRM,CTAS,CTRA,CTSH,CTVA,CVS,DD,DE,DPZ,DRI,EG,EPAM,EQIX,EQR,EQT,ERIE,ES,EXE,EXPD,F,FDS,FDX,FICO,FIS,FISV,FTNT,GDDY,GEHC,GIS,GRMN,HOLX,HRL,HSIC,HSY,IBM,IEX,IFF,ISRG,IT,JCI,JPM,LLY,LYV,MA,MAA,MCHP,MCK,MDLZ,MELI,MET,MS,MSCI,NOW,OXY,PANW,PAYC,PGR,PYPL,REGN,ROP,RSG,SBAC,SNDK,T,TEAM,TPL,TSLA,TSN,TT,TTWO,TXN,TXT,UBER,UDR,UNP,UPS,V,VMC,VRSK,VRSN,WAB,WDAY,WMB,ZS,ZTS",193,113,[],[]
2025-08-27,"ADM,ADP,AEE,AEP,AES,ALLE,ALNY,AME,ANET,AON,AOS,APH,APP,ARE,ARES,AVGO,AVY,AWK,AZO,BA,BEN,BG,BK,BKNG,BKR,BLDR,BR,BSX,C,CBRE,CCI,CCL,CDNS,CEG,CFG,CHRW,CIEN,CMI,CMS,CNP,COF,CPB,CRH,CVNA,CVX,DASH,DECK,DGX,DHI,DLR,DLTR,DTE,DUK,EIX,EL,EME,ETR,EVRG,EW,EXC,FAST,FE,FFIV,FITB,FIX,FOX,FOXA,GD,GE,GEV,GILD,GL,GLW,GNRC,GOOG,GOOGL,GPC,HAS,HD,HII,HOOD,HUBB,HUM,IBKR,INCY,INSM,IQV,IVZ,J,JBHT,JBL,JNJ,KHC,KVUE,L,LDOS,LEN,LH,LHX,LIN,LNT,LOW,LRCX,LVS,LW,MAS,MCD,MCO,META,MGM,MKC,MMM,MO,MPC,MRK,MRVL,MSFT,MSI,MTCH,MU,NCLH,NDAQ,NEM,NI,NKE,NOC,NSC,NTRS,NUE,NVDA,NVR,NWS,NWSA,O,OMC,ORCL,ORLY,PCAR,PCG,PDD,PEG,PEP,PHM,PLD,PNR,POOL,PPL,PSKY,PTC,PWR,REG,RF,RJF,RMD,ROST,RTX,RVTY,SCHW,SHOP,SNA,SNPS,SO,SOLV,SPGI,SRE,STX,SYY,TAP,TDY,TEL,TER,TJX,TMO,TMUS,TRGP,TRMB,TRV,TSCO,TYL,ULTA,URI,VICI,VLO,VLTO,VST,VTR,VZ,WDC,WELL,WM,WSM,WST,WTW,WYNN,XEL,XYL,XYZ","ABBV,ABNB,ACGL,ACN,ADBE,ADSK,AIG,AKAM,ALGN,AMAT,AMP,AMT,APA,ARM,AVB,BALL,BAX,BIIB,BMY,BRK.B,BRO,CAG,CARR,CDW,CF,CHD,CI,CINF,CL,CMCSA,CMG,COR,CPT,CRM,CTAS,CTRA,CTSH,CTVA,CVS,DD,DDOG,DE,DPZ,DRI,DXCM,EG,EPAM,EQIX,EQR,EQT,ERIE,ES,EXE,EXPD,F,FDS,FDX,FER,FICO,FIS,FISV,FTNT,FTV,GDDY,GEHC,GIS,GRMN,HOLX,HRL,HSIC,HSY,HWM,IBM,IEX,IFF,IP,ISRG,IT,JCI,JPM,LLY,LYV,MA,MAA,MCHP,MCK,MDLZ,MELI,MET,MRNA,MS,MSCI,NOW,OXY,PANW,PAYC,PGR,PYPL,QCOM,REGN,ROP,RSG,SBAC,SNDK,SWKS,T,TEAM,TGT,TPL,TSLA,TSN,TT,TTWO,TXN,TXT,UBER,UDR,UNP,UPS,V,VMC,VRSK,VRSN,VRTX,WAB,WDAY,WMB,ZS,ZTS",197,129,[],[]
2025-08-28,"ADM,ADP,AEE,AEP,AES,ALLE,ALNY,AME,ANET,AON,AOS,APH,APP,ARE,ARES,AVGO,AVY,AWK,AZO,BA,BEN,BG,BK,BKNG,BKR,BLDR,BR,BSX,C,CBRE,CCL,CDNS,CEG,CFG,CHRW,CIEN,CMI,CNP,COF,CPB,CRH,CVNA,CVX,DASH,DECK,DGX,DHI,DLR,DLTR,DTE,DUK,EIX,EL,EME,ETR,EVRG,EW,FAST,FE,FFIV,FITB,FIX,FOX,FOXA,GD,GE,GEV,GILD,GL,GLW,GNRC,GOOG,GOOGL,GPC,HAS,HD,HII,HOOD,HUBB,HUM,IBKR,INCY,INSM,IQV,IVZ,J,JBHT,JBL,JNJ,KHC,KMB,KVUE,L,LDOS,LEN,LH,LHX,LIN,LNT,LOW,LRCX,LVS,LW,MAS,MCD,MCO,META,MGM,MKC,MMM,MO,MPC,MPWR,MRK,MRVL,MSFT,MSI,MTCH,MU,NCLH,NDAQ,NEM,NI,NKE,NOC,NSC,NTRS,NUE,NVDA,NVR,NWS,NWSA,O,OMC,ORCL,ORLY,PCAR,PCG,PDD,PEG,PEP,PHM,PLD,PNR,POOL,PPL,PSKY,PTC,PWR,REG,RF,RJF,ROST,RTX,RVTY,SCHW,SHOP,SNA,SNPS,SO,SOLV,SPGI,SRE,STX,SYY,TAP,TDY,TEL,TER,TJX,TMO,TMUS,TRGP,TRMB,TRV,TSCO,TYL,ULTA,URI,VICI,VLO,VLTO,VST,VTR,VZ,WDC,WELL,WM,WSM,WST,WTW,WYNN,XEL,XYL,XYZ,^VIX","ABBV,ABNB,ACGL,ACN,ADBE,ADSK,AIG,AKAM,ALGN,AMAT,AMP,AMT,AMZN,APO,ARM,AVB,BALL,BAX,BIIB,BMY,BRO,CAG,CARR,CDW,CF,CHD,CI,CINF,CL,CLX,CMCSA,CMG,COIN,COP,COR,CPAY,CPT,CRM,CTAS,CTRA,CTSH,CTVA,CVS,DD,DE,DIS,DPZ,DRI,DXCM,EG,EMR,EPAM,EQIX,EQR,EQT,ERIE,ES,EXE,EXPD,F,FDS,FDX,FER,FIS,FISV,FTNT,FTV,GDDY,GEHC,GIS,GS,HOLX,HRL,HSIC,HSY,HWM,IBM,IEX,IFF,IP,IR,IRM,ISRG,IT,JCI,JKHY,JPM,KEYS,KKR,LLY,LYV,MA,MAA,MCHP,MCK,MDLZ,MELI,MET,MRNA,MS,MSCI,MSTR,MTD,PANW,PAYC,PAYX,PGR,PH,PYPL,QCOM,QQQ,REGN,ROK,ROP,RSG,SBAC,SNDK,SPY,SWKS,SYK,T,TEAM,TGT,TPL,TSLA,TSN,TT,TTWO,TXN,TXT,UBER,UDR,UNP,UPS,V,VMC,VRSK,VRSN,VRTX,WAB,WDAY,WMB,ZTS",196,143,[],[]
2025-08-29,"ADM,ADP,AEE,AEP,AES,ALLE,ALNY,AME,ANET,AON,AOS,APH,APP,ARE,ARES,ATO,AVGO,AVY,AWK,AZO,BA,BEN,BG,BK,BKNG,BKR,BLDR,BR,BSX,C,CBRE,CCL,CDNS,CEG,CFG,CHRW,CIEN,CMI,CNP,COF,CPB,CRH,CVNA,CVX,DASH,DECK,DG,DGX,DHI,DLR,DTE,DUK,EIX,EL,EME,ETR,EVRG,EW,FAST,FE,FFIV,FITB,FIX,FOX,FOXA,GD,GE,GEV,GILD,GL,GLW,GNRC,GOOG,GOOGL,GPC,HAS,HD,HII,HOOD,HUBB,HUM,IBKR,IDXX,INCY,INSM,IQV,IVZ,J,JBHT,JBL,JNJ,KHC,KMB,KVUE,L,LDOS,LEN,LH,LHX,LIN,LNT,LOW,LRCX,LVS,LW,MAS,MCD,MCO,META,MGM,MKC,MLM,MMM,MO,MPC,MPWR,MRK,MSFT,MSI,MTCH,MU,NCLH,NDAQ,NEM,NI,NKE,NOC,NSC,NTRS,NUE,NVDA,NVR,NWS,NWSA,O,OMC,ORCL,ORLY,PCAR,PCG,PDD,PEG,PEP,PHM,PLD,PNR,PNW,POOL,PPL,PSKY,PTC,PWR,REG,RF,RJF,ROST,RTX,RVTY,SCHW,SHOP,SNA,SNPS,SO,SOLV,SPGI,SRE,STX,SYY,TAP,TDY,TEL,TER,TJX,TMO,TMUS,TRGP,TRMB,TRV,TSCO,TYL,URI,VICI,VLO,VLTO,VST,VTR,VZ,WDC,WELL,WM,WMT,WSM,WST,WTW,WYNN,XEL,XYL,XYZ,^VIX","ABBV,ABNB,ACGL,ACN,ADBE,AIG,AKAM,ALGN,AMAT,AMP,AMT,AMZN,APO,ARM,AVB,BALL,BAX,BIIB,BMY,BRO,CAG,CARR,CDW,CF,CHD,CI,CINF,CL,CLX,CMCSA,CMG,COIN,COP,COR,CPAY,CRM,CTAS,CTRA,CTSH,CTVA,CVS,DD,DE,DIS,DPZ,DRI,DXCM,EG,EMR,EPAM,EQIX,EQR,EQT,ERIE,ES,EXE,EXPD,F,FDS,FDX,FER,FIS,FISV,FTNT,FTV,GDDY,GEHC,GIS,GS,HOLX,HRL,HSIC,HSY,HWM,IBM,IEX,IFF,IP,IR,IRM,ISRG,IT,JCI,JKHY,JPM,KEYS,KKR,LLY,LYV,MA,MCHP,MCK,MDLZ,MELI,MET,MRNA,MS,MSCI,MSTR,MTD,ON,PANW,PAYC,PAYX,PGR,PH,PYPL,QCOM,QQQ,REGN,ROK,ROP,RSG,SBAC,SPY,SWKS,SYK,T,TEAM,TGT,TPL,TSLA,TSN,TT,TTWO,TXN,TXT,UBER,UDR,UNP,UPS,V,VMC,VRSK,VRSN,VRTX,WAB,WDAY,WMB,ZTS",199,140,[],[]
2025-09-02,"ADM,ADP,AEE,AES,ALLE,ALNY,AME,ANET,AON,AOS,APH,APP,ARE,ARES,ATO,AVGO,AVY,AWK,AXON,AZO,BA,BEN,BG,BK,BKR,BLDR,BSX,C,CBRE,CCL,CDNS,CEG,CFG,CHRW,CIEN,CMI,CNP,COF,CPB,CRH,CVNA,CVX,DASH,DECK,DG,DGX,DHI,DTE,DUK,EIX,EL,EME,ETR,EVRG,EW,FAST,FE,FFIV,FITB,FIX,FOX,FOXA,GD,GE,GILD,GL,GLW,GNRC,GOOG,GOOGL,GPC,HAS,HD,HII,HOOD,HUBB,HUM,IBKR,IDXX,INCY,INSM,IQV,IVZ,J,JBHT,JBL,JNJ,KMB,KVUE,L,LDOS,LEN,LH,LHX,LIN,LNT,LOW,LRCX,LVS,LW,MAS,MCD,META,MGM,MKC,MLM,MMM,MO,MPC,MPWR,MRK,MSFT,MSI,MTCH,MU,NCLH,NDAQ,NEM,NI,NOC,NSC,NTRS,NUE,NVDA,NVR,NWSA,O,OMC,ORCL,ORLY,PCAR,PCG,PDD,PEG,PEP,PHM,PLD,PNR,PNW,POOL,PPL,PSKY,PTC,PWR,REG,RF,RJF,ROST,RTX,RVTY,SCHW,SHOP,SNA,SNPS,SO,SOLV,SPG,SPGI,SRE,STX,SYY,TAP,TDY,TEL,TER,TJX,TMO,TMUS,TRGP,TRV,TSCO,TYL,URI,VICI,VLO,VLTO,VST,VTR,VZ,WDC,WELL,WM,WMT,WSM,WST,WTW,WYNN,XEL,XYL,XYZ,^VIX","ABBV,ABNB,ACGL,ACN,ADBE,AIG,AKAM,ALGN,AMAT,AMP,AMT,AMZN,APO,ARM,AVB,BALL,BAX,BIIB,BMY,BRO,CAG,CARR,CDW,CF,CHD,CI,CINF,CL,CLX,CMCSA,CMG,COIN,COP,COR,CPAY,CRM,CTAS,CTRA,CTSH,CTVA,CVS,DD,DE,DIS,DPZ,DRI,DXCM,EG,EMR,EPAM,EQIX,EQR,EQT,ERIE,ES,ETN,EXE,EXPD,F,FDS,FDX,FER,FIS,FISV,FTNT,FTV,GDDY,GEHC,GIS,GS,HOLX,HRL,HSIC,HWM,IBM,IEX,IFF,IP,IR,IRM,ISRG,IT,JCI,JKHY,JPM,KEYS,KKR,LLY,LYV,MA,MCHP,MCK,MDLZ,MELI,MET,MRNA,MS,MSCI,MSTR,MTD,ON,PANW,PAYC,PAYX,PGR,PH,PYPL,QCOM,QQQ,REGN,ROK,ROP,RSG,SBAC,SPY,SWKS,SYK,T,TDG,TEAM,TGT,TPL,TSLA,TSN,TT,TXN,TXT,UBER,UDR,UNP,UPS,V,VMC,VRSK,VRSN,VRTX,WAB,WDAY,WMB,YUM,ZBRA,ZTS",191,142,[],[]
2025-09-03,"ADM,ADP,AEE,AES,AFL,AIZ,ALLE,ALNY,AME,ANET,AON,AOS,APH,APP,ARE,ARES,ATO,AVGO,AVY,AXON,AZO,BA,BEN,BG,BK,BKR,BLDR,BSX,C,CBRE,CCL,CDNS,CEG,CFG,CHRW,CIEN,CMI,CNP,COF,CPB,CRH,CVNA,CVX,DASH,DECK,DG,DGX,DHI,DTE,DUK,EIX,EL,EME,ETR,EVRG,EW,FAST,FE,FFIV,FITB,FIX,FOX,FOXA,GD,GE,GILD,GL,GLW,GOOG,GOOGL,GPC,GPN,HAS,HD,HII,HOOD,HUBB,HUM,IBKR,IDXX,INCY,INSM,IQV,IVZ,J,JBHT,JBL,JNJ,KMB,KVUE,L,LDOS,LEN,LH,LHX,LIN,LNT,LOW,LRCX,LVS,LW,MAS,MCD,META,MGM,MKC,MLM,MMM,MO,MPC,MPWR,MRK,MSFT,MSI,MTCH,MU,NCLH,NDAQ,NEM,NI,NOC,NSC,NTRS,NUE,NVDA,NVR,NWSA,O,OMC,ORCL,ORLY,PCAR,PCG,PDD,PEG,PEP,PHM,PLD,PNR,PNW,POOL,PPL,PSKY,PTC,PWR,REG,RF,RJF,ROST,RTX,SCHW,SHOP,SNA,SNPS,SO,SOLV,SPG,SPGI,SRE,STX,SYY,TAP,TDY,TEL,TER,TJX,TMO,TMUS,TRGP,TRV,TYL,URI,VICI,VLO,VLTO,VST,VTR,VZ,WDC,WELL,WM,WMT,WSM,WST,WTW,WYNN,XEL,XYL,XYZ,^VIX","ABBV,ABNB,ACGL,ACN,ADBE,AIG,AKAM,ALGN,AMAT,AMD,AMGN,AMP,AMT,AMZN,APO,ARM,AVB,BALL,BAX,BIIB,BMY,BRO,CAG,CARR,CCEP,CDW,CF,CHD,CI,CINF,CL,CMCSA,CMG,COIN,COP,COR,CPAY,CRL,CRM,CTAS,CTRA,CTSH,CTVA,CVS,DD,DE,DIS,DPZ,DRI,DVA,DXCM,EG,EMR,EPAM,EQIX,EQR,EQT,ERIE,ES,ETN,EXE,EXPD,F,FDS,FDX,FER,FIS,FISV,FTNT,FTV,GDDY,GEHC,GIS,GS,HOLX,HRL,HSIC,HWM,IBM,IEX,IFF,IP,IR,IRM,ISRG,IT,JCI,JKHY,JPM,KEYS,KKR,KMI,LLY,LYV,MA,MCHP,MCK,MDLZ,MELI,MET,MOS,MRNA,MS,MSCI,MSTR,MTD,NRG,ON,PANW,PAYC,PAYX,PGR,PH,PYPL,QCOM,QQQ,REGN,ROK,ROP,RSG,SBAC,SMCI,SPY,SWKS,SYK,T,TDG,TEAM,TECH,TGT,TPL,TRI,TSLA,TSN,TT,TXN,TXT,UBER,UDR,UNP,UPS,V,VMC,VRSK,VRSN,VRTX,WAB,WDAY,WMB,YUM,ZBRA,ZTS",190,152,[],[]
2025-09-04,"ADM,ADP,AEE,AES,AFL,AIZ,ALLE,ALNY,AME,ANET,AON,AOS,APH,APP,ARE,ARES,ATO,AVGO,AVY,AXON,AZO,BA,BEN,BG,BK,BKR,BLDR,BSX,C,CBRE,CCL,CDNS,CEG,CFG,CHRW,CIEN,CMI,CNP,COF,CPB,CRH,CVNA,CVX,DASH,DECK,DG,DGX,DHI,DTE,DUK,EIX,EL,EME,ETR,EVRG,EW,FAST,FE,FFIV,FITB,FIX,FOX,FOXA,GD,GE,GILD,GL,GLW,GOOG,GOOGL,GPC,GPN,HAS,HD,HII,HOOD,HUBB,HUM,IBKR,IDXX,INCY,INSM,IQV,IVZ,J,JBHT,JBL,JNJ,KMB,KVUE,L,LDOS,LEN,LH,LHX,LIN,LNT,LOW,LRCX,LVS,LW,MAS,MCD,META,MGM,MKC,MLM,MMM,MO,MPC,MPWR,MRK,MSFT,MSI,MTCH,MU,NCLH,NDAQ,NEM,NOC,NSC,NTRS,NUE,NVDA,NVR,NWSA,O,OMC,ORCL,ORLY,PCAR,PCG,PDD,PEG,PEP,PHM,PLD,PNR,PNW,PODD,POOL,PPL,PSKY,PTC,PWR,REG,RF,RJF,ROST,RTX,SCHW,SHOP,SNA,SNPS,SO,SOLV,SPG,SPGI,SRE,STE,STX,SYY,TAP,TDY,TEL,TER,TJX,TMO,TMUS,TRGP,TRV,TYL,URI,VICI,VLO,VLTO,VST,VTR,VTRS,VZ,WDC,WELL,WM,WMT,WSM,WST,WTW,WYNN,XEL,XYL,XYZ,ZBH,^VIX","ABBV,ABNB,ACGL,ACN,ADBE,AIG,AKAM,ALGN,AMAT,AMD,AMGN,AMP,AMT,APO,ARM,AVB,BALL,BAX,BIIB,BMY,BRO,CAG,CARR,CCEP,CDW,CF,CI,CINF,CL,CMCSA,CMG,COIN,COP,COR,CPAY,CRL,CRM,CTAS,CTRA,CTSH,CTVA,CVS,DD,DE,DIS,DPZ,DRI,DVA,DXCM,EG,EMR,EPAM,EQIX,EQR,EQT,ERIE,ES,ETN,EXE,EXPD,F,FDS,FDX,FER,FIS,FISV,FTNT,FTV,GDDY,GEHC,GIS,GS,HOLX,HRL,HSIC,IBM,IEX,IFF,IP,IR,IRM,ISRG,IT,JCI,JKHY,JPM,KEYS,KKR,KMI,LLY,LYV,MA,MCHP,MCK,MDLZ,MELI,MET,MOS,MRNA,MS,MSCI,MSTR,MTD,NRG,ON,PANW,PAYC,PAYX,PGR,PH,PYPL,QCOM,QQQ,REGN,ROK,ROP,RSG,SBAC,SMCI,SPY,SWKS,SYK,T,TDG,TEAM,TECH,TGT,TPL,TRI,TSLA,TSN,TT,TXN,TXT,UBER,UDR,UNP,UPS,V,VMC,VRSK,VRSN,VRTX,WAB,WBD,WDAY,WMB,YUM,ZBRA,ZTS",193,150,[],[]
2025-09-05,"AAPL,ABT,ADM,ADP,AEE,AES,AFL,AIZ,ALLE,ALNY,AME,ANET,AON,AOS,APH,APP,ARE,ARES,ATO,AVGO,AVY,AXON,AZO,BA,BEN,BG,BK,BKR,BLDR,BSX,C,CBRE,CCL,CDNS,CEG,CFG,CHRW,CIEN,CMI,CNP,COF,CPB,CRH,CVNA,DASH,DECK,DG,DGX,DHI,DTE,DUK,EIX,EL,EME,ETR,EVRG,EW,EXPE,FE,FFIV,FITB,FIX,FOX,FOXA,GD,GE,GILD,GL,GLW,GOOG,GOOGL,GPC,GPN,HAS,HD,HII,HOOD,HPQ,HUBB,HUM,IDXX,INCY,INSM,IQV,IVZ,J,JBHT,JBL,JNJ,KMB,L,LDOS,LEN,LH,LHX,LIN,LNT,LOW,LRCX,LW,MAS,MCD,META,MGM,MKC,MLM,MMM,MNST,MO,MPC,MPWR,MRK,MSI,MTCH,MU,NCLH,NDAQ,NEM,NOC,NSC,NTRS,NUE,NVDA,NVR,NWSA,O,OMC,ORCL,ORLY,PCAR,PCG,PDD,PEG,PEP,PHM,PLD,PNR,PNW,PODD,POOL,PPL,PSKY,PTC,PWR,REG,RF,RJF,ROST,RTX,SHOP,SNA,SNPS,SO,SOLV,SPG,SPGI,SRE,STE,STX,SYY,TAP,TDY,TEL,TER,TJX,TMO,TMUS,TRGP,TRV,TYL,URI,VICI,VLO,VLTO,VST,VTR,VTRS,VZ,WDC,WELL,WMT,WSM,WST,WTW,WYNN,XEL,XYL,XYZ,ZBH,^VIX","ABBV,ABNB,ACGL,ACN,ADBE,AIG,AKAM,ALGN,AMAT,AMD,AMGN,AMP,AMT,APO,ARM,AVB,BALL,BAX,BIIB,BMY,BRO,CAG,CARR,CCEP,CF,CI,CINF,CL,CMCSA,CMG,COIN,COP,COR,CPAY,CRL,CRM,CTAS,CTRA,CTSH,CTVA,CVS,DD,DE,DIS,DPZ,DRI,DVA,DXCM,EG,EMR,EPAM,EQIX,EQT,ERIE,ES,ETN,EXE,EXPD,F,FDS,FDX,FER,FIS,FISV,FTNT,FTV,GDDY,GIS,GS,HOLX,HRL,HSIC,IBM,IEX,IFF,IP,IR,IRM,ISRG,IT,JCI,JKHY,JPM,KEYS,KKR,KMI,LLY,LYV,MA,MCHP,MCK,MDLZ,MELI,MET,MOS,MRNA,MS,MSCI,MSTR,MTD,NRG,ON,PANW,PAYC,PAYX,PGR,PH,PYPL,QCOM,QQQ,REGN,ROK,ROP,RSG,SBAC,SMCI,SPY,SWKS,SYK,T,TDG,TEAM,TECH,TGT,TPL,TRI,TSLA,TSN,TT,TTD,TXN,TXT,UBER,UDR,UNP,UPS,V,VMC,VRSK,VRTX,WAB,WBD,WDAY,WMB,YUM,ZBRA,ZTS",190,147,[],[]
2025-09-08,"AAPL,ABT,ADM,ADP,AEE,AES,AFL,AIZ,ALB,ALLE,ALNY,AME,ANET,AON,AOS,APH,APP,ARE,ARES,ATO,AVGO,AVY,AXON,AZO,BA,BEN,BG,BK,BKR,BLDR,BSX,C,CBRE,CCL,CDNS,CEG,CFG,CHRW,CIEN,CMI,CNP,COF,CPB,CRH,CVNA,DASH,DECK,DG,DGX,DHI,DTE,DUK,EA,EIX,EL,EME,ETR,EVRG,EW,EXPE,FE,FFIV,FITB,FIX,FOX,FOXA,GD,GE,GILD,GL,GLW,GOOG,GOOGL,GPC,GPN,HAS,HD,HII,HOOD,HPQ,HUBB,HUM,IDXX,INCY,INSM,IQV,IVZ,J,JBHT,JBL,JNJ,KMB,L,LDOS,LEN,LH,LHX,LIN,LNT,LOW,LRCX,LW,MAS,MCD,META,MGM,MKC,MLM,MMM,MNST,MO,MPC,MPWR,MRK,MSI,MTCH,MU,NCLH,NDAQ,NEM,NOC,NSC,NTRS,NUE,NVDA,NVR,NWSA,O,OMC,ORCL,ORLY,PCAR,PCG,PDD,PEG,PEP,PHM,PLD,PNR,PNW,PODD,POOL,PSKY,PTC,PWR,REG,RF,RJF,ROST,SHOP,SNA,SNPS,SO,SOLV,SPG,SPGI,STE,STX,SYY,TAP,TDY,TEL,TER,TJX,TKO,TMO,TRGP,TRV,TYL,URI,VICI,VLO,VLTO,VST,VTR,VTRS,VZ,WDC,WELL,WMT,WSM,WST,WTW,WYNN,XEL,XYL,XYZ,ZBH,^VIX","ABBV,ABNB,ACGL,ACN,ADBE,AIG,AKAM,ALGN,AMAT,AMD,AMGN,AMP,AMT,APO,ARM,AVB,BALL,BAX,BIIB,BMY,BRO,CAG,CARR,CF,CI,CINF,CL,CMCSA,CMG,COIN,COP,COR,CPAY,CRL,CRM,CTAS,CTRA,CTSH,CTVA,CVS,DD,DE,DIS,DPZ,DRI,DVA,DXCM,EG,EMR,EPAM,EQIX,EQT,ERIE,ES,ETN,EXE,EXPD,F,FDS,FDX,FER,FIS,FISV,FTNT,FTV,GDDY,GIS,GS,HOLX,HRL,HSIC,IEX,IFF,INTU,IP,IR,IRM,ISRG,IT,JCI,JKHY,JPM,KEYS,KKR,KMI,LLY,LYV,MA,MCHP,MCK,MDLZ,MELI,MET,MOS,MRNA,MS,MSCI,MSTR,MTD,NRG,ON,PANW,PAYC,PAYX,PGR,PH,PYPL,QCOM,QQQ,REGN,ROK,ROP,RSG,SBAC,SMCI,SPY,SWKS,SYK,T,TDG,TEAM,TECH,TGT,TPL,TRI,TSLA,TSN,TT,TTD,TXN,TXT,UBER,UDR,UNP,UPS,V,VMC,VRSK,VRTX,WAB,WBD,WDAY,WMB,YUM,ZBRA,ZTS",189,146,[],[]
2025-09-09,"AAPL,ABT,ADM,ADP,AEE,AES,AFL,AIZ,ALLE,ALNY,AME,ANET,AON,AOS,APH,APP,APTV,ARE,ARES,ATO,AVGO,AVY,AXON,AZO,BA,BEN,BG,BK,BKR,BLDR,BLK,BSX,C,CBRE,CCL,CDNS,CEG,CFG,CHRW,CIEN,CMI,CNP,COF,CPB,CRH,CVNA,DAL,DASH,DECK,DG,DGX,DHI,DTE,DUK,EA,EIX,EL,EME,ETR,EVRG,EW,EXPE,FE,FFIV,FITB,FIX,GD,GE,GILD,GL,GLW,GOOG,GOOGL,GPC,GPN,HAS,HCA,HD,HII,HOOD,HPQ,HUBB,IDXX,INCY,INSM,IQV,IVZ,J,JBHT,JBL,JNJ,KMB,L,LDOS,LEN,LH,LHX,LIN,LNT,LOW,LRCX,LW,MAS,MCD,META,MGM,MKC,MLM,MMM,MNST,MO,MPC,MPWR,MRK,MSI,MTCH,MU,NCLH,NDAQ,NEM,NFLX,NOC,NSC,NTAP,NTRS,NUE,NVDA,NVR,NWSA,NXPI,O,OMC,ORCL,ORLY,PCAR,PCG,PDD,PEG,PEP,PHM,PLD,PNR,PNW,PODD,POOL,PSKY,PWR,REG,RF,RJF,ROST,SHOP,SNA,SNPS,SO,SOLV,SPG,SPGI,STE,STX,SYF,SYY,TAP,TDY,TEL,TER,TJX,TKO,TMO,TRGP,TRV,TYL,UAL,URI,VICI,VLO,VLTO,VST,VTR,VTRS,VZ,WDC,WELL,WMT,WSM,WST,WTW,WYNN,XEL,XYL,XYZ,ZBH,^VIX","ABBV,ABNB,ACGL,ACN,ADBE,AIG,AKAM,ALGN,AMAT,AMD,AMGN,AMP,AMT,APO,ARM,AVB,BALL,BAX,BIIB,BMY,BRO,CAG,CAH,CARR,CF,CI,CINF,CL,CMCSA,CME,CMG,COIN,COP,COR,CPAY,CRL,CRM,CSGP,CTAS,CTRA,CTSH,CTVA,CVS,DD,DE,DIS,DPZ,DRI,DVA,DXCM,EG,EMR,EPAM,EQIX,EQT,ERIE,ES,ETN,EXE,EXPD,F,FDS,FDX,FER,FIS,FISV,FTNT,FTV,GDDY,GIS,GS,HOLX,HRL,HSIC,ICE,IEX,IFF,INTU,IP,IR,ISRG,IT,JCI,JKHY,JPM,KEYS,KKR,KMI,LLY,LYV,MA,MCHP,MCK,MDLZ,MELI,MET,MOS,MRNA,MS,MSCI,MSTR,MTD,NRG,ON,PANW,PAYC,PAYX,PGR,PH,PYPL,QCOM,QQQ,REGN,ROK,ROP,RSG,SBAC,SMCI,SPY,SWKS,SYK,T,TDG,TECH,TGT,TPL,TRI,TSLA,TSN,TT,TTD,TXN,TXT,UBER,UDR,UNP,UPS,V,VMC,VRSK,VRTX,WAB,WBD,WDAY,WMB,YUM,ZBRA,ZTS",193,148,[],[]
2025-09-10,"A,ADI,ADM,ADP,AEE,AES,AFL,AIZ,ALLE,ALNY,AME,ANET,AOS,APH,APP,APTV,ARE,ARES,ATO,AVGO,AVY,AXON,AZO,BA,BBY,BEN,BG,BK,BKR,BLDR,BLK,BSX,C,CB,CBRE,CCL,CEG,CFG,CHRW,CIEN,CMI,CNP,COF,CPB,CRH,CVNA,DAL,DASH,DECK,DG,DGX,DHI,DTE,DUK,EA,EIX,EL,EME,ETR,EVRG,EW,EXPE,FE,FFIV,FITB,FIX,GD,GE,GILD,GL,GLW,GOOG,GOOGL,GPC,GPN,HAS,HCA,HD,HII,HLT,HOOD,HPQ,HUBB,IDXX,INCY,INSM,IQV,ITW,IVZ,J,JBHT,JBL,JNJ,KMB,L,LDOS,LEN,LH,LHX,LIN,LMT,LNT,LOW,LRCX,LW,MAR,MAS,META,MGM,MKC,MLM,MMM,MNST,MO,MPC,MPWR,MRK,MRSH,MSI,MTB,MTCH,MU,NCLH,NDAQ,NDSN,NEM,NFLX,NOC,NSC,NTAP,NTRS,NUE,NVDA,NVR,NWSA,NXPI,O,ORCL,ORLY,OTIS,PCAR,PCG,PDD,PEG,PEP,PHM,PLD,PNR,PNW,PODD,POOL,PPG,PSKY,PWR,REG,RF,RJF,ROST,SHOP,SHW,SNA,SO,SOLV,SPG,SPGI,STE,STLD,STX,SWK,SYF,SYY,TAP,TDY,TEL,TER,TFC,TJX,TKO,TMO,TRGP,TROW,TRV,TYL,UAL,URI,USB,VICI,VLO,VLTO,VST,VTR,VTRS,VZ,WAT,WDC,WELL,WMT,WRB,WSM,WST,WTW,WYNN,XEL,XYL,XYZ,ZBH,^VIX","ABBV,ABNB,ACGL,ACN,ADBE,AIG,AKAM,ALGN,AMAT,AMD,AMGN,AMP,AMT,APO,AVB,BALL,BAX,BIIB,BMY,BRO,CAG,CAH,CARR,CF,CI,CINF,CL,CMCSA,CME,CMG,COIN,COP,COR,CPAY,CRL,CRM,CSGP,CTAS,CTRA,CTSH,CTVA,CVS,DD,DE,DIS,DPZ,DRI,DVA,DXCM,EG,EMR,EPAM,EQIX,EQT,ERIE,ES,EXE,EXPD,F,FDS,FDX,FER,FIS,FISV,FTNT,FTV,GDDY,GIS,GS,HOLX,HRL,HSIC,ICE,IEX,IFF,INTU,IP,IR,ISRG,IT,JCI,JKHY,JPM,KEYS,KKR,KMI,KR,LLY,LYV,MA,MCHP,MCK,MDLZ,MELI,MET,MOS,MRNA,MS,MSCI,MSTR,MTD,ON,PANW,PAYC,PAYX,PGR,PH,PYPL,QCOM,QQQ,REGN,ROK,ROP,RSG,SBAC,SMCI,SPY,SWKS,SYK,T,TDG,TECH,TGT,TPL,TRI,TSLA,TSN,TT,TTD,TXN,TXT,UBER,UDR,UNP,UPS,V,VMC,VRSK,VRTX,WAB,WBD,WDAY,WMB,YUM,ZBRA,ZTS",207,146,[],[]
2025-09-11,"A,ADI,ADM,ADP,AEE,AES,AFL,AIZ,ALLE,ALNY,AME,ANET,AOS,APH,APP,APTV,ARE,ARES,ATO,AVGO,AVY,AXON,AZO,BBY,BEN,BG,BK,BKR,BLDR,BLK,BSX,C,CB,CBRE,CCL,CEG,CFG,CHRW,CIEN,CMI,CNP,COF,CPB,CRH,CVNA,DAL,DASH,DECK,DG,DGX,DHI,DOW,DTE,DUK,EA,EIX,EL,EME,ETR,EVRG,EW,EXPE,FE,FFIV,FITB,FIX,GD,GE,GILD,GL,GLW,GM,GOOG,GOOGL,GPC,GPN,HAS,HCA,HD,HII,HLT,HOOD,HPQ,HUBB,IDXX,INCY,INSM,INTC,IQV,ITW,IVZ,J,JBHT,JBL,JNJ,KMB,L,LDOS,LEN,LH,LHX,LIN,LMT,LNT,LOW,LRCX,LW,MAR,MAS,META,MGM,MKC,MLM,MMM,MNST,MO,MPC,MPWR,MRK,MRSH,MSI,MTB,MTCH,MU,NCLH,NDAQ,NDSN,NEM,NOC,NSC,NTAP,NTRS,NUE,NVDA,NVR,NWSA,NXPI,O,ORCL,ORLY,OTIS,PCAR,PCG,PDD,PEG,PEP,PHM,PLD,PNR,PNW,PODD,POOL,PPG,PSKY,PWR,REG,RF,RJF,ROST,SHOP,SHW,SNA,SO,SOLV,SPG,SPGI,STE,STLD,STX,SWK,SYF,SYY,TAP,TDY,TEL,TER,TFC,TJX,TKO,TMO,TRGP,TROW,TRV,TYL,UAL,URI,USB,VICI,VLO,VLTO,VST,VTR,VZ,WAT,WDC,WELL,WMT,WRB,WSM,WST,WTW,WYNN,XEL,XYL,XYZ,ZBH,^VIX","ABNB,ACGL,ACN,ADBE,AIG,AKAM,ALGN,AMCR,AMD,AMGN,AMP,AMT,APO,AVB,BALL,BAX,BMY,BRO,CAG,CAH,CARR,CF,CI,CL,CMCSA,CME,CMG,COIN,COP,COR,CPAY,CRL,CRM,CSGP,CTAS,CTRA,CTSH,CTVA,CVS,DD,DE,DIS,DPZ,DRI,DVA,DXCM,EG,EPAM,EQIX,EQT,ERIE,ES,EXE,EXPD,F,FDS,FDX,FER,FIS,FISV,FTNT,GDDY,GIS,GS,HOLX,HRL,HSIC,ICE,IEX,IFF,INTU,IP,IR,ISRG,IT,JCI,JKHY,JPM,KEYS,KKR,KMI,KR,LLY,LYV,MA,MCHP,MDLZ,MELI,MET,MOS,MRNA,MS,MSCI,MSTR,MTD,ON,PANW,PAYC,PAYX,PGR,PH,PYPL,QCOM,QQQ,REGN,ROK,ROP,RSG,SBAC,SMCI,SPY,SWKS,SYK,T,TDG,TECH,TGT,TPL,TPR,TRI,TSN,TT,TTD,TXN,TXT,UBER,UDR,UNP,UPS,V,VRSK,VRTX,WAB,WDAY,WMB,YUM,ZBRA,ZTS",207,138,[],[]
2025-09-12,"A,ADI,ADM,ADP,AEE,AES,AFL,AIZ,ALLE,ALNY,AME,ANET,AOS,APH,APP,APTV,ARE,ARES,ATO,AVGO,AVY,AXON,AZO,BBY,BEN,BG,BK,BKR,BLDR,BLK,BSX,C,CB,CBRE,CCL,CEG,CFG,CHRW,CIEN,CMI,CNC,CNP,COF,CPB,CRH,CVNA,DAL,DASH,DECK,DG,DGX,DHI,DOW,DTE,DUK,EA,EIX,EL,ELV,EME,ETR,EVRG,EW,EXPE,FE,FFIV,FITB,FIX,FSLR,GD,GE,GILD,GL,GLW,GM,GOOG,GOOGL,GPC,GPN,HAS,HCA,HD,HII,HLT,HOOD,HPQ,HUBB,IDXX,INSM,INTC,IQV,ITW,IVZ,J,JBHT,JBL,JNJ,KMB,L,LDOS,LEN,LH,LHX,LIN,LMT,LNT,LOW,LRCX,LW,MAR,MAS,META,MGM,MKC,MLM,MMM,MNST,MO,MPC,MPWR,MRK,MRSH,MSI,MTB,MTCH,MU,NCLH,NDAQ,NDSN,NEM,NOC,NSC,NTAP,NTRS,NUE,NVDA,NVR,NWSA,NXPI,O,ORCL,ORLY,OTIS,PCAR,PCG,PDD,PEG,PEP,PHM,PLD,PNR,PNW,PODD,POOL,PPG,PSKY,PWR,REG,RF,RJF,ROST,SHOP,SHW,SNA,SO,SOLV,SPG,SPGI,STE,STLD,STX,SWK,SYF,SYY,TAP,TDY,TEL,TER,TFC,TJX,TKO,TMO,TRGP,TROW,TRV,TYL,UAL,UNH,URI,USB,VICI,VLO,VLTO,VST,VTR,VZ,WAT,WDC,WELL,WMT,WRB,WSM,WST,WTW,WYNN,XEL,XYL,XYZ,ZBH,^VIX","ABNB,ACGL,ACN,ADBE,AIG,AKAM,ALGN,AMCR,AMD,AMGN,AMP,AMT,APO,AVB,BALL,BAX,BMY,BRO,CAG,CAH,CARR,CF,CI,CL,CMCSA,CME,CMG,COIN,COP,COR,CPAY,CRL,CRM,CSCO,CSGP,CTAS,CTRA,CTSH,CTVA,CVS,DD,DE,DIS,DPZ,DRI,DVA,DXCM,ED,EG,EPAM,EQIX,EQT,ERIE,ES,EXE,EXPD,F,FDS,FDX,FER,FIS,FISV,FTNT,GDDY,GIS,GS,HOLX,HRL,HSIC,ICE,IEX,IFF,INTU,IP,IR,ISRG,IT,JCI,JKHY,JPM,KEYS,KKR,KMI,KR,LLY,LYV,MA,MCHP,MDLZ,MELI,MET,MOS,MRNA,MS,MSCI,MSTR,MTD,ON,PANW,PAYC,PAYX,PGR,PH,PYPL,QCOM,QQQ,REGN,ROK,ROP,RSG,SBAC,SMCI,SPY,SWKS,SYK,T,TDG,TECH,TGT,TPL,TPR,TRI,TSN,TT,TTD,TXN,TXT,UBER,UDR,UNP,UPS,V,VRSK,VRTX,WAB,WDAY,WMB,YUM,ZBRA,ZTS",210,140,[],[]
2025-09-15,"A,ADI,ADM,ADP,AEE,AES,AFL,AIZ,ALLE,ALNY,AME,ANET,AOS,APH,APP,APTV,ARE,ARES,ATO,AVGO,AVY,AXON,AZO,BBY,BEN,BG,BK,BKR,BLDR,BLK,C,CB,CBRE,CCL,CEG,CFG,CHRW,CIEN,CMI,CNC,CNP,COF,CPB,CRH,CVNA,DAL,DASH,DECK,DG,DGX,DHI,DOW,DTE,DUK,EA,EIX,EL,ELV,EME,ETR,EVRG,EXPE,FE,FFIV,FITB,FIX,FSLR,GD,GE,GILD,GL,GLW,GM,GOOG,GOOGL,GPC,GPN,HCA,HD,HII,HLT,HOOD,HPQ,HUBB,IDXX,INSM,INTC,IQV,ITW,IVZ,J,JBHT,JBL,JNJ,L,LDOS,LEN,LH,LHX,LIN,LMT,LNT,LOW,LRCX,LW,MAR,MAS,META,MGM,MLM,MMM,MNST,MO,MPC,MPWR,MRSH,MSI,MTB,MTCH,MU,NCLH,NDAQ,NDSN,NEM,NOC,NSC,NTAP,NTRS,NUE,NVDA,NVR,NWSA,NXPI,O,ORCL,ORLY,OTIS,PCAR,PCG,PDD,PEG,PEP,PHM,PLD,PNR,PNW,PODD,POOL,PPG,PSKY,PWR,REG,RF,RJF,ROST,SHOP,SHW,SNA,SO,SOLV,SPG,SPGI,STE,STLD,STX,SWK,SYF,SYY,TAP,TDY,TEL,TER,TFC,TJX,TKO,TMO,TRGP,TROW,TRV,TYL,UAL,UNH,URI,USB,VICI,VLO,VLTO,VST,VTR,VZ,WAT,WDC,WELL,WMT,WRB,WSM,WST,WTW,WYNN,XEL,XYL,XYZ,^VIX","ABNB,ACGL,ACN,ADBE,AIG,AKAM,ALGN,AMCR,AMD,AMGN,AMP,AMT,APO,AVB,BALL,BAX,BMY,BRO,CAG,CAH,CARR,CF,CI,CL,CMCSA,CME,CMG,COIN,COP,COR,CPAY,CRL,CRM,CSCO,CSGP,CTAS,CTRA,CTSH,CTVA,CVS,DD,DE,DIS,DPZ,DRI,DVA,DXCM,ED,EG,EPAM,EQIX,EQT,ERIE,ES,EXE,EXPD,F,FDS,FDX,FER,FIS,FISV,FTNT,GDDY,GIS,GS,HOLX,HRL,HSIC,ICE,IEX,IFF,INTU,IP,IR,ISRG,IT,JCI,JKHY,JPM,KEYS,KKR,KMI,KR,LLY,LYV,MA,MCHP,MDLZ,MELI,MET,MOS,MRNA,MS,MSCI,MSTR,MTD,ON,PANW,PAYC,PAYX,PGR,PH,PYPL,QCOM,REGN,ROK,ROP,RSG,SBAC,SMCI,SPY,SWKS,SYK,T,TDG,TECH,TGT,TPL,TPR,TRI,TSN,TT,TTD,TXN,TXT,UDR,UNP,UPS,V,VRSK,VRTX,WAB,WDAY,WMB,YUM,ZBRA,ZTS",203,138,[],[]
2025-09-16,"A,ADI,ADM,ADP,AES,AFL,AIZ,ALLE,ALNY,AME,ANET,AOS,APH,APP,APTV,ARE,ARES,ATO,AVGO,AVY,AXON,AZO,BBY,BEN,BG,BK,BKR,BLDR,BLK,C,CBRE,CCL,CEG,CFG,CHRW,CIEN,CMI,CNC,CNP,COF,CPB,CRH,CVNA,DAL,DASH,DECK,DG,DGX,DHI,DOW,DTE,EA,EIX,EL,ELV,EME,ETR,EVRG,EXPE,FE,FFIV,FITB,FIX,FSLR,GD,GE,GILD,GL,GLW,GM,GOOG,GOOGL,GPC,GPN,HCA,HD,HII,HLT,HOOD,HPQ,HUBB,IDXX,INSM,INTC,IQV,ITW,IVZ,J,JBHT,JBL,JNJ,L,LDOS,LEN,LH,LHX,LIN,LMT,LNT,LOW,LRCX,LW,MAR,MAS,META,MGM,MLM,MMM,MNST,MO,MOH,MPC,MPWR,MRSH,MSI,MTB,MTCH,MU,NCLH,NDAQ,NDSN,NEM,NOC,NSC,NTAP,NTRS,NUE,NVDA,NVR,NWSA,NXPI,O,ORCL,ORLY,OTIS,PCAR,PCG,PDD,PEG,PEP,PHM,PLD,PNR,PODD,POOL,PPG,PSKY,PWR,REG,RF,RJF,ROST,SHOP,SHW,SNA,SO,SOLV,SPG,SPGI,STE,STLD,STX,SWK,SYF,SYY,TAP,TDY,TEL,TER,TFC,TJX,TKO,TMO,TRGP,TROW,TRV,TYL,UAL,UHS,UNH,URI,USB,VLO,VLTO,VST,VTR,VZ,WAT,WDC,WELL,WMT,WRB,WSM,WST,WTW,WYNN,XEL,XYL,XYZ,^VIX","ABNB,ACGL,ACN,ADBE,AIG,AKAM,ALGN,AMCR,AMD,AMGN,AMP,AMT,APO,AVB,BALL,BAX,BMY,BRO,CAG,CAH,CARR,CF,CI,CL,CMCSA,CME,CMG,COIN,COP,COR,CPAY,CRL,CRM,CSCO,CSGP,CTAS,CTRA,CTSH,CTVA,CVS,DD,DE,DIS,DPZ,DRI,DVA,DXCM,ED,EG,EPAM,EQIX,EQT,ERIE,ES,EXE,EXPD,F,FDS,FDX,FER,FIS,FISV,FTNT,GDDY,GIS,GS,HOLX,HRL,HSIC,ICE,IEX,IFF,INTU,IP,IR,ISRG,IT,JCI,JKHY,JPM,KEYS,KKR,KMI,KR,LLY,LYV,MA,MCHP,MDLZ,MDT,MELI,MET,MOS,MRNA,MS,MSCI,MSTR,MTD,ON,PANW,PAYC,PAYX,PGR,PH,PLTR,PYPL,QCOM,REGN,ROK,ROP,RSG,SBAC,SMCI,SPY,SWKS,SYK,T,TDG,TECH,TGT,TPL,TPR,TRI,TSN,TT,TTD,TXN,TXT,UDR,UNP,UPS,V,VRSK,VRTX,WAB,WDAY,WMB,YUM,ZBRA,ZTS",200,140,[],[]
2025-09-17,"A,ADI,ADM,ADP,AES,AFL,AIZ,ALLE,ALNY,AME,ANET,AOS,APH,APP,APTV,ARE,ARES,ATO,AVGO,AVY,AXON,AZO,BBY,BEN,BG,BK,BKR,BLK,C,CBRE,CCL,CEG,CFG,CHRW,CIEN,CMI,CNC,CNP,COF,CPB,CRH,CVNA,DAL,DASH,DECK,DG,DGX,DHI,DOW,DTE,EA,EIX,EL,ELV,EME,ETR,EVRG,EXPE,FE,FFIV,FITB,FIX,FSLR,GD,GE,GILD,GL,GLW,GM,GOOG,GOOGL,GPC,GPN,HCA,HD,HIG,HII,HLT,HOOD,HPQ,HUBB,IDXX,INSM,INTC,IQV,ITW,IVZ,J,JBHT,JBL,JNJ,L,LDOS,LEN,LH,LHX,LIN,LMT,LNT,LOW,LRCX,LW,MAR,MAS,META,MGM,MLM,MMM,MNST,MO,MOH,MPC,MPWR,MRSH,MSI,MTB,MTCH,MU,NCLH,NDAQ,NDSN,NEM,NOC,NSC,NTAP,NTRS,NUE,NVDA,NVR,NWSA,NXPI,O,ORCL,ORLY,OTIS,PCAR,PCG,PDD,PEG,PEP,PG,PHM,PLD,PM,PNR,PODD,POOL,PPG,PSKY,PWR,REG,RF,RJF,ROST,SHOP,SHW,SNA,SO,SOLV,SPG,SPGI,STE,STLD,STX,SWK,SYF,SYY,TDY,TEL,TER,TFC,TJX,TKO,TMO,TRGP,TROW,TRV,TYL,UAL,UHS,UNH,URI,USB,VLO,VLTO,VST,VTR,VZ,WAT,WDC,WELL,WMT,WRB,WSM,WST,WTW,WYNN,XEL,XYL,XYZ,^VIX","ABNB,ACGL,ACN,ADBE,AIG,AKAM,ALGN,AMCR,AMD,AMGN,AMP,AMT,APO,AVB,BALL,BAX,BMY,BRO,CAG,CAH,CARR,CF,CI,CL,CMCSA,CME,CMG,COIN,COP,COR,CPAY,CRL,CRM,CSCO,CSGP,CTAS,CTRA,CTSH,CTVA,CVS,DD,DE,DELL,DIS,DPZ,DRI,DVA,DXCM,ED,EG,EPAM,EQIX,EQT,ERIE,ES,EXPD,F,FDS,FDX,FER,FIS,FISV,FTNT,GDDY,GIS,GS,HRL,HSIC,ICE,IEX,IFF,INTU,IP,IR,ISRG,IT,JCI,JKHY,JPM,KEYS,KKR,KMI,KR,LLY,LYV,MA,MCHP,MDLZ,MDT,MELI,MET,MOS,MRNA,MS,MSCI,MSTR,MTD,ON,PANW,PAYC,PAYX,PGR,PH,PLTR,PYPL,QCOM,REGN,ROK,ROP,RSG,SBAC,SMCI,SPY,SWKS,SYK,T,TDG,TECH,TGT,TPL,TPR,TRI,TSN,TT,TTD,TXN,TXT,UDR,UNP,UPS,V,VRSK,VRTX,WAB,WMB,YUM,ZBRA,ZTS",201,138,[],[]
2025-09-18,"A,ADI,ADM,ADP,AES,AFL,AIZ,ALLE,ALNY,AME,ANET,AOS,APH,APP,APTV,ARE,ARES,ATO,AVGO,AVY,AXON,AZO,BBY,BEN,BG,BK,BKR,BLK,C,CBRE,CCL,CEG,CFG,CHRW,CIEN,CMI,CNC,CNP,COF,CPB,CRH,CVNA,DAL,DASH,DECK,DG,DGX,DHI,DOW,DTE,EA,EIX,EL,ELV,EME,ETR,EVRG,EXPE,FE,FFIV,FITB,FIX,FSLR,GD,GE,GILD,GL,GLW,GM,GOOG,GOOGL,GPC,GPN,HCA,HD,HIG,HII,HLT,HOOD,HPQ,HUBB,IDXX,INSM,INTC,IQV,ITW,IVZ,J,JBHT,JBL,L,LDOS,LEN,LH,LHX,LIN,LMT,LNT,LOW,LRCX,LW,MAR,MAS,META,MGM,MLM,MMM,MNST,MOH,MPC,MPWR,MRSH,MSI,MTB,MTCH,MU,NCLH,NDSN,NEM,NOC,NSC,NTAP,NTRS,NVDA,NVR,NWSA,NXPI,ORCL,ORLY,OTIS,PCAR,PCG,PDD,PEG,PEP,PG,PHM,PKG,PLD,PM,PNR,PODD,POOL,PPG,PSKY,PWR,REG,RF,RJF,ROST,SHOP,SHW,SNA,SO,SOLV,SPG,STE,STLD,STX,SWK,SYF,SYY,TDY,TEL,TER,TFC,TJX,TKO,TMO,TRGP,TROW,TRV,TYL,UAL,UHS,UNH,URI,USB,VLO,VLTO,VST,VTR,VZ,WAT,WDC,WELL,WMT,WRB,WSM,WST,WTW,WYNN,XEL,XYL,XYZ,^VIX","ABNB,ACGL,ACN,ADBE,AIG,AKAM,ALGN,AMCR,AMD,AMGN,AMP,AMT,APO,AVB,BALL,BAX,BMY,BRO,CAG,CAH,CARR,CF,CI,CL,CMCSA,CME,CMG,COP,COR,CPAY,CRL,CRM,CSCO,CSGP,CTAS,CTRA,CTSH,CTVA,CVS,DD,DE,DELL,DHR,DIS,DPZ,DRI,DVA,DXCM,ED,EG,EPAM,EQIX,EQT,ERIE,ES,EXPD,F,FDS,FDX,FER,FIS,FISV,FTNT,GDDY,GIS,GS,HRL,HSIC,ICE,IEX,IFF,IP,IR,ISRG,IT,JCI,JKHY,JPM,KKR,KMI,KR,LII,LLY,LYV,MA,MCHP,MDLZ,MDT,MELI,MET,MOS,MRNA,MS,MSCI,MTD,ON,PANW,PAYC,PAYX,PGR,PH,PYPL,ROK,ROP,RSG,SBAC,SMCI,SPY,SWKS,SYK,T,TDG,TECH,TGT,TPL,TPR,TRI,TSN,TT,TTD,TXN,TXT,UDR,UNP,UPS,V,VRSK,VRTX,WAB,YUM,ZBRA,ZTS",196,132,[],[]
2025-09-19,"A,ADI,ADM,ADP,AES,AFL,AIZ,ALLE,ALNY,AME,ANET,AOS,APD,APH,APP,APTV,ARE,ARES,ATO,AVGO,AVY,AXON,AXP,AZO,BAC,BBY,BEN,BG,BK,BKR,BLK,BXP,C,CAT,CBRE,CCL,CEG,CFG,CHRW,CHTR,CIEN,CMI,CNC,CNP,COF,CPB,CPRT,CRH,CVNA,DAL,DASH,DG,DGX,DHI,DOC,DOV,DOW,DTE,DVN,EA,EIX,EL,ELV,EME,ETR,EVRG,EXPE,FCX,FE,FFIV,FITB,FIX,FRT,FSLR,GD,GE,GILD,GL,GLW,GM,GOOG,GOOGL,GPC,GPN,GWW,HAL,HBAN,HCA,HD,HIG,HII,HLT,HOOD,HPE,HPQ,HST,HUBB,IDXX,INSM,INTC,INVH,IQV,ITW,IVZ,J,JBHT,JBL,KEY,L,LDOS,LH,LHX,LIN,LMT,LNT,LOW,LRCX,LUV,LW,MAR,MAS,META,MGM,MLM,MMM,MNST,MOH,MPC,MPWR,MRSH,MSI,MTB,MTCH,MU,NCLH,NDSN,NEM,NOC,NSC,NTAP,NTRS,NVDA,NVR,NWSA,NXPI,ODFL,ORCL,ORLY,OTIS,PCAR,PCG,PDD,PEG,PEP,PFG,PG,PHM,PKG,PLD,PM,PNC,PNR,PODD,POOL,PPG,PSKY,PSX,PWR,REG,RF,RJF,ROST,SHOP,SHW,SLB,SNA,SO,SOLV,SPG,STE,STLD,STT,STX,SW,SWK,SYF,SYY,TDY,TEL,TER,TFC,TJX,TKO,TMO,TRGP,TROW,TRV,TYL,UAL,UHS,UNH,URI,USB,VLO,VLTO,VST,VTR,VZ,WAT,WDC,WELL,WMT,WRB,WSM,WST,WTW,WYNN,XEL,XYL,XYZ,^VIX","ABNB,ACGL,ACN,ADBE,AIG,AKAM,ALGN,AMCR,AMD,AMP,AMT,APO,AVB,BALL,BAX,BMY,BRO,CAG,CAH,CARR,CF,CI,CL,CMCSA,CME,CMG,COP,COR,CPAY,CRL,CRM,CSCO,CSGP,CTAS,CTRA,CTSH,CTVA,CVS,DD,DE,DELL,DHR,DIS,DPZ,DRI,DVA,DXCM,ED,EG,EPAM,EQIX,EQT,ERIE,EXPD,F,FDS,FDX,FER,FIS,FISV,GDDY,GIS,GS,HRL,HSIC,ICE,IEX,IFF,IP,IR,ISRG,IT,JCI,JKHY,JPM,KKR,KMI,KR,LII,LLY,LYV,MA,MCHP,MDLZ,MDT,MELI,MET,MOS,MRNA,MS,MSCI,MTD,ON,PAYC,PAYX,PGR,PH,PYPL,ROK,ROP,RSG,SBAC,SMCI,SPY,SYK,T,TDG,TECH,TGT,TPL,TPR,TRI,TSN,TT,TTD,TXN,TXT,UDR,UNP,UPS,V,VRSK,VRTX,WAB,YUM,ZBRA,ZTS",221,127,[],[]
2025-09-22,"A,ADI,ADM,ADP,AES,AFL,AIZ,ALLE,ALNY,AME,ANET,AOS,APD,APH,APP,APTV,ARE,ARES,ATO,AVGO,AVY,AXON,AXP,AZO,BAC,BBY,BEN,BG,BK,BKR,BLK,BXP,C,CAT,CBRE,CCL,CEG,CFG,CHRW,CHTR,CIEN,CMI,CNC,CNP,COF,CPB,CPRT,CRH,CVNA,DAL,DASH,DG,DGX,DHI,DOC,DOV,DOW,DTE,DVN,EA,EIX,EL,ELV,EME,ETR,EVRG,EXPE,FCX,FE,FFIV,FITB,FIX,FRT,FSLR,GD,GE,GILD,GL,GLW,GM,GOOG,GOOGL,GPC,GPN,GWW,HAL,HBAN,HCA,HD,HIG,HII,HLT,HOOD,HPE,HPQ,HST,HUBB,IDXX,INSM,INTC,INVH,IQV,ITW,IVZ,J,JBHT,JBL,KEY,L,LDOS,LH,LHX,LIN,LMT,LNT,LRCX,LUV,LW,MAR,MAS,META,MGM,MLM,MMM,MNST,MOH,MPC,MPWR,MRSH,MSI,MTB,MU,NCLH,NDSN,NEM,NOC,NSC,NTAP,NTRS,NVDA,NVR,NWSA,NXPI,ODFL,ORCL,ORLY,OTIS,PCG,PDD,PEG,PEP,PFG,PHM,PKG,PLD,PM,PNC,PNR,PODD,POOL,PPG,PSKY,PSX,PWR,REG,RF,RJF,ROST,SHOP,SHW,SLB,SNA,SO,SOLV,SPG,STE,STLD,STT,STX,SW,SWK,SYF,SYY,TDY,TEL,TER,TFC,TJX,TKO,TMO,TRGP,TROW,TRV,TYL,UAL,UHS,UNH,URI,USB,VLO,VLTO,VST,VTR,VZ,WAT,WDC,WELL,WMT,WRB,WSM,WST,WTW,WYNN,XEL,XYL,XYZ,^VIX","ABNB,ACGL,ACN,ADBE,AIG,AKAM,ALGN,AMCR,AMD,AMP,AMT,APO,AVB,BALL,BAX,BMY,BRO,CAG,CAH,CARR,CF,CI,CL,CMCSA,CME,CMG,COP,COR,COST,CPAY,CRL,CRM,CSCO,CSGP,CTAS,CTRA,CTSH,CTVA,CVS,D,DD,DE,DELL,DHR,DIS,DPZ,DRI,DVA,DXCM,ED,EG,EPAM,EQIX,EQT,ERIE,EXPD,F,FDS,FDX,FER,FIS,FISV,GDDY,GIS,GS,HRL,HSIC,ICE,IEX,IFF,IP,IR,ISRG,IT,JCI,JKHY,JPM,KDP,KKR,KMI,KO,KR,LII,LLY,LYV,MA,MCHP,MDLZ,MDT,MELI,MET,MOS,MRNA,MS,MSCI,MTD,ON,PAYC,PAYX,PGR,PH,PYPL,ROK,ROP,RSG,SBAC,SBUX,SMCI,SPY,SYK,T,TDG,TECH,TGT,TPL,TPR,TRI,TSN,TT,TTD,TXN,TXT,UDR,UPS,V,VRSK,VRTX,YUM,ZBRA,ZTS",217,130,[],[]
2025-09-23,"A,ADI,ADM,ADP,AES,AFL,AIZ,ALLE,ALNY,AME,ANET,AOS,APH,APP,APTV,ARE,ARES,ATO,AVGO,AVY,AXON,AXP,AZO,BAC,BBY,BEN,BG,BK,BKR,BLK,BXP,C,CAT,CBRE,CCL,CEG,CFG,CHRW,CHTR,CIEN,CMI,CNC,CNP,COF,CPB,CPRT,CRH,CVNA,DAL,DASH,DG,DGX,DHI,DOC,DOV,DOW,DTE,DVN,EA,EIX,EL,ELV,EME,ETR,EVRG,EXPE,FCX,FE,FFIV,FITB,FIX,FRT,FSLR,GD,GE,GILD,GL,GLW,GM,GOOG,GOOGL,GPC,GPN,GWW,HAL,HBAN,HCA,HD,HIG,HII,HLT,HOOD,HPE,HPQ,HST,HUBB,IDXX,INSM,INTC,INVH,IQV,ITW,IVZ,J,JBHT,JBL,KEY,L,LDOS,LH,LHX,LIN,LMT,LNT,LRCX,LUV,LW,MAR,MAS,META,MGM,MLM,MMM,MNST,MOH,MPC,MPWR,MRSH,MSI,MTB,MU,NCLH,NDSN,NEM,NOC,NSC,NTAP,NTRS,NVDA,NVR,NWSA,NXPI,ODFL,ORCL,ORLY,OTIS,PCG,PDD,PEG,PEP,PFG,PHM,PKG,PLD,PM,PNC,PNR,PODD,POOL,PPG,PSKY,PSX,PWR,REG,RF,RJF,ROST,SHOP,SHW,SLB,SNA,SO,SOLV,SPG,STE,STLD,STT,STX,SW,SWK,SYF,SYY,TDY,TEL,TER,TFC,TJX,TKO,TMO,TRGP,TROW,TRV,TYL,UAL,UHS,UNH,URI,USB,VLO,VLTO,VST,VTR,VZ,WAT,WDC,WELL,WFC,WMT,WRB,WSM,WST,WTW,WYNN,XEL,XYL,XYZ,^VIX","ABNB,ACGL,ACN,ADBE,AIG,AKAM,ALGN,AMCR,AMD,AMP,AMT,APO,AVB,BALL,BAX,BF.B,BMY,BRO,CAG,CARR,CF,CI,CL,CMCSA,CME,CMG,COP,COST,CPAY,CRL,CRM,CSCO,CSGP,CTAS,CTRA,CTSH,CTVA,CVS,DD,DE,DELL,DHR,DIS,DPZ,DRI,DVA,DXCM,EBAY,EG,EPAM,EQIX,EQT,ERIE,EXPD,F,FDS,FDX,FER,FIS,FISV,GDDY,GIS,GS,HRL,HSIC,ICE,IEX,IFF,IP,IR,ISRG,IT,JCI,JKHY,JPM,KDP,KKR,KMI,KO,KR,LII,LLY,LYV,MA,MCHP,MDLZ,MDT,MELI,MET,MOS,MRNA,MS,MSCI,MTD,ON,PAYC,PAYX,PGR,PH,PYPL,ROK,ROP,RSG,SBAC,SBUX,SMCI,SPY,STZ,SYK,T,TDG,TECH,TGT,TPL,TPR,TRI,TSN,TT,TTD,TXN,TXT,UDR,UPS,V,VRSK,VRTX,YUM,ZBRA,ZTS",217,129,[],[]
2025-09-24,"A,ADI,ADM,ADP,AES,AFL,AIZ,ALLE,ALNY,AME,ANET,AOS,APH,APP,APTV,ARE,ATO,AVGO,AVY,AXP,AZO,BAC,BBY,BEN,BG,BK,BKR,BLK,BXP,C,CAT,CCL,CEG,CFG,CHRW,CHTR,CIEN,CMI,CNC,CNP,COF,CPB,CPRT,CRH,CVNA,DAL,DASH,DG,DGX,DHI,DOC,DOV,DOW,DTE,DVN,EIX,EL,ELV,EME,ETR,EVRG,EXPE,FE,FFIV,FITB,FIX,FRT,FSLR,GD,GE,GILD,GL,GLW,GM,GOOG,GOOGL,GPC,GPN,GWW,HAL,HBAN,HCA,HD,HIG,HII,HLT,HOOD,HPE,HPQ,HST,HUBB,IDXX,INSM,INTC,INVH,ITW,IVZ,J,JBHT,JBL,KEY,L,LDOS,LH,LHX,LIN,LMT,LNT,LRCX,LUV,LW,MAR,MAS,META,MGM,MLM,MMM,MNST,MOH,MPC,MPWR,MRSH,MTB,MU,NCLH,NDSN,NEM,NOC,NSC,NTAP,NTRS,NVDA,NVR,NWSA,NXPI,ODFL,ORCL,ORLY,OTIS,PCG,PDD,PEG,PEP,PFG,PHM,PKG,PLD,PM,PNC,PNR,PODD,POOL,PPG,PSKY,PSX,PWR,REG,RF,RJF,ROST,SHOP,SHW,SLB,SNA,SO,SOLV,SPG,STE,STLD,STT,STX,SW,SWK,SYF,SYY,TDY,TEL,TER,TFC,TJX,TKO,TMO,TRGP,TROW,TRV,TYL,UAL,UHS,UNH,URI,USB,VLO,VLTO,VST,VTR,VZ,WAT,WDC,WELL,WFC,WMT,WRB,WSM,WST,WTW,WYNN,XEL,XYL,XYZ,^VIX","ABNB,ACGL,ACN,ADBE,AIG,AKAM,ALGN,AMCR,AMD,AMP,AMT,APO,AVB,BALL,BAX,BF.B,BMY,BRO,CAG,CARR,CI,CL,CMCSA,CME,CMG,COP,COST,CPAY,CRL,CRM,CSCO,CSGP,CTAS,CTRA,CTSH,CTVA,CVS,DD,DE,DELL,DHR,DIS,DPZ,DRI,DVA,DXCM,EBAY,EG,EPAM,EQIX,ERIE,EXPD,F,FDS,FDX,FER,FIS,FISV,GDDY,GIS,GS,HRL,HSIC,ICE,IEX,IFF,IP,IR,ISRG,IT,JCI,JKHY,JPM,KDP,KKR,KMI,KO,KR,LII,LLY,LYV,MA,MCHP,MDLZ,MDT,MELI,MET,MRNA,MS,MSCI,MTD,ON,PAYC,PAYX,PGR,PH,PYPL,ROK,ROP,RSG,SBAC,SBUX,SJM,SMCI,SPY,STZ,SYK,T,TDG,TECH,TGT,TPL,TPR,TRI,TSN,TT,TTD,TXN,TXT,UDR,UPS,V,VRSK,VRTX,YUM,ZBRA,ZTS",210,127,[],[]
2025-09-25,"ADI,ADM,ADP,AES,AFL,AIZ,ALLE,ALNY,AME,ANET,AOS,APH,APP,APTV,ARE,ATO,AVGO,AXP,AZO,BAC,BBY,BEN,BG,BK,BKR,BLK,BXP,C,CAT,CCL,CEG,CFG,CHRW,CHTR,CIEN,CMI,CNC,CNP,COF,CPRT,CRH,CRWD,CVNA,DAL,DASH,DDOG,DG,DGX,DHI,DOC,DOW,DTE,DVN,EIX,EL,ELV,EME,ETR,EVRG,EXPE,FE,FFIV,FICO,FITB,FIX,FRT,FSLR,GD,GE,GILD,GL,GLW,GM,GOOG,GOOGL,GPC,GPN,GRMN,GWW,HAL,HBAN,HCA,HD,HIG,HII,HLT,HOOD,HPE,HST,IDXX,INTC,INVH,ITW,IVZ,J,JBHT,KEY,L,LDOS,LH,LHX,LIN,LMT,LNT,LRCX,LUV,MAR,MAS,META,MGM,MLM,MMM,MNST,MOH,MPC,MPWR,MRSH,MTB,MU,NCLH,NDSN,NEM,NOC,NOW,NSC,NTRS,NVDA,NVR,NWSA,NXPI,ODFL,OKE,ORCL,ORLY,OTIS,OXY,PCG,PDD,PEG,PEP,PFG,PHM,PKG,PLD,PM,PNC,PNR,PODD,POOL,PPG,PSKY,PSX,PWR,REG,RF,RJF,ROST,SHW,SLB,SNA,SO,SPG,STE,STLD,STT,STX,SW,SWK,SYF,SYY,TDY,TEL,TER,TFC,TJX,TKO,TRGP,TROW,TRV,TYL,UHS,UNH,URI,USB,VLO,VLTO,VST,VTR,VZ,WDC,WELL,WFC,WMT,WRB,WSM,WST,WTW,WYNN,XEL,XYL,XYZ,ZS,^VIX","ABNB,ACGL,ACN,ADBE,AIG,AKAM,ALGN,AMCR,AMD,AMP,AMT,APO,AVB,BALL,BAX,BF.B,BMY,BRO,CAG,CARR,CCI,CI,CL,CMCSA,CMG,CMS,COO,COP,COST,CPAY,CRL,CRM,CSCO,CSGP,CTAS,CTRA,CTSH,CTVA,CVS,DD,DE,DELL,DHR,DIS,DPZ,DRI,DVA,DXCM,EBAY,EG,EPAM,EQIX,ERIE,EXPD,F,FDS,FDX,FER,FIS,FISV,GDDY,GIS,GS,HRL,HSIC,ICE,IEX,IFF,IP,IR,ISRG,IT,JCI,JKHY,JPM,KDP,KKR,KMI,KO,KR,LII,LLY,LYV,MA,MCHP,MDLZ,MDT,MELI,MET,MRNA,MS,MSCI,MTD,ON,PAYC,PAYX,PFE,PGR,PH,PYPL,RMD,ROK,ROP,RSG,SBAC,SBUX,SJM,SMCI,SPY,STZ,SYK,T,TDG,TECH,TGT,TPL,TPR,TRI,TSN,TT,TTD,TXN,TXT,UDR,UPS,V,VRSK,VRTX,YUM,ZBRA,ZTS",203,131,[],[]
2025-09-26,"ADI,ADM,ADP,ADSK,AES,AFL,AIZ,ALLE,ALNY,AME,ANET,AOS,APH,APP,APTV,ARE,ATO,AVGO,AXP,AZO,BAC,BBY,BEN,BG,BK,BKR,BLK,BXP,C,CAT,CCL,CEG,CFG,CHRW,CHTR,CIEN,CMI,CNC,CNP,COF,CPRT,CPT,CRH,CRWD,CVNA,DAL,DASH,DDOG,DG,DGX,DHI,DOC,DOW,DTE,DVN,EIX,EL,ELV,EME,ETR,EVRG,EXPE,FE,FFIV,FICO,FITB,FIX,FRT,FSLR,GD,GE,GILD,GL,GLW,GM,GOOG,GOOGL,GPC,GPN,GRMN,GWW,HAL,HBAN,HCA,HD,HIG,HII,HLT,HOOD,HPE,HST,IDXX,INTC,INVH,ITW,IVZ,J,JBHT,KEY,L,LDOS,LH,LHX,LIN,LMT,LNT,LRCX,LUV,MAA,MAR,MAS,META,MGM,MLM,MMM,MNST,MOH,MPC,MPWR,MRSH,MTB,MU,NCLH,NDSN,NEM,NOC,NOW,NSC,NTRS,NVDA,NVR,NWSA,NXPI,ODFL,OKE,ORCL,ORLY,OTIS,OXY,PCG,PDD,PEG,PEP,PFG,PHM,PKG,PLD,PM,PNC,PNR,PODD,POOL,PPG,PSKY,PSX,PWR,REG,RF,RJF,ROST,SHW,SLB,SNA,SNDK,SO,SPG,STE,STLD,STT,STX,SW,SWK,SYF,SYY,TDY,TEL,TER,TFC,TJX,TKO,TRGP,TROW,TRV,TYL,UHS,UNH,URI,USB,VLO,VLTO,VST,VTR,VZ,WDC,WELL,WFC,WMT,WRB,WSM,WST,WTW,WYNN,XEL,XYL,XYZ,ZS,^VIX","ABNB,ACGL,ACN,ADBE,AIG,AKAM,ALGN,AMCR,AMD,AMP,AMT,APO,AVB,BALL,BAX,BF.B,BMY,BRO,CAG,CARR,CCI,CI,CL,CMCSA,CMG,CMS,COO,COST,CPAY,CRL,CRM,CSCO,CSGP,CTAS,CTRA,CTSH,CTVA,CVS,DD,DE,DELL,DHR,DIS,DLTR,DPZ,DRI,DVA,DXCM,EBAY,EG,EPAM,EQIX,ERIE,EXPD,FDS,FDX,FER,FIS,FISV,GDDY,GIS,GS,HRL,HSIC,ICE,IEX,IFF,IP,IR,ISRG,IT,JCI,JKHY,JPM,KDP,KKR,KMI,KO,KR,LII,LLY,LYV,MA,MCHP,MDLZ,MDT,MELI,MET,MRNA,MS,MSCI,MTD,ON,PAYC,PAYX,PFE,PGR,PH,PYPL,RMD,ROK,ROP,RSG,SBAC,SBUX,SJM,SMCI,SPY,STZ,SYK,T,TDG,TECH,TGT,TPL,TPR,TRI,TSN,TT,TTD,TXN,TXT,UDR,UPS,V,VRSK,VRTX,YUM,ZBRA,ZTS",207,130,[],[]
2025-09-29,"ADI,ADM,ADP,ADSK,AES,AFL,AIZ,ALLE,ALNY,AME,ANET,AOS,APH,APP,APTV,ARE,ATO,AVGO,AXP,AZO,BAC,BBY,BEN,BG,BK,BKR,BLK,BXP,C,CAT,CCL,CEG,CFG,CHRW,CHTR,CIEN,CMI,CNC,CNP,COF,CPRT,CPT,CRH,CRWD,CVNA,DAL,DASH,DDOG,DG,DGX,DHI,DOC,DOW,DTE,DVN,EIX,EL,ELV,EME,ETR,EVRG,EXPE,FE,FFIV,FICO,FITB,FIX,FRT,FSLR,GD,GE,GILD,GL,GLW,GM,GOOG,GOOGL,GPC,GPN,GRMN,GWW,HAL,HBAN,HCA,HD,HIG,HII,HLT,HOOD,HPE,HST,HSY,IDXX,INTC,INVH,ITW,IVZ,J,JBHT,KEY,L,LDOS,LH,LHX,LIN,LMT,LNT,LRCX,LUV,MAA,MAR,MAS,META,MGM,MLM,MMM,MNST,MOH,MPC,MPWR,MRSH,MTB,MU,NCLH,NDSN,NEM,NOC,NOW,NSC,NTRS,NVDA,NVR,NWSA,NXPI,ODFL,OKE,ORCL,ORLY,OTIS,OXY,PCG,PDD,PEG,PEP,PFG,PHM,PKG,PLD,PM,PNC,PNR,PODD,POOL,PPG,PSKY,PSX,PWR,REG,RF,RJF,RL,ROST,SHW,SLB,SNA,SNDK,SO,SPG,STE,STLD,STT,STX,SW,SWK,SYF,SYY,TDY,TEL,TER,TFC,TJX,TKO,TRGP,TROW,TRV,TTWO,TYL,UHS,UNH,URI,USB,VLO,VLTO,VST,VTR,VZ,WDC,WELL,WFC,WMT,WRB,WSM,WST,WTW,WYNN,XEL,XYL,XYZ,ZS,^VIX","ABNB,ACGL,ACN,ADBE,AEP,AIG,AKAM,ALGN,AMCR,AMD,AMP,AMT,APO,AVB,BALL,BAX,BDX,BF.B,BKNG,BMY,BR,BRO,CAG,CARR,CCI,CI,CL,CMCSA,CMG,CMS,COO,COST,CPAY,CRL,CRM,CSCO,CSGP,CTAS,CTRA,CTSH,CTVA,CVS,DD,DE,DELL,DHR,DIS,DLTR,DPZ,DRI,DVA,DXCM,EBAY,EFX,EG,EPAM,EQIX,ERIE,ESS,EXPD,FDS,FDX,FER,FIS,FISV,GDDY,GEN,GIS,GS,HRL,HSIC,ICE,IEX,IFF,IP,IR,ISRG,IT,JCI,JKHY,JPM,KDP,KHC,KKR,KMI,KO,KR,LII,LLY,LYV,MA,MCHP,MDLZ,MDT,MELI,MET,MRNA,MS,MSCI,MTD,NKE,NWS,ON,PAYC,PAYX,PFE,PGR,PH,PYPL,RMD,ROK,ROP,RSG,SBAC,SBUX,SJM,SMCI,SPY,STZ,SYK,T,TDG,TECH,TGT,TPL,TPR,TRI,TRMB,TSN,TT,TTD,TXN,TXT,UDR,UPS,V,VRSK,WY,ZBRA,ZTS",210,140,[],[]
2025-09-30,"ADI,ADM,ADP,ADSK,AES,AFL,AIZ,ALLE,ALNY,AME,ANET,AOS,APH,APP,APTV,ARE,ATO,AVGO,AXP,AZO,BAC,BBY,BEN,BG,BK,BKR,BLK,BXP,C,CAT,CCL,CEG,CFG,CHRW,CHTR,CIEN,CMI,CNC,CNP,CPRT,CPT,CRH,CRWD,CVNA,DAL,DASH,DDOG,DG,DGX,DHI,DOC,DOW,DTE,DVN,EIX,EL,ELV,EME,ETR,EVRG,FE,FFIV,FICO,FITB,FIX,FRT,FSLR,GD,GE,GILD,GL,GLW,GM,GOOG,GOOGL,GPC,GRMN,GWW,HAL,HBAN,HCA,HD,HIG,HII,HLT,HOOD,HPE,HST,HSY,IDXX,INTC,INVH,ITW,IVZ,J,JBHT,KEY,L,LDOS,LH,LHX,LIN,LMT,LNT,LRCX,LUV,MAA,MAR,MAS,META,MGM,MLM,MMM,MNST,MOH,MPC,MPWR,MRSH,MTB,MU,NCLH,NDSN,NEM,NOC,NOW,NSC,NTRS,NVDA,NVR,NWSA,NXPI,ODFL,OKE,ORCL,ORLY,OTIS,OXY,PCG,PDD,PEG,PEP,PFG,PHM,PKG,PLD,PM,PNC,PNR,PODD,POOL,PPG,PSKY,PSX,PWR,REG,RF,RJF,RL,ROST,SHW,SLB,SNA,SNDK,SO,SPG,STE,STLD,STT,STX,SW,SWK,SYY,TDY,TEL,TER,TFC,TJX,TKO,TRGP,TROW,TRV,TTWO,TYL,UHS,UNH,URI,USB,VLO,VLTO,VST,VTR,VZ,WDC,WELL,WFC,WMT,WRB,WSM,WST,WTW,WYNN,XEL,XYL,XYZ,ZS,^VIX","ABNB,ACGL,ACN,ADBE,AIG,AKAM,ALGN,AMCR,AMD,AMP,AMT,APO,AVB,AWK,BALL,BAX,BDX,BF.B,BKNG,BMY,BR,BRO,CAG,CARR,CCI,CI,CL,CMCSA,CMG,CMS,COO,COST,CPAY,CRM,CSCO,CSGP,CTAS,CTRA,CTSH,CTVA,CVS,DD,DE,DIS,DLTR,DPZ,DRI,DVA,DXCM,EBAY,EFX,EG,EOG,EPAM,EQIX,ERIE,ESS,EXPD,FANG,FDS,FDX,FIS,FISV,GDDY,GEN,GIS,GNRC,GS,HON,HRL,HSIC,ICE,IEX,IFF,IP,IR,ISRG,IT,JCI,JKHY,JPM,KDP,KHC,KKR,KMI,KO,KR,LII,LYV,MA,MCHP,MDLZ,MDT,MELI,MET,MRNA,MS,MSCI,MTD,NKE,NWS,ON,PAYC,PAYX,PGR,PH,PYPL,RMD,ROK,ROP,RSG,SBAC,SBUX,SJM,SMCI,SPY,STZ,SYK,T,TDG,TPL,TPR,TRI,TRMB,TSCO,TSN,TT,TTD,TXN,TXT,UDR,UPS,V,VRSK,WY,ZBRA,ZTS",206,137,[],[]
2025-10-01,"ADM,ADP,ADSK,AES,AFL,AIZ,ALLE,ALNY,AME,ANET,AOS,APH,APP,APTV,ARE,ATO,AVGO,AXP,AZO,BAC,BBY,BG,BK,BKR,BLK,BXP,C,CAT,CCL,CEG,CFG,CHRW,CHTR,CIEN,CMI,CNC,CNP,CPRT,CPT,CRH,CRWD,CVNA,DAL,DASH,DDOG,DG,DHI,DOC,DOW,DTE,DVN,EIX,EL,ELV,EME,ETR,EVRG,FE,FFIV,FICO,FITB,FIX,FRT,FSLR,GD,GE,GILD,GL,GLW,GM,GOOG,GOOGL,GPC,GRMN,GWW,HAL,HBAN,HCA,HIG,HII,HLT,HOOD,HPE,HST,HSY,HWM,IDXX,INTC,INVH,ITW,IVZ,J,JBHT,KEY,L,LDOS,LH,LHX,LIN,LMT,LNT,LRCX,LUV,MAA,MAR,MAS,MGM,MLM,MMM,MNST,MOH,MPC,MPWR,MRSH,MTB,MU,NCLH,NDSN,NEM,NOC,NOW,NSC,NTRS,NVDA,NVR,NXPI,ODFL,OKE,ORCL,ORLY,OTIS,OXY,PCG,PDD,PEG,PEP,PFG,PHM,PKG,PLD,PM,PNC,PNR,PODD,POOL,PPG,PSKY,PSX,PWR,REG,RF,RL,ROST,SHW,SLB,SNA,SNDK,SO,SPG,STE,STLD,STT,STX,SW,SWK,SYY,TDY,TEL,TER,TFC,TJX,TKO,TRGP,TROW,TRV,TTWO,UHS,UNH,URI,USB,VLO,VLTO,VST,VTR,VZ,WDC,WELL,WMT,WRB,WSM,WST,WTW,WYNN,XEL,XYL,XYZ,ZS,^VIX","ABNB,ACGL,ACN,ADBE,AIG,AKAM,ALGN,AMCR,AMD,AMP,AMT,APO,AVB,AWK,BALL,BAX,BF.B,BKNG,BR,BRO,CARR,CCI,CI,CL,CMCSA,CMG,CMS,COO,COST,CPAY,CRM,CSCO,CSGP,CTAS,CTRA,CTSH,CTVA,CVS,DD,DE,DIS,DLTR,DPZ,DRI,DVA,DXCM,EBAY,EFX,EG,EOG,EPAM,EQIX,ERIE,ESS,EXPD,FANG,FDS,FDX,FIS,FISV,GDDY,GEN,GIS,GNRC,GS,HON,HRL,HSIC,ICE,IEX,IFF,IP,IR,ISRG,IT,JCI,JKHY,JPM,KDP,KHC,KKR,KMI,KO,KR,LII,LYV,MA,MCHP,MDLZ,MDT,MELI,MET,MS,MSCI,NWS,ON,PAYC,PAYX,PGR,PH,PYPL,RMD,ROK,ROP,RSG,SBAC,SBUX,SJM,SPY,SYK,T,TDG,TPL,TPR,TRI,TRMB,TSCO,TSN,TT,TTD,TXN,TXT,UDR,UPS,VRSK,WY,ZBRA,ZTS",198,128,[],[]
2025-10-02,"ADM,ADP,ADSK,AES,AFL,AIZ,ALLE,ALNY,AME,ANET,AOS,APH,APP,APTV,ARE,ASML,ATO,AVGO,AXP,AZO,BAC,BBY,BG,BK,BKR,BLK,BXP,CAT,CCL,CDW,CEG,CFG,CHRW,CHTR,CIEN,CMI,CNC,CNP,CPRT,CPT,CRH,CRWD,CVNA,DAL,DASH,DDOG,DG,DHI,DOC,DOW,DTE,DVN,EIX,EL,ELV,EME,EQR,ETR,EVRG,FE,FFIV,FICO,FITB,FIX,FRT,FSLR,GD,GE,GEHC,GILD,GL,GLW,GM,GOOG,GOOGL,GPC,GRMN,GWW,HAL,HBAN,HCA,HIG,HII,HLT,HOOD,HPE,HST,HSY,HWM,IDXX,INTC,INVH,ITW,IVZ,J,JBHT,KEY,L,LDOS,LH,LHX,LIN,LMT,LNT,LRCX,LUV,MAR,MAS,MGM,MLM,MMM,MNST,MOH,MPC,MPWR,MRSH,MTB,MU,NCLH,NDSN,NEM,NOC,NOW,NSC,NTRS,NVDA,NVR,NXPI,ODFL,OKE,ORCL,ORLY,OTIS,PCG,PDD,PEG,PEP,PFG,PHM,PKG,PLD,PM,PNC,PNR,PODD,POOL,PPG,PSKY,PSX,PWR,REG,RF,RL,ROST,SHW,SLB,SNA,SNDK,SO,SPG,STE,STLD,STT,STX,SW,SWK,SYY,TDY,TEL,TER,TFC,TJX,TKO,TRGP,TROW,TRV,TTWO,UHS,UNH,URI,USB,VLTO,VRSN,VST,VTR,VZ,WDC,WELL,WMT,WRB,WSM,WST,WTW,WYNN,XEL,XYL,XYZ,ZS,^VIX","ABNB,ACGL,ACN,ADBE,AIG,ALGN,AMCR,AMP,AMT,APO,AVB,AWK,BALL,BAX,BF.B,BKNG,BR,BRO,CARR,CCI,CI,CL,CMCSA,CMG,CMS,COO,COST,CPAY,CRM,CSCO,CSGP,CTAS,CTRA,CTSH,CTVA,CVS,CVX,DE,DIS,DLTR,DPZ,DRI,DVA,DXCM,EBAY,EFX,EG,EOG,EPAM,EQIX,ERIE,ESS,EXPD,FANG,FAST,FDS,FDX,FIS,FISV,GDDY,GEN,GIS,GNRC,GS,HON,HRL,HSIC,ICE,IEX,IFF,IP,IR,ISRG,IT,JCI,JKHY,JPM,KDP,KHC,KKR,KMI,KO,KR,KVUE,LII,LULU,LYV,MA,MCHP,MDLZ,MDT,MELI,MET,MS,MSCI,MSFT,NWS,ON,PAYC,PAYX,PGR,PH,PYPL,RMD,ROK,ROP,RSG,SBAC,SJM,SPY,SYK,T,TDG,TPL,TPR,TRI,TRMB,TSCO,TSN,TT,TTD,TXN,UDR,UPS,VRSK,WM,WY,ZBRA,ZTS",199,129,[],[]
2025-10-03,"ADM,ADP,ADSK,AES,AFL,AIZ,ALLE,ALNY,ANET,AOS,APH,APP,APTV,ARE,ASML,ATO,AVGO,AXP,AZO,BAC,BBY,BG,BK,BKR,BLK,BXP,CAT,CCL,CDW,CEG,CFG,CHRW,CHTR,CIEN,CMI,CNC,CNP,CPRT,CPT,CRH,CRWD,CVNA,DAL,DASH,DDOG,DG,DHI,DOC,DOW,DTE,DVN,EIX,EL,ELV,EME,EQR,ETR,EVRG,FE,FFIV,FICO,FITB,FIX,FRT,FSLR,GD,GE,GEHC,GILD,GLW,GM,GOOG,GOOGL,GPC,GRMN,GWW,HAL,HBAN,HCA,HIG,HII,HLT,HOOD,HPE,HST,HSY,HWM,IBM,IDXX,INTC,INVH,ITW,IVZ,J,JBHT,KEY,L,LDOS,LH,LHX,LIN,LMT,LNT,LRCX,LUV,MAR,MAS,MGM,MLM,MMM,MNST,MOH,MPC,MPWR,MRSH,MTB,MU,NCLH,NDSN,NEM,NOC,NOW,NSC,NTRS,NVDA,NVR,NXPI,ODFL,OKE,ORCL,ORLY,OTIS,PCG,PDD,PEG,PEP,PFG,PHM,PKG,PLD,PNC,PNR,PODD,POOL,PPG,PSKY,PSX,PWR,REG,RF,RL,ROST,SHW,SLB,SNA,SNDK,SO,SPG,STE,STLD,STT,STX,SW,SWK,SYY,TDY,TEL,TER,TFC,TJX,TKO,TRGP,TROW,TRV,TTWO,UHS,UNH,URI,USB,VLTO,VRSN,VST,VTR,VZ,WDC,WELL,WMT,WRB,WSM,WST,WTW,XEL,XYL,XYZ,ZS,^VIX","ABNB,ACGL,ACN,ADBE,ALGN,AMCR,AMP,AMT,APO,AVB,AWK,BALL,BAX,BF.B,BKNG,BR,BRO,CARR,CCI,CL,CMCSA,CMS,COO,COST,CPAY,CRM,CSCO,CSGP,CTAS,CTRA,CTSH,CTVA,CVS,CVX,DE,DIS,DLTR,DPZ,DRI,DVA,DXCM,EBAY,EFX,EG,EOG,EPAM,EQIX,ERIE,ESS,EXPD,FANG,FAST,FDS,FDX,FIS,FISV,GDDY,GEN,GIS,GNRC,GS,HON,HRL,HSIC,ICE,IEX,IFF,IP,IR,ISRG,IT,JCI,JKHY,JPM,KDP,KHC,KKR,KMI,KO,KR,KVUE,LII,LULU,LYV,MA,MCHP,MDLZ,MELI,MET,MS,MSCI,MSFT,NWS,ON,PAYC,PAYX,PGR,PH,PYPL,RMD,ROK,ROP,RSG,RTX,SBAC,SJM,SPY,SYK,T,TDG,TMUS,TPL,TPR,TRI,TRMB,TSCO,TSN,TT,TTD,TXN,UDR,UPS,VRSK,WM,WY,ZBRA,ZTS",196,127,[],[]
2025-10-06,"ADM,ADP,ADSK,AES,AFL,AIZ,ALLE,ALNY,ANET,AOS,APH,APTV,ASML,ATO,AVGO,AXP,AZO,BAC,BBY,BG,BK,BKR,BLK,BXP,CAT,CCL,CDW,CEG,CFG,CHRW,CHTR,CIEN,CMI,CNC,CNP,CPRT,CRH,CRWD,CVNA,DAL,DASH,DDOG,DG,DHI,DOC,DOW,DTE,DVN,EIX,EL,ELV,EME,ETR,EVRG,FE,FFIV,FICO,FITB,FIX,FRT,FSLR,GD,GE,GEHC,GILD,GLW,GOOG,GOOGL,GPC,GRMN,GWW,HAL,HBAN,HCA,HIG,HII,HLT,HOOD,HPE,HSY,HWM,IBM,IDXX,INTC,IRM,ITW,IVZ,J,JBHT,KEY,L,LDOS,LH,LHX,LIN,LMT,LNT,LRCX,LUV,MAR,MAS,MGM,MLM,MMM,MNST,MOH,MPC,MPWR,MRSH,MU,NCLH,NDSN,NEM,NOC,NOW,NSC,NTRS,NVDA,NVR,NXPI,ODFL,OKE,ORCL,ORLY,OTIS,PCG,PDD,PEG,PEP,PFG,PHM,PKG,PLD,PNC,PNR,PODD,POOL,PPG,PSKY,PSX,PWR,REG,RF,RL,ROST,SHW,SLB,SNA,SNDK,SO,STE,STLD,STT,STX,SWK,SYY,TDY,TEL,TER,TFC,TJX,TKO,TRGP,TROW,TRV,TTWO,UHS,UNH,URI,USB,VLTO,VRSN,VST,VTR,WDC,WELL,WMT,WRB,WSM,WST,WTW,XEL,XYL,XYZ,ZS,^VIX","ABNB,ACGL,ACN,ADBE,ALB,ALGN,AMCR,AMP,AMT,APO,AVB,AWK,BALL,BAX,BF.B,BKNG,BR,BRO,CARR,CCI,CL,CMCSA,CMS,COO,COST,CPAY,CRM,CSCO,CSGP,CTAS,CTRA,CTSH,CTVA,CVS,CVX,DE,DIS,DLTR,DPZ,DRI,DVA,DXCM,EBAY,EFX,EG,EOG,EPAM,EQIX,ERIE,ESS,EXPD,FANG,FAST,FDS,FDX,FIS,FISV,FOX,FOXA,GDDY,GEN,GIS,GNRC,GS,HON,HRL,HSIC,ICE,IEX,IFF,IP,IR,ISRG,IT,JCI,JKHY,JPM,KDP,KHC,KKR,KMI,KO,KR,KVUE,LII,LULU,LYV,MA,MCHP,MDLZ,MELI,MET,MS,MSCI,NWS,ON,PAYC,PAYX,PGR,PH,PTC,PYPL,RMD,ROK,ROP,RSG,RTX,SBAC,SJM,SPY,SYK,T,TDG,TMUS,TPL,TPR,TRI,TRMB,TSCO,TSN,TT,TXN,UDR,UPS,VRSK,WM,WY,ZBRA,ZTS",186,129,[],[]
2025-10-07,"ADM,ADP,ADSK,AES,AFL,AIZ,ALLE,ALNY,ANET,AOS,APH,APTV,ARM,ASML,ATO,AVGO,AXP,AZO,BAC,BBY,BG,BK,BKR,BLK,BXP,CAT,CCL,CDW,CEG,CFG,CHRW,CHTR,CIEN,CMI,CNC,CNP,CPRT,CRH,CRWD,CVNA,DAL,DASH,DDOG,DG,DLR,DOC,DOW,DTE,DVN,EIX,EL,ELV,EME,ETN,ETR,EVRG,FE,FFIV,FICO,FITB,FIX,FSLR,GD,GE,GEHC,GEV,GILD,GLW,GOOG,GOOGL,GPC,GRMN,GWW,HAL,HBAN,HCA,HIG,HII,HLT,HOOD,HPE,HSY,HWM,IBM,IDXX,INTC,IRM,ITW,IVZ,J,JBHT,KEY,L,LDOS,LH,LHX,LIN,LMT,LNT,LRCX,LUV,MAR,MAS,MGM,MLM,MMM,MNST,MOH,MPC,MPWR,MRSH,MU,NCLH,NDSN,NEM,NOC,NOW,NRG,NSC,NTRS,NVDA,NVR,ODFL,OKE,ORCL,OTIS,PCG,PDD,PEG,PEP,PFG,PHM,PKG,PLD,PNC,PNR,PODD,POOL,PPG,PSKY,PSX,PWR,REG,RF,RL,ROST,SHW,SLB,SNA,SNDK,SO,STE,STLD,STT,STX,SWK,TDY,TEL,TER,TFC,TJX,TKO,TRGP,TROW,TRV,TTWO,UHS,UNH,URI,USB,VLTO,VRSN,VST,VTR,WDC,WEC,WELL,WMT,WRB,WSM,WST,WTW,XEL,XYL,XYZ,^VIX","ABNB,ABT,ACN,ADBE,AJG,ALB,ALGN,AMCR,AMP,AMT,APO,AVB,BALL,BAX,BF.B,BKNG,BR,BRK.B,BRO,CARR,CCI,CDNS,CL,CMCSA,CMS,COO,COST,CPAY,CRM,CSCO,CSGP,CTAS,CTSH,CTVA,CVS,CVX,DE,DIS,DLTR,DPZ,DRI,DVA,DXCM,EBAY,EFX,EG,EOG,EPAM,EQIX,ERIE,ESS,EXPD,FANG,FAST,FDS,FDX,FISV,FOX,FOXA,GDDY,GEN,GIS,GNRC,GS,HON,HRL,HSIC,ICE,IEX,IFF,IP,IR,ISRG,IT,JCI,JKHY,JPM,KDP,KHC,KKR,KMI,KO,KR,KVUE,LII,LULU,LYV,MA,MCD,MCHP,MDLZ,MELI,MET,MS,MSCI,NWS,ON,PAYC,PAYX,PGR,PH,PTC,RMD,ROK,ROP,RSG,RTX,SBAC,SJM,SNPS,SPY,SYK,T,TDG,TMUS,TPL,TPR,TRI,TRMB,TSCO,TSN,TT,TXN,UDR,UPS,VRSK,WM,WY,ZBRA,ZTS",186,130,[],[]
2025-10-08,"ABBV,ADM,ADP,ADSK,AES,AFL,AIZ,ALLE,ALNY,AMAT,ANET,APH,APTV,ARM,ASML,ATO,AVGO,AXP,AZO,BAC,BBY,BG,BIIB,BK,BKR,BLK,BXP,CAT,CCL,CDW,CEG,CFG,CHRW,CHTR,CIEN,CINF,CMI,CNC,CNP,CPRT,CRH,CRWD,CVNA,DAL,DASH,DDOG,DG,DLR,DOC,DOW,DTE,DVN,EIX,EL,ELV,EME,ETN,ETR,EVRG,FE,FFIV,FICO,FITB,FIX,FSLR,FTV,GD,GE,GEHC,GEV,GILD,GLW,GOOG,GOOGL,GRMN,GWW,HAL,HCA,HIG,HII,HLT,HOOD,HPE,HSY,HWM,IBM,IDXX,INTC,IRM,IVZ,J,JBHT,KEY,KLAC,L,LDOS,LH,LHX,LIN,LMT,LNT,LRCX,LUV,MAR,MAS,MCK,MGM,MLM,MMM,MNST,MOH,MPC,MPWR,MRSH,MU,NCLH,NDSN,NEM,NOC,NOW,NRG,NSC,NTRS,NVDA,ODFL,OKE,ORCL,OTIS,PCG,PDD,PEG,PEP,PKG,PLD,PNR,PODD,POOL,PPG,PSKY,PSX,PWR,REG,RL,ROST,SHW,SLB,SNA,SNDK,SO,SRE,STE,STLD,STT,STX,SWK,TDY,TEL,TER,TFC,TJX,TKO,TRGP,TROW,TRV,TSLA,TTWO,UHS,UNH,URI,USB,VLTO,VMC,VRSN,VST,VTR,WBD,WDC,WEC,WMT,WRB,WSM,WST,WTW,XEL,XYL,XYZ,^VIX","ABNB,ABT,ACN,ADBE,AJG,ALB,ALGN,AMCR,AMP,AMT,APO,AVB,BA,BALL,BAX,BF.B,BKNG,BR,BRK.B,BRO,CARR,CCI,CDNS,CL,CMCSA,CMS,COO,COST,CPAY,CRM,CSGP,CTAS,CTSH,CTVA,CVS,CVX,DE,DIS,DLTR,DPZ,DRI,DVA,DXCM,EBAY,EFX,EG,EOG,EPAM,ESS,EXPD,FANG,FAST,FDS,FDX,FISV,FOX,FOXA,GDDY,GEN,GIS,GNRC,GS,HON,HRL,HSIC,ICE,IEX,IFF,IP,IR,ISRG,IT,JCI,JKHY,JPM,KDP,KHC,KKR,KMI,KO,KVUE,LII,LULU,LYV,MA,MCD,MCHP,MDLZ,MELI,MET,MS,MSCI,NWS,ON,PAYC,PAYX,PGR,PH,PTC,RMD,ROK,RSG,RTX,SBAC,SJM,SNPS,SPY,SYK,T,TDG,TMUS,TPL,TPR,TRI,TRMB,TSCO,TSN,TT,TXN,UDR,UPS,VRSK,WM,WY,ZBRA,ZTS",187,126,[],[]
2025-10-09,"ABBV,ADM,ADP,ADSK,AES,AFL,AIZ,ALLE,ALNY,AMAT,ANET,APH,ARM,ASML,ATO,AVGO,AXP,AZO,BAC,BBY,BG,BIIB,BK,BKR,BLK,CAT,CCL,CDW,CEG,CFG,CIEN,CINF,CMI,CNC,CNP,CPRT,CRH,CRWD,CVNA,DAL,DASH,DDOG,DG,DLR,DOW,DTE,DVN,EIX,EL,ELV,EME,ETN,ETR,EVRG,FE,FFIV,FICO,FITB,FIX,FSLR,FTV,GD,GE,GEHC,GEV,GILD,GLW,GOOG,GOOGL,GRMN,GWW,HAL,HII,HLT,HOOD,HPE,HSY,HWM,IBM,IDXX,INTC,IRM,IVZ,J,JBHT,KEY,KLAC,L,LDOS,LH,LHX,LIN,LMT,LNT,LRCX,LUV,MAR,MCK,MGM,MLM,MMM,MNST,MOH,MPC,MPWR,MRSH,MU,NCLH,NDSN,NEM,NOC,NOW,NRG,NSC,NTRS,NVDA,ODFL,OKE,ORCL,OTIS,PCG,PDD,PEG,PEP,PKG,PLD,PNR,PODD,PSKY,PSX,PWR,REG,RL,ROST,SHW,SLB,SNDK,SO,SRE,STE,STLD,STT,STX,TDY,TEL,TER,TFC,TRGP,TROW,TSLA,TTWO,UHS,UNH,URI,USB,VLTO,VMC,VST,VTR,WBD,WDC,WEC,WMT,WRB,WSM,WST,XEL,XYL,XYZ,^VIX","ABNB,ABT,ACN,ADBE,AJG,ALB,ALGN,AMCR,AMP,AMT,APO,AVB,BA,BALL,BAX,BF.B,BKNG,BR,BRK.B,BRO,CARR,CCI,CDNS,CL,CMCSA,CMS,COO,COST,CPAY,CRM,CSGP,CTAS,CTSH,CTVA,CVS,CVX,DE,DIS,DLTR,DPZ,DRI,DVA,DXCM,EBAY,EFX,EG,EOG,EPAM,ESS,EXPD,FANG,FAST,FDS,FDX,FISV,FOX,FOXA,GDDY,GEN,GIS,GNRC,GS,HON,HRL,HSIC,ICE,IEX,IFF,INCY,IP,IR,ISRG,IT,JCI,JKHY,JPM,KDP,KHC,KKR,KMI,KO,KVUE,LII,LULU,LYV,MA,MCD,MCHP,MDLZ,MELI,MET,MS,MSCI,NWS,ON,PAYC,PAYX,PGR,PH,PTC,RMD,ROK,RSG,RTX,SBAC,SJM,SNPS,SPY,SYK,T,TDG,TMUS,TPL,TPR,TRI,TRMB,TSCO,TSN,TT,TXN,UDR,UPS,VRSK,WM,WY,ZBRA,ZTS",170,127,[],[]
2025-10-10,"ABBV,ADM,ADP,ADSK,AES,AFL,AIZ,ALNY,AMAT,ANET,APH,ARM,ATO,AXP,AZO,BG,BIIB,BK,BLK,CAT,CCL,CEG,CIEN,CNP,CPRT,CRH,CRWD,DAL,DASH,DDOG,DG,DTE,EIX,ELV,EME,ETN,ETR,EVRG,FE,FFIV,FICO,FIX,FSLR,GEV,GILD,GLW,GWW,HII,HLT,HOOD,HPE,HSY,IBM,IDXX,INTC,IRM,JBHT,L,LH,LHX,LMT,LNT,LUV,MCK,MLM,MNST,MOH,MPWR,MRSH,MU,NDSN,NEM,NOC,NOW,NRG,NSC,NVDA,ODFL,ORCL,OTIS,PCG,PEG,PEP,PODD,PSKY,PWR,REG,ROST,SHW,SNDK,SO,SRE,STE,STLD,STX,TER,TSLA,TTWO,UNH,VLTO,VMC,VST,VTR,WBD,WDC,WEC,WMT,WRB,WST,XEL,XYL,^VIX","ABNB,ABT,ACN,ADBE,AJG,ALB,ALGN,AMCR,AMP,AMT,APO,AVB,BA,BALL,BAX,BF.B,BKNG,BR,BRK.B,BRO,BSX,CARR,CCI,CDNS,CHD,CL,CMCSA,CMS,COO,COST,CPAY,CRM,CSGP,CTAS,CTSH,CTVA,CVS,CVX,DE,DIS,DLTR,DPZ,DRI,DVA,DXCM,EBAY,EFX,EG,EOG,EPAM,ESS,EW,EXPD,FANG,FAST,FDS,FDX,FISV,FOX,FOXA,GDDY,GEN,GIS,GNRC,GS,HAS,HON,HRL,HSIC,ICE,IEX,IFF,INCY,IP,IR,ISRG,IT,JCI,JKHY,JPM,KDP,KHC,KKR,KMB,KMI,KO,KVUE,LII,LULU,LYB,LYV,MA,MCD,MCHP,MDLZ,MELI,MET,MKC,MS,MSCI,NWS,ON,PAYC,PAYX,PGR,PH,PTC,RCL,RMD,ROK,RSG,RTX,SBAC,SJM,SNPS,SPY,SYK,T,TDG,TMUS,TPL,TPR,TRI,TRMB,TSCO,TSN,TT,TXN,UDR,UPS,VRSK,WM,WY,ZBH,ZBRA,ZTS",112,136,[],[]
2025-10-13,"ABBV,ADM,ADP,ADSK,AES,AFL,AIZ,ALNY,AMAT,ANET,APH,ARM,ATO,AXP,AZO,BG,BIIB,BK,BLK,CAT,CCL,CEG,CIEN,CNP,CPRT,CRH,CRWD,DAL,DASH,DDOG,DG,DTE,EIX,ELV,EME,ETN,ETR,EVRG,FE,FFIV,FICO,FIX,FSLR,GEV,GILD,GLW,GWW,HII,HLT,HOOD,HPE,HSY,IBM,IDXX,INTC,IRM,JBHT,L,LH,LHX,LMT,LNT,LUV,MCK,MLM,MNST,MOH,MPWR,MRSH,MU,NDSN,NEM,NOC,NOW,NRG,NSC,NVDA,ODFL,ORCL,OTIS,PCG,PEG,PEP,PODD,PSKY,PWR,REG,ROST,SHW,SNDK,SO,SRE,STE,STLD,STX,TER,TSLA,TTWO,UNH,VLTO,VMC,VST,VTR,WBD,WDC,WEC,WMT,WRB,WST,XEL,XYL,^VIX","ABNB,ABT,ACN,ADBE,AJG,ALB,ALGN,AMCR,AMP,AMT,APO,AVB,BA,BALL,BAX,BF.B,BKNG,BR,BRK.B,BRO,BSX,CARR,CCI,CDNS,CHD,CL,CMCSA,CMS,COO,COST,CPAY,CRM,CSGP,CTAS,CTSH,CTVA,CVS,CVX,DE,DIS,DLTR,DPZ,DRI,DVA,DXCM,EBAY,ECL,EFX,EG,EMR,EOG,EPAM,ESS,EW,EXPD,FANG,FAST,FDS,FDX,FISV,FOX,FOXA,GDDY,GEN,GIS,GNRC,GS,HAS,HON,HRL,HSIC,ICE,IEX,IFF,INCY,IP,IR,ISRG,IT,JCI,JKHY,JPM,KHC,KKR,KMB,KMI,KO,KVUE,LII,LULU,LYB,LYV,MA,MCD,MCHP,MDLZ,MELI,MET,MKC,MS,MSCI,NWS,ON,PAYC,PAYX,PGR,PH,PRU,PTC,RCL,RMD,ROK,RSG,RTX,SBAC,SJM,SNPS,SPY,SYK,T,TDG,TMUS,TPL,TPR,TRI,TRMB,TSCO,TSN,TT,TXN,UDR,UPS,VRSK,WM,WY,ZBH,ZBRA,ZTS",112,138,[],[]
2025-10-14,"ABBV,ADM,ADP,ADSK,AES,AFL,AIZ,ALNY,AMAT,ANET,APH,ARM,ATO,AXP,AZO,BG,BIIB,BK,BLK,CAT,CCL,CEG,CIEN,CNP,CPRT,CRH,CRWD,DAL,DASH,DDOG,DG,DTE,EIX,ELV,EME,ETN,ETR,EVRG,FE,FFIV,FICO,FIX,FSLR,GEV,GILD,GLW,GWW,HII,HLT,HOOD,HPE,HSY,IBM,IDXX,INTC,IRM,JBHT,L,LH,LHX,LMT,LNT,LUV,MCK,MLM,MNST,MOH,MPWR,MRSH,MU,NDSN,NEM,NOC,NOW,NRG,NSC,NVDA,ODFL,ORCL,OTIS,PCG,PEG,PEP,PODD,PSKY,PWR,REG,ROST,SHW,SNDK,SO,SRE,STE,STLD,STX,TER,TSLA,TTWO,UNH,VLTO,VMC,VST,VTR,WBD,WDAY,WDC,WEC,WMT,WRB,WST,XEL,XYL,^VIX","ABNB,ABT,ACN,ADBE,AJG,ALB,ALGN,AMCR,AMP,AMT,APO,AVB,BA,BALL,BAX,BF.B,BKNG,BLDR,BR,BRK.B,BRO,BSX,CARR,CCI,CDNS,CHD,CL,CMCSA,CMS,COO,COST,CPAY,CRM,CSGP,CTAS,CTSH,CTVA,CVS,CVX,DE,DIS,DPZ,DRI,DVA,DXCM,EBAY,ECL,EFX,EG,EMR,EOG,EPAM,ESS,EW,EXPD,FANG,FAST,FDS,FDX,FISV,FOX,FOXA,GDDY,GEN,GIS,GS,HAS,HON,HRL,HSIC,ICE,IEX,IFF,INCY,IP,IR,ISRG,IT,JCI,JPM,KHC,KIM,KKR,KMB,KMI,KO,KVUE,LII,LULU,LYB,LYV,MA,MCHP,MDLZ,MELI,MET,MKC,MS,MSCI,NWS,ON,PAYC,PAYX,PGR,PH,PRU,PTC,RCL,RMD,ROK,RSG,RTX,SBAC,SJM,SNPS,SPY,SYK,T,TAP,TDG,TMUS,TPL,TPR,TRI,TRMB,TSCO,TSN,TT,TXN,UDR,UPS,VRSK,WM,WY,ZBH,ZBRA,ZTS",113,137,[],[]
2025-10-15,"ABBV,ADM,ADP,ADSK,AES,AFL,AIZ,ALNY,AMAT,ANET,APH,ARM,ATO,AXP,AZO,BG,BIIB,BK,BLK,CAT,CCL,CEG,CIEN,CNP,COIN,CPRT,CRH,CRWD,CSX,DAL,DASH,DDOG,DG,DTE,EIX,ELV,EME,ETN,ETR,EVRG,FE,FFIV,FICO,FIX,FSLR,GEV,GILD,GLW,GWW,HII,HLT,HOOD,HPE,HSY,IBM,IDXX,INTC,INTU,IRM,JBHT,L,LH,LHX,LMT,LNT,LUV,MCK,MLM,MNST,MOH,MPWR,MRSH,MU,NDSN,NEM,NOC,NOW,NRG,NSC,NVDA,ODFL,ORCL,OTIS,PCG,PEG,PEP,PLTR,PODD,PSKY,PWR,REG,REGN,ROST,SHW,SNDK,SO,SRE,STE,STLD,STX,TER,TSLA,TTWO,UNH,VLTO,VMC,VST,VTR,WBD,WDAY,WDC,WEC,WMB,WMT,WRB,WST,XEL,XYL,^VIX","ABNB,ABT,ACN,ADBE,AJG,ALB,ALGN,AMCR,AMP,AMT,APO,AVB,BA,BALL,BAX,BF.B,BKNG,BLDR,BR,BRK.B,BRO,BSX,CARR,CCI,CDNS,CHD,CL,CMCSA,CMS,COO,COST,CPAY,CRM,CSGP,CTAS,CTSH,CTVA,CVX,DE,DIS,DPZ,DRI,DVA,DXCM,EBAY,ECL,EFX,EG,EMR,EOG,EPAM,ESS,EW,EXPD,FANG,FAST,FDS,FDX,FISV,FOX,FOXA,GDDY,GEN,GIS,GS,HAS,HON,HRL,HSIC,ICE,IEX,IFF,IP,IR,ISRG,IT,JCI,JPM,KHC,KKR,KMB,KMI,KO,KVUE,LII,LULU,LYB,LYV,MA,MCHP,MCO,MDLZ,MELI,MET,MKC,MO,MSCI,NUE,NWS,O,ON,PAYC,PAYX,PGR,PH,PRU,PTC,RCL,RMD,ROK,RSG,RTX,SJM,SNPS,SPGI,SPY,SYK,T,TAP,TDG,TMUS,TPL,TPR,TRMB,TSCO,TSN,TT,TXN,UDR,UPS,VRSK,WM,WY,ZBH,ZBRA,ZTS",119,136,[],[]
2025-10-16,"ABBV,ADM,ADP,ADSK,AES,ALNY,AMAT,ANET,APH,ARM,ATO,AXP,AZO,BG,BIIB,BK,BLK,CAT,CCL,CEG,CIEN,CNP,COIN,CPRT,CRH,CRWD,CSX,DAL,DASH,DDOG,DG,DTE,EIX,ELV,EME,ES,ETN,ETR,EVRG,FE,FICO,FIX,FSLR,GEV,GILD,GLW,GWW,HII,HLT,HOOD,HSY,IBM,IDXX,INTC,INTU,IRM,JBHT,LH,LHX,LMT,LNT,LUV,MCK,MLM,MNST,MOH,MPWR,MU,NDSN,NEM,NOC,NOW,NRG,NSC,NVDA,ODFL,ORCL,OTIS,PANW,PCG,PEG,PEP,PLTR,PODD,PSKY,PWR,REG,REGN,ROST,SHW,SNDK,SO,SRE,STE,STLD,STX,TER,TSLA,TTWO,UNH,VLTO,VMC,VST,VTR,WBD,WDAY,WDC,WEC,WMB,WMT,WST,XEL,XYL,^VIX","ABNB,ABT,ACN,ADBE,AJG,ALB,ALGN,AMCR,AMP,APO,AVB,BA,BALL,BAX,BF.B,BKNG,BLDR,BR,BRK.B,BRO,BSX,CARR,CCI,CDNS,CHD,CL,CMCSA,CMS,COO,COST,CPAY,CRM,CSGP,CTAS,CTSH,CTVA,CVX,DE,DECK,DIS,DPZ,DRI,DVA,DXCM,EBAY,ECL,EFX,EG,EMR,EOG,EPAM,ESS,EW,EXPD,FANG,FAST,FDS,FDX,FISV,FOX,FOXA,GDDY,GEN,GIS,GS,HAS,HON,HRL,HSIC,ICE,IEX,IFF,IP,IR,ISRG,IT,JCI,JPM,KHC,KKR,KMB,KMI,KO,KVUE,LEN,LII,LULU,LYB,LYV,MA,MCHP,MCO,MDLZ,MELI,MET,MKC,MO,MSCI,NUE,NWS,O,ON,PAYC,PAYX,PGR,PH,PRU,PTC,RCL,RMD,ROK,RSG,RTX,SJM,SNPS,SPGI,SPY,SYK,T,TAP,TDG,TMUS,TPL,TPR,TRMB,TSCO,TSN,TT,TXN,UDR,UPS,VRSK,WM,WY,ZBH,ZBRA,ZTS",114,137,[],[]
2025-10-17,"ABBV,ADM,ADP,ADSK,AES,ALNY,AMAT,ANET,APH,ARM,ATO,AXP,AZO,BG,BIIB,BK,BLK,CAT,CCL,CEG,CIEN,CNP,COIN,CPRT,CRH,CRWD,CSX,DAL,DASH,DDOG,DG,DTE,EIX,ELV,EME,ES,ETN,ETR,EVRG,FE,FICO,FIX,FSLR,GEV,GILD,GLW,GWW,HII,HLT,HOOD,HSY,IBM,IDXX,INTC,INTU,IRM,JBHT,LH,LHX,LMT,LNT,LUV,MCK,MLM,MNST,MOH,MPWR,MRVL,MU,NDSN,NEM,NOC,NOW,NRG,NSC,NVDA,ODFL,ORCL,OTIS,PANW,PCG,PEG,PEP,PLTR,PODD,PSKY,PWR,REG,REGN,ROST,SHW,SNDK,SO,SRE,STE,STLD,STX,TER,TSLA,TTWO,UNH,UNP,VLTO,VMC,VST,VTR,WAB,WBD,WDAY,WDC,WEC,WMB,WMT,WST,XEL,XYL,^VIX","ABNB,ABT,ACN,ADBE,AJG,ALB,ALGN,AMCR,AMP,APO,AVB,BA,BALL,BAX,BF.B,BKNG,BLDR,BR,BRK.B,BRO,BSX,CARR,CCI,CDNS,CHD,CL,CLX,CMCSA,CMS,COO,COST,CPAY,CRM,CSGP,CTAS,CTSH,CTVA,CVX,DE,DECK,DIS,DPZ,DRI,DVA,DXCM,EBAY,ECL,EFX,EG,EMR,EOG,EPAM,ESS,EW,EXPD,FANG,FAST,FDS,FDX,FISV,FOX,FOXA,GDDY,GEN,GIS,GS,HAS,HON,HRL,HSIC,ICE,IEX,IP,IR,ISRG,IT,JCI,JPM,KHC,KKR,KMB,KMI,KVUE,LEN,LII,LOW,LULU,LYB,LYV,MA,MCHP,MCO,MDLZ,MELI,MET,MKC,MO,MSCI,MTCH,NUE,NWS,O,ON,PAYC,PAYX,PCAR,PG,PGR,PH,PRU,PTC,RCL,RMD,ROK,RSG,RTX,SJM,SNPS,SPGI,SPY,SYK,T,TAP,TDG,TMUS,TPL,TPR,TRMB,TSCO,TSN,TT,TXN,UDR,UPS,VRSK,WM,WY,ZBH,ZBRA,ZTS",117,140,[],[]
2025-10-20,"ABBV,ADM,ADP,ADSK,AEE,AES,ALNY,AMAT,ANET,APH,ARM,ATO,AXP,AZO,BG,BIIB,BK,BLK,CAH,CAT,CBOE,CCL,CEG,CIEN,CNP,COIN,COR,CPRT,CRH,CRWD,CSX,D,DAL,DASH,DDOG,DG,DTE,ED,EIX,ELV,EME,ES,ETN,ETR,EVRG,EXC,FE,FICO,FIX,FSLR,GEV,GILD,GLW,GWW,HII,HLT,HOOD,HSY,IBM,IDXX,INTC,INTU,IRM,JBHT,LH,LHX,LMT,LNT,LUV,MCK,MLM,MNST,MOH,MPWR,MRVL,MU,NDSN,NEM,NOC,NOW,NRG,NSC,NVDA,ODFL,ORCL,OTIS,PANW,PCG,PEG,PEP,PLTR,PODD,PPL,PSKY,PWR,REG,REGN,ROST,SHW,SNDK,SO,SRE,STE,STLD,STX,TER,TSLA,TTWO,UNH,UNP,VLTO,VMC,VTR,WAB,WBD,WDAY,WDC,WEC,WMB,WMT,WST,XEL,XYL,^VIX","ABNB,ABT,ACN,ADBE,AJG,ALB,ALGN,AMCR,AMP,AMZN,APD,APO,AVB,BA,BALL,BAX,BF.B,BKNG,BLDR,BR,BRK.B,BRO,BSX,CARR,CCI,CDNS,CHD,CL,CLX,CMCSA,CMS,COST,CPAY,CRM,CSGP,CTAS,CTSH,CTVA,CVX,DE,DECK,DIS,DPZ,DRI,DVA,DXCM,EBAY,ECL,EFX,EG,EMR,EOG,EPAM,ESS,EW,EXPD,FANG,FAST,FDS,FDX,FISV,FOX,FOXA,GDDY,GEN,GIS,GS,HAS,HON,HRL,HSIC,ICE,IEX,IP,IR,IT,JCI,JPM,KHC,KKR,KMB,KMI,KVUE,LEN,LII,LOW,LULU,LYB,LYV,MA,MCHP,MCO,MDLZ,MELI,MET,MKC,MO,MSCI,MTCH,NUE,NWS,ON,PAYC,PAYX,PCAR,PG,PGR,PH,PRU,PTC,RCL,RMD,ROK,RSG,RTX,SJM,SNPS,SPGI,SPY,SYK,T,TAP,TDG,TMUS,TPL,TPR,TRMB,TSCO,TSN,TT,TXN,UDR,UPS,VRSK,WM,WY,ZBH,ZBRA,ZTS",124,139,[],[]
2025-10-21,"ABBV,ADM,ADP,ADSK,AEE,AES,ALNY,AMAT,ANET,APH,ARM,ATO,AXP,AZO,BG,BIIB,BK,BLK,CAH,CAT,CBOE,CCL,CIEN,CNP,COIN,COR,CPRT,CRH,CRWD,CSX,D,DAL,DASH,DDOG,DG,DTE,ED,EIX,ELV,EME,ES,ETN,ETR,EVRG,EXC,FE,FICO,FIX,FSLR,GEV,GILD,GLW,GWW,HII,HLT,HOOD,HSY,IBM,IDXX,INTC,INTU,IRM,JBHT,LH,LHX,LMT,LNT,LUV,MCK,MLM,MNST,MOH,MPWR,MRVL,MU,NDSN,NEE,NEM,NOC,NOW,NRG,NSC,NVDA,ODFL,ORCL,OTIS,PANW,PCG,PEG,PEP,PLTR,PODD,PPL,PSKY,PWR,REG,REGN,ROST,SHW,SNDK,SO,SRE,STE,STLD,STX,TER,TSLA,TTWO,UNH,UNP,VLTO,VMC,VTR,WAB,WBD,WDAY,WDC,WEC,WMB,WMT,WST,XEL,XYL,^VIX","ABNB,ABT,ACN,AJG,ALB,ALGN,AMCR,AMP,AMZN,APD,APO,ARES,AVB,AXON,BA,BALL,BAX,BF.B,BKNG,BLDR,BR,BRK.B,BRO,BSX,BX,CARR,CCI,CDNS,CHD,CL,CLX,CMCSA,CMS,COST,CPAY,CRM,CSGP,CTSH,CTVA,CVX,DE,DECK,DIS,DPZ,DRI,DVA,DXCM,EBAY,ECL,EFX,EG,EMR,EOG,ESS,EW,EXPD,FANG,FAST,FCX,FDS,FDX,FISV,FOX,FOXA,GDDY,GEN,GIS,GS,HAS,HON,HRL,HSIC,ICE,IEX,IP,IR,JCI,JPM,KHC,KKR,KMB,KMI,KVUE,LEN,LOW,LYB,LYV,MA,MCHP,MCO,MDLZ,MELI,MET,MKC,MO,MSCI,MSI,MTCH,NUE,NWS,ON,PAYC,PAYX,PG,PGR,PH,PRU,PTC,RCL,RMD,ROK,RSG,SJM,SNPS,SPGI,SPY,SYK,T,TAP,TDG,TMUS,TPL,TPR,TRMB,TSCO,TSN,TT,TXN,UDR,UPS,VRSK,WM,WY,ZBH,ZBRA,ZTS",124,136,[],[]
2025-10-22,"ABBV,ADM,ADP,ADSK,AEE,AES,ALNY,AMAT,ANET,APH,ARM,ATO,AXP,AZO,BG,BIIB,BK,BLK,CAH,CAT,CBOE,CCL,CIEN,CME,CNP,COIN,COR,CPRT,CRH,CRWD,CSX,D,DAL,DASH,DDOG,DG,DTE,ED,EIX,ELV,EME,ES,ETN,ETR,EVRG,EXC,FE,FICO,FSLR,GEV,GILD,GLW,GWW,HII,HLT,HOOD,HSY,IBM,IDXX,INTC,INTU,IRM,JBHT,LH,LHX,LMT,LNT,LUV,MCK,MLM,MNST,MOH,MPWR,MRVL,MU,NDSN,NEE,NEM,NOC,NOW,NRG,NSC,NVDA,ODFL,ORCL,OTIS,PANW,PCG,PEG,PEP,PLTR,PODD,PPL,PSKY,REG,REGN,ROST,SHW,SNDK,SO,SRE,STE,STLD,STX,TER,TSLA,TTWO,UNH,UNP,VLTO,VMC,VTR,WAB,WBD,WDAY,WDC,WEC,WMB,WMT,WST,XEL,XYL,^VIX","ABNB,ABT,ACN,AJG,ALB,ALGN,AMCR,AMP,AMZN,APD,APO,ARES,AVB,AXON,BA,BALL,BAX,BF.B,BKNG,BLDR,BR,BRK.B,BRO,BX,CARR,CCI,CDNS,CHD,CL,CLX,CMCSA,CMS,COST,CPAY,CPB,CRM,CSGP,CTSH,CTVA,CVX,DE,DECK,DIS,DPZ,DRI,DVA,DXCM,EBAY,ECL,EFX,EG,EMR,EOG,ESS,EW,EXPD,FANG,FAST,FCX,FDS,FDX,FISV,FOX,FOXA,GDDY,GEN,GIS,GS,HAS,HON,HRL,HSIC,HUBB,ICE,IEX,IP,IR,JBL,JCI,JPM,KHC,KKR,KMB,KMI,KVUE,LEN,LOW,LYB,LYV,MA,MCHP,MCO,MDLZ,MELI,MET,MKC,MO,MSCI,MSI,MSTR,MTCH,NTAP,NUE,NWS,ON,PAYC,PAYX,PG,PGR,PH,PRU,PTC,RCL,RMD,ROK,RSG,SJM,SNPS,SPGI,SPY,T,TAP,TDG,TMUS,TPL,TPR,TRMB,TSCO,TSN,TT,TXN,UDR,UPS,VRSK,WM,WY,ZBH,ZBRA,ZTS",123,139,[],[]
2025-10-23,"ABBV,ADM,ADP,ADSK,AEE,AES,ALNY,AMAT,ANET,APH,ARM,ATO,AXP,BG,BIIB,BK,BLK,CAH,CAT,CBOE,CCL,CIEN,CME,CNP,COIN,COR,CPRT,CRH,CRWD,CSX,D,DAL,DASH,DDOG,DG,DTE,EA,ED,EIX,ELV,EME,ES,ETN,ETR,EVRG,EXC,F,FE,FICO,FSLR,GEV,GILD,GLW,GWW,HII,HLT,HOOD,HSY,IBM,IDXX,INTC,INTU,IRM,JBHT,LH,LHX,LMT,LNT,MCK,MLM,MNST,MPWR,MRVL,MU,NDSN,NEE,NEM,NOC,NOW,NRG,NSC,NVDA,ODFL,ORCL,OTIS,PANW,PCG,PEG,PEP,PLTR,PODD,PPL,PSKY,REG,REGN,ROL,ROST,SHW,SNDK,SO,SRE,STE,STLD,STX,TER,TSLA,TTWO,ULTA,UNH,UNP,VLTO,VMC,VTR,WAB,WBD,WDAY,WDC,WEC,WMT,WST,XEL,XOM,XYL,^VIX","ABNB,ABT,ACN,AJG,ALB,ALGN,AMCR,AMP,AMZN,APD,APO,ARES,AVB,AXON,BA,BALL,BAX,BF.B,BKNG,BLDR,BR,BRK.B,BRO,BX,CARR,CCI,CDNS,CHD,CL,CLX,CMCSA,CMS,COST,CPAY,CPB,CRM,CSGP,CTSH,CTVA,CVX,DE,DECK,DIS,DPZ,DRI,DVA,DXCM,EBAY,ECL,EFX,EG,EMR,EOG,ESS,EW,EXPD,FANG,FAST,FCX,FDS,FDX,FISV,FOX,FOXA,GDDY,GEN,GIS,GS,HRL,HSIC,HUBB,ICE,IEX,IP,IR,JBL,JCI,JPM,KHC,KKR,KMB,KMI,KVUE,LEN,LOW,LYB,LYV,MA,MCHP,MCO,MDLZ,MELI,MET,MKC,MO,MSCI,MSI,MSTR,MTCH,NTAP,NUE,NWS,ON,PAYC,PAYX,PG,PGR,PH,PRU,PTC,RCL,RMD,ROK,RSG,SJM,SNPS,SPGI,SPY,T,TAP,TDG,TMUS,TPL,TPR,TRMB,TSCO,TSN,TT,TXN,UDR,UPS,VRSK,WM,WY,ZBH,ZBRA,ZTS",124,137,[],[]
2025-10-24,"ABBV,ADM,ADP,ADSK,AEE,AES,ALNY,AMAT,ANET,APH,ARM,ATO,AXP,BG,BIIB,BK,BLK,CAH,CAT,CBOE,CCL,CIEN,CME,CNP,COIN,COR,CPRT,CRH,CRWD,CSX,D,DAL,DASH,DDOG,DG,DTE,EA,ED,EIX,ELV,EME,ES,ETN,ETR,EVRG,EXC,F,FE,FICO,FSLR,GEV,GILD,GLW,GWW,HII,HLT,HOOD,HSY,IBKR,IBM,IDXX,INTC,INTU,IRM,JBHT,JNJ,LH,LHX,LMT,LNT,MCK,MLM,MNST,MPWR,MRVL,MU,NDSN,NEE,NEM,NI,NOC,NOW,NRG,NVDA,ODFL,OMC,ORCL,OTIS,PANW,PCG,PEG,PEP,PLTR,PODD,PPL,PSKY,REG,REGN,ROL,ROST,SHW,SNDK,SO,SRE,STE,STLD,STX,TER,TSLA,TTWO,ULTA,UNH,VLTO,VMC,VRTX,VTR,WAB,WBD,WDAY,WDC,WEC,WMT,WST,XEL,XOM,XYL,^VIX","ABNB,ABT,ACN,AJG,ALGN,AMCR,AMP,AMZN,APD,APO,ARES,AVB,AXON,BA,BALL,BAX,BF.B,BKNG,BLDR,BR,BRK.B,BRO,BX,CARR,CCI,CDNS,CHD,CL,CLX,CMCSA,CMS,COST,CPAY,CPB,CRM,CSGP,CTSH,CTVA,CVX,DE,DECK,DIS,DPZ,DRI,DVA,DXCM,EBAY,ECL,EFX,EG,EMR,EOG,ESS,EW,EXPD,FANG,FAST,FCX,FDS,FDX,FISV,FOX,FOXA,GDDY,GEN,GIS,GS,HRL,HSIC,HUBB,ICE,IEX,IP,IR,JBL,JCI,JPM,KHC,KKR,KMB,KMI,KVUE,LEN,LOW,LYB,LYV,MA,MCHP,MCO,MDLZ,MELI,MET,MKC,MO,MSCI,MSI,MSTR,MTCH,NTAP,NUE,NWS,ON,PAYC,PAYX,PG,PGR,PRU,PTC,RCL,RMD,ROK,RSG,SJM,SNPS,SPGI,SPY,T,TAP,TDG,TMUS,TPL,TPR,TRMB,TSCO,TSN,TT,TXN,UDR,UPS,VRSK,WM,WY,ZBH,ZBRA,ZTS",127,135,[],[]
2025-10-27,"A,ABBV,ADM,ADP,ADSK,AEE,AEP,AES,ALNY,AMAT,ANET,APH,ARM,ATO,AXP,BG,BIIB,BK,BLK,CAH,CAT,CBOE,CCL,CIEN,CME,CNP,COIN,COR,CPRT,CRH,CRL,CRWD,CSX,D,DAL,DASH,DDOG,DELL,DG,DHR,DTE,EA,ED,EIX,ELV,EME,ES,ETN,ETR,EVRG,EXC,F,FE,FER,FICO,FSLR,GEV,GILD,GLW,GWW,HII,HLT,HOOD,HSY,IBKR,IBM,IDXX,INTC,INTU,IQV,IRM,JBHT,JNJ,LH,LHX,LLY,LMT,LNT,LW,MCK,MLM,MNST,MPWR,MRK,MRVL,MU,NDSN,NEE,NEM,NI,NOC,NOW,NRG,NVDA,ODFL,OMC,ORCL,OTIS,PANW,PCG,PEG,PEP,PFE,PLTR,PNW,PODD,PPL,PSKY,REG,REGN,ROL,ROST,RVTY,SHW,SNDK,SO,SRE,STE,STLD,STX,TECH,TER,TMO,TSLA,TTWO,ULTA,UNH,VLTO,VMC,VRTX,VTR,WAB,WBD,WDAY,WDC,WEC,WMT,WST,XEL,XOM,XYL,^VIX","ABNB,ABT,ACN,AJG,ALGN,AMCR,AMP,AMZN,APD,APO,ARES,AVB,AXON,BA,BALL,BAX,BF.B,BKNG,BLDR,BR,BRK.B,BRO,BX,CARR,CCI,CDNS,CHD,CL,CLX,CMCSA,CMS,COF,COST,CPAY,CPB,CRM,CSGP,CTSH,CTVA,CVX,DE,DECK,DIS,DPZ,DRI,DVA,DXCM,EBAY,ECL,EFX,EG,EMR,EOG,ESS,EXPD,EXPE,FANG,FAST,FCX,FDS,FDX,FISV,GDDY,GEN,GIS,GPN,GS,HRL,HSIC,HUBB,ICE,IEX,IP,IR,JBL,JCI,JPM,KHC,KKR,KMB,KMI,KVUE,LEN,LOW,LYB,LYV,MA,MCHP,MCO,MDLZ,MET,MKC,MO,MSCI,MSI,MSTR,MTCH,NTAP,NWS,ON,PAYC,PAYX,PG,PGR,PRU,PTC,RCL,RMD,ROK,RSG,SJM,SNPS,SPGI,SPY,SYF,T,TAP,TDG,TMUS,TPL,TPR,TRMB,TSCO,TSN,TT,TXN,UDR,UPS,VRSK,WM,WY,ZBH,ZBRA,ZTS",142,134,[],[]
2025-10-28,"A,ABBV,ADM,ADP,ADSK,AEE,AEP,AES,ALNY,AMAT,AMGN,ANET,APH,ARM,ATO,AXP,BDX,BG,BIIB,BK,BLK,BMY,CAG,CAH,CAT,CBOE,CIEN,CME,CNP,COIN,COR,CPRT,CRH,CRL,CRWD,CSX,D,DAL,DASH,DDOG,DELL,DG,DHR,EA,ED,EIX,ELV,EME,ES,ETN,ETR,EVRG,EXC,F,FE,FER,FICO,FSLR,GEV,GILD,GLW,GWW,HII,HLT,HOOD,HSY,IBKR,IBM,IDXX,INTC,INTU,IQV,IRM,JBHT,JNJ,LHX,LLY,LMT,LNT,LW,MCK,MLM,MNST,MPWR,MRK,MRNA,MRVL,MTD,MU,NDSN,NEE,NEM,NI,NOC,NOW,NRG,NVDA,ODFL,OMC,ORCL,OTIS,PANW,PCG,PEG,PEP,PFE,PLTR,PNW,PODD,PPL,PSKY,REG,REGN,ROL,ROST,RVTY,SHW,SNDK,SRE,STE,STLD,STX,TECH,TER,TMO,TSLA,TTWO,ULTA,UNH,VMC,VRTX,VTR,WAB,WAT,WBD,WDAY,WDC,WEC,WMT,WST,XEL,XOM,XYL,^VIX","ABNB,ABT,ACN,ADI,AJG,ALGN,AMCR,AMP,AMZN,APD,APO,ARES,AVB,AXON,BA,BALL,BAX,BF.B,BKNG,BLDR,BR,BRK.B,BRO,BX,CARR,CCI,CDNS,CHD,CL,CLX,CMCSA,CMS,COF,COST,CPAY,CPB,CRM,CSGP,CTSH,CTVA,CVX,DE,DECK,DGX,DIS,DPZ,DRI,DVA,DXCM,EBAY,ECL,EFX,EG,EMR,EOG,ESS,EXPD,EXPE,FANG,FAST,FCX,FDS,FDX,FISV,GDDY,GEN,GIS,GPN,GS,HD,HRL,HSIC,ICE,IEX,IP,IR,JBL,JCI,JPM,KHC,KKR,KMB,KMI,KVUE,LEN,LOW,LYB,LYV,MA,MCHP,MCO,MDLZ,MET,META,MKC,MO,MSI,MSTR,MTCH,NTAP,NWS,NWSA,ON,PAYC,PAYX,PG,PGR,PRU,PTC,RCL,RJF,RMD,ROK,RSG,SCHW,SJM,SNPS,SPGI,SPY,SYF,T,TAP,TDG,TMUS,TPL,TPR,TRMB,TSCO,TSN,TT,TXN,TYL,UDR,VRSK,WM,WY,ZBH,ZBRA,ZTS",144,139,[],[]
2025-10-29,"A,ABBV,ADM,AEP,AES,ALNY,AMAT,AMD,AMGN,ANET,APH,ARM,AXP,BDX,BG,BIIB,BK,BLK,BMY,CAH,CAT,CBOE,CIEN,CME,CNP,COIN,COR,CRH,CRWD,CSX,DAL,DASH,DDOG,DELL,DG,DHR,EA,EIX,ELV,EME,ES,ETN,ETR,EVRG,EXC,F,FE,FER,FSLR,GEV,GILD,GLW,GWW,HII,HLT,HOOD,IBKR,IBM,IDXX,INSM,INTC,IQV,IRM,JBHT,JNJ,LHX,LLY,LMT,LNT,MCK,MLM,MPWR,MRK,MRNA,MRVL,MTD,MU,NDSN,NEE,NEM,NOC,NOW,NRG,NVDA,ODFL,ORCL,OTIS,PANW,PCG,PFE,PLTR,PODD,PPL,PSKY,REGN,ROST,RVTY,SHW,SNDK,SRE,STE,STLD,STX,TECH,TER,TMO,TSLA,TTWO,ULTA,UNH,VMC,VRTX,VTR,WAB,WAT,WBD,WDAY,WDC,WEC,WMT,WST,XEL,XOM,XYL,^VIX","ABNB,ABT,ACN,ADI,AJG,ALGN,AMCR,AMP,AMZN,APD,APO,ARES,AVB,AXON,BA,BALL,BAX,BF.B,BKNG,BLDR,BR,BRK.B,BRO,BX,C,CARR,CCI,CDNS,CHD,CL,CLX,CMCSA,CMS,COF,COST,CPAY,CPB,CRM,CSGP,CTVA,CVX,DE,DECK,DGX,DIS,DPZ,DRI,DVA,DXCM,EBAY,ECL,EFX,EG,EMR,EOG,ESS,EXPD,EXPE,FANG,FAST,FCX,FDS,FDX,FISV,GDDY,GEN,GIS,GPN,GS,HD,HRL,HSIC,ICE,IP,IR,JCI,JPM,KHC,KKR,KMB,KMI,KVUE,LEN,LOW,LYB,LYV,MA,MAA,MCHP,MCO,MDLZ,MET,META,MKC,MO,MSI,MSTR,MTCH,NTAP,NWS,NWSA,ON,OXY,PAYC,PAYX,PG,PGR,PRU,PTC,RCL,RJF,RMD,ROK,RSG,SCHW,SJM,SNPS,SPGI,SPY,SYF,T,TAP,TDG,TMUS,TPL,TPR,TRMB,TSCO,TSN,TT,TXN,TYL,UDR,VRSK,WM,WY,ZBH,ZBRA,ZTS",125,139,[],[]
2025-10-30,"A,ABBV,ADM,AEP,AES,AMAT,AMD,AMGN,ANET,APH,ARM,AXP,BDX,BEN,BG,BIIB,BK,BLK,BMY,CAH,CAT,CBOE,CIEN,CME,CNP,COIN,COR,CRH,CRWD,CSX,DAL,DASH,DDOG,DELL,DG,DHR,EA,EIX,ES,ETN,ETR,EVRG,EXC,F,FE,FER,FSLR,GEV,GILD,GLW,GWW,HII,HLT,HOOD,HUM,IBKR,IBM,IDXX,INSM,INTC,IQV,IRM,JBHT,JNJ,LHX,LLY,LMT,LNT,MCK,MDT,MLM,MPWR,MRK,MRNA,MRVL,MTD,MU,NDSN,NEE,NEM,NOC,NOW,NRG,NVDA,ODFL,OTIS,PANW,PCG,PFE,PLTR,PPL,PSKY,REGN,ROST,SHW,SNDK,SRE,STE,STLD,STX,TER,TMO,TSLA,TTWO,ULTA,UNH,VMC,VRTX,VTR,WAB,WAT,WBD,WDAY,WDC,WMT,WST,XEL,XOM,XYL,^VIX","ABNB,ABT,ACN,ADI,AJG,ALGN,AMCR,AMP,AMZN,APD,APO,ARES,AVB,AXON,BA,BALL,BAX,BF.B,BKNG,BLDR,BR,BRK.B,BRO,BX,C,CARR,CCI,CDNS,CHD,CL,CLX,CMCSA,CMS,COF,COST,CPAY,CPB,CRM,CSGP,CTVA,CVX,DE,DECK,DGX,DIS,DPZ,DRI,DVA,DXCM,EBAY,ECL,EFX,EG,EMR,EOG,ESS,EXPD,EXPE,FANG,FAST,FCX,FDS,FDX,FISV,GDDY,GEN,GIS,GL,GPN,GS,HD,HRL,HSIC,ICE,IP,IR,JCI,JPM,KHC,KKR,KMB,KMI,KVUE,LEN,LOW,LYB,LYV,MA,MAA,MCHP,MCO,MDLZ,MET,META,MKC,MO,MSI,MSTR,MTCH,NTAP,NWS,NWSA,ON,OXY,PAYC,PAYX,PG,PGR,PRU,PTC,RCL,RJF,RMD,ROK,RSG,SCHW,SJM,SNPS,SPGI,SPY,SYF,T,TAP,TDG,TMUS,TPL,TPR,TRMB,TSCO,TSN,TXN,TYL,UDR,VRSK,WM,WY,WYNN,ZBH,ZBRA,ZTS",120,140,[],[]
2025-10-31,"A,ADM,AEP,AES,AMAT,AMD,AMGN,ANET,APH,ARM,AXP,BDX,BEN,BG,BIIB,BK,BLK,BMY,CAH,CAT,CBOE,CIEN,CME,COIN,COR,CRH,CRWD,CSX,DAL,DASH,DDOG,DELL,DG,DHR,EA,EIX,ES,ETN,ETR,EVRG,F,FE,FER,FSLR,GEV,GILD,GLW,GWW,HII,HLT,HOOD,HUM,IBKR,IBM,IDXX,INSM,INTC,IQV,IRM,JBHT,JNJ,LHX,LLY,LMT,LNT,MCK,MDT,MLM,MRK,MRNA,MRVL,MSFT,MTD,MU,NDSN,NEE,NEM,NOC,NOW,NRG,NVDA,ODFL,OTIS,PANW,PCG,PFE,PLTR,PPL,REGN,ROST,SHW,SNDK,SRE,STE,STLD,STX,TER,TMO,TSLA,TTD,TTWO,ULTA,UNH,VMC,VRTX,VTR,WAB,WAT,WBD,WDAY,WDC,WMT,WST,XEL,XOM,XYL,^VIX","ABNB,ABT,ACN,ADI,AJG,ALGN,AMCR,AMP,APD,APO,ARE,ARES,AVB,AXON,BA,BALL,BAX,BF.B,BKNG,BLDR,BR,BRK.B,BRO,BX,C,CARR,CCI,CDNS,CL,CLX,CMCSA,CMS,COF,COST,CPAY,CPB,CPT,CRM,CSGP,CTVA,CVX,DE,DECK,DGX,DIS,DPZ,DRI,DVA,DXCM,EBAY,ECL,EFX,EG,EMR,EOG,ESS,EXPD,EXPE,FANG,FAST,FCX,FDS,FDX,FISV,GDDY,GEN,GIS,GL,GPN,GS,HD,HRL,HSIC,HST,ICE,INVH,IP,IR,JCI,JPM,KHC,KKR,KMB,KMI,KVUE,LEN,LOW,LYB,LYV,MA,MAA,MCHP,MCO,MDLZ,MET,META,MKC,MO,MSI,MSTR,MTB,MTCH,NTAP,NWS,NWSA,ON,OXY,PAYC,PAYX,PG,PGR,PRU,PTC,RCL,RJF,RMD,ROK,RSG,SBUX,SCHW,SJM,SNPS,SPG,SPGI,SPY,SYF,T,TAP,TDG,TMUS,TPL,TPR,TRMB,TSCO,TSN,TXN,TYL,UDR,VRSK,VZ,WM,WY,WYNN,ZBH,ZBRA,ZTS",117,146,[],[]
2025-11-03,"A,ADM,AEP,AES,AMAT,AMD,AMGN,ANET,APH,ARM,AXP,BDX,BEN,BG,BIIB,BK,BLK,BMY,CAH,CAT,CBOE,CIEN,CME,COIN,COR,CRH,CRWD,CSX,CTRA,DAL,DDOG,DELL,DG,DHR,EA,EIX,ES,ETN,ETR,EVRG,F,FE,FER,FSLR,GEV,GILD,GLW,GWW,HII,HLT,HOOD,HUM,IBKR,IBM,IDXX,INSM,INTC,IQV,IRM,JBHT,JNJ,LHX,LLY,LMT,LNT,MCK,MDT,MLM,MRNA,MRVL,MSFT,MTD,MU,NDSN,NEE,NEM,NOC,NOW,NRG,NVDA,ODFL,OTIS,PANW,PCG,PFE,PLTR,PPL,PYPL,REGN,ROST,SHW,SNDK,SRE,STE,STLD,STX,TER,TMO,TSLA,TTD,TTWO,ULTA,VMC,VRTX,VTR,WAB,WAT,WBD,WDAY,WDC,WMT,WST,XEL,XOM,XYL,^VIX","ABNB,ABT,ACN,ADI,AJG,ALGN,AMCR,AMP,APD,APO,ARE,ARES,AVB,AXON,BA,BALL,BAX,BF.B,BKNG,BLDR,BR,BRK.B,BRO,BX,C,CARR,CCI,CDNS,CL,CLX,CMCSA,CMS,COF,COST,CPAY,CPB,CPT,CRM,CSGP,CTVA,CVX,DE,DECK,DGX,DHI,DIS,DPZ,DRI,DVA,DXCM,EBAY,ECL,EFX,EG,EMR,EOG,ESS,EXPD,EXPE,FANG,FAST,FCX,FDS,FDX,FISV,GDDY,GEN,GIS,GL,GPN,GS,HD,HRL,HSIC,HST,ICE,INVH,IP,IR,JCI,JPM,KHC,KKR,KMB,KMI,KVUE,LEN,LOW,LYB,LYV,MA,MAA,MCHP,MCO,MDLZ,MET,META,MKC,MO,MSI,MSTR,MTB,MTCH,NTAP,NWS,NWSA,NXPI,ON,ORLY,OXY,PAYC,PAYX,PG,PGR,PRU,PTC,RCL,RJF,RMD,ROK,RSG,SBUX,SCHW,SJM,SNPS,SPG,SPGI,SPY,SYF,SYY,T,TAP,TDG,TMUS,TPL,TPR,TRMB,TSCO,TSN,TXN,TYL,UDR,VICI,VRSK,VZ,WM,WY,WYNN,YUM,ZBH,ZBRA,ZS,ZTS",116,153,[],[]
2025-11-04,"A,ADM,AEP,AES,AMAT,AMD,AMGN,ANET,APH,AXP,BDX,BEN,BG,BIIB,BK,BLK,BMY,CAH,CAT,CBOE,CIEN,CME,COR,CRH,CRWD,CSCO,CSX,CTRA,DAL,DDOG,DELL,DG,DHR,EA,EIX,ES,ETN,ETR,EVRG,F,FE,FER,FSLR,GEV,GILD,GLW,GWW,HII,HLT,HOOD,HUM,IBKR,IBM,IDXX,INSM,INTC,IQV,IRM,JBHT,JNJ,LHX,LLY,LMT,LNT,MCK,MDT,MLM,MRNA,MRVL,MSFT,MTD,MU,NDSN,NEE,NEM,NOC,NOW,NRG,NVDA,ODFL,OTIS,PANW,PCG,PFE,PLTR,PPL,PYPL,REGN,ROST,SHW,SNDK,SRE,STE,STLD,STX,TER,TMO,TSLA,TTD,TTWO,ULTA,VMC,VRTX,VTR,WAB,WAT,WBD,WDAY,WDC,WMT,WST,XEL,XOM,XYL,^VIX","ABNB,ABT,ACN,ADI,AJG,ALGN,AMCR,AMP,AOS,APD,APO,ARE,ARES,AVB,AXON,BA,BALL,BAX,BF.B,BKNG,BLDR,BR,BRK.B,BRO,BX,C,CARR,CCI,CDNS,CL,CLX,CMCSA,CMS,COF,COST,CPAY,CPB,CPT,CRM,CSGP,CTVA,CVX,DE,DECK,DGX,DHI,DIS,DPZ,DRI,DVA,DXCM,EBAY,ECL,EFX,EG,EMR,EOG,ESS,EXPE,FANG,FAST,FCX,FDS,FDX,FISV,GDDY,GEN,GIS,GL,GPC,GPN,GS,HBAN,HD,HRL,HST,ICE,INVH,IP,IR,JCI,JPM,KHC,KKR,KMB,KMI,KVUE,LEN,LOW,LYB,LYV,MA,MAA,MCHP,MCO,MDLZ,MET,META,MKC,MO,MSI,MSTR,MTB,MTCH,NTAP,NVR,NWS,NWSA,NXPI,ON,ORLY,OXY,PAYC,PAYX,PFG,PG,PGR,PHM,PNC,PRU,PTC,RCL,RF,RJF,RMD,ROK,RSG,SBUX,SCHW,SJM,SNPS,SPGI,SPY,SYF,SYY,T,TAP,TDG,TMUS,TPL,TPR,TRMB,TSCO,TSN,TXN,TYL,UDR,VICI,VRSK,VZ,WM,WY,WYNN,ZBH,ZBRA,ZS,ZTS",115,157,[],[]
2025-11-05,"A,ADM,AEP,AES,AMAT,AMD,AMGN,APH,AXP,BDX,BEN,BG,BIIB,BK,BLK,BMY,CAH,CAT,CBOE,CIEN,CME,COR,CRH,CRWD,CSCO,CSX,CTRA,DAL,DDOG,DELL,DG,DHR,EA,EIX,ES,ETN,ETR,EVRG,F,FE,FER,FSLR,GEV,GILD,GLW,GWW,HII,HLT,HOOD,IBKR,IBM,IDXX,INSM,INTC,IQV,IRM,JBHT,JNJ,LHX,LLY,LMT,LNT,MCK,MDT,MLM,MRNA,MRVL,MSFT,MTD,MU,NDAQ,NDSN,NEE,NEM,NOC,NOW,NRG,NVDA,ODFL,OTIS,PANW,PCG,PFE,PLTR,PPL,PYPL,REGN,ROST,SHW,SNDK,SRE,STE,STLD,STX,TER,TMO,TSLA,TTD,TTWO,UAL,ULTA,VMC,VRTX,VTR,WAB,WAT,WBD,WDAY,WDC,WMT,WST,XEL,XOM,XYL,^VIX","ABNB,ABT,ACN,ADI,AJG,ALGN,AMCR,AMP,AOS,APD,APO,APTV,ARE,ARES,AVB,AXON,BA,BALL,BAX,BF.B,BKNG,BLDR,BR,BRK.B,BRO,BX,BXP,C,CARR,CCI,CDNS,CHTR,CL,CLX,CMCSA,CMS,COF,COST,CPAY,CPB,CPT,CRM,CSGP,CTVA,CVX,DE,DECK,DGX,DHI,DIS,DOC,DPZ,DRI,DVA,DXCM,EBAY,ECL,EFX,EG,EMR,EOG,ESS,EXPE,FANG,FAST,FCX,FDS,FDX,FISV,GDDY,GEN,GIS,GL,GPC,GPN,GS,HBAN,HD,HIG,HRL,HST,ICE,INVH,IP,IR,JPM,KHC,KKR,KMB,KMI,KVUE,LEN,LOW,LYB,LYV,MA,MAA,MAS,MCHP,MCO,MDLZ,MET,META,MKC,MO,MSI,MSTR,MTB,MTCH,NTAP,NVR,NWS,NWSA,NXPI,ON,ORLY,OXY,PAYC,PAYX,PFG,PG,PGR,PHM,PNC,PPG,PRU,PTC,RCL,RF,RJF,RMD,ROK,RSG,SBUX,SCHW,SJM,SNPS,SPGI,SPY,SWK,SYF,SYY,T,TAP,TDG,TKO,TMUS,TPL,TPR,TRMB,TRV,TSCO,TSN,TXN,TYL,UDR,VICI,VRSK,VRSN,VZ,WM,WTW,WY,WYNN,ZBH,ZBRA,ZS,ZTS",115,168,[],[]
2025-11-06,"A,ADM,AEP,AES,AMAT,AMD,AMGN,APH,AXP,BDX,BEN,BG,BIIB,BK,BLK,BMY,CAH,CAT,CBOE,CIEN,CME,COR,CRH,CRWD,CSCO,CSX,CTRA,DAL,DDOG,DHR,EA,EIX,ES,ETN,ETR,F,FE,FER,FSLR,GEV,GILD,GLW,GWW,HII,HLT,IBKR,IBM,IDXX,INSM,INTC,IQV,IRM,JBHT,JNJ,LHX,LLY,LMT,LNT,MCK,MDT,MLM,MRNA,MRVL,MSFT,MTD,MU,NDAQ,NDSN,NEE,NEM,NOC,NOW,NRG,ODFL,OTIS,PANW,PCG,PFE,PLTR,PPL,PYPL,REGN,ROST,SHW,SNDK,SRE,STE,STLD,STX,TER,TMO,TSLA,TTD,TTWO,UAL,ULTA,VMC,VRTX,VTR,WAB,WAT,WBD,WDC,WMT,WST,XEL,XOM,XYL,^VIX","ABNB,ABT,ACN,ADI,AJG,AKAM,ALGN,ALLE,AMCR,AMP,AOS,APO,APTV,ARE,ARES,ASML,AVB,AVGO,AXON,BA,BALL,BAX,BBY,BF.B,BKNG,BLDR,BR,BRK.B,BRO,BX,BXP,C,CARR,CCI,CDNS,CDW,CFG,CHTR,CL,CLX,CMCSA,CMS,COF,COP,COST,CPAY,CPB,CPT,CRM,CSGP,CTVA,CVNA,CVX,DE,DECK,DGX,DHI,DIS,DOC,DPZ,DRI,DVA,DVN,DXCM,EBAY,ECL,EFX,EG,EL,EMR,EOG,EQT,ESS,EXPE,FANG,FAST,FCX,FDS,FDX,FISV,FITB,FTNT,FTV,GDDY,GE,GEHC,GEN,GIS,GL,GPC,GPN,GRMN,GS,HBAN,HD,HIG,HRL,HWM,ICE,INVH,IP,IR,IVZ,JPM,KEY,KHC,KKR,KMB,KMI,KVUE,LEN,LIN,LOW,LRCX,LYB,LYV,MA,MAA,MAS,MCHP,MCO,MDLZ,MET,META,MGM,MKC,MO,MOS,MSI,MSTR,MTB,MTCH,NCLH,NKE,NTAP,NTRS,NVR,NWS,NWSA,NXPI,OKE,ON,ORLY,OXY,PAYC,PAYX,PDD,PFG,PG,PGR,PHM,PKG,PNC,PNR,PPG,PRU,PTC,QQQ,RCL,RF,RJF,RL,RMD,ROK,RSG,SBUX,SCHW,SHOP,SJM,SNPS,SOLV,SPGI,SPY,STT,SWK,SYF,SYY,T,TAP,TDG,TDY,TEL,TFC,TKO,TMUS,TPR,TRMB,TROW,TRV,TSCO,TSN,TXN,TXT,TYL,UBER,UDR,UHS,URI,USB,VICI,VRSK,VRSN,VZ,WM,WSM,WTW,WY,WYNN,XYZ,ZBH,ZBRA,ZS,ZTS",109,213,[],[]
2025-11-07,"A,ADM,AEP,AES,AMAT,AMD,AMGN,APH,AXP,BDX,BEN,BG,BIIB,BK,BLK,BMY,CAH,CAT,CBOE,CIEN,CME,COR,CRH,CRWD,CSCO,CSX,CTRA,DAL,DDOG,DHR,EA,EIX,ES,ETN,ETR,F,FE,FER,FSLR,GEV,GILD,GLW,GWW,HII,HLT,IBKR,IBM,IDXX,INSM,INTC,IQV,IRM,JBHT,JNJ,KDP,LHX,LLY,LNT,MCK,MDT,MLM,MRNA,MRVL,MSFT,MTD,MU,NDAQ,NDSN,NEE,NEM,NOC,NOW,NRG,ODFL,OTIS,PANW,PCG,PFE,PLTR,PPL,PYPL,REGN,ROST,SHW,SNDK,SRE,STE,STLD,STX,TER,TMO,TSLA,UAL,ULTA,VMC,VRTX,VTR,WAB,WAT,WBD,WDC,WMT,WST,XEL,XOM,XYL,^VIX","ABNB,ABT,ACN,ADI,AJG,ALGN,ALLE,AMCR,AMP,AON,AOS,APO,APTV,ARE,ARES,ASML,AVB,AVGO,AXON,BA,BALL,BAX,BBY,BF.B,BKNG,BLDR,BR,BRO,BX,BXP,C,CARR,CCI,CDNS,CDW,CFG,CHTR,CL,CLX,CMCSA,CMS,COF,COP,COST,CPAY,CPB,CPT,CRM,CSGP,CTVA,CVNA,CVX,DE,DECK,DGX,DHI,DIS,DOC,DPZ,DRI,DVA,DVN,DXCM,EBAY,ECL,EFX,EG,EL,EMR,EOG,EQT,ESS,FANG,FAST,FCX,FDS,FDX,FISV,FITB,FTNT,FTV,GDDY,GE,GEHC,GEN,GIS,GL,GPC,GPN,GRMN,GS,HBAN,HD,HIG,HRL,HWM,ICE,INVH,IP,IR,IVZ,JPM,KHC,KKR,KMB,KMI,KVUE,LEN,LIN,LOW,LRCX,LYB,LYV,MA,MAA,MAS,MCHP,MCO,MDLZ,MET,META,MGM,MKC,MO,MOS,MSI,MSTR,MTB,MTCH,NCLH,NKE,NTAP,NTRS,NVR,NWS,NXPI,OKE,ON,ORLY,OXY,PAYC,PAYX,PDD,PFG,PG,PHM,PKG,PNC,PNR,PPG,PRU,PTC,QQQ,RCL,RJF,RL,RMD,ROK,RSG,SBUX,SCHW,SHOP,SJM,SNPS,SPGI,SPY,STT,SWK,SYF,SYY,T,TAP,TDG,TDY,TEL,TFC,TKO,TMUS,TPR,TRMB,TROW,TRV,TSCO,TSN,TXN,TXT,TYL,UBER,UDR,UHS,URI,USB,VICI,VRSK,VRSN,VZ,WM,WSM,WTW,WY,WYNN,XYZ,ZBH,ZBRA,ZS,ZTS",107,206,[],[]
2025-11-10,"A,ADM,AEP,AES,AMAT,AMD,AMGN,APH,AXP,BDX,BEN,BG,BIIB,BK,BLK,BMY,CAH,CAT,CBOE,CIEN,CME,COR,CRH,CRWD,CSCO,CSX,CTRA,DAL,DDOG,DHR,DLTR,EA,EIX,ES,ETN,ETR,F,FE,FER,FSLR,GEV,GILD,GLW,GNRC,GWW,HII,HLT,IBKR,IBM,IDXX,INSM,INTC,IQV,IRM,JBHT,JNJ,KDP,LHX,LLY,LNT,MCK,MDT,MLM,MRNA,MRVL,MSFT,MTD,MU,NDAQ,NDSN,NEE,NEM,NOC,NOW,NRG,ODFL,OTIS,PANW,PCG,PFE,PLTR,PPL,PYPL,REGN,ROST,SHW,SNDK,SRE,STE,STLD,STX,TER,TJX,TMO,TSLA,UAL,ULTA,VMC,VRTX,VTR,WAB,WAT,WBD,WDC,WFC,WMT,WST,XEL,XOM,XYL,^VIX","ABNB,ABT,ACN,ADI,AJG,ALGN,ALLE,AMCR,AMP,AON,AOS,APO,APTV,ARE,ARES,ASML,AVB,AVGO,AXON,BA,BALL,BAX,BBY,BF.B,BKNG,BLDR,BR,BRO,BX,BXP,C,CARR,CCI,CDNS,CDW,CFG,CHTR,CL,CLX,CMCSA,CMS,COF,COP,COST,CPAY,CPB,CPT,CRM,CSGP,CVNA,CVX,DE,DECK,DGX,DHI,DIS,DOC,DPZ,DRI,DVA,DVN,DXCM,EBAY,ECL,EFX,EG,EL,EMR,EOG,EQT,ESS,FANG,FAST,FCX,FDS,FDX,FISV,FITB,FTNT,FTV,GDDY,GE,GEHC,GEN,GIS,GL,GPC,GPN,GRMN,GS,HBAN,HD,HIG,HRL,HWM,ICE,INVH,IP,IR,IVZ,JPM,KHC,KKR,KMB,KMI,KVUE,LEN,LIN,LOW,LRCX,LYB,LYV,MA,MAA,MAS,MCHP,MCO,MDLZ,MET,META,MGM,MKC,MO,MOS,MSI,MSTR,MTB,MTCH,NCLH,NKE,NTAP,NTRS,NVR,NWS,NXPI,OKE,ON,ORLY,OXY,PAYC,PAYX,PDD,PFG,PG,PHM,PKG,PNC,PNR,PPG,PRU,PTC,QQQ,RCL,RJF,RL,RMD,ROK,RSG,SBUX,SCHW,SHOP,SJM,SNPS,SPGI,SPY,SWK,SYF,SYY,T,TAP,TDG,TDY,TEL,TFC,TKO,TMUS,TPR,TRMB,TROW,TRV,TSCO,TSN,TXN,TXT,TYL,UBER,UDR,UHS,URI,USB,VICI,VRSK,VRSN,VZ,WM,WSM,WTW,WY,WYNN,XYZ,ZBH,ZBRA,ZS,ZTS",111,204,[],[]
2025-11-11,"A,ADM,AEP,AES,AMAT,AMD,AMGN,APH,AXP,BAC,BDX,BEN,BG,BIIB,BK,BLK,BMY,CAH,CAT,CBOE,CIEN,CME,COR,CRH,CRWD,CSCO,CSX,CTRA,DAL,DDOG,DHR,DLTR,EA,EIX,ES,ETN,ETR,F,FE,FER,FSLR,GEV,GILD,GLW,GNRC,GWW,HII,HLT,IBKR,IBM,IDXX,INCY,INSM,INTC,IQV,IRM,J,JBHT,JNJ,KDP,LHX,LLY,LNT,MCK,MDT,MLM,MRNA,MRVL,MS,MSFT,MTD,MU,NDAQ,NDSN,NEE,NEM,NOC,NOW,NRG,ODFL,OTIS,PANW,PCG,PFE,PLD,PLTR,PPL,PYPL,REGN,ROST,SBAC,SHW,SNDK,SRE,STE,STLD,STX,TER,TJX,TMO,TSLA,UAL,ULTA,VMC,VRTX,VTR,WAB,WAT,WBD,WDC,WELL,WFC,WMT,WST,XEL,XOM,XYL,^VIX","ABNB,ABT,ACN,ADI,AJG,ALGN,ALLE,AMCR,AMP,AON,AOS,APO,APTV,ARE,ARES,ASML,AVB,AVGO,AXON,BA,BALL,BAX,BBY,BF.B,BKNG,BLDR,BR,BRO,BX,BXP,C,CARR,CCI,CDNS,CDW,CFG,CHTR,CL,CLX,CMCSA,COF,COST,CPAY,CPT,CRM,CSGP,CVNA,CVX,DE,DECK,DHI,DOC,DPZ,DRI,DVA,DXCM,EBAY,ECL,EFX,EG,EL,EMR,ESS,FAST,FCX,FDS,FISV,FITB,FTNT,FTV,GDDY,GE,GEHC,GEN,GIS,GL,GPC,GPN,GRMN,GS,HBAN,HD,HIG,HRL,HWM,ICE,INVH,IP,IR,IVZ,JPM,KHC,KKR,KMB,KMI,KVUE,LEN,LIN,LOW,LRCX,LYB,LYV,MA,MAA,MAS,MCHP,MCO,MDLZ,MET,META,MGM,MKC,MO,MOS,MSI,MSTR,MTB,MTCH,NCLH,NKE,NTAP,NTRS,NVR,NWS,NXPI,OKE,ON,ORLY,OXY,PAYC,PAYX,PDD,PFG,PG,PHM,PKG,PNC,PNR,PPG,PRU,PTC,QQQ,RCL,RJF,RL,RMD,ROK,RSG,SBUX,SCHW,SHOP,SJM,SNPS,SPGI,SPY,SWK,SYF,SYY,T,TAP,TDG,TDY,TEL,TFC,TKO,TMUS,TPR,TRMB,TROW,TSCO,TSN,TXN,TXT,TYL,UBER,UDR,UHS,URI,USB,VICI,VRSK,VRSN,VZ,WM,WSM,WTW,WY,WYNN,XYZ,ZBH,ZBRA,ZS,ZTS",118,193,[],[]
2025-11-12,"A,ADM,AEP,AES,AMAT,AMD,AMGN,APH,AXP,BAC,BDX,BEN,BG,BIIB,BK,BLK,BMY,CAH,CAT,CBOE,CIEN,CME,COR,CRH,CRWD,CSCO,CSX,CTRA,DAL,DDOG,DHR,DLTR,EA,EIX,ES,ETN,ETR,F,FE,FER,FSLR,GEV,GILD,GLW,GNRC,GWW,HII,HLT,IBKR,IBM,IDXX,INCY,INSM,INTC,IQV,IRM,J,JBHT,JNJ,KDP,LHX,LLY,LNT,MCK,MDT,MLM,MRNA,MRVL,MS,MSFT,MTD,MU,NDAQ,NDSN,NEE,NEM,NOC,NOW,NRG,ODFL,OTIS,PANW,PCG,PFE,PLD,PLTR,PPL,PYPL,REGN,ROST,SBAC,SHW,SNA,SNDK,SRE,STE,STLD,STX,TER,TJX,TMO,TSLA,UAL,ULTA,VMC,VRTX,VTR,WAB,WAT,WBD,WDC,WELL,WFC,WMT,WST,XEL,XOM,XYL,^VIX","ABNB,ACGL,ACN,AIG,AJG,ALGN,ALLE,AMCR,AMP,AON,AOS,APO,APTV,ARE,ARES,ASML,AVB,AVGO,AXON,BA,BALL,BAX,BBY,BF.B,BKNG,BLDR,BR,BRO,BX,BXP,C,CARR,CCI,CDNS,CDW,CF,CFG,CHTR,CL,CLX,CMCSA,COF,COST,CPAY,CPT,CRM,CSGP,CVNA,CVX,DE,DECK,DHI,DOC,DPZ,DRI,DVA,DXCM,EBAY,ECL,EFX,EG,EL,EMR,ESS,FAST,FCX,FDS,FFIV,FITB,FTNT,FTV,GDDY,GE,GEHC,GEN,GIS,GL,GPC,GPN,GRMN,HBAN,HD,HIG,HPE,HRL,HWM,ICE,INVH,IP,IR,IVZ,JPM,KHC,KKR,KMB,KMI,KVUE,L,LEN,LIN,LOW,LRCX,LYB,LYV,MA,MAA,MAS,MCHP,MCO,MDLZ,MET,META,MGM,MKC,MO,MOS,MRSH,MSI,MSTR,MTB,MTCH,NCLH,NKE,NTAP,NTRS,NVR,NWS,NXPI,OKE,ON,ORLY,OXY,PAYC,PAYX,PDD,PFG,PG,PHM,PKG,PNC,PNR,PPG,PRU,PTC,QQQ,RCL,RJF,RL,RMD,ROK,RSG,SBUX,SHOP,SJM,SNPS,SPGI,SPY,SWK,SYF,SYY,T,TAP,TDG,TDY,TEL,TFC,TKO,TMUS,TPR,TRMB,TROW,TSCO,TSN,TXN,TXT,TYL,UBER,UDR,UHS,URI,USB,V,VICI,VRSK,VRSN,VZ,WM,WRB,WSM,WTW,WY,WYNN,XYZ,ZBH,ZBRA,ZS,ZTS",119,197,[],[]
2025-11-13,"A,ADM,AEP,AES,AMAT,AMD,AMGN,AXP,BAC,BDX,BEN,BG,BIIB,BK,BLK,BMY,CAH,CAT,CBOE,CIEN,CME,COR,CRH,CRWD,CSCO,CSX,CTRA,DAL,DDOG,DHR,DLTR,EA,EIX,ES,ETN,ETR,F,FE,FER,FSLR,GEV,GILD,GLW,GNRC,GWW,HII,HLT,IBM,IDXX,INCY,INSM,INTC,IQV,J,JBHT,JNJ,KDP,KO,LHX,LLY,LNT,MCK,MDT,MLM,MRNA,MRVL,MS,MSFT,MTD,MU,NDAQ,NDSN,NEE,NEM,NOC,NOW,NRG,ODFL,OTIS,PCG,PFE,PLD,PLTR,PPL,PYPL,REGN,ROST,SBAC,SHW,SNA,SNDK,SRE,STE,STLD,STX,TER,TJX,TMO,UAL,ULTA,VMC,VRTX,VTR,WAB,WAT,WBD,WDC,WELL,WFC,WMT,WST,XEL,XOM,XYL,^VIX","ABNB,ACGL,ACN,AIG,AJG,ALGN,ALLE,AMCR,AMP,AON,AOS,APO,APTV,ARE,ARES,ASML,AVB,AVGO,AXON,BA,BALL,BAX,BBY,BF.B,BKNG,BLDR,BR,BRO,BX,BXP,C,CARR,CCI,CDNS,CDW,CF,CFG,CHTR,CL,CLX,CMCSA,COF,COST,CPAY,CPT,CRM,CSGP,CVNA,CVX,DE,DECK,DHI,DOC,DPZ,DRI,DVA,DXCM,EBAY,ECL,EFX,EG,EL,EMR,ESS,FAST,FCX,FDS,FFIV,FISV,FITB,FTNT,FTV,GDDY,GE,GEHC,GEN,GIS,GL,GPC,GPN,GRMN,HBAN,HD,HIG,HPE,HRL,HWM,ICE,INVH,IP,IR,IVZ,JPM,KHC,KKR,KMB,KMI,KVUE,L,LEN,LIN,LOW,LRCX,LYB,LYV,MA,MAA,MAS,MCHP,MCO,MDLZ,MET,META,MGM,MKC,MO,MOS,MRSH,MSI,MSTR,MTB,MTCH,NCLH,NTAP,NTRS,NVR,NWS,NXPI,OKE,ON,ORLY,OXY,PAYC,PAYX,PDD,PFG,PG,PHM,PKG,PNC,PNR,PPG,PRU,PTC,QQQ,RCL,RJF,RL,RMD,ROK,RSG,SBUX,SHOP,SJM,SNPS,SPGI,SPY,SWK,SYF,SYY,T,TAP,TDG,TDY,TEL,TFC,TKO,TMUS,TPR,TRMB,TROW,TSCO,TSN,TXN,TXT,TYL,UBER,UDR,UHS,URI,USB,V,VICI,VRSK,VRSN,VZ,WM,WRB,WSM,WTW,WY,WYNN,XYZ,ZBH,ZBRA,ZS,ZTS",115,197,[],[]
2025-11-14,"A,AAPL,ADM,AEP,AES,AMAT,AMD,AMGN,BAC,BDX,BEN,BG,BIIB,BK,BLK,BMY,CAH,CAT,CBOE,CIEN,CME,COO,COR,CRWD,CSCO,CSX,CTRA,DAL,DDOG,DHR,DLTR,DOV,EA,EIX,ES,ETN,ETR,F,FE,FER,FSLR,GEV,GILD,GLW,GNRC,GWW,HCA,HII,HLT,HOLX,IBM,IDXX,INCY,INSM,INTC,IQV,ISRG,J,JNJ,KDP,KLAC,KO,LHX,LLY,LNT,MCK,MDT,MLM,MRNA,MRVL,MS,MSFT,MTD,MU,NDAQ,NDSN,NEE,NEM,NOC,NOW,NRG,ODFL,OTIS,PCG,PFE,PLD,PLTR,PPL,PYPL,REGN,ROST,SBAC,SHW,SNDK,SRE,STE,STLD,STX,TER,TJX,TMO,UAL,ULTA,VMC,VRTX,VTR,WAB,WAT,WBD,WDC,WELL,WFC,WMT,WST,XEL,XOM,^VIX","ABNB,ACGL,ACN,AIG,AJG,ALGN,ALLE,AMCR,AMP,AON,AOS,APO,APTV,ARE,ARES,ASML,AVB,AVGO,AXON,BA,BALL,BAX,BBY,BF.B,BKNG,BLDR,BR,BRO,BX,BXP,C,CARR,CCI,CDNS,CDW,CF,CFG,CHTR,CL,CLX,CMCSA,COF,COST,CPAY,CPT,CRM,CSGP,CVNA,CVX,DE,DECK,DHI,DOC,DPZ,DRI,DVA,DXCM,EBAY,ECL,EFX,EG,EL,EMR,ESS,FAST,FCX,FDS,FFIV,FISV,FITB,FTNT,FTV,GDDY,GE,GEHC,GEN,GIS,GL,GPC,GPN,GRMN,HBAN,HD,HIG,HPE,HRL,HWM,ICE,INVH,IP,IR,IVZ,JPM,KHC,KKR,KMB,KMI,KVUE,L,LEN,LIN,LOW,LRCX,LYB,LYV,MA,MAA,MAS,MCHP,MCO,MDLZ,MET,META,MGM,MKC,MO,MOS,MRSH,MSI,MSTR,MTB,MTCH,NCLH,NTAP,NTRS,NVR,NWS,NXPI,OKE,ON,ORLY,OXY,PAYC,PAYX,PDD,PFG,PG,PHM,PKG,PNC,PNR,PPG,PRU,PTC,QQQ,RCL,RJF,RL,RMD,ROK,RSG,SBUX,SHOP,SJM,SNPS,SPGI,SPY,SWK,SYF,SYY,T,TAP,TDG,TDY,TEL,TFC,TKO,TMUS,TPR,TRMB,TROW,TSCO,TSN,TXN,TXT,TYL,UBER,UDR,UHS,URI,USB,V,VICI,VRSK,VRSN,VST,VZ,WM,WRB,WSM,WTW,WY,WYNN,XYZ,ZBH,ZBRA,ZS,ZTS",117,198,[],[]
2025-11-17,"A,AAPL,ADM,AEP,AES,AMAT,AMD,AMGN,BDX,BEN,BG,BIIB,BMY,CAH,CAT,CBOE,CIEN,CME,COO,COR,CRWD,CSCO,CTRA,DAL,DDOG,DHR,DLTR,DOV,EA,EIX,EPAM,ES,ETN,ETR,F,FE,FER,FSLR,GEV,GILD,GLW,GNRC,GWW,HAL,HCA,HII,HLT,HOLX,IBM,IDXX,INCY,INSM,INTC,IQV,ISRG,J,JNJ,KDP,KLAC,KO,LHX,LLY,LNT,MCK,MDT,MLM,MMM,MRNA,MRVL,MS,MSFT,MTD,MU,NDAQ,NDSN,NEE,NEM,NOC,NOW,NRG,ODFL,OTIS,PCAR,PCG,PFE,PLD,PLTR,PPL,PYPL,REGN,ROST,SBAC,SHW,SNDK,SRE,STE,STLD,STX,TEAM,TER,TGT,TJX,TMO,UAL,ULTA,VMC,VRTX,VTR,WAT,WBD,WDC,WELL,WFC,WMT,WST,XEL,XOM,^VIX","ABNB,ACGL,ACN,AIG,AJG,ALGN,ALLE,AMCR,AMP,AON,AOS,APO,APTV,ARE,ARES,ASML,AVB,AVGO,AXON,BA,BALL,BAX,BBY,BF.B,BKNG,BLDR,BR,BRO,BX,BXP,C,CARR,CCI,CDNS,CDW,CEG,CF,CFG,CHTR,CL,CLX,CMCSA,COF,COST,CPAY,CPT,CRM,CSGP,CVNA,CVX,DE,DECK,DHI,DOC,DPZ,DRI,DVA,DXCM,EBAY,ECL,EFX,EG,EL,EMR,ESS,FAST,FCX,FDS,FFIV,FISV,FITB,FTNT,FTV,GDDY,GE,GEHC,GEN,GIS,GL,GPC,GPN,GRMN,HBAN,HD,HIG,HPE,HRL,HWM,ICE,INVH,IP,IR,IVZ,JPM,KHC,KKR,KMB,KMI,KVUE,L,LEN,LIN,LOW,LRCX,LYB,LYV,MA,MAA,MAS,MCHP,MCO,MDLZ,MET,META,MGM,MKC,MO,MOS,MRSH,MSI,MSTR,MTB,MTCH,NCLH,NTAP,NTRS,NVR,NWS,NXPI,OKE,ON,ORLY,OXY,PAYC,PAYX,PDD,PFG,PG,PHM,PKG,PNC,PNR,PPG,PRU,PTC,QQQ,RCL,RJF,RL,RMD,ROK,RSG,SBUX,SHOP,SJM,SNPS,SPGI,SPY,SWK,SYF,SYY,T,TAP,TDG,TDY,TEL,TFC,TKO,TMUS,TPR,TRMB,TROW,TSCO,TSN,TXN,TXT,TYL,UBER,UDR,UHS,URI,USB,V,VICI,VRSK,VRSN,VST,VZ,WM,WRB,WSM,WTW,WY,WYNN,XYZ,ZBH,ZBRA,ZS,ZTS",118,199,[],[]
2025-11-18,"A,AAPL,ADM,AEP,AES,AMAT,AMD,AMGN,BDX,BEN,BG,BIIB,BMY,CAH,CAT,CBOE,CIEN,CME,COO,COR,CRWD,CSCO,CTRA,DAL,DDOG,DHR,DLTR,DOV,EA,EIX,EPAM,ES,ETN,ETR,F,FE,FER,FSLR,GEV,GILD,GLW,GNRC,GWW,HAL,HCA,HII,HLT,HOLX,IDXX,INCY,INSM,INTC,IQV,ISRG,J,JNJ,KDP,KLAC,KO,LHX,LLY,LNT,MCK,MDT,MLM,MMM,MRNA,MRVL,MS,MSFT,MTD,MU,NDAQ,NDSN,NEE,NEM,NOC,NOW,NRG,ODFL,OTIS,PCAR,PCG,PFE,PLD,PLTR,PPL,REGN,ROST,SBAC,SLB,SNDK,SRE,STE,STLD,STX,TEAM,TER,TGT,TJX,TMO,UAL,ULTA,VMC,VRTX,VTR,WAT,WBD,WDC,WELL,WFC,WMT,WST,XEL,XOM,^VIX","ABNB,ACGL,ACN,AIG,AJG,ALGN,ALLE,AMCR,AMP,AON,AOS,APO,APTV,ARE,ARES,ASML,AVB,AVGO,AXON,BA,BALL,BAX,BBY,BF.B,BKNG,BLDR,BR,BRO,BX,BXP,C,CARR,CCI,CDNS,CDW,CEG,CF,CFG,CHTR,CL,CLX,CMCSA,COF,COST,CPAY,CPT,CRM,CSGP,CVNA,CVX,DE,DECK,DHI,DOC,DPZ,DRI,DVA,DXCM,EBAY,ECL,EFX,EG,EL,EMR,ESS,FAST,FCX,FDS,FFIV,FISV,FITB,FTNT,FTV,GDDY,GE,GEHC,GEN,GIS,GL,GPC,GPN,GRMN,HBAN,HD,HIG,HPE,HRL,HWM,ICE,INVH,IP,IR,IVZ,JPM,KHC,KKR,KMB,KMI,KVUE,L,LEN,LII,LIN,LOW,LRCX,LYB,LYV,MA,MAA,MAS,MCHP,MCO,MDLZ,MET,META,MGM,MKC,MO,MOS,MRSH,MSI,MSTR,MTB,MTCH,NCLH,NFLX,NTAP,NTRS,NVR,NWS,NXPI,OKE,ON,ORLY,OXY,PAYC,PAYX,PDD,PFG,PG,PHM,PKG,PNC,PNR,PPG,PRU,PTC,PWR,QQQ,RCL,RJF,RL,RMD,ROK,RSG,SBUX,SHOP,SJM,SNPS,SPGI,SPY,SWK,SYF,SYY,T,TAP,TDG,TDY,TEL,TFC,TKO,TMUS,TPR,TRMB,TROW,TSCO,TSN,TXN,TXT,TYL,UBER,UDR,UHS,URI,USB,V,VICI,VRSK,VRSN,VST,VZ,WM,WRB,WSM,WTW,WY,WYNN,XYZ,ZBH,ZBRA,ZS,ZTS",116,202,[],[]
2025-11-19,"A,AAPL,ADM,AEP,AES,AMAT,AMD,AMGN,APA,BDX,BEN,BG,BIIB,BKR,BMY,CAH,CAT,CBOE,CIEN,COO,COR,CRWD,CSCO,CTRA,DAL,DDOG,DHR,DLTR,DOV,DOW,EA,EIX,EPAM,ETN,ETR,F,FE,FER,FSLR,GEV,GILD,GLW,GNRC,GWW,HAL,HAS,HCA,HII,HLT,HOLX,IDXX,INCY,INSM,INTC,IQV,ISRG,JNJ,KDP,KLAC,KO,LHX,LLY,LNT,LVS,MCK,MDT,MLM,MMM,MRNA,MRVL,MS,MSFT,MTD,MU,NDAQ,NDSN,NEE,NEM,NOC,NOW,NRG,PCAR,PFE,PLD,PLTR,PSX,REGN,ROST,SBAC,SLB,SNDK,SRE,STE,STLD,STX,TEAM,TER,TGT,TJX,TMO,UAL,ULTA,VLO,VMC,VRTX,VTR,WAT,WBD,WDC,WELL,WFC,WMT,WST,XEL,XOM,^VIX","ABNB,ACGL,ACN,AIG,AJG,ALGN,ALLE,AMCR,AMP,AON,AOS,APO,APTV,ARE,ARES,ASML,AVB,AVGO,AXON,AZO,BA,BALL,BAX,BBY,BF.B,BKNG,BLDR,BR,BRO,BX,BXP,C,CARR,CCI,CDNS,CDW,CEG,CF,CFG,CHTR,CL,CLX,CMCSA,COF,COST,CPAY,CPT,CRM,CSGP,CVNA,CVX,DE,DECK,DHI,DOC,DPZ,DRI,DVA,DXCM,EBAY,ECL,EFX,EG,EL,EMR,ESS,FAST,FCX,FDS,FFIV,FISV,FITB,FTNT,FTV,GDDY,GE,GEHC,GEN,GIS,GL,GPC,GPN,GRMN,HBAN,HD,HIG,HPE,HRL,HWM,ICE,INVH,IP,IR,IVZ,JPM,KHC,KKR,KMB,KMI,KVUE,L,LEN,LII,LIN,LOW,LRCX,LUV,LYB,LYV,MA,MAA,MAS,MCHP,MCO,MDLZ,MET,META,MGM,MKC,MO,MOH,MOS,MRSH,MSI,MSTR,MTB,MTCH,NCLH,NFLX,NTAP,NTRS,NVR,NWS,NXPI,OKE,ON,ORLY,OXY,PAYC,PAYX,PDD,PFG,PG,PHM,PKG,PNC,PNR,PPG,PRU,PTC,PWR,QQQ,RCL,RJF,RL,RMD,ROK,ROP,SBUX,SHOP,SJM,SMCI,SNPS,SPGI,SPY,SWK,SYF,SYY,T,TAP,TDG,TDY,TEL,TFC,TKO,TMUS,TPR,TRMB,TROW,TSCO,TSN,TXN,TXT,TYL,UBER,UDR,UHS,URI,USB,V,VICI,VRSK,VRSN,VST,VZ,WMB,WRB,WSM,WTW,WY,WYNN,XYZ,ZBH,ZBRA,ZS,ZTS",116,206,[],[]
2025-11-20,"A,AAPL,ADM,AEP,AES,AMAT,AMGN,APA,BDX,BEN,BG,BIIB,BKR,BMY,CAH,CAT,CBOE,CIEN,COO,COR,CRWD,CSCO,CTRA,DAL,DDOG,DHR,DLTR,DOV,DOW,EA,EIX,EPAM,ETN,ETR,FE,FER,FIX,FSLR,GD,GEV,GILD,GLW,GNRC,GWW,HAS,HCA,HII,HLT,HOLX,IDXX,INCY,INSM,INTC,IQV,ISRG,JNJ,KDP,KLAC,KO,LHX,LLY,LNT,LVS,MCK,MDT,MLM,MMM,MRVL,MS,MTD,NDAQ,NDSN,NEE,NOC,NOW,NRG,PCAR,PFE,PH,PLD,PLTR,REGN,ROST,SBAC,SLB,SRE,STE,STLD,STX,TEAM,TJX,TMO,UAL,ULTA,VLO,VMC,VRTX,VTR,WAT,WBD,WELL,WFC,WMT,WST,XEL,XOM,^VIX","ABNB,ACGL,ACN,AIG,AJG,ALGN,ALLE,AMCR,AMP,AON,AOS,APO,APTV,ARE,ARES,ASML,AVB,AVGO,AXON,AZO,BA,BALL,BAX,BBY,BF.B,BKNG,BLDR,BR,BRO,BX,BXP,C,CARR,CCI,CDNS,CDW,CEG,CF,CFG,CHTR,CL,CLX,CMCSA,COF,COST,CPAY,CPT,CRM,CSGP,CVNA,CVX,DE,DECK,DHI,DOC,DPZ,DRI,DVA,DXCM,EBAY,ECL,EFX,EG,EL,EMR,ESS,FAST,FCX,FDS,FFIV,FISV,FITB,FTNT,FTV,GDDY,GE,GEHC,GEN,GIS,GL,GPC,GPN,GRMN,HBAN,HD,HIG,HPE,HRL,HWM,ICE,INVH,IP,IR,ITW,IVZ,JPM,KHC,KKR,KMB,KMI,KVUE,L,LEN,LII,LIN,LOW,LRCX,LUV,LYB,LYV,MA,MAA,MAS,MCHP,MCO,MDLZ,MET,META,MGM,MKC,MO,MOH,MOS,MRSH,MSI,MSTR,MTB,MTCH,NCLH,NFLX,NTAP,NTRS,NVR,NWS,NXPI,OKE,ON,ORLY,OXY,PAYC,PAYX,PDD,PFG,PG,PHM,PKG,PNC,PNR,PPG,PRU,PTC,PWR,QQQ,RCL,RJF,RL,RMD,ROK,ROP,SBUX,SHOP,SJM,SMCI,SNPS,SPGI,SPY,SWK,SYF,SYY,T,TAP,TDG,TDY,TEL,TFC,TKO,TMUS,TPR,TRMB,TROW,TSCO,TSN,TXN,TXT,TYL,UBER,UDR,UHS,UNP,URI,USB,V,VICI,VRSK,VRSN,VST,VZ,WMB,WRB,WSM,WTW,WY,WYNN,XYZ,ZBH,ZBRA,ZS,ZTS",107,208,[],[]
2025-11-21,"A,AAPL,ADM,AEP,AES,AMAT,AMGN,APA,APP,BDX,BEN,BG,BIIB,BKR,BMY,CAH,CAT,CBOE,CIEN,COO,COR,CRWD,CSCO,CTRA,DAL,DDOG,DHR,DLTR,DOV,DOW,EA,EIX,EPAM,ETN,ETR,EW,FE,FER,FIX,FOX,FOXA,FSLR,GD,GEV,GILD,GLW,GNRC,GOOG,GOOGL,GWW,HAS,HCA,HII,HLT,HOLX,IDXX,INCY,INSM,INTC,IQV,ISRG,JNJ,KDP,KLAC,KO,LHX,LLY,LNT,LVS,MCK,MDT,MLM,MMM,MRVL,MS,MTD,NDAQ,NDSN,NEE,NOC,NOW,NRG,NUE,PCAR,PFE,PH,PLD,PLTR,Q,QCOM,REGN,ROST,SBAC,SLB,SRE,STE,STLD,STX,TEAM,TJX,TMO,UAL,ULTA,VLO,VMC,VRTX,VTR,WAT,WBD,WELL,WFC,WMT,WST,XEL,XOM,^VIX","ABNB,ACGL,AIG,AJG,ALLE,AMCR,AMP,AON,AOS,APO,APTV,ARE,ARES,ASML,AVB,AVGO,AWK,AXON,AZO,BA,BALL,BAX,BBY,BF.B,BKNG,BLDR,BR,BRO,BX,BXP,C,CARR,CCI,CDNS,CDW,CEG,CF,CFG,CHTR,CLX,CMCSA,COF,COST,CPAY,CPT,CRM,CSGP,CVNA,CVX,DE,DECK,DOC,DPZ,DRI,DVA,DXCM,EBAY,EG,EL,EMR,ESS,FAST,FCX,FDS,FFIV,FISV,FITB,FTNT,GDDY,GE,GEN,GIS,GL,GPC,GPN,GRMN,HBAN,HD,HPE,HRL,HWM,ICE,INVH,IP,IVZ,JPM,KHC,KKR,KMB,KMI,KVUE,L,LII,LIN,LOW,LRCX,LUV,LYB,LYV,MA,MAS,MCHP,MCO,MDLZ,MET,META,MGM,MO,MOH,MOS,MRSH,MSI,MSTR,MTB,MTCH,NCLH,NFLX,NTAP,NTRS,NWS,NXPI,OKE,ON,ORLY,OXY,PAYC,PAYX,PDD,PFG,PKG,PNC,PNR,PRU,PTC,PWR,QQQ,RCL,RJF,RL,RMD,ROK,ROP,SBUX,SHOP,SJM,SMCI,SNPS,SPGI,SPY,SWK,SYF,SYY,T,TAP,TDG,TDY,TEL,TFC,TKO,TMUS,TPR,TRMB,TROW,TSCO,TSN,TXN,TXT,TYL,UBER,UHS,URI,USB,V,VICI,VRSK,VRSN,VST,VZ,WMB,WRB,WSM,WTW,WY,WYNN,XYZ,ZBH,ZBRA,ZS,ZTS",116,189,[],[]
2025-11-24,"A,AAPL,ADM,AEP,AES,AMAT,AMGN,APA,APP,BDX,BEN,BG,BIIB,BKR,BMY,CAH,CAT,CBOE,CIEN,COO,COR,CRWD,CSCO,CTRA,DAL,DDOG,DHR,DLTR,DOV,DOW,EA,EIX,EPAM,ETN,ETR,EW,FE,FER,FIX,FOX,FOXA,FSLR,GD,GEV,GILD,GLW,GNRC,GOOG,GOOGL,GWW,HAS,HCA,HII,HLT,HOLX,IDXX,INCY,INSM,INTC,IQV,ISRG,JNJ,KDP,KLAC,KO,LHX,LLY,LNT,LVS,MCK,MDT,MLM,MMM,MRVL,MS,MSCI,MTD,NDAQ,NDSN,NEE,NOC,NOW,NRG,NUE,PCAR,PFE,PH,PLD,PLTR,Q,QCOM,REGN,ROST,SBAC,SLB,SRE,STE,STLD,STX,SWKS,TEAM,TJX,TMO,UAL,ULTA,UPS,VLO,VMC,VRTX,VTR,WAT,WBD,WELL,WFC,WMT,WST,XEL,XOM,^VIX","ABNB,ACGL,AIG,AJG,ALLE,AMCR,AMP,AMT,AON,AOS,APO,APTV,ARE,ARES,ASML,AVB,AWK,AXON,AZO,BA,BALL,BAX,BBY,BF.B,BKNG,BLDR,BR,BRO,BX,BXP,C,CARR,CCI,CCL,CDNS,CDW,CEG,CF,CFG,CHTR,CLX,CMCSA,COF,COST,CPAY,CPT,CRM,CSGP,CVNA,CVX,DE,DECK,DOC,DPZ,DRI,DVA,DXCM,EBAY,EG,EMR,EQR,ESS,FAST,FCX,FDS,FFIV,FISV,FITB,FRT,FTNT,GDDY,GE,GEN,GIS,GL,GPC,GPN,GRMN,HBAN,HD,HPE,HRL,HWM,ICE,INVH,IP,IVZ,JPM,KHC,KKR,KMB,KMI,KVUE,L,LH,LII,LIN,LOW,LRCX,LUV,LYB,LYV,MA,MAS,MCHP,MCO,MDLZ,MET,META,MGM,MO,MOH,MOS,MRSH,MSI,MSTR,MTB,MTCH,NCLH,NFLX,NTAP,NTRS,NWS,NXPI,OKE,ON,ORLY,OXY,PAYC,PAYX,PDD,PFG,PKG,PNC,PNR,PRU,PTC,PWR,QQQ,RCL,RJF,RL,RMD,ROK,ROP,SBUX,SHOP,SJM,SMCI,SNPS,SO,SPGI,SPY,STZ,SWK,SYF,SYY,T,TAP,TDG,TDY,TEL,TFC,TKO,TMUS,TPR,TRMB,TROW,TSCO,TXN,TXT,TYL,UBER,UHS,URI,USB,V,VICI,VLTO,VRSK,VRSN,VST,VZ,WMB,WRB,WSM,WTW,WY,WYNN,XYZ,ZBH,ZBRA,ZS,ZTS",119,194,[],[]
2025-11-25,"A,AAPL,ADM,AEP,AES,AMAT,AMGN,APA,APP,BDX,BEN,BG,BIIB,BKR,BMY,CAH,CAT,CBOE,CIEN,CMI,CNC,COO,COR,CRWD,CSCO,CTRA,CTSH,DAL,DDOG,DHR,DLTR,DOV,DOW,EA,EIX,EPAM,ETN,ETR,EW,FE,FER,FIX,FOX,FOXA,FSLR,GD,GEV,GILD,GLW,GNRC,GOOG,GOOGL,GWW,HAS,HCA,HII,HLT,HOLX,IDXX,IEX,INCY,INSM,INTC,IQV,ISRG,JNJ,KDP,KLAC,KO,LHX,LLY,LNT,LVS,MCK,MDT,MLM,MMM,MRVL,MS,MSCI,MTD,NDAQ,NDSN,NEE,NOC,NOW,NRG,NUE,PCAR,PFE,PH,PLD,PLTR,Q,QCOM,REGN,ROST,SBAC,SLB,SRE,STE,STLD,STX,SWKS,TEAM,TJX,TMO,UAL,ULTA,UPS,VLO,VMC,VRTX,VTR,WAT,WBD,WELL,WFC,WMT,WST,XEL,XOM,^VIX","ABNB,ACGL,ADBE,ADP,ADSK,AEE,AIG,AJG,ALLE,AMCR,AMP,AMT,AON,AOS,APO,APTV,ARE,ARES,ASML,ATO,AVB,AWK,AXON,AZO,BA,BALL,BAX,BBY,BF.B,BKNG,BR,BRO,BX,C,CAG,CARR,CCI,CCL,CDNS,CDW,CEG,CF,CHTR,CLX,CMCSA,COF,COST,CPAY,CPRT,CPT,CRL,CRM,CSGP,CTAS,CVX,DECK,DLR,DOC,DPZ,DUK,DVA,DXCM,EBAY,EG,EMR,EQIX,EQR,ERIE,ESS,EXR,FAST,FCX,FDS,FFIV,FICO,FIS,FISV,FITB,FRT,FTNT,GDDY,GE,GEN,GIS,GPC,GPN,GRMN,HBAN,HD,HPE,HRL,HSY,HWM,ICE,IFF,INTU,INVH,IP,IVZ,JPM,KHC,KIM,KKR,KMB,KMI,KVUE,LH,LII,LIN,LOW,LRCX,LUV,LW,LYV,MA,MAS,MCHP,MCO,MDLZ,MET,MO,MOH,MOS,MRSH,MSI,MSTR,MTB,MTCH,NCLH,NFLX,NI,NTAP,NTRS,NWS,NXPI,O,OKE,OMC,ON,ORLY,OXY,PAYC,PAYX,PDD,PEG,PEP,PFG,PKG,PNR,PNW,PRU,PSA,PTC,PWR,QQQ,RCL,REG,RJF,RMD,ROK,ROP,SBUX,SHOP,SJM,SMCI,SNPS,SO,SPGI,SPY,STZ,SW,SYF,SYY,T,TAP,TDG,TDY,TEL,TFC,TKO,TMUS,TPR,TRI,TRMB,TROW,TSCO,TXN,TXT,TYL,UBER,URI,V,VICI,VRSK,VRSN,VST,VZ,WMB,WRB,WSM,WTW,WY,WYNN,XYZ,ZBH,ZBRA,ZS",123,207,[],[]
2025-11-26,"A,AAPL,ADM,AEP,AES,AMAT,AME,AMGN,APA,APP,BDX,BEN,BG,BIIB,BKR,BMY,CAH,CAT,CBOE,CHRW,CIEN,CMI,CNC,COO,COR,CRWD,CSCO,CTRA,CTSH,DAL,DDOG,DHR,DLTR,DOV,DOW,EA,EIX,EPAM,ETN,ETR,EW,FE,FER,FIX,FOX,FOXA,FSLR,GD,GEV,GILD,GLW,GNRC,GOOG,GOOGL,GWW,HAS,HCA,HII,HLT,HOLX,IDXX,IEX,INCY,INSM,INTC,IQV,ISRG,JNJ,KDP,KLAC,KO,LHX,LLY,LNT,LVS,MCK,MDT,MLM,MMM,MRVL,MS,MSCI,MTD,NDAQ,NDSN,NEE,NOC,NOW,NRG,NUE,PCAR,PFE,PH,PLD,PLTR,Q,QCOM,REGN,ROST,SBAC,SLB,SRE,STE,STLD,STX,SWKS,TEAM,TJX,TMO,TT,UAL,ULTA,UPS,VLO,VMC,VRTX,VTR,WAT,WBD,WELL,WFC,WMT,WST,XEL,XOM,^VIX","ABNB,ADBE,ADP,ADSK,AEE,AIG,AJG,ALLE,ALNY,AMCR,AMP,AMT,AON,AOS,APO,APTV,ARE,ASML,ATO,AVB,AWK,AXON,AZO,BA,BALL,BAX,BBY,BF.B,BKNG,BR,BRO,BX,C,CAG,CARR,CCI,CCL,CDNS,CDW,CEG,CF,CHTR,CI,CLX,CMCSA,COF,COST,CPAY,CPRT,CPT,CRL,CRM,CSGP,CTAS,CVS,CVX,DECK,DLR,DOC,DPZ,DUK,DVA,DXCM,EBAY,EG,ELV,EME,EMR,EQIX,EQR,ERIE,ESS,EXR,FAST,FCX,FDS,FFIV,FICO,FIS,FISV,FITB,FRT,FTNT,GDDY,GE,GEN,GIS,GPC,GPN,GRMN,HBAN,HD,HPE,HSY,HWM,ICE,IFF,INTU,INVH,IP,JPM,KHC,KIM,KKR,KMI,KVUE,LH,LII,LIN,LOW,LRCX,LW,LYV,MA,MCHP,MCO,MDLZ,MET,MO,MOH,MOS,MRSH,MSI,MSTR,MTB,MTCH,NCLH,NFLX,NI,NTAP,NTRS,NWS,NXPI,O,OKE,OMC,ON,ORCL,ORLY,OXY,PAYC,PAYX,PDD,PEG,PEP,PFG,PNR,PNW,PODD,POOL,PRU,PSA,PTC,PWR,QQQ,RCL,REG,RJF,RMD,ROK,ROP,SBUX,SHOP,SJM,SMCI,SNPS,SO,SPGI,SPY,STZ,SYF,SYY,T,TAP,TDG,TDY,TECH,TEL,TFC,TKO,TMUS,TPR,TRI,TRMB,TROW,TSCO,TXN,TXT,TYL,UBER,URI,V,VICI,VRSK,VRSN,VST,VZ,WEC,WMB,WRB,WSM,WTW,WY,WYNN,XYZ,ZBRA,ZS",126,207,[],[]
2025-11-28,"A,AAPL,ADM,AEP,AES,AMAT,AME,AMGN,AMZN,APA,APP,BDX,BEN,BG,BIIB,BKR,BMY,CAH,CAT,CBOE,CHD,CHRW,CIEN,CMI,CNC,COO,COR,CRWD,CSCO,CTRA,CTSH,DAL,DDOG,DHR,DLTR,DOV,DOW,EA,EIX,EPAM,ETN,ETR,EW,FE,FER,FIX,FOX,FOXA,FSLR,GD,GEV,GILD,GLW,GNRC,GOOG,GOOGL,GWW,HAS,HCA,HII,HLT,HOLX,IDXX,IEX,INCY,INSM,INTC,IQV,ISRG,JNJ,KDP,KEYS,KLAC,KO,LHX,LLY,LNT,LVS,MCK,MDT,MLM,MMM,MRVL,MS,MSCI,MTD,NDAQ,NDSN,NEE,NOC,NOW,NRG,NUE,PCAR,PFE,PH,PLD,PLTR,Q,QCOM,REGN,ROST,SBAC,SLB,SRE,STE,STLD,STX,SWKS,TEAM,TJX,TMO,TT,UAL,ULTA,UPS,VLO,VMC,VRTX,VTR,WAT,WBD,WELL,WFC,WMT,WST,XEL,XOM,^VIX","ABNB,ADBE,ADP,ADSK,AEE,AIG,AJG,ALLE,ALNY,AMCR,AMP,AMT,AON,AOS,APO,APTV,ARE,ASML,ATO,AVB,AWK,AXON,AZO,BA,BALL,BAX,BBY,BF.B,BKNG,BR,BRO,BX,C,CAG,CARR,CCI,CCL,CDNS,CDW,CEG,CF,CHTR,CI,CLX,CMCSA,COF,COST,CPAY,CPRT,CPT,CRL,CRM,CSGP,CTAS,CVS,CVX,DECK,DLR,DOC,DPZ,DUK,DVA,DXCM,EBAY,EG,ELV,EME,EMR,EQIX,EQR,ERIE,ESS,EXR,FAST,FCX,FDS,FFIV,FICO,FIS,FISV,FITB,FRT,FTNT,GDDY,GE,GEN,GIS,GPC,GPN,GRMN,HBAN,HD,HPE,HSY,HWM,ICE,IFF,INTU,INVH,IP,KHC,KIM,KKR,KMI,KR,KVUE,LH,LII,LIN,LOW,LRCX,LW,LYV,MA,MCHP,MCO,MDLZ,MET,MO,MOH,MOS,MPWR,MRSH,MSI,MSTR,MTB,MTCH,NCLH,NFLX,NI,NTAP,NTRS,NWS,NXPI,OMC,ON,ORCL,ORLY,OXY,PAYC,PAYX,PDD,PEG,PEP,PFG,PNR,PNW,PODD,POOL,PRU,PSA,PTC,PWR,QQQ,RCL,REG,RJF,RMD,ROK,ROP,SBUX,SHOP,SJM,SMCI,SPGI,SPY,STZ,SYF,SYY,T,TAP,TDG,TDY,TECH,TEL,TFC,TKO,TMUS,TPR,TRI,TRMB,TROW,TSCO,TXT,TYL,UBER,URI,V,VICI,VRSK,VRSN,VST,VZ,WEC,WMB,WRB,WSM,WTW,WY,WYNN,XYZ,ZBRA,ZS",129,203,[],[]
2025-12-01,"A,AAPL,ADM,AEP,AES,AMAT,AME,AMGN,AMZN,APA,APP,BDX,BEN,BG,BIIB,BKR,BMY,CAH,CAT,CBOE,CHD,CHRW,CIEN,CMI,CNC,COO,COR,CRWD,CSCO,CTRA,CTSH,DAL,DDOG,DHR,DLTR,DOV,DOW,EA,EIX,EPAM,ETN,ETR,EW,EXE,FE,FER,FIX,FOX,FOXA,FSLR,GD,GEV,GILD,GLW,GNRC,GOOG,GOOGL,GWW,HAS,HCA,HII,HLT,HOLX,IDXX,IEX,INCY,INSM,INTC,IQV,ISRG,JNJ,KDP,KEYS,KLAC,KO,LHX,LLY,LVS,MCK,MDT,MLM,MMM,MRVL,MS,MSCI,MTD,NDAQ,NDSN,NEE,NOW,NRG,NUE,PCAR,PFE,PH,PLD,PLTR,Q,QCOM,REGN,ROST,SBAC,SLB,SRE,STE,STLD,STX,SWKS,TEAM,TJX,TMO,TT,UAL,ULTA,UPS,VLO,VMC,VRTX,VTR,WAT,WBD,WELL,WFC,WMT,WST,XEL,XOM,^VIX","ABNB,ADBE,ADP,ADSK,AEE,AIG,AJG,ALLE,ALNY,AMCR,AMP,AMT,AON,AOS,APO,APTV,ARE,ATO,AVB,AWK,AXON,AZO,BA,BALL,BAX,BBY,BKNG,BR,BRO,BX,C,CAG,CARR,CCI,CCL,CDNS,CDW,CEG,CF,CHTR,CI,CLX,CMCSA,COF,COST,CPAY,CPRT,CPT,CRL,CRM,CSGP,CTAS,CVS,CVX,DASH,DLR,DOC,DPZ,DUK,DVA,DXCM,EBAY,EG,ELV,EME,EMR,EQIX,EQR,ERIE,ESS,EXR,FAST,FCX,FDS,FFIV,FICO,FIS,FISV,FITB,FRT,FTNT,GDDY,GE,GEN,GIS,GPC,GPN,GRMN,HBAN,HD,HPE,HSY,HWM,ICE,IFF,INTU,INVH,IP,KHC,KIM,KKR,KMI,KR,KVUE,LH,LII,LIN,LOW,LRCX,LW,LYV,MA,MCHP,MCO,MDLZ,MET,MO,MOH,MOS,MPWR,MRSH,MSI,MSTR,MTB,MTCH,NCLH,NFLX,NI,NTAP,NTRS,NWS,NXPI,OMC,ON,ORCL,ORLY,OXY,PAYC,PAYX,PDD,PEG,PEP,PFG,PNR,PNW,PODD,POOL,PRU,PSA,PTC,PWR,QQQ,RCL,REG,RJF,RMD,ROK,ROP,SBUX,SHOP,SJM,SMCI,SPGI,SPY,STZ,SYF,SYY,T,TAP,TDG,TDY,TECH,TEL,TFC,TKO,TMUS,TPR,TRI,TRMB,TROW,TSCO,TXT,TYL,UBER,UNH,URI,V,VICI,VRSK,VRSN,VST,VZ,WEC,WMB,WRB,WSM,WTW,WY,WYNN,XYZ,ZBRA,ZS",128,202,[],[]
2025-12-02,"A,AAPL,ADM,AEP,AES,AMAT,AME,AMGN,AMZN,APA,APP,BDX,BEN,BG,BIIB,BKR,BMY,CAT,CBOE,CHD,CHRW,CIEN,CMI,CNC,COO,CRWD,CSCO,CTRA,CTSH,DAL,DD,DDOG,DHR,DLTR,DOV,DOW,EA,EIX,EPAM,ETN,EW,EXE,EXPD,FER,FIX,FOX,FOXA,FSLR,GD,GEV,GILD,GLW,GNRC,GOOG,GOOGL,GWW,HAS,HCA,HII,HLT,HOLX,HSIC,IDXX,IEX,INCY,INSM,INTC,IQV,ISRG,JNJ,KDP,KEYS,KLAC,KO,LDOS,LHX,LLY,LVS,MDT,MLM,MMM,MRVL,MS,MTD,NDAQ,NDSN,NEE,NOW,NRG,NUE,PCAR,PFE,PH,PLD,PLTR,Q,QCOM,REGN,ROST,SBAC,SLB,SPG,SRE,STE,STLD,STX,SWKS,TEAM,TJX,TMO,TT,UAL,ULTA,UPS,VLO,VMC,VRTX,VTR,WAT,WBD,WELL,WFC,WMT,WST,XEL,XOM,^VIX","ABNB,ADBE,ADP,ADSK,AEE,AIG,AJG,ALLE,ALNY,AMCR,AMP,AMT,AON,AOS,APO,APTV,ARE,ARM,ATO,AVB,AWK,AXON,AZO,BALL,BAX,BBY,BKNG,BR,BRO,BX,C,CAG,CARR,CCI,CCL,CDNS,CDW,CEG,CF,CHTR,CI,CLX,CMCSA,COF,COIN,COST,CPAY,CPRT,CPT,CRL,CRM,CSGP,CTAS,CVS,CVX,DLR,DOC,DPZ,DUK,DVA,DXCM,EBAY,EG,ELV,EME,EMR,EQIX,EQR,ERIE,ESS,EXR,FAST,FCX,FDS,FFIV,FICO,FIS,FISV,FITB,FRT,FTNT,GDDY,GE,GEN,GIS,GPC,GRMN,HBAN,HD,HPE,HPQ,HSY,HWM,ICE,IFF,INTU,INVH,IP,IT,KHC,KIM,KKR,KMI,KR,KVUE,LH,LII,LIN,LOW,LRCX,LW,LYV,MA,MCO,MDLZ,MET,MO,MOH,MOS,MPC,MPWR,MRSH,MSI,MSTR,MTB,MTCH,NCLH,NFLX,NI,NTAP,NTRS,NWS,OMC,ON,ORCL,ORLY,OXY,PAYC,PAYX,PDD,PEG,PEP,PFG,PNR,PNW,PODD,POOL,PRU,PSA,PTC,PWR,QQQ,RCL,REG,RJF,RMD,ROK,ROP,SBUX,SHOP,SJM,SMCI,SPGI,SPY,STZ,SYF,SYY,T,TAP,TDG,TDY,TECH,TEL,TFC,TKO,TMUS,TPR,TRI,TRMB,TROW,TSCO,TXT,TYL,UBER,UNH,URI,V,VICI,VRSK,VRSN,VST,VZ,WEC,WMB,WRB,WSM,WTW,WY,WYNN,XYZ,ZBRA,ZS",127,202,[],[]
2025-12-03,"A,AAPL,ADM,AES,AFL,AMAT,AME,AMGN,AMZN,APA,APP,BDX,BEN,BG,BIIB,BKR,BMY,CAT,CBOE,CHD,CHRW,CIEN,CMI,CNC,COO,CRWD,CSCO,CTRA,CTSH,DAL,DD,DDOG,DHR,DLTR,DOV,DOW,EA,EIX,EPAM,ETN,EW,EXE,EXPD,FER,FIX,FOX,FOXA,FSLR,GD,GEV,GILD,GLW,GNRC,GOOG,GOOGL,GWW,HAS,HCA,HII,HLT,HOLX,HSIC,IDXX,IEX,INCY,INSM,INTC,IQV,ISRG,JCI,JKHY,JNJ,KDP,KEYS,KLAC,KO,LDOS,LHX,LLY,LVS,MAR,MCD,MDT,MLM,MMM,MRVL,MS,MTD,NDAQ,NDSN,NEE,NOW,NRG,NUE,PCAR,PFE,PH,PLD,PLTR,Q,QCOM,REGN,ROST,SBAC,SLB,SPG,SRE,STE,STLD,STX,SWKS,TEAM,TJX,TMO,TRGP,TT,UAL,ULTA,UPS,VLO,VMC,VRTX,VTR,WAT,WBD,WELL,WFC,WMT,WST,XOM,^VIX","ABNB,ADBE,ADP,ADSK,AEE,AIG,AJG,ALLE,ALNY,AMCR,AMP,AMT,ANET,AON,AOS,APO,APTV,ARE,ARM,ATO,AVB,AWK,AXON,AZO,BALL,BAX,BBY,BKNG,BR,BRO,C,CAG,CARR,CCI,CCL,CDW,CEG,CF,CHTR,CI,CLX,CMCSA,COF,COIN,COST,CPAY,CPRT,CPT,CRL,CRM,CSGP,CTAS,CVS,CVX,DLR,DOC,DPZ,DUK,DVA,DXCM,EBAY,EG,ELV,EME,EMR,EQIX,EQR,ERIE,ESS,EXR,FAST,FCX,FDS,FFIV,FICO,FIS,FRT,FTNT,GDDY,GE,GIS,GPC,GRMN,HD,HPE,HPQ,HSY,HWM,ICE,IFF,INTU,INVH,IP,IT,KHC,KIM,KKR,KMI,KR,KVUE,LH,LII,LIN,LOW,LRCX,LW,MA,MCO,MDLZ,MET,MO,MOH,MOS,MPC,MPWR,MRSH,MSI,MSTR,MTB,MTCH,NCLH,NFLX,NI,NTAP,NTRS,NWS,OMC,ORCL,ORLY,OXY,PAYC,PAYX,PDD,PEG,PEP,PFG,PNR,PNW,PODD,POOL,PRU,PSA,PTC,PWR,QQQ,RCL,REG,RJF,RMD,ROK,ROP,SBUX,SHOP,SJM,SMCI,SPGI,SPY,STZ,SYF,SYY,T,TAP,TDG,TDY,TECH,TEL,TFC,TKO,TMUS,TPR,TRI,TRMB,TROW,TSCO,TXT,TYL,UBER,UNH,URI,V,VICI,VRSK,VRSN,VST,VZ,WEC,WMB,WRB,WSM,WTW,WY,WYNN,XYZ,ZBRA,ZS",131,195,[],[]
2025-12-04,"A,AAPL,ADM,AES,AFL,ALL,AMAT,AME,AMGN,AMZN,APA,APD,APP,BDX,BEN,BG,BIIB,BKR,BMY,CAT,CBOE,CHD,CHRW,CIEN,CMI,CNC,COO,CRWD,CSCO,CTRA,CTSH,DAL,DD,DDOG,DHR,DLTR,DOV,DOW,EA,EIX,EPAM,ETN,EW,EXE,EXPD,FER,FIX,FOX,FOXA,FSLR,GD,GEV,GILD,GLW,GNRC,GOOG,GOOGL,GWW,HAS,HCA,HII,HLT,HOLX,HSIC,HST,IDXX,IEX,INCY,INSM,INTC,IQV,ISRG,JCI,JKHY,JNJ,KDP,KEYS,KLAC,KO,LDOS,LHX,LVS,MAR,MCD,MDT,MLM,MMM,MRVL,MS,MTD,NDAQ,NDSN,NEE,NOW,NRG,NUE,PCAR,PFE,PH,PLD,PLTR,Q,QCOM,REGN,ROST,SBAC,SLB,SPG,SRE,STE,STLD,STX,SWKS,TEAM,TJX,TMO,TPL,TRGP,TT,UAL,ULTA,UPS,VLO,VMC,VRTX,VTR,WAT,WBD,WELL,WFC,WMT,WST,XOM,^VIX","ABNB,ADBE,ADP,ADSK,AEE,AIG,AJG,ALLE,ALNY,AMCR,AMP,AMT,ANET,AON,AOS,APO,APTV,ARE,ARM,ATO,AVB,AWK,AXON,AZO,BALL,BAX,BBY,BKNG,BR,BRO,C,CAG,CARR,CCI,CCL,CDW,CEG,CF,CHTR,CI,CLX,CMCSA,COF,COIN,COST,CPAY,CPRT,CPT,CRL,CSGP,CTAS,CVS,CVX,DELL,DLR,DOC,DPZ,DUK,DVA,DXCM,EBAY,EG,ELV,EME,EMR,EQIX,EQR,ERIE,ESS,EVRG,EXR,FCX,FDS,FFIV,FICO,FIS,FRT,GDDY,GE,GIS,GPC,GRMN,HD,HOOD,HPE,HPQ,HSY,HWM,ICE,IFF,INTU,INVH,IP,IT,KHC,KIM,KKR,KR,KVUE,LH,LII,LIN,LOW,LRCX,LW,MA,MCO,MDLZ,MET,MO,MOH,MOS,MPC,MPWR,MRSH,MSI,MSTR,MTB,MTCH,NCLH,NFLX,NI,NTAP,NTRS,NVDA,NWS,OMC,ORCL,ORLY,OXY,PAYC,PAYX,PDD,PEG,PEP,PFG,PNR,PNW,PODD,POOL,PRU,PSA,PTC,PWR,QQQ,RCL,REG,RJF,RMD,ROK,ROP,SBUX,SHOP,SJM,SMCI,SPGI,SPY,STZ,SYF,SYY,T,TAP,TDG,TECH,TEL,TFC,TKO,TMUS,TPR,TRI,TRMB,TROW,TSCO,TXT,TYL,UBER,UNH,URI,V,VICI,VRSK,VRSN,VST,VZ,WDAY,WEC,WRB,WSM,WTW,WY,WYNN,XYZ,ZBRA,ZS",134,194,[],[]
2025-12-05,"A,AAPL,ADM,AES,AFL,AMAT,AME,AMZN,APA,APD,APP,BDX,BEN,BG,BIIB,BKR,BMY,BRK.B,CAT,CBOE,CHD,CHRW,CIEN,CMI,CNC,COO,CRWD,CSCO,CTRA,CTSH,D,DAL,DD,DDOG,DHR,DLTR,DOV,DOW,EA,EIX,EPAM,ETN,EW,EXE,EXPD,EXPE,FER,FIX,FOX,FOXA,FSLR,GD,GEV,GILD,GLW,GNRC,GOOG,GOOGL,GWW,HAS,HCA,HII,HLT,HOLX,HSIC,HST,IDXX,IEX,INCY,INSM,INTC,IQV,ISRG,JCI,JKHY,JNJ,KDP,KEYS,KLAC,KO,LDOS,LHX,LVS,MAR,MCD,MDT,MLM,MMM,MNST,MRVL,MS,MTD,NDAQ,NDSN,NEE,NOW,NRG,NUE,NWSA,PCAR,PFE,PGR,PH,PLD,PLTR,Q,QCOM,REGN,ROST,SBAC,SLB,SOLV,SPG,SRE,STE,STLD,STX,SWKS,TEAM,TJX,TMO,TPL,TRGP,TT,UAL,ULTA,UPS,VLO,VMC,VRTX,VTR,WAT,WBD,WELL,WFC,WMT,WST,XOM,^VIX","ADP,ADSK,AEE,AIG,AJG,ALLE,ALNY,AMCR,AMP,AMT,ANET,AON,AOS,APO,APTV,ARE,ARM,ATO,AVB,AWK,AXON,AZO,BALL,BAX,BBY,BKNG,BR,BRO,C,CAG,CARR,CCI,CCL,CDW,CEG,CF,CHTR,CI,CLX,CMCSA,COF,COIN,COST,CPRT,CPT,CRL,CSGP,CTAS,CVS,CVX,DELL,DOC,DPZ,DUK,DVA,DXCM,EBAY,EG,ELV,EME,EMR,EQIX,EQR,ERIE,ESS,EVRG,EXR,FCX,FFIV,FICO,FIS,FRT,GDDY,GE,GIS,GPC,GRMN,HD,HOOD,HPE,HPQ,HSY,HWM,ICE,IFF,INTU,INVH,IP,IT,KHC,KIM,KKR,KR,KVUE,LH,LII,LIN,LMT,LOW,LRCX,LW,MA,MCO,MDLZ,MET,MO,MOH,MOS,MPC,MPWR,MRSH,MSI,MSTR,MTB,MTCH,NCLH,NFLX,NI,NTAP,NTRS,NVDA,NWS,OMC,ORCL,ORLY,OXY,PAYC,PAYX,PDD,PEG,PEP,PFG,PNR,PNW,PODD,POOL,PRU,PSA,PTC,PWR,QQQ,RCL,REG,RJF,RMD,ROK,ROP,SBUX,SHOP,SJM,SMCI,SPGI,SPY,SYF,SYY,T,TAP,TDG,TECH,TEL,TFC,TKO,TMUS,TPR,TRI,TRMB,TROW,TSCO,TTD,TTWO,TXT,TYL,UBER,UNH,URI,V,VICI,VRSK,VRSN,VST,VZ,WDAY,WEC,WRB,WSM,WTW,WY,WYNN,XYZ,ZBRA,ZS",139,191,[],[]
2025-12-08,"A,AAPL,ADM,AES,AFL,AMAT,AME,AMZN,APA,APP,BDX,BEN,BG,BIIB,BMY,BRK.B,CAT,CBOE,CHRW,CIEN,CMI,CNC,COO,CRWD,CSCO,CTRA,CTSH,CTVA,D,DAL,DD,DDOG,DHR,DLTR,DOV,DOW,EA,EPAM,ETN,EW,EXE,EXPD,EXPE,FER,FIX,FOX,FOXA,FSLR,GD,GEV,GILD,GLW,GNRC,GOOG,GOOGL,GWW,HAS,HCA,HII,HLT,HOLX,HSIC,HST,IDXX,IEX,INTC,IQV,ISRG,JCI,JKHY,JNJ,KDP,KEYS,KLAC,KO,LDOS,LHX,LVS,MAR,MCD,MDT,MLM,MNST,MRVL,MS,MTD,NDAQ,NDSN,NOW,NRG,NSC,NUE,NWSA,PCAR,PFE,PGR,PH,PLD,PLTR,Q,QCOM,REGN,ROST,SBAC,SLB,SOLV,SPG,SRE,STE,STLD,STX,SWKS,TEAM,TJX,TMO,TPL,TRGP,TT,UAL,ULTA,UPS,VLO,VMC,VRTX,VTR,WAT,WBD,WELL,WFC,WMT,WST,XOM,^VIX","ADP,ADSK,AEE,AIG,AJG,ALLE,ALNY,AMCR,AMP,ANET,AON,AOS,APO,APTV,ARE,ARM,ATO,AVB,AWK,AXON,AZO,BALL,BAX,BBY,BKNG,BR,BRO,C,CAG,CARR,CCI,CCL,CDW,CEG,CF,CHTR,CI,CLX,CMCSA,COF,COIN,COST,CPRT,CPT,CRL,CSGP,CTAS,CVS,CVX,DELL,DOC,DPZ,DUK,DVA,DXCM,EBAY,EG,ELV,EME,EMR,EQIX,EQR,ERIE,ESS,EVRG,EXR,FCX,FFIV,FICO,FIS,FRT,GDDY,GE,GIS,GPC,GRMN,HD,HOOD,HPE,HPQ,HSY,HWM,ICE,IFF,INTU,INVH,IP,IT,KHC,KIM,KKR,KR,KVUE,LH,LII,LIN,LOW,LRCX,LW,MA,MCO,MDLZ,MET,MO,MOH,MOS,MPC,MPWR,MRSH,MSI,MSTR,MTB,MTCH,NCLH,NFLX,NI,NTAP,NTRS,NVDA,NWS,OMC,ORCL,ORLY,OXY,PAYC,PAYX,PDD,PEG,PEP,PFG,PNR,PNW,PODD,POOL,PRU,PSA,PTC,PWR,QQQ,RCL,REG,RJF,RMD,ROK,ROP,SBUX,SHOP,SJM,SMCI,SPGI,SPY,SYF,SYY,T,TAP,TDG,TECH,TEL,TFC,TKO,TMUS,TPR,TRI,TRMB,TROW,TSCO,TTD,TTWO,TXT,TYL,UBER,UNH,URI,V,VICI,VRSK,VRSN,VST,VZ,WDAY,WEC,WRB,WSM,WTW,WY,WYNN,XYZ,ZBRA,ZS",133,189,[],[]
2025-12-09,"A,AAPL,ADM,AES,AFL,AMAT,AME,AMZN,APA,APP,BDX,BEN,BG,BIIB,BMY,BRK.B,CAT,CB,CBOE,CCEP,CHRW,CIEN,CMI,CMS,CNC,COO,COP,CRWD,CSCO,CTRA,CTSH,CTVA,D,DAL,DD,DDOG,DG,DGX,DHR,DLTR,DOV,DOW,DVN,EA,EOG,EPAM,ETN,EW,EXE,EXPD,EXPE,FANG,FDX,FER,FIX,FOX,FOXA,FSLR,GD,GEV,GILD,GLW,GNRC,GOOG,GOOGL,GWW,HAS,HCA,HII,HLT,HOLX,HSIC,HST,IDXX,IEX,INTC,IQV,ISRG,JCI,JKHY,JNJ,KDP,KEYS,KLAC,KO,LDOS,LHX,LVS,MAR,MCD,MDT,MLM,MNST,MRK,MRVL,MS,MTD,NDAQ,NDSN,NOW,NRG,NSC,NUE,NWSA,PCAR,PFE,PGR,PH,PLD,PLTR,Q,QCOM,REGN,ROST,SBAC,SLB,SPG,SRE,STE,STLD,STX,SWKS,TEAM,TJX,TMO,TPL,TRGP,TT,UAL,ULTA,UPS,VLO,VMC,VRTX,VTR,VTRS,WAT,WBD,WFC,WMT,WST,XOM,^VIX","ADP,ADSK,AEE,AIG,AJG,ALLE,ALNY,AMCR,AMP,ANET,AON,AOS,APTV,ARE,ARM,ATO,AVB,AWK,AXON,AZO,BALL,BAX,BBY,BKNG,BR,BRO,C,CAG,CARR,CCI,CCL,CDW,CEG,CF,CHTR,CI,CLX,CMCSA,COF,COIN,COST,CPRT,CPT,CRL,CSGP,CTAS,CVS,CVX,DELL,DOC,DPZ,DUK,DVA,DXCM,EBAY,EG,ELV,EME,EMR,EQIX,EQR,ERIE,ESS,EVRG,EXR,FCX,FICO,FIS,FRT,GDDY,GE,GIS,GPC,GRMN,HD,HOOD,HPE,HPQ,HSY,HWM,ICE,IFF,INTU,INVH,IP,IT,KHC,KIM,KR,KVUE,LH,LII,LIN,LOW,LRCX,LW,MA,MCO,MDLZ,MET,MO,MOH,MOS,MPC,MPWR,MRSH,MSI,MSTR,MTB,MTCH,NCLH,NFLX,NI,NTAP,NTRS,NVDA,NWS,OMC,ORCL,ORLY,OXY,PAYC,PAYX,PDD,PEG,PEP,PFG,PNR,PNW,PODD,POOL,PRU,PSA,PTC,PWR,QQQ,RCL,REG,RJF,RMD,ROK,ROP,SBUX,SHOP,SJM,SMCI,SPGI,SPY,SYF,SYY,T,TAP,TDG,TECH,TEL,TFC,TKO,TMUS,TPR,TRI,TRMB,TROW,TSCO,TTD,TTWO,TXT,TYL,UBER,UNH,URI,V,VICI,VRSK,VRSN,VST,VZ,WDAY,WEC,WRB,WSM,WTW,WY,WYNN,XYZ,ZBRA,ZS",143,186,[],[]
2025-12-10,"A,AAPL,ABBV,ADI,ADM,AES,AFL,ALB,AMAT,AME,AMZN,APA,APP,BDX,BEN,BG,BIIB,BMY,BRK.B,CAT,CB,CBOE,CCEP,CHRW,CIEN,CMI,CMS,CNC,COO,COP,CRWD,CSCO,CTRA,CTSH,CTVA,D,DAL,DD,DDOG,DG,DGX,DHR,DLTR,DOV,DOW,DVN,EA,EOG,EPAM,ETN,EW,EXE,EXPD,EXPE,FANG,FDX,FER,FIX,FOX,FOXA,FSLR,GD,GEV,GILD,GLW,GNRC,GOOG,GOOGL,GS,GWW,HAS,HII,HLT,HOLX,HSIC,HST,IDXX,IEX,INTC,IQV,ISRG,JCI,JKHY,JNJ,KDP,KEYS,KLAC,KO,LDOS,LHX,LVS,MAR,MCD,MDT,MLM,MNST,MRK,MRVL,MS,MTD,NDAQ,NDSN,NOW,NRG,NSC,NUE,NWSA,PCAR,PFE,PGR,PH,PLD,PLTR,Q,QCOM,REGN,ROST,SBAC,SLB,SPG,SRE,STE,STLD,STX,SWKS,TEAM,TJX,TMO,TPL,TRGP,TT,UAL,ULTA,UPS,VLO,VMC,VRTX,VTRS,WAT,WBD,WFC,WMT,WST,XOM,^VIX","ADP,ADSK,AEE,AJG,ALLE,ALNY,AMCR,ANET,AON,AOS,APTV,ARE,ARM,ATO,AVB,AWK,AXON,AZO,BALL,BAX,BBY,BKNG,BR,BRO,C,CAG,CARR,CCI,CCL,CDW,CEG,CF,CI,CLX,CMCSA,COIN,COST,CPRT,CPT,CRL,CSGP,CTAS,CVS,CVX,DELL,DOC,DPZ,DUK,DVA,DXCM,EBAY,EG,ELV,EME,EMR,EQIX,EQR,ERIE,ESS,EVRG,EXR,FCX,FICO,FIS,FRT,GDDY,GE,GIS,GPC,HD,HOOD,HPE,HPQ,HSY,HWM,ICE,IFF,INTU,INVH,IP,IT,KHC,KIM,KR,KVUE,LH,LII,LIN,LOW,LRCX,LW,MA,MCO,MDLZ,MET,MO,MOH,MOS,MPC,MPWR,MRSH,MSI,MSTR,MTCH,NCLH,NFLX,NI,NTAP,NVDA,NWS,ORCL,ORLY,OXY,PAYC,PAYX,PDD,PEG,PNR,PNW,PODD,POOL,PSA,PTC,PWR,QQQ,RCL,REG,RJF,RMD,ROK,ROP,SBUX,SHOP,SJM,SMCI,SPGI,SPY,SYY,T,TAP,TDG,TECH,TEL,TKO,TMUS,TPR,TRI,TRMB,TROW,TSCO,TTD,TTWO,TXT,TYL,UBER,UNH,URI,V,VICI,VRSK,VRSN,VST,VZ,WDAY,WEC,WRB,WSM,WTW,WYNN,XYZ,ZBRA,ZS",145,172,[],[]
2025-12-11,"A,AAPL,ABBV,ADI,ADM,AES,AFL,ALB,AMAT,AME,AMZN,APA,APP,BDX,BEN,BG,BIIB,BMY,BRK.B,CAT,CB,CBOE,CCEP,CHRW,CIEN,CMI,CMS,CNC,COO,COP,CRWD,CSCO,CTRA,CTSH,CTVA,D,DAL,DD,DDOG,DG,DGX,DHR,DLTR,DOV,DOW,DVN,EA,EOG,EPAM,ETN,EW,EXE,EXPD,EXPE,FANG,FDX,FER,FIX,FOX,FOXA,FSLR,GD,GEV,GILD,GLW,GNRC,GOOG,GOOGL,GS,GWW,HAS,HII,HLT,HOLX,HSIC,HST,IDXX,IEX,INTC,IQV,ISRG,JCI,JKHY,JNJ,KDP,KEYS,KLAC,KO,LDOS,LHX,LVS,MAR,MCD,MDT,MLM,MNST,MRK,MRVL,MS,MTD,NDAQ,NDSN,NKE,NOW,NRG,NSC,NUE,NWSA,PCAR,PFE,PGR,PH,PLD,PLTR,Q,QCOM,REGN,ROST,SBAC,SLB,SPG,SRE,STLD,STX,SWKS,TEAM,TJX,TMO,TPL,TRGP,TT,UAL,ULTA,UPS,VLO,VMC,VRTX,VTRS,WAT,WBD,WFC,WMT,WST,XOM,^VIX","ADP,ADSK,AEE,ALLE,ALNY,AMCR,ANET,AON,AOS,APH,APTV,ARE,ARM,ATO,AVB,AWK,AXON,AZO,BALL,BAX,BBY,BKNG,BR,BRO,C,CAG,CARR,CCI,CCL,CDW,CEG,CF,CI,CLX,CMCSA,COIN,COST,CPRT,CPT,CRL,CSGP,CVS,CVX,DELL,DOC,DPZ,DUK,DVA,EBAY,EME,EMR,EQIX,EQR,ERIE,ESS,EVRG,EXR,FICO,FIS,FRT,GDDY,GE,GIS,HD,HOOD,HPE,HPQ,HSY,HWM,IBKR,IFF,INTU,INVH,IP,IRM,IT,JBL,KHC,KIM,KR,KVUE,LH,LII,LIN,LOW,LRCX,LW,MCO,MDLZ,MO,MPC,MPWR,MRSH,MSI,MSTR,MTCH,NFLX,NI,NTAP,NVDA,NWS,ORCL,ORLY,OXY,PANW,PAYC,PAYX,PDD,PEG,PNR,PNW,PODD,POOL,PSA,PTC,PWR,QQQ,REG,RJF,RMD,ROK,ROP,RTX,SBUX,SHOP,SJM,SMCI,SPGI,SPY,SYY,T,TAP,TDG,TECH,TEL,TKO,TMUS,TRI,TRMB,TROW,TSCO,TSLA,TTD,TTWO,TYL,UBER,UNH,URI,VICI,VRSK,VRSN,VST,VZ,WDAY,WEC,WRB,WSM,WTW,WYNN,XYZ,ZBRA,ZS",145,162,[],[]
2025-12-12,"A,AAPL,ABBV,ADI,ADM,AES,AFL,ALB,AMAT,AME,AMZN,APA,APP,BDX,BEN,BG,BIIB,BMY,BRK.B,CAT,CB,CBOE,CCEP,CHRW,CIEN,CMI,CMS,CNC,COO,COP,CRWD,CSCO,CTRA,CTSH,CTVA,D,DAL,DD,DDOG,DG,DGX,DHR,DLTR,DOV,DOW,DVN,EA,EOG,EPAM,ETN,EW,EXE,EXPD,EXPE,FANG,FDX,FER,FIX,FOX,FOXA,FSLR,GD,GEV,GILD,GLW,GNRC,GOOG,GOOGL,GS,GWW,HAS,HII,HLT,HOLX,HSIC,HST,IDXX,IEX,INTC,IQV,ISRG,JCI,JKHY,JNJ,KDP,KEYS,KLAC,KO,LDOS,LHX,LVS,MAR,MCD,MDT,MLM,MNST,MRK,MRVL,MS,MTD,NDAQ,NDSN,NKE,NOW,NRG,NSC,NUE,NWSA,PCAR,PFE,PGR,PH,PLD,PLTR,Q,QCOM,REGN,ROST,SBAC,SLB,SPG,SRE,STLD,STX,SWKS,TEAM,TJX,TMO,TRGP,TT,UAL,ULTA,UPS,VLO,VMC,VRTX,VTRS,WAT,WBD,WFC,WMT,WST,XOM,^VIX","ADSK,AEE,ALLE,ALNY,AMCR,ANET,AOS,APH,APTV,ARE,ARM,ATO,AVB,AWK,AXON,AZO,BAX,BBY,BKNG,BR,C,CAG,CARR,CCI,CCL,CDW,CEG,CF,CI,CLX,CMCSA,COIN,COST,CPRT,CPT,CRL,CSGP,CVS,CVX,DELL,DOC,DPZ,DUK,DVA,EBAY,EME,EMR,EQIX,EQR,ERIE,ESS,EVRG,FICO,FIS,FRT,GDDY,GIS,HD,HOOD,HPE,HPQ,HSY,HWM,IBKR,IFF,INTU,INVH,IP,IRM,IT,JBL,KHC,KIM,KR,KVUE,LH,LII,LOW,LRCX,LW,MCO,MDLZ,MO,MPC,MPWR,MSI,MSTR,MTCH,NFLX,NI,NTAP,NVDA,NWS,ORCL,ORLY,OXY,PANW,PAYC,PAYX,PDD,PEG,PNR,PNW,PODD,POOL,PSA,PTC,PWR,QQQ,REG,RJF,RMD,ROK,ROP,RTX,SBUX,SHOP,SJM,SMCI,SNA,SPGI,SPY,SYY,T,TAP,TDG,TECH,TEL,TKO,TMUS,TRI,TRMB,TROW,TSCO,TSLA,TTD,TTWO,TYL,UBER,UNH,URI,VRSK,VRSN,VST,VZ,WDAY,WEC,WRB,WSM,WTW,WYNN,XYL,XYZ,ZBRA,ZS",144,155,[],[]
2025-12-15,"A,AAPL,ABBV,ADI,ADM,AES,AFL,ALB,AMAT,AME,AMZN,APA,APP,BDX,BEN,BG,BIIB,BMY,BRK.B,CAT,CB,CCEP,CHRW,CIEN,CMI,CMS,CNC,COO,COP,CRWD,CSCO,CTRA,CTSH,CTVA,D,DAL,DD,DG,DGX,DHR,DLTR,DOV,DOW,EA,ED,EPAM,ETN,EW,EXPD,EXPE,FANG,FDX,FER,FIX,FOX,FOXA,FSLR,GD,GEV,GILD,GLW,GNRC,GOOG,GOOGL,GS,GWW,HAS,HII,HLT,HOLX,HSIC,HST,IDXX,IEX,INTC,IQV,ISRG,JCI,JKHY,JNJ,KDP,KEYS,KLAC,KO,LDOS,LHX,LVS,MAR,MCD,MDT,MLM,MNST,MRK,MRVL,MS,MTD,NDAQ,NDSN,NKE,NRG,NSC,NUE,NWSA,PCAR,PFE,PGR,PH,PLD,PLTR,Q,QCOM,REGN,ROST,SBAC,SLB,SPG,SRE,STLD,STX,SWKS,TEAM,TJX,TMO,TRGP,TT,UAL,ULTA,UPS,VLO,VMC,VRTX,VTRS,WAT,WBD,WFC,WMT,WST,XOM,^VIX","ADSK,AEE,ALLE,ALNY,AMCR,ANET,AOS,APH,APTV,ARE,ARM,ATO,AVB,AXON,AZO,BBY,BKNG,BR,C,CARR,CCI,CCL,CDW,CEG,CF,CI,CLX,CMCSA,COIN,COST,CPRT,CPT,CRL,CSGP,CVS,CVX,DELL,DOC,DPZ,DUK,DVA,EBAY,EME,EMR,EQIX,EQR,ERIE,ESS,EVRG,FICO,FIS,GDDY,GIS,HD,HOOD,HPE,HPQ,HWM,IBKR,IFF,INTU,INVH,IP,IRM,JBL,KHC,KIM,KR,KVUE,LH,LII,LOW,LRCX,LW,MCO,MDLZ,MO,MPC,MPWR,MSI,MSTR,MTCH,NFLX,NI,NTAP,NVDA,NWS,ORCL,ORLY,OXY,PANW,PAYC,PAYX,PDD,PEG,PNR,PNW,PODD,POOL,PSA,PTC,PWR,QQQ,REG,RJF,RMD,ROK,ROP,RTX,SBUX,SCHW,SHOP,SJM,SMCI,SNA,SPGI,SPY,SYY,T,TAP,TDG,TECH,TEL,TKO,TMUS,TRI,TRMB,TROW,TSCO,TSLA,TTD,TTWO,TYL,UBER,UNH,URI,VRSK,VRSN,VST,VZ,WDAY,WEC,WRB,WSM,WTW,WYNN,XYL,XYZ,ZBRA,ZS",139,150,[],[]
2025-12-16,"A,AAPL,ABBV,ADI,ADM,AES,AFL,ALB,AMAT,AME,AMZN,APP,BDX,BEN,BG,BIIB,BMY,BRK.B,CAT,CB,CCEP,CHRW,CIEN,CMI,CMS,CNC,COO,CRWD,CSCO,CTSH,CTVA,D,DAL,DD,DG,DGX,DHR,DLTR,DOV,DOW,EA,ED,EPAM,ETN,EW,EXPD,EXPE,FDX,FER,FIX,FOX,FOXA,FSLR,GD,GEV,GILD,GLW,GNRC,GOOG,GOOGL,GS,GWW,HAS,HII,HLT,HOLX,HSIC,HST,IDXX,IEX,INTC,IQV,ISRG,JCI,JKHY,JNJ,KDP,KEYS,KLAC,KO,LDOS,LHX,LVS,MAR,MCD,MDT,MLM,MNST,MRK,MRVL,MS,MTD,NDAQ,NDSN,NKE,NRG,NSC,NUE,NWSA,PCAR,PFE,PGR,PH,PLD,PLTR,Q,QCOM,REGN,ROST,SBAC,SLB,SPG,SRE,STLD,STX,SWKS,TEAM,TJX,TMO,TRGP,TT,UAL,ULTA,UPS,VMC,VRTX,VTRS,WAT,WBD,WFC,WMT,WST,XOM,^VIX","ADSK,AEE,ALLE,ALNY,AMCR,ANET,AOS,APH,APTV,ARE,ARM,ATO,AVB,AXON,AZO,BBY,BKNG,BR,C,CARR,CCI,CCL,CDW,CEG,CF,CI,CLX,COIN,COST,CPRT,CPT,CRL,CSGP,CVS,CVX,DELL,DOC,DPZ,DUK,DVA,EBAY,EME,EMR,EQIX,EQR,ERIE,ESS,EVRG,FICO,FIS,GDDY,GIS,HD,HOOD,HPE,HPQ,HUBB,HWM,IBKR,IBM,IFF,INTU,INVH,IP,IRM,JBL,KHC,KIM,KR,KVUE,LH,LII,LOW,LRCX,LW,MCO,MDLZ,MO,MPC,MPWR,MSI,MSTR,MTCH,NFLX,NI,NTAP,NVDA,NWS,ORCL,ORLY,OXY,PANW,PAYC,PAYX,PDD,PEG,PNR,PNW,PODD,POOL,PSA,PTC,PWR,PYPL,QQQ,REG,RJF,RMD,ROK,ROP,RTX,SBUX,SCHW,SHOP,SHW,SJM,SMCI,SNA,SPGI,SPY,SYY,T,TAP,TDG,TECH,TEL,TKO,TMUS,TRI,TRMB,TROW,TSCO,TTD,TTWO,TYL,UBER,UNH,URI,VRSK,VRSN,VST,VZ,WDAY,WEC,WRB,WSM,WTW,WYNN,XYL,XYZ,ZBRA,ZS",134,152,[],[]
2025-12-17,"A,AAPL,ABBV,ADM,AES,AFL,ALB,AME,AMZN,APP,BDX,BEN,BG,BIIB,BMY,BRK.B,CB,CCEP,CHRW,CIEN,CMI,CMS,CNC,COO,CTSH,CTVA,D,DAL,DD,DG,DGX,DHR,DLTR,DOV,DOW,EA,ED,EPAM,EW,EXPD,EXPE,FDX,FER,FIX,FOX,FOXA,FSLR,GD,GEV,GILD,GLW,GS,GWW,HAS,HII,HLT,HOLX,HSIC,HST,IDXX,IEX,INTC,IQV,ISRG,JCI,JKHY,JNJ,KDP,KLAC,KO,LDOS,LHX,LVS,MAR,MCD,MDT,MLM,MNST,MRK,MRVL,MS,MTD,NDAQ,NDSN,NKE,NSC,NUE,NWSA,PCAR,PFE,PGR,PH,PLD,PLTR,Q,QCOM,REGN,ROST,SBAC,SLB,SPG,SRE,STLD,STX,SWKS,TEAM,TJX,TMO,TRGP,UAL,ULTA,UPS,VRTX,VTRS,WAT,WBD,WFC,WM,WMT,WST,XOM,^VIX","ADSK,AEE,ALLE,ALNY,AMCR,ANET,AOS,APH,APTV,ARE,ARM,ATO,AVB,AXON,AZO,BBY,BKNG,BR,C,CARR,CCI,CCL,CDW,CEG,CF,CI,CLX,CME,COIN,COST,CPRT,CRL,CSGP,CVS,CVX,DELL,DOC,DPZ,DUK,DVA,EBAY,EME,EMR,EQIX,EQR,ERIE,ES,EVRG,FICO,FIS,GDDY,HD,HOOD,HPE,HPQ,HUBB,HWM,IBKR,IBM,IFF,INTU,INVH,IP,IRM,J,JBL,KHC,KIM,KR,KVUE,LH,LII,LOW,LRCX,LW,MCO,MDLZ,MO,MPC,MPWR,MSTR,MTCH,NFLX,NI,NTAP,NVDA,NWS,ORCL,ORLY,OTIS,OXY,PANW,PAYC,PAYX,PCG,PDD,PEG,PNR,PNW,PODD,POOL,PPL,PSA,PTC,PWR,PYPL,QQQ,REG,RJF,RMD,ROK,ROP,RTX,SBUX,SCHW,SHOP,SHW,SJM,SMCI,SNA,SPY,SYY,T,TAP,TDG,TECH,TEL,TKO,TMUS,TRI,TRMB,TROW,TSCO,TTD,TTWO,TYL,UBER,UNH,URI,VRSK,VRSN,VST,VZ,WDAY,WEC,WRB,WSM,WTW,WYNN,XYL,XYZ,ZBRA,ZS",122,153,[],[]
2025-12-18,"A,AAPL,ABBV,ADM,AES,AFL,ALB,AME,AMZN,APP,BDX,BEN,BG,BIIB,BMY,BRK.B,CB,CCEP,CHRW,CIEN,CMI,CMS,CNC,COO,CTSH,CTVA,D,DAL,DD,DG,DGX,DHR,DLTR,DOV,DOW,EA,ED,EPAM,EW,EXPD,EXPE,FDX,FER,FIX,FOX,FOXA,FSLR,GD,GEV,GILD,GLW,GS,GWW,HAS,HII,HLT,HOLX,HSIC,HST,IDXX,IEX,INTC,IQV,ISRG,JCI,JKHY,JNJ,KDP,KLAC,KO,LDOS,LHX,LVS,MAR,MCD,MDT,MLM,MNST,MRK,MRVL,MS,MTD,NDAQ,NDSN,NKE,NSC,NUE,NWSA,PCAR,PFE,PGR,PH,PLD,PLTR,Q,QCOM,REGN,ROST,SBAC,SLB,SPG,SRE,STLD,STX,SWKS,TEAM,TJX,TMO,TRGP,UAL,ULTA,UPS,VRTX,VTRS,WAT,WBD,WFC,WM,WMT,WST,XOM,^VIX","ADSK,AEE,ALLE,ALNY,AMCR,AMD,ANET,AOS,APH,APTV,ARE,ARM,ATO,AVB,AXON,AZO,BBY,BKNG,BR,C,CARR,CCI,CCL,CDW,CEG,CF,CI,CLX,CME,COIN,COST,CPRT,CRL,CSGP,CVS,CVX,DELL,DOC,DPZ,DUK,DVA,EBAY,EME,EMR,EQIX,EQR,EQT,ERIE,ES,EVRG,FICO,FIS,GDDY,HD,HOOD,HPE,HPQ,HUBB,HWM,IBKR,IBM,IFF,INTU,INVH,IP,IRM,J,JBL,KHC,KIM,KR,KVUE,LH,LII,LOW,LRCX,LW,MCO,MDLZ,MELI,MO,MPC,MPWR,MSFT,MSTR,MTCH,MU,NFLX,NI,NTAP,NVDA,NWS,ORCL,ORLY,OTIS,OXY,PANW,PAYC,PAYX,PCG,PDD,PEG,PNR,PNW,PODD,POOL,PPL,PSA,PTC,PWR,PYPL,QQQ,REG,RJF,RMD,ROK,ROP,RTX,SCHW,SHOP,SHW,SJM,SMCI,SNA,SNDK,SPY,SYY,T,TAP,TDG,TECH,TEL,TKO,TMUS,TRI,TRMB,TROW,TSCO,TTD,TTWO,TYL,UBER,UNH,URI,VRSK,VRSN,VST,VZ,WDAY,WDC,WEC,WRB,WSM,WTW,WYNN,XYL,XYZ,ZBRA,ZS",122,159,[],[]
2025-12-19,"A,AAPL,ABBV,ACN,ADM,AES,AFL,ALB,ALGN,AME,AMZN,APP,BDX,BEN,BG,BIIB,BMY,BRK.B,CB,CCEP,CHRW,CIEN,CMI,CMS,CNC,COO,CTSH,CTVA,D,DAL,DD,DG,DGX,DHR,DLTR,DOV,DOW,EA,ED,EFX,EPAM,EW,EXPD,EXPE,FDX,FER,FIX,FOX,FOXA,FSLR,FTV,GD,GEHC,GEV,GILD,GLW,GS,GWW,HAS,HII,HLT,HOLX,HSIC,HST,IDXX,IEX,INTC,IQV,IR,ISRG,ITW,JBHT,JCI,JKHY,JNJ,KDP,KLAC,KO,LDOS,LHX,LVS,MAR,MCD,MDT,MLM,MNST,MRK,MRVL,MS,MTD,NDAQ,NDSN,NSC,NUE,NVR,NWSA,PCAR,PFE,PGR,PH,PHM,PLD,PLTR,PPG,Q,QCOM,REGN,ROST,RVTY,SBAC,SLB,SPG,SRE,STLD,STX,SWKS,TEAM,TJX,TMO,TRGP,UAL,UDR,ULTA,UNP,UPS,VRTX,VTRS,WAT,WBD,WFC,WM,WMT,WST,XOM,^VIX","ADSK,AEE,ALLE,ALNY,AMCR,AMD,ANET,AOS,APH,APTV,ARE,ARM,ATO,AVB,AXON,AZO,BBY,BKNG,BR,C,CARR,CCI,CDW,CEG,CF,CI,CLX,CME,COIN,COST,CPRT,CRL,CSGP,CVS,CVX,DELL,DOC,DPZ,DUK,DVA,EBAY,EME,EMR,EQIX,EQR,EQT,ERIE,ES,EVRG,FICO,FIS,GDDY,HD,HOOD,HPE,HPQ,HUBB,HWM,IBKR,IBM,IFF,INTU,INVH,IP,IRM,J,JBL,KHC,KIM,KR,KVUE,LH,LII,LOW,LRCX,LW,MCO,MDLZ,MELI,MO,MPC,MPWR,MSFT,MSTR,MTCH,MU,NFLX,NI,NTAP,NVDA,NWS,ORCL,ORLY,OTIS,OXY,PANW,PAYC,PAYX,PCG,PDD,PEG,PNR,PNW,PODD,POOL,PPL,PSA,PTC,PWR,PYPL,QQQ,REG,RJF,RMD,ROK,ROP,RTX,SHOP,SHW,SJM,SMCI,SNA,SNDK,SPY,SYY,T,TAP,TDG,TECH,TEL,TKO,TMUS,TRI,TRMB,TROW,TSCO,TTD,TTWO,TYL,UBER,UNH,URI,VRSK,VRSN,VST,VZ,WDAY,WDC,WEC,WRB,WSM,WTW,WYNN,XYL,XYZ,ZBRA,ZS",135,157,[],[]
2025-12-22,"A,AAPL,ABBV,ACN,ADM,AES,AFL,ALB,ALGN,AME,AMZN,APP,BDX,BEN,BG,BIIB,BMY,BRK.B,CB,CCEP,CHRW,CIEN,CMI,CMS,CNC,COO,CTSH,CTVA,DAL,DD,DG,DGX,DHR,DLTR,DOV,DOW,EA,ED,EFX,EL,EPAM,EW,EXPD,EXPE,FDX,FER,FIX,FOX,FOXA,FSLR,FTV,GD,GEHC,GEV,GILD,GLW,GS,GWW,HAS,HII,HLT,HOLX,HSIC,HST,IDXX,IEX,INTC,IQV,IR,ISRG,ITW,JBHT,JCI,JKHY,JNJ,KDP,KLAC,KO,LDOS,LHX,LVS,MAR,MCD,MDT,MLM,MNST,MRK,MRVL,MS,MTD,NDAQ,NDSN,NSC,NUE,NVR,NWSA,PCAR,PFE,PGR,PH,PHM,PLD,PLTR,PPG,Q,QCOM,REGN,ROST,RVTY,SBAC,SLB,SPG,SRE,STLD,STX,SWKS,TEAM,TJX,TMO,TRGP,TSN,UAL,UDR,ULTA,UNP,UPS,VRTX,VTRS,WAT,WBD,WFC,WM,WMT,WST,XOM,^VIX","ADSK,AEE,ALLE,ALNY,AMCR,AMD,ANET,AOS,APH,APTV,ARE,ARM,ATO,AVB,AXON,AZO,BBY,BKNG,BR,CARR,CCI,CDW,CEG,CF,CI,CLX,CME,COIN,COST,CPRT,CRL,CSGP,CVS,CVX,DELL,DOC,DPZ,DUK,DVA,EBAY,EME,EMR,EQIX,EQR,EQT,ERIE,ES,EVRG,FICO,FIS,GDDY,HD,HOOD,HPE,HPQ,HUBB,IBKR,IBM,IFF,INTU,INVH,IP,IRM,J,JBL,KHC,KIM,KR,KVUE,LH,LII,LOW,LRCX,LW,MCO,MDLZ,MELI,MO,MPC,MPWR,MSFT,MSTR,MTCH,MU,NFLX,NI,NTAP,NVDA,NWS,ORCL,ORLY,OTIS,OXY,PANW,PAYC,PAYX,PCG,PDD,PEG,PNR,PNW,PODD,POOL,PPL,PSA,PTC,PWR,PYPL,QQQ,REG,RJF,RMD,ROK,ROP,SHOP,SHW,SJM,SMCI,SNA,SNDK,SPY,SYY,T,TAP,TDG,TECH,TEL,TKO,TMUS,TRI,TRMB,TROW,TSCO,TTD,TTWO,TYL,UBER,UNH,URI,VRSK,VRSN,VST,VZ,WDAY,WDC,WEC,WRB,WSM,WTW,WYNN,XYL,XYZ,ZBRA,ZS",136,154,[],[]
2025-12-23,"A,AAPL,ABBV,ACN,ADM,AES,AFL,ALB,ALGN,AME,AMZN,APP,BDX,BEN,BG,BIIB,BLDR,BMY,BRK.B,BXP,CB,CCEP,CFG,CHRW,CIEN,CMG,CMI,CMS,CNC,COO,CRH,CTSH,CTVA,CVNA,DAL,DD,DG,DGX,DHR,DLTR,DOV,DOW,DRI,EA,ED,EFX,EL,EPAM,EW,EXPD,EXPE,FDX,FER,FIX,FOX,FOXA,FSLR,FTV,GD,GEHC,GEV,GILD,GLW,GM,GS,GWW,HAS,HII,HLT,HOLX,HSIC,HST,IEX,INTC,IQV,IR,ISRG,ITW,JBHT,JCI,JKHY,JNJ,KDP,KLAC,KO,LDOS,LHX,LULU,LVS,MAR,MCD,MDT,META,MGM,MLM,MNST,MRK,MRVL,MS,MTD,NDAQ,NDSN,NSC,NUE,NVR,NWSA,PCAR,PFE,PGR,PH,PHM,PLD,PLTR,PNC,PPG,Q,QCOM,REGN,RL,ROST,RVTY,SBAC,SLB,SPG,SRE,STLD,STX,SWK,SWKS,TEAM,TJX,TMO,TRGP,TSN,UAL,UDR,ULTA,UNP,UPS,USB,VLTO,VRTX,VTRS,WAT,WBD,WFC,WM,WST,XOM,ZTS,^VIX","ADSK,AEE,ALLE,ALNY,AMCR,AMD,ANET,AOS,APH,APTV,ARE,ARM,ATO,AVB,AXON,AZO,BBY,BKNG,BR,CARR,CCI,CDW,CEG,CF,CI,CLX,CME,COIN,COST,CPRT,CRL,CSGP,CVS,CVX,DELL,DOC,DPZ,DUK,DVA,EBAY,EME,EMR,EQIX,EQR,EQT,ERIE,ES,EVRG,FICO,FIS,GDDY,HD,HOOD,HPE,HPQ,HUBB,IBKR,IBM,IFF,INTU,INVH,IP,IRM,J,JBL,KHC,KIM,KR,KVUE,LH,LII,LOW,LRCX,LW,MDLZ,MELI,MO,MPC,MPWR,MSFT,MSTR,MTCH,MU,NFLX,NI,NTAP,NWS,ORCL,ORLY,OTIS,OXY,PANW,PAYC,PAYX,PCG,PDD,PEG,PNR,PNW,PODD,POOL,PPL,PSA,PTC,PWR,PYPL,QQQ,REG,RJF,RMD,ROK,ROP,SHOP,SHW,SJM,SMCI,SNA,SNDK,SPY,SYY,T,TAP,TDG,TECH,TEL,TKO,TMUS,TRI,TRMB,TROW,TSCO,TTD,TTWO,TYL,UBER,UNH,URI,VRSK,VRSN,VST,VZ,WDAY,WDC,WEC,WRB,WSM,WTW,WYNN,XYL,XYZ,ZBRA,ZS",151,152,[],[]
2025-12-24,"A,AAPL,ABBV,ACGL,ACN,ADM,AES,AFL,ALB,ALGN,AME,AMZN,APP,ARES,BDX,BEN,BG,BIIB,BK,BLDR,BMY,BRK.B,BXP,CB,CCEP,CFG,CHRW,CIEN,CMG,CMI,CMS,CNC,COO,CRH,CTSH,CTVA,CVNA,DAL,DD,DG,DGX,DHR,DLTR,DOV,DOW,DRI,EA,ED,EFX,EL,EPAM,EW,EXPD,EXPE,FDX,FER,FIX,FOX,FOXA,FSLR,FTV,GD,GEHC,GEV,GILD,GLW,GM,GS,GWW,HAS,HII,HLT,HRL,HSIC,HST,HUM,IEX,INTC,IQV,IR,ISRG,ITW,IVZ,JBHT,JCI,JKHY,JNJ,KDP,KLAC,KO,LDOS,LHX,LULU,LUV,LVS,MAR,MAS,MCD,MDT,META,MGM,MLM,MNST,MRK,MRVL,MS,MTD,NDAQ,NDSN,NSC,NUE,NVR,NWSA,PCAR,PFE,PGR,PH,PHM,PLD,PLTR,PNC,PPG,Q,QCOM,REGN,RL,ROST,RVTY,SBAC,SLB,SPG,SRE,STLD,STX,SW,SWK,SWKS,TEAM,TER,TJX,TMO,TRGP,TSN,UAL,UDR,ULTA,UNP,UPS,USB,VLTO,VRTX,VTRS,WAB,WAT,WBD,WFC,WM,WST,XOM,ZBH,ZTS,^VIX","ADSK,AEE,ALLE,ALNY,AMCR,AMD,ANET,AOS,APH,APTV,ARE,ARM,ATO,AVB,AXON,AZO,BBY,BKNG,BR,CARR,CCI,CDW,CEG,CF,CI,CLX,CME,COIN,COST,CPRT,CRL,CSGP,CVS,CVX,DE,DELL,DOC,DPZ,DUK,DVA,EBAY,EME,EMR,EQIX,EQR,EQT,ERIE,ES,EVRG,FICO,FIS,GDDY,HD,HOOD,HPE,HPQ,HUBB,IBKR,IBM,IFF,INTU,INVH,IP,IRM,J,JBL,KHC,KIM,KR,KVUE,LH,LII,LOW,LRCX,LW,MDLZ,MELI,MO,MPC,MPWR,MSFT,MSTR,MTCH,MU,NFLX,NI,NTAP,NWS,ORCL,ORLY,OTIS,OXY,PANW,PAYC,PAYX,PCG,PDD,PEG,PNR,PNW,PODD,POOL,PPL,PSA,PTC,PWR,PYPL,QQQ,REG,RJF,RMD,ROK,ROP,SHOP,SHW,SJM,SMCI,SNA,SNDK,SPY,SYY,T,TAP,TDG,TECH,TEL,TKO,TMUS,TRI,TRMB,TROW,TSCO,TTD,TTWO,TYL,UBER,UNH,URI,VRSK,VRSN,VST,VZ,WDAY,WDC,WEC,WRB,WSM,WTW,WYNN,XYL,XYZ,ZBRA,ZS",162,153,[],[]
2025-12-26,"A,AAPL,ABBV,ACGL,ACN,ADM,AES,AFL,ALB,ALGN,AME,AMZN,APP,ARES,BDX,BEN,BG,BIIB,BK,BLDR,BMY,BRK.B,BXP,CB,CCEP,CFG,CHRW,CIEN,CMG,CMI,CMS,CNC,COO,CRH,CTSH,CTVA,CVNA,DAL,DD,DG,DGX,DHR,DLTR,DOV,DOW,DRI,EA,ED,EFX,EL,EPAM,EW,EXPD,EXPE,FDX,FER,FIX,FOX,FOXA,FSLR,FTV,GD,GEHC,GEV,GILD,GLW,GM,GS,GWW,HAS,HII,HLT,HRL,HSIC,HST,HUM,IEX,INTC,IQV,IR,ISRG,ITW,IVZ,JBHT,JCI,JKHY,JNJ,KDP,KLAC,KO,LDOS,LHX,LULU,LUV,LVS,MAR,MAS,MCD,MDT,META,MGM,MLM,MNST,MRK,MRVL,MS,MTD,NDAQ,NDSN,NSC,NUE,NVR,NWSA,PCAR,PFE,PGR,PH,PHM,PLD,PLTR,PNC,PPG,Q,QCOM,REGN,RL,ROST,RVTY,SBAC,SLB,SNPS,SPG,SRE,STLD,STX,SW,SWK,SWKS,TEAM,TER,TJX,TMO,TRGP,TSN,TXN,UAL,UDR,ULTA,UNP,UPS,USB,VLTO,VRTX,VTRS,WAB,WAT,WBD,WFC,WM,WST,XOM,ZBH,ZTS,^VIX","ADSK,AEE,ALLE,ALNY,AMCR,AMD,ANET,AOS,APH,APTV,ARE,ARM,ATO,AVB,AXON,AZO,BBY,BKNG,BR,CARR,CCI,CDW,CEG,CF,CI,CLX,CME,COIN,COST,CPRT,CRL,CSGP,CVS,CVX,DE,DELL,DOC,DPZ,DUK,DVA,EBAY,EME,EMR,EQIX,EQR,EQT,ERIE,ES,EVRG,FICO,FIS,GDDY,HD,HOOD,HPE,HPQ,HUBB,IBKR,IBM,IFF,INTU,INVH,IP,IRM,J,JBL,KHC,KIM,KR,KVUE,LH,LII,LOW,LRCX,LW,MDLZ,MELI,MO,MPC,MPWR,MSFT,MSTR,MTCH,MU,NFLX,NI,NTAP,NWS,ORCL,ORLY,OTIS,OXY,PANW,PAYC,PAYX,PCG,PDD,PEG,PNR,PNW,PODD,POOL,PPL,PSA,PTC,PWR,PYPL,QQQ,REG,RJF,RMD,ROK,ROP,SHOP,SHW,SJM,SMCI,SNA,SNDK,SPY,SYY,T,TAP,TDG,TECH,TEL,TKO,TMUS,TRI,TRMB,TROW,TSCO,TTD,TYL,UBER,UNH,URI,VRSK,VRSN,VST,VZ,WDAY,WDC,WEC,WRB,WSM,WTW,WYNN,XYL,XYZ,ZBRA,ZS",164,152,[],[]
2025-12-29,"A,AAPL,ABBV,ACGL,ACN,ADM,AES,AFL,ALB,ALGN,AME,AMZN,APP,ARES,BDX,BEN,BF.B,BG,BIIB,BK,BLDR,BMY,BRK.B,BXP,CB,CCEP,CFG,CHRW,CIEN,CMG,CMI,CMS,CNC,COO,CRH,CTSH,CTVA,CVNA,DAL,DD,DECK,DG,DGX,DHR,DLTR,DOV,DOW,DRI,EA,ED,EFX,EL,EPAM,EW,EXPD,EXPE,FDX,FER,FIX,FOX,FOXA,FSLR,FTV,GD,GEHC,GEV,GILD,GLW,GM,GS,GWW,HAS,HII,HLT,HRL,HSIC,HST,HUM,IEX,INTC,IQV,IR,ISRG,ITW,IVZ,JBHT,JCI,JKHY,JNJ,KDP,KLAC,KO,LDOS,LHX,LULU,LUV,LVS,MAR,MAS,MCD,MDT,META,MGM,MLM,MNST,MRK,MRVL,MS,MTD,NDAQ,NDSN,NSC,NUE,NVR,NWSA,PCAR,PFE,PGR,PH,PHM,PLD,PLTR,PNC,PPG,Q,QCOM,REGN,RL,ROST,RVTY,SBAC,SLB,SNPS,SPG,SRE,STLD,STX,SW,SWK,SWKS,TEAM,TER,TJX,TMO,TRGP,TSN,TXN,UAL,UDR,ULTA,UNP,UPS,USB,VLTO,VRTX,VTRS,WAB,WAT,WBD,WFC,WM,WST,XOM,ZBH,ZTS,^VIX","ADSK,AEE,ALLE,ALNY,AMCR,AMD,ANET,AOS,APH,APTV,ARE,ARM,ATO,AVB,AXON,AZO,BBY,BKNG,BR,CARR,CCI,CDW,CEG,CF,CI,CLX,CME,COIN,COST,CPRT,CRL,CSGP,CVS,CVX,DE,DELL,DOC,DPZ,DTE,DUK,DVA,EME,EMR,EQIX,EQR,EQT,ERIE,ES,EVRG,FICO,FIS,GDDY,HD,HOOD,HPE,HPQ,HUBB,IBKR,IBM,IFF,INTU,INVH,IP,IRM,J,JBL,KHC,KIM,KR,KVUE,LH,LII,LNT,LOW,LRCX,LW,MDLZ,MELI,MO,MPC,MPWR,MSFT,MSTR,MTCH,MU,NFLX,NI,NTAP,NWS,ORCL,ORLY,OTIS,OXY,PANW,PAYC,PAYX,PCG,PDD,PEG,PNR,PNW,PODD,POOL,PPL,PSA,PTC,PWR,PYPL,QQQ,REG,RJF,RMD,ROK,ROP,SHOP,SHW,SJM,SMCI,SNA,SNDK,SPY,SYY,T,TAP,TDG,TECH,TEL,TKO,TMUS,TRI,TRMB,TROW,TSCO,TTD,TYL,UBER,UNH,URI,VRSN,VST,VZ,WDAY,WDC,WEC,WRB,WSM,WTW,WYNN,XYL,XYZ,ZBRA,ZS",166,152,[],[]
2025-12-30,"A,AAPL,ABBV,ACGL,ACN,ADM,AES,AFL,ALB,ALGN,AME,AMZN,APP,ARES,BA,BDX,BEN,BF.B,BG,BIIB,BK,BLDR,BMY,BRK.B,BXP,CB,CCEP,CFG,CHRW,CIEN,CMG,CMI,CMS,CNC,COO,CRH,CTSH,CTVA,CVNA,DAL,DASH,DD,DECK,DG,DGX,DHR,DLTR,DOV,DOW,DRI,EA,ED,EFX,EL,EPAM,EW,EXPD,EXPE,FDX,FER,FIX,FOX,FOXA,FSLR,FTV,GD,GEHC,GEV,GILD,GLW,GM,GPN,GS,GWW,HAS,HII,HLT,HRL,HSIC,HST,HUM,IEX,INTC,IQV,IR,ISRG,ITW,IVZ,JBHT,JCI,JKHY,JNJ,KDP,KLAC,KO,LDOS,LHX,LULU,LUV,LVS,MAR,MAS,MCD,MCHP,MDT,META,MGM,MLM,MNST,MRK,MRVL,MS,MTD,NDAQ,NDSN,NSC,NUE,NVR,NWSA,NXPI,PCAR,PFE,PGR,PH,PHM,PLD,PLTR,PNC,PPG,Q,QCOM,REGN,RL,ROST,RVTY,SBAC,SLB,SNPS,SPG,SRE,STLD,STX,SW,SWK,SWKS,TEAM,TER,TJX,TMO,TRGP,TSN,TXN,UAL,UDR,ULTA,UNP,UPS,USB,VLTO,VRTX,VTRS,WAB,WAT,WBD,WFC,WM,WST,XOM,ZBH,ZTS,^VIX","ADSK,AEE,ALLE,ALNY,AMCR,AMD,ANET,AOS,APH,APTV,ARE,ARM,ATO,AVB,AXON,AZO,BBY,BKNG,BR,CARR,CCI,CDW,CEG,CF,CI,CINF,CLX,CME,CNP,COIN,COR,COST,CPRT,CRL,CSGP,CVS,CVX,DE,DELL,DOC,DPZ,DTE,DUK,DVA,EME,EMR,EQIX,EQR,EQT,ERIE,ES,ETR,EVRG,FE,FICO,FIS,GDDY,HD,HOOD,HPE,HPQ,HUBB,IBKR,IBM,IFF,INTU,INVH,IP,IRM,J,JBL,KHC,KIM,KR,KVUE,LH,LII,LNT,LOW,LRCX,LW,MCK,MDLZ,MELI,MO,MPC,MPWR,MSFT,MSTR,MTCH,MU,NFLX,NI,NTAP,NWS,ORCL,ORLY,OTIS,OXY,PANW,PAYC,PAYX,PCG,PDD,PEG,PKG,PNR,PNW,PODD,POOL,PPL,PSA,PTC,PWR,PYPL,QQQ,REG,RJF,RMD,ROK,ROP,SHOP,SHW,SJM,SMCI,SNA,SNDK,SPY,SYY,T,TAP,TDG,TECH,TEL,TKO,TMUS,TRI,TRMB,TROW,TSCO,TTD,TYL,UBER,UNH,URI,VRSN,VST,VZ,WDAY,WDC,WEC,WRB,WSM,WTW,WYNN,XYL,XYZ,ZBRA,ZS",171,159,[],[]
2025-12-31,"A,AAPL,ABBV,ACGL,ACN,ADM,AES,AFL,ALB,ALGN,AME,AMZN,APP,ARES,BA,BDX,BEN,BF.B,BG,BIIB,BK,BLDR,BLK,BMY,BRK.B,BX,BXP,CB,CCEP,CDNS,CFG,CHRW,CIEN,CMG,CMI,CMS,CNC,COO,CRH,CSX,CTSH,CTVA,CVNA,DAL,DASH,DD,DECK,DG,DGX,DHR,DLTR,DOV,DOW,DRI,EA,ED,EFX,EL,EPAM,EW,EXPD,EXPE,FDX,FER,FISV,FITB,FIX,FOX,FOXA,FSLR,FTV,GD,GEHC,GEN,GEV,GILD,GLW,GM,GS,GWW,HAS,HBAN,HII,HLT,HRL,HSIC,HST,HUM,IEX,INTC,IQV,IR,ISRG,ITW,IVZ,JBHT,JCI,JKHY,JNJ,KDP,KLAC,KO,LDOS,LHX,LULU,LUV,LVS,LYV,MAR,MAS,MCD,MCHP,MDT,META,MGM,MLM,MNST,MRK,MRVL,MS,MTD,NDAQ,NDSN,NSC,NUE,NVR,NWSA,NXPI,ODFL,ON,PCAR,PFE,PGR,PH,PHM,PLD,PLTR,PNC,PPG,Q,QCOM,REGN,RF,RL,ROST,RVTY,SBAC,SLB,SNPS,SPG,SRE,STLD,STX,SW,SWK,SWKS,TEAM,TER,TMO,TRGP,TSN,TXN,UAL,UDR,ULTA,UNP,UPS,USB,VLTO,VRTX,VTRS,WAB,WAT,WBD,WFC,WM,WST,XOM,ZBH,ZTS,^VIX","ADSK,AEE,AEP,ALLE,ALNY,AMCR,AMD,ANET,AOS,APH,APTV,ARE,ARM,ATO,AVB,AXON,AZO,BBY,BKNG,BR,CARR,CCI,CDW,CEG,CF,CI,CINF,CLX,CME,CNP,COIN,COR,COST,CPRT,CRL,CSGP,CVS,CVX,DE,DELL,DOC,DPZ,DTE,DUK,DVA,ECL,EME,EMR,EQIX,EQR,EQT,ERIE,ES,ETR,EVRG,EXC,FE,FICO,FIS,GDDY,HD,HOOD,HPE,HPQ,HUBB,IBKR,IBM,IFF,INTU,INVH,IP,IRM,J,JBL,KHC,KIM,KR,KVUE,LH,LII,LNT,LOW,LRCX,LW,MCK,MDLZ,MELI,MO,MPC,MPWR,MSFT,MSTR,MTCH,MU,NFLX,NI,NTAP,NWS,ORCL,ORLY,OTIS,OXY,PANW,PAYC,PAYX,PCG,PDD,PEG,PKG,PNR,PNW,PODD,POOL,PPL,PSA,PTC,PWR,PYPL,QQQ,REG,RJF,RMD,ROK,ROP,SHOP,SHW,SJM,SMCI,SNA,SNDK,SPY,SYY,T,TAP,TDG,TECH,TEL,TKO,TMUS,TRI,TRMB,TROW,TSCO,TTD,TYL,UBER,UHS,UNH,URI,VRSN,VST,VZ,WDAY,WDC,WEC,WRB,WSM,WTW,WYNN,XEL,XYL,XYZ,ZBRA,ZS",181,164,[],[]
2026-01-02,"A,AAPL,ABBV,ACN,ADM,AES,AFL,ALB,ALGN,AME,AMZN,ARES,BA,BDX,BEN,BF.B,BG,BIIB,BK,BLDR,BLK,BMY,BRK.B,BX,BXP,CB,CDNS,CFG,CHRW,CIEN,CMG,CMI,CMS,CNC,COO,CRH,CSX,CTSH,CTVA,DAL,DASH,DD,DECK,DG,DGX,DHR,DLTR,DOV,DOW,DRI,EA,ED,EFX,EL,EPAM,EW,EXPD,EXPE,FDX,FER,FITB,FIX,FOX,FOXA,FSLR,FTV,GD,GEHC,GEV,GILD,GLW,GM,GS,GWW,HAS,HBAN,HII,HLT,HSIC,HST,HUM,IEX,INTC,IQV,IR,ISRG,ITW,IVZ,JBHT,JCI,JNJ,KDP,KEY,KLAC,KO,LDOS,LHX,LULU,LUV,LVS,LYV,MAR,MAS,MCD,MCHP,MDT,META,MGM,MLM,MNST,MRK,MRVL,MS,MTD,NDAQ,NDSN,NSC,NUE,NVR,NWSA,NXPI,ODFL,ON,PCAR,PFE,PGR,PH,PHM,PLD,PNC,PPG,Q,QCOM,REGN,RF,RL,ROST,RVTY,SBAC,SLB,SNPS,SPG,SRE,STLD,STX,SW,SWK,SWKS,TDY,TER,TMO,TRGP,TSN,TXN,UAL,UDR,ULTA,UNP,UPS,USB,VRTX,VTRS,WAB,WAT,WBD,WFC,WM,WMB,WST,XOM,ZBH,ZTS,^VIX","ADSK,AEE,AEP,ALLE,ALNY,AMCR,AMD,ANET,AOS,APH,APTV,ARE,ARM,ATO,AVB,AXON,AZO,BBY,BKNG,BR,CARR,CCI,CDW,CEG,CF,CI,CINF,CLX,CME,CNP,COIN,COR,COST,CPRT,CRL,CSGP,CVS,DE,DELL,DOC,DPZ,DTE,DUK,DVA,ECL,EME,EMR,EQIX,EQR,EQT,ERIE,ES,ETR,EVRG,EXC,FE,FICO,FIS,GDDY,HD,HOOD,HPE,HPQ,HUBB,IBKR,IBM,IFF,INTU,INVH,IP,IRM,J,JBL,KHC,KIM,KR,KVUE,LH,LII,LNT,LOW,LRCX,LW,LYB,MCK,MDLZ,MELI,MO,MPC,MPWR,MSFT,MSTR,MTCH,MU,NFLX,NI,NTAP,NWS,ORCL,ORLY,OTIS,OXY,PANW,PAYC,PAYX,PCG,PDD,PEG,PKG,PNR,PNW,PODD,POOL,PPL,PSA,PTC,PWR,PYPL,QQQ,REG,RJF,RMD,ROK,ROP,SHOP,SHW,SJM,SMCI,SNA,SPY,SYY,T,TAP,TECH,TEL,TKO,TMUS,TRI,TRMB,TROW,TSCO,TTD,TYL,UBER,UHS,UNH,URI,VRSN,VST,VZ,WDAY,WDC,WEC,WRB,WSM,WTW,WYNN,XEL,XYL,XYZ,ZBRA,ZS",173,162,[],[]
2026-01-05,"A,AAPL,ABNB,ACN,ADBE,ADM,AES,AFL,ALB,ALGN,AME,AMZN,ARES,BA,BDX,BEN,BF.B,BG,BIIB,BK,BLDR,BLK,BMY,BRK.B,BX,BXP,CB,CFG,CHRW,CIEN,CMG,CMI,CMS,CNC,COO,CPAY,CRH,CSX,CTSH,CTVA,DAL,DASH,DD,DECK,DG,DGX,DHR,DLTR,DOV,DOW,DRI,EA,ED,EFX,EL,EPAM,EW,EXPD,EXPE,FDX,FER,FITB,FIX,FOX,FOXA,FSLR,GD,GEHC,GEV,GILD,GLW,GM,GS,GWW,HAS,HBAN,HII,HLT,HSIC,HST,HUM,IEX,INTC,IQV,IR,ISRG,ITW,IVZ,JBHT,JCI,JNJ,KDP,KEY,KLAC,LDOS,LHX,LULU,LUV,LVS,LYV,MAR,MAS,MCHP,MDT,META,MGM,MLM,MNST,MRK,MRNA,MRVL,MS,MTD,NDAQ,NDSN,NSC,NUE,NVR,NWSA,NXPI,ODFL,ON,PCAR,PFE,PGR,PH,PHM,PLD,PNC,PPG,Q,QCOM,REGN,RF,RL,ROST,RVTY,SBAC,SLB,SNPS,SPG,SRE,STLD,STT,STX,SW,SWK,SWKS,TDY,TER,TMO,TRGP,TSN,TXN,UAL,UDR,ULTA,UNP,UPS,USB,VRTX,VTRS,WAB,WAT,WBD,WFC,WM,WMB,WST,XOM,ZBH,ZTS,^VIX","ADSK,AEE,AEP,AKAM,ALLE,ALNY,AMCR,AMD,AMGN,ANET,AOS,APH,ARE,ARM,ATO,AVB,AXON,AZO,BBY,BKNG,BR,CARR,CCI,CDW,CEG,CF,CINF,CLX,CME,CNP,COR,COST,CPRT,CRL,CSGP,CVS,DE,DELL,DOC,DPZ,DTE,DUK,DVA,ECL,EME,EQIX,EQR,EQT,ERIE,ES,ETR,EVRG,EXC,FE,FICO,FIS,GDDY,HD,HOOD,HPE,HPQ,HUBB,IBM,IFF,INTU,INVH,IP,IRM,JBL,KHC,KIM,KR,KVUE,LH,LII,LNT,LOW,LW,MCK,MDLZ,MO,MPWR,MSFT,MSTR,MTCH,MU,NFLX,NI,NTAP,NWS,ORCL,ORLY,OTIS,OXY,PANW,PAYC,PAYX,PCG,PDD,PEG,PKG,PNR,PNW,PODD,POOL,PPL,PSA,PSKY,PTC,PWR,PYPL,QQQ,REG,RMD,ROK,ROP,SHOP,SHW,SJM,SMCI,SNA,SPY,SYY,T,TAP,TEL,TKO,TMUS,TRI,TRMB,TSCO,TYL,UBER,UHS,UNH,VRSN,VST,VZ,WDAY,WDC,WEC,WRB,WSM,WTW,WYNN,XEL,XYL,ZBRA,ZS",173,149,[],[]
2026-01-06,"A,ABNB,ACN,ADBE,ADM,AES,AFL,ALB,ALGN,AME,AMZN,ARES,BA,BDX,BEN,BF.B,BG,BIIB,BK,BLDR,BLK,BMY,BRK.B,BX,BXP,CB,CFG,CHRW,CIEN,CMG,CMI,CMS,CNC,COO,CPAY,CRH,CSX,CTSH,CTVA,DAL,DASH,DD,DECK,DG,DGX,DHR,DLTR,DOV,DOW,DRI,EA,ED,EFX,EL,EPAM,EW,EXPD,EXPE,FDX,FER,FITB,FIX,FOX,FOXA,FSLR,GD,GEHC,GEV,GILD,GLW,GM,GS,GWW,HAS,HBAN,HII,HLT,HSIC,HST,HUM,IEX,INTC,IQV,IR,ISRG,ITW,IVZ,JBHT,JNJ,KDP,KEY,KLAC,LDOS,LHX,LMT,LULU,LUV,LVS,LYV,MAR,MAS,MCHP,MDT,META,MGM,MLM,MNST,MRK,MRNA,MRVL,MS,MTD,NDAQ,NDSN,NSC,NUE,NVR,NWSA,NXPI,ODFL,ON,PCAR,PFE,PGR,PH,PHM,PLD,PNC,PPG,Q,QCOM,REGN,RF,RL,ROST,RVTY,SBAC,SLB,SNPS,SPG,SRE,STLD,STT,STX,SW,SWK,SWKS,TDY,TER,TMO,TRGP,TXN,UAL,UDR,ULTA,UNP,UPS,USB,VRTX,VTRS,WAB,WAT,WBD,WFC,WM,WMB,WST,XOM,ZBH,ZTS,^VIX","ADSK,AEE,AEP,AKAM,ALLE,ALNY,AMCR,AMD,AMGN,ANET,AOS,APH,ARM,ATO,AVB,AZO,BKNG,BR,BSX,CARR,CBRE,CCI,CDW,CEG,CF,CHD,CINF,CL,CLX,CME,CNP,COR,COST,CPRT,CSGP,CVS,DELL,DOC,DPZ,DTE,DUK,DVA,EIX,EME,EQIX,EQR,EQT,ERIE,ES,ETR,EVRG,EXC,FE,FICO,FIS,GDDY,HD,HOOD,HPE,HPQ,IBM,IFF,INSM,INTU,INVH,IP,IRM,JBL,KHC,KIM,KR,KVUE,LH,LNT,LOW,LW,MCK,MDLZ,MMM,MO,MSFT,MSTR,MTCH,NEE,NFLX,NI,NTAP,NWS,ORCL,ORLY,OTIS,OXY,PANW,PAYC,PAYX,PCG,PEG,PG,PKG,PNR,PNW,PODD,POOL,PPL,PSKY,PTC,PWR,PYPL,QQQ,REG,RMD,ROK,ROP,SHOP,SJM,SMCI,SNA,SPY,SYY,T,TAP,TEL,TKO,TMUS,TRI,TRMB,TSCO,TYL,UBER,UHS,VRSN,VST,VZ,WDAY,WEC,WRB,WSM,WTW,WYNN,XEL,ZBRA,ZS",171,142,[],[]
2026-01-07,"A,ABNB,ACN,ADBE,ADM,AES,AFL,ALB,ALGN,AME,AMZN,APO,ARES,BA,BDX,BEN,BF.B,BG,BIIB,BK,BLDR,BLK,BMY,BRK.B,BX,BXP,CB,CFG,CHRW,CIEN,CMG,CMI,CMS,CNC,COO,CPAY,CTSH,CTVA,DAL,DASH,DD,DECK,DG,DGX,DHR,DLTR,DOV,DOW,DRI,EA,ED,EFX,EL,EPAM,EW,EXPD,EXPE,FDX,FER,FFIV,FITB,FIX,FOX,FOXA,GD,GEHC,GEV,GILD,GLW,GM,GS,GWW,HAS,HBAN,HII,HLT,HSIC,HST,HUM,IEX,INTC,IQV,IR,ISRG,ITW,IVZ,JBHT,JNJ,KDP,KEY,KKR,KLAC,LDOS,LHX,LMT,LULU,LUV,LYV,MAR,MAS,MCHP,MDT,META,MLM,MNST,MRK,MRNA,MRVL,MS,MTD,NDAQ,NDSN,NSC,NUE,NVR,NWSA,NXPI,ODFL,ON,PCAR,PFE,PGR,PH,PHM,PLD,PNC,PPG,Q,QCOM,REGN,RF,RL,ROST,RVTY,SLB,SNPS,SPG,SRE,STLD,STT,STX,SW,SWK,TDY,TER,TMO,TRGP,TXN,UAL,UDR,ULTA,UPS,USB,VRTX,VTRS,WAB,WAT,WBD,WFC,WM,WMB,WST,XOM,ZBH,ZTS,^VIX","ADSK,AEE,AEP,AKAM,ALLE,AMCR,AMD,ANET,AOS,APH,ARM,ATO,AVB,AZO,BKNG,BR,BSX,CARR,CBRE,CCI,CDW,CEG,CF,CHD,CINF,CL,CLX,CME,CNP,COR,COST,CPB,CPRT,CSGP,CVS,DELL,DPZ,DTE,DUK,DVA,EIX,EME,EQIX,EQR,EQT,ERIE,ES,ETR,EVRG,EXC,FE,FICO,FIS,GDDY,HD,HOOD,HPE,HPQ,IBM,IFF,INSM,INTU,INVH,IP,IRM,JBL,KHC,KIM,KR,KVUE,LEN,LH,LNT,LOW,LW,MCK,MDLZ,MMM,MO,MSFT,MSTR,MTCH,NEE,NFLX,NI,NTAP,NWS,O,ORCL,ORLY,OTIS,OXY,PAYC,PAYX,PCG,PEG,PG,PKG,PNR,PNW,POOL,PPL,PSKY,PTC,PWR,PYPL,QQQ,REG,RMD,ROK,ROL,ROP,SHOP,SJM,SMCI,SNA,SPY,SYY,T,TAP,TEL,TKO,TMUS,TRI,TRMB,TSCO,TYL,UBER,UHS,VRSN,VST,VZ,WDAY,WEC,WELL,WRB,WSM,WTW,WYNN,XEL,ZBRA,ZS",166,142,[],[]
2026-01-08,"A,ABNB,ACN,ADBE,ADM,AES,AFL,ALB,ALGN,AME,AMP,AMZN,APO,ARES,BA,BDX,BEN,BF.B,BG,BIIB,BK,BLDR,BLK,BMY,BRK.B,BX,BXP,CB,CFG,CHRW,CHTR,CIEN,CMG,CMI,CMS,CNC,COF,COO,CPAY,CTSH,CTVA,DAL,DASH,DD,DECK,DG,DGX,DHR,DLTR,DOV,DOW,DRI,EA,ED,EFX,EL,EPAM,EW,EXPD,EXPE,FDX,FER,FFIV,FITB,FIX,FOX,FOXA,GD,GEHC,GEV,GILD,GLW,GM,GRMN,GS,GWW,HAS,HBAN,HII,HLT,HSIC,HST,HUM,IEX,INTC,IQV,IR,ISRG,ITW,IVZ,JBHT,JNJ,KDP,KEY,KKR,KLAC,LDOS,LHX,LMT,LULU,LUV,LYV,MAR,MAS,MCHP,MDT,META,MLM,MNST,MRK,MRNA,MRVL,MS,MTB,MTD,NDAQ,NDSN,NSC,NTRS,NUE,NVR,NWSA,NXPI,ODFL,OMC,ON,PCAR,PFE,PFG,PGR,PH,PHM,PLD,PNC,PPG,PRU,Q,QCOM,REGN,RF,RL,ROST,RVTY,SLB,SNPS,SPG,SRE,STLD,STT,STX,SW,SWK,SYF,TDY,TER,TFC,TMO,TRGP,TXN,UAL,UDR,ULTA,UPS,USB,VRTX,VTRS,WAB,WAT,WBD,WFC,WM,WMB,WST,XOM,ZBH,ZTS,^VIX","ADSK,AEE,AEP,AKAM,ALLE,AMCR,AMD,ANET,APH,ARM,ATO,AVB,AZO,BKNG,BR,BSX,CARR,CBRE,CCI,CDW,CEG,CF,CHD,CINF,CME,CNP,COR,CPB,CPRT,CSGP,CVS,DELL,DPZ,DTE,DUK,DVA,EIX,EME,EQIX,EQR,EQT,ERIE,ES,ETR,EVRG,EXC,FE,FICO,FIS,GDDY,HCA,HD,HOOD,HPE,HPQ,IBM,IFF,INSM,INTU,INVH,IP,IRM,JBL,KHC,KIM,KMI,KR,KVUE,LEN,LH,LNT,LOW,LW,MCK,MDLZ,MMM,MO,MSFT,MSTR,MTCH,NEE,NFLX,NI,NTAP,NWS,O,ORCL,ORLY,OTIS,OXY,PAYC,PAYX,PCG,PEG,PG,PKG,PNR,PNW,POOL,PPL,PSKY,PTC,PWR,PYPL,QQQ,REG,RMD,ROK,ROL,ROP,RSG,SHOP,SJM,SMCI,SNA,SO,SPY,SYY,T,TAP,TEL,TKO,TMUS,TRI,TRMB,TSCO,TYL,UBER,UHS,VRSN,VST,VTR,VZ,WDAY,WEC,WELL,WRB,WSM,WTW,WYNN,XEL,ZBRA,ZS",177,143,[],[]
2026-01-09,"A,ABNB,ACN,ADBE,ADM,AES,AFL,AJG,ALB,ALGN,AME,AMP,AMZN,APO,ARES,AVY,AXP,BA,BDX,BEN,BF.B,BG,BIIB,BK,BLDR,BLK,BMY,BRK.B,BX,BXP,CB,CFG,CHRW,CHTR,CIEN,CMG,CMI,CMS,CNC,COF,COO,CPAY,CTAS,CTSH,CTVA,DAL,DASH,DD,DECK,DG,DGX,DHR,DIS,DLTR,DOV,DOW,DRI,DXCM,EA,ED,EFX,EG,EL,ELV,EPAM,EW,EXPD,EXPE,FCX,FDX,FER,FFIV,FITB,FIX,FOX,FOXA,GD,GEHC,GEV,GILD,GL,GLW,GM,GPC,GRMN,GS,GWW,HAS,HBAN,HIG,HII,HLT,HSIC,HST,HUM,IEX,INTC,IQV,IR,ISRG,ITW,IVZ,JBHT,JNJ,KDP,KEY,KKR,KLAC,LDOS,LHX,LMT,LULU,LUV,LYV,MA,MAR,MAS,MCHP,MDT,MET,META,MLM,MNST,MOH,MOS,MRK,MRNA,MRVL,MS,MTB,MTD,NCLH,NDAQ,NDSN,NEM,NSC,NTRS,NUE,NVR,NWSA,NXPI,ODFL,OMC,ON,PCAR,PFE,PFG,PGR,PH,PHM,PLD,PNC,PPG,PRU,Q,QCOM,RCL,REGN,RF,RL,ROST,RVTY,SLB,SNPS,SPG,SRE,STLD,STT,STX,SW,SWK,SYF,TDY,TER,TFC,TGT,TMO,TPR,TRGP,TXN,TXT,UAL,UDR,ULTA,UPS,USB,V,VRTX,VTRS,WAB,WAT,WBD,WFC,WM,WMB,WST,XOM,ZBH,ZTS,^VIX","ADSK,AEE,AEP,AKAM,ALLE,AMCR,AMD,ANET,APH,ARM,ATO,AVB,AZO,BKNG,BR,BSX,CARR,CBRE,CCI,CDW,CEG,CF,CHD,CINF,CME,CNP,COR,CPB,CPRT,CSGP,CVS,DELL,DPZ,DTE,DUK,DVA,EIX,EME,EQIX,EQR,EQT,ERIE,ES,ETR,EVRG,EXC,FE,FICO,FIS,GDDY,HCA,HOOD,HPE,HPQ,IBM,IFF,INSM,INTU,INVH,IP,IRM,JBL,KHC,KIM,KMI,KR,KVUE,LH,LNT,LW,MCK,MDLZ,MMM,MO,MSFT,MSTR,MTCH,NEE,NFLX,NI,NTAP,NWS,O,ORCL,OTIS,OXY,PAYC,PAYX,PCG,PEG,PG,PKG,PNR,PNW,PPL,PSKY,PTC,PWR,PYPL,QQQ,REG,RMD,ROK,ROL,ROP,RSG,SHOP,SMCI,SNA,SO,SPY,STE,SYY,T,TAP,TEL,TKO,TMUS,TRI,TRMB,TSCO,TYL,UBER,UHS,VRSN,VST,VTR,VZ,WDAY,WEC,WELL,WRB,WSM,WTW,WYNN,XEL,ZBRA,ZS",200,138,[],[]
2026-01-12,"A,ABNB,ACN,ADBE,ADM,AES,AFL,AJG,ALB,ALGN,AME,AMP,AMZN,APO,ARES,AVY,BA,BAC,BALL,BDX,BEN,BF.B,BG,BIIB,BK,BLDR,BLK,BMY,BRK.B,BX,BXP,CB,CFG,CHRW,CHTR,CIEN,CMG,CMI,CMS,CNC,COO,CPAY,CTAS,CTSH,CTVA,DAL,DASH,DD,DECK,DG,DGX,DHR,DIS,DLTR,DOV,DOW,DRI,DXCM,EA,ED,EFX,EG,EL,ELV,EPAM,EW,EXPD,EXPE,EXR,F,FCX,FDX,FER,FFIV,FITB,FIX,FOX,FOXA,GD,GE,GEHC,GEV,GILD,GL,GLW,GM,GPC,GRMN,GS,GWW,HAS,HBAN,HIG,HII,HLT,HSIC,HST,HUM,IEX,INTC,IQV,IR,ISRG,ITW,IVZ,JBHT,JNJ,KDP,KEY,KKR,KLAC,LDOS,LHX,LIN,LMT,LULU,LUV,LYV,MA,MAR,MAS,MCHP,MDT,MET,META,MLM,MNST,MOH,MOS,MRK,MRNA,MRVL,MS,MTB,MTD,NCLH,NDAQ,NDSN,NEM,NSC,NTRS,NUE,NVR,NWSA,NXPI,ODFL,OMC,ON,PCAR,PFE,PFG,PGR,PH,PHM,PLD,PNC,PPG,PRU,Q,QCOM,RCL,REGN,RF,RL,ROST,RVTY,SLB,SNPS,SPG,SRE,STLD,STT,STX,SW,SWK,TDY,TER,TFC,TGT,TMO,TPR,TRGP,TXN,TXT,UAL,UDR,ULTA,UPS,USB,V,VICI,VRTX,VTRS,WAB,WAT,WBD,WFC,WM,WMB,WST,XOM,ZBH,ZTS,^VIX","ADSK,AEE,AEP,ALLE,AMCR,AMD,ANET,APH,ARM,ATO,AVB,AVGO,BKNG,BR,BSX,CARR,CBRE,CCI,CDW,CEG,CF,CHD,CINF,CME,CNP,COR,CPB,CPRT,CSGP,CVS,DELL,DLR,DPZ,DTE,DUK,DVA,EIX,EME,EQIX,EQR,EQT,ERIE,ES,ETR,EVRG,EXC,FE,FICO,FIS,GDDY,HCA,HOOD,HPE,HPQ,IFF,INSM,INTU,INVH,IP,IRM,JBL,KHC,KIM,KMI,KR,KVUE,LH,LNT,LW,MCK,MDLZ,MMM,MSFT,MSTR,MTCH,NEE,NFLX,NI,NTAP,NWS,O,ORCL,OTIS,OXY,PAYC,PAYX,PCG,PEG,PG,PKG,PNR,PNW,PPL,PSKY,PTC,PWR,PYPL,QQQ,REG,ROK,ROL,ROP,RSG,SHOP,SMCI,SNA,SO,SPY,STE,SYY,T,TAP,TEL,TKO,TMUS,TPL,TRI,TRMB,TSCO,TYL,UBER,UHS,VRSN,VST,VTR,VZ,WDAY,WEC,WELL,WRB,WSM,WTW,WYNN,XEL,ZBRA,ZS",204,136,[],[]
2026-01-13,"A,ABNB,ABT,ACN,ADM,AES,AFL,AIZ,AJG,ALB,ALGN,AME,AMP,AMZN,APO,ARES,AVY,AWK,BA,BAC,BALL,BAX,BDX,BEN,BF.B,BG,BIIB,BK,BLDR,BLK,BMY,BRK.B,BX,BXP,CB,CFG,CHRW,CHTR,CIEN,CMG,CMI,CMS,CNC,COO,CPAY,CTAS,CTSH,CTVA,DAL,DASH,DD,DECK,DG,DGX,DHR,DIS,DLTR,DOV,DOW,DRI,DXCM,EA,ED,EFX,EL,ELV,EPAM,EW,EXPD,EXPE,EXR,F,FCX,FDX,FER,FFIV,FITB,FIX,FOX,FOXA,FRT,GD,GE,GEHC,GEV,GILD,GL,GLW,GM,GPC,GRMN,GS,GWW,HAS,HBAN,HII,HLT,HON,HSIC,HST,HSY,HUM,IEX,INTC,IQV,IR,ISRG,ITW,IVZ,JBHT,JNJ,KDP,KEY,KKR,KLAC,LDOS,LHX,LIN,LLY,LMT,LULU,LUV,LYV,MAR,MAS,MCHP,MDT,MET,META,MLM,MNST,MOH,MOS,MRK,MRNA,MRVL,MS,MTB,MTD,NCLH,NDAQ,NDSN,NEM,NSC,NTRS,NUE,NVR,NWSA,NXPI,ODFL,OMC,ON,PCAR,PFE,PFG,PH,PHM,PLD,PM,PNC,PPG,PRU,Q,QCOM,RCL,REGN,RF,RL,ROST,RVTY,SLB,SNPS,SPG,SRE,STLD,STT,STX,SW,SWK,TDY,TER,TFC,TGT,TMO,TPR,TRGP,TXN,TXT,UAL,UDR,ULTA,UPS,USB,VICI,VRTX,VTRS,WAB,WAT,WBD,WFC,WM,WMB,WST,XOM,YUM,ZBH,ZTS,^VIX","ADSK,AEE,AEP,ALLE,AMCR,AMD,ANET,APH,ARM,ATO,AVB,AVGO,BKNG,BR,BSX,CARR,CBOE,CBRE,CCI,CDW,CEG,CF,CHD,CINF,CME,CNP,COR,CPB,CPRT,CSGP,CVS,DDOG,DELL,DLR,DPZ,DTE,DUK,DVA,DVN,EIX,EME,EOG,EQIX,EQR,EQT,ERIE,ES,ETR,EVRG,EXC,EXE,FE,FICO,FIS,GDDY,HCA,HOOD,HPE,HPQ,IFF,INSM,INTU,INVH,IP,JBL,KHC,KIM,KMI,KR,KVUE,LH,LNT,LW,MCK,MDLZ,MMM,MSFT,MSTR,MTCH,NEE,NFLX,NI,NOW,NTAP,NWS,O,ORCL,OTIS,OXY,PAYC,PAYX,PCG,PEG,PG,PKG,PNR,PNW,PPL,PSKY,PTC,PWR,PYPL,QQQ,REG,ROK,ROL,ROP,RSG,SHOP,SMCI,SNA,SO,SPY,STE,SYY,T,TAP,TEL,TMUS,TPL,TRI,TRMB,TSCO,TYL,UBER,UHS,VRSN,VST,VTR,VZ,WDAY,WEC,WELL,WRB,WSM,WTW,WYNN,XEL,ZBRA,ZS",208,140,[],[]
2026-01-14,"A,ABNB,ABT,ACN,ADM,AES,AFL,AIZ,AJG,ALB,ALGN,AME,AMP,AMZN,APO,ARES,AVY,AWK,BA,BALL,BAX,BDX,BEN,BF.B,BG,BK,BLDR,BLK,BMY,BRK.B,BX,BXP,CB,CFG,CHRW,CHTR,CIEN,CMCSA,CMG,CMI,CMS,CNC,COO,CPAY,CTAS,CTSH,CTVA,DAL,DASH,DD,DECK,DG,DGX,DHR,DIS,DLTR,DOV,DOW,DRI,DXCM,EA,ED,EFX,EL,ELV,EPAM,EW,EXPD,EXPE,EXR,F,FCX,FDX,FER,FFIV,FITB,FIX,FOX,FOXA,FRT,GD,GE,GEHC,GEV,GILD,GL,GLW,GM,GPC,GRMN,GS,GWW,HAS,HBAN,HII,HLT,HON,HSIC,HST,HSY,HUM,IEX,INTC,IQV,IR,ISRG,ITW,IVZ,JBHT,JNJ,KDP,KEY,KKR,KLAC,LDOS,LHX,LIN,LLY,LMT,LULU,LUV,LYV,MAR,MAS,MCHP,MDT,MET,MLM,MNST,MOH,MOS,MRK,MRNA,MRVL,MS,MTB,MTD,NCLH,NDAQ,NDSN,NEM,NSC,NTRS,NUE,NVR,NWSA,NXPI,ODFL,OMC,ON,PCAR,PFE,PFG,PH,PHM,PLD,PM,PNC,PPG,PRU,Q,QCOM,RCL,REGN,RF,RL,ROST,RVTY,SLB,SNPS,SPG,SRE,STLD,STT,STX,SW,SWK,TDY,TER,TFC,TGT,TMO,TPR,TRGP,TSLA,TXN,TXT,UAL,UDR,ULTA,UPS,USB,VICI,VRTX,VTRS,WAB,WAT,WBD,WM,WMB,WST,XOM,YUM,ZBH,ZTS,^VIX","ADSK,AEE,AEP,ALLE,AMCR,AMD,ANET,APA,APH,ARM,ATO,AVB,AVGO,BKNG,BR,BSX,CARR,CBOE,CBRE,CCI,CDW,CEG,CF,CINF,CME,CNP,COR,CPB,CPRT,CSGP,CTRA,CVS,DDOG,DELL,DLR,DPZ,DTE,DUK,DVA,DVN,EIX,EME,EOG,EQIX,EQR,EQT,ERIE,ES,ETR,EXC,EXE,FANG,FICO,FIS,GDDY,HCA,HOOD,HPE,HPQ,IFF,INSM,INTU,INVH,IP,JBL,KIM,KMI,KR,KVUE,LH,LNT,MCK,MMM,MSFT,MTCH,NEE,NFLX,NI,NOW,NTAP,NWS,OKE,ORCL,OTIS,OXY,PAYC,PAYX,PCG,PEG,PKG,PNR,PSKY,PTC,PWR,PYPL,QQQ,REG,ROK,ROL,ROP,RSG,SHOP,SMCI,SNA,SO,SPY,STE,SYY,T,TEL,TMUS,TPL,TRI,TRMB,TSCO,TYL,UBER,UHS,VRSN,VST,VTR,VZ,WDAY,WEC,WELL,WRB,WSM,WTW,WYNN,XEL,ZBRA,ZS",206,132,[],[]
2026-01-15,"A,ABNB,ABT,ACN,ADM,AES,AFL,AIZ,AJG,ALB,ALGN,AME,AMP,AMZN,APO,ARES,AVY,AWK,BA,BALL,BAX,BDX,BEN,BF.B,BG,BK,BLDR,BLK,BMY,BRK.B,BX,BXP,CB,CFG,CHRW,CHTR,CIEN,CMCSA,CMG,CMI,CMS,CNC,COO,CPAY,CPT,CTAS,CTSH,CTVA,DAL,DASH,DD,DECK,DG,DGX,DHR,DIS,DLTR,DOV,DOW,DRI,DXCM,EA,ED,EFX,EL,ELV,EPAM,ESS,EW,EXPD,EXPE,EXR,F,FCX,FDX,FER,FFIV,FITB,FIX,FOX,FOXA,FRT,GD,GE,GEHC,GEV,GILD,GL,GLW,GM,GPC,GRMN,GS,GWW,HAS,HBAN,HII,HLT,HON,HSIC,HST,HSY,HUM,IEX,INTC,IQV,IR,ISRG,ITW,IVZ,JBHT,JNJ,KDP,KEY,KKR,KLAC,LDOS,LHX,LIN,LLY,LMT,LULU,LUV,LYV,MAA,MAR,MAS,MCHP,MDT,MET,MLM,MNST,MOH,MOS,MRK,MRNA,MRVL,MS,MSI,MTB,MTD,NCLH,NDAQ,NDSN,NEM,NSC,NTRS,NUE,NVR,NWSA,NXPI,ODFL,OMC,ON,PCAR,PFE,PFG,PH,PHM,PLD,PM,PNC,PPG,PRU,Q,QCOM,RCL,REGN,RF,RL,ROST,RVTY,SLB,SNPS,SPG,SRE,STLD,STT,STX,SW,SWK,TDY,TER,TFC,TGT,TMO,TPR,TRGP,TSLA,TXN,TXT,UAL,UDR,ULTA,UPS,USB,VICI,VRTX,VTRS,WAB,WAT,WBD,WM,WMB,WST,XOM,YUM,ZBH,ZTS,^VIX","ADSK,AEE,AEP,ALLE,AMCR,AMD,ANET,APA,ARM,ATO,AVB,AVGO,BKNG,BR,BSX,CARR,CAT,CBOE,CDW,CEG,CF,CINF,CME,CNP,COR,CPB,CPRT,CRWD,CSCO,CSGP,CTRA,CVS,DDOG,DELL,DLR,DPZ,DTE,DUK,DVA,DVN,EIX,EME,EOG,EQIX,EQR,EQT,ERIE,ES,ETN,ETR,EXC,EXE,FANG,FICO,FIS,GDDY,GNRC,GOOG,GOOGL,HCA,HOOD,HPE,HPQ,IFF,INSM,INTU,INVH,IP,JBL,KEYS,KIM,KMI,KR,KVUE,LNT,MCK,MMM,MSFT,MTCH,NEE,NFLX,NI,NOW,NRG,NTAP,NWS,OKE,ORCL,OTIS,OXY,PAYC,PAYX,PCG,PEG,PKG,PNR,PSKY,PTC,PWR,PYPL,QQQ,REG,ROK,ROL,ROP,RSG,SHOP,SMCI,SNA,SO,SPY,STE,T,TEL,TMUS,TPL,TRI,TRMB,TSCO,TT,TYL,UBER,UHS,VRSN,VST,VTR,VZ,WDAY,WEC,WELL,WRB,WSM,WTW,WYNN,XEL,ZBRA,ZS",210,137,[],[]
2026-01-16,"A,ABNB,ABT,ACN,ADM,AES,AFL,AIZ,AJG,ALB,ALGN,AME,AMP,AMZN,APO,ARES,AVY,AWK,BA,BALL,BAX,BDX,BEN,BF.B,BG,BK,BLDR,BLK,BMY,BRK.B,BX,BXP,CB,CFG,CHRW,CIEN,CMCSA,CMG,CMI,CMS,CNC,COO,CPAY,CPT,CTAS,CTSH,CTVA,DAL,DASH,DD,DECK,DG,DGX,DHR,DIS,DLTR,DOV,DOW,DRI,DXCM,EA,ED,EFX,EL,ELV,EPAM,ESS,EW,EXPD,EXPE,EXR,F,FCX,FDX,FER,FFIV,FITB,FIX,FOX,FOXA,FRT,GD,GE,GEHC,GEV,GILD,GL,GLW,GM,GPC,GRMN,GS,GWW,HAS,HBAN,HII,HLT,HON,HSIC,HST,HSY,HUM,IEX,INTC,IQV,IR,ISRG,ITW,IVZ,JBHT,JNJ,KDP,KEY,KKR,KLAC,LDOS,LHX,LIN,LLY,LMT,LULU,LUV,LYV,MAA,MAR,MAS,MCHP,MDT,MET,MLM,MNST,MOH,MOS,MRK,MRNA,MRVL,MS,MSI,MTB,MTD,NCLH,NDAQ,NDSN,NEM,NSC,NTRS,NUE,NVR,NWSA,NXPI,ODFL,OMC,ON,PCAR,PFE,PFG,PH,PHM,PLD,PM,PNC,PPG,Q,QCOM,RCL,REGN,RF,RL,ROST,RVTY,SBUX,SLB,SNPS,SPG,SRE,STLD,STX,SW,SWK,TDY,TER,TFC,TGT,TMO,TPR,TRGP,TSLA,TXN,TXT,UAL,UDR,ULTA,UPS,USB,VICI,VRTX,VTRS,WAB,WAT,WBD,WM,WMB,XOM,YUM,ZBH,ZTS,^VIX","ADSK,AEE,AEP,ALLE,AMCR,AMD,ANET,APA,ARM,ATO,AVB,AVGO,BKNG,BR,BSX,CARR,CAT,CBOE,CDW,CEG,CF,CINF,CME,CNP,COR,CPB,CPRT,CRWD,CSCO,CSGP,CTRA,CVS,DDOG,DELL,DLR,DPZ,DTE,DUK,DVA,DVN,EIX,EME,EOG,EQIX,EQR,EQT,ERIE,ES,ETN,ETR,EXE,FANG,FDS,FICO,FIS,GDDY,GNRC,GOOG,GOOGL,HCA,HOOD,HPE,HPQ,IFF,INSM,INTU,INVH,IP,JBL,KEYS,KIM,KMI,KR,KVUE,LNT,MCK,MMM,MSFT,MTCH,NEE,NFLX,NI,NOW,NRG,NTAP,NWS,OKE,ORCL,OTIS,OXY,PAYC,PAYX,PCG,PEG,PKG,PNR,PSKY,PTC,PWR,PYPL,QQQ,REG,ROK,ROL,ROP,RSG,SHOP,SNA,SO,SPY,STE,STZ,T,TEL,TMUS,TPL,TRI,TRMB,TSCO,TT,TYL,UBER,UHS,VRSN,VST,VTR,VZ,WDAY,WEC,WELL,WRB,WSM,WTW,WYNN,XEL,ZBRA,ZS",207,137,[],[]
2026-01-20,"ABNB,ABT,ACN,ADM,AES,AFL,AIZ,AJG,ALB,ALGN,AME,AMP,AMZN,APO,ARES,AVY,AWK,BA,BALL,BAX,BDX,BEN,BF.B,BG,BK,BLDR,BLK,BMY,BRK.B,BX,BXP,CB,CFG,CHRW,CIEN,CMCSA,CMG,CMI,CMS,CNC,COO,CPT,CTAS,CTSH,CTVA,DAL,DASH,DD,DECK,DG,DGX,DHR,DIS,DLTR,DOV,DOW,DRI,DXCM,EA,ED,EFX,EL,ELV,EPAM,ESS,EW,EXPD,EXR,F,FCX,FDX,FER,FFIV,FITB,FIX,FOX,FOXA,FRT,GD,GE,GEV,GILD,GL,GLW,GM,GPC,GS,GWW,HAS,HBAN,HII,HON,HSIC,HST,HSY,HUM,IEX,INTC,IQV,IR,ISRG,ITW,IVZ,JBHT,JNJ,KDP,KEY,KLAC,LDOS,LHX,LIN,LLY,LMT,LUV,MAA,MAR,MAS,MCHP,MDT,MET,MLM,MNST,MOH,MOS,MRK,MRNA,MRVL,MS,MSI,MTB,NDAQ,NDSN,NEM,NTRS,NUE,NVR,NXPI,ODFL,OMC,ON,PCAR,PFE,PFG,PH,PHM,PLD,PM,PNC,PPG,Q,RCL,REGN,RF,RL,ROST,RVTY,SBUX,SCHW,SLB,SNPS,SPG,SRE,STLD,STX,SW,SWK,TDY,TER,TFC,TGT,TMO,TPR,TRGP,TSLA,TXN,TXT,UDR,ULTA,UPS,USB,VICI,VRTX,VTRS,WAB,WAT,WBD,WM,WMB,XOM,ZBH,ZTS,^VIX","ADSK,AEE,AEP,ALLE,AMCR,AMD,ANET,APA,ARM,ATO,AVB,AVGO,BKNG,BR,BSX,CAG,CARR,CAT,CBOE,CDW,CEG,CF,CINF,CME,CNP,COR,CPB,CPRT,CRWD,CSCO,CSGP,CTRA,CVS,DDOG,DELL,DLR,DPZ,DTE,DUK,DVA,DVN,EIX,EME,EOG,EQIX,EQR,EQT,ERIE,ES,ETN,ETR,EXE,FANG,FDS,FICO,FIS,GDDY,GNRC,GOOG,GOOGL,HCA,HOOD,HPE,HPQ,IFF,INSM,INTU,INVH,IP,JBL,KEYS,KIM,KMB,KMI,KR,KVUE,LNT,MCK,MMM,MSFT,MTCH,NEE,NFLX,NI,NKE,NOW,NRG,NTAP,NWS,OKE,ORCL,OTIS,OXY,PAYC,PAYX,PCG,PEG,PKG,PNR,PSKY,PTC,PWR,PYPL,QQQ,REG,ROK,ROL,ROP,RSG,SHOP,SNA,SO,SPY,STE,T,TEL,TMUS,TPL,TRI,TRMB,TSCO,TT,TYL,UBER,UHS,VRSN,VST,VTR,VZ,WDAY,WEC,WELL,WRB,WSM,WTW,WYNN,XEL,ZBRA,ZS",192,139,[],[]
2026-01-21,"ABNB,ABT,ACN,ADM,AES,AFL,AIZ,AJG,ALB,ALGN,AME,AMP,AMZN,APO,ARES,AVY,AWK,BA,BALL,BAX,BDX,BEN,BF.B,BG,BK,BLDR,BLK,BMY,BRK.B,BX,BXP,CB,CFG,CHRW,CIEN,CMCSA,CMG,CMI,CMS,CNC,COO,CPT,CTAS,CTSH,CTVA,DAL,DASH,DD,DECK,DG,DGX,DHR,DIS,DLTR,DOV,DOW,DRI,DXCM,EA,ED,EFX,EL,ELV,EPAM,ESS,EW,EXPD,EXR,F,FCX,FDX,FER,FFIV,FITB,FIX,FOX,FOXA,FRT,GD,GE,GEV,GILD,GL,GLW,GM,GPC,GS,GWW,HAS,HBAN,HII,HON,HSIC,HST,HSY,HUM,HWM,IEX,INTC,IQV,IR,ISRG,ITW,IVZ,JBHT,JNJ,KDP,KEY,KLAC,L,LDOS,LHX,LIN,LLY,LMT,LUV,MAA,MAR,MAS,MCHP,MDT,MET,MLM,MNST,MOH,MOS,MRK,MRNA,MRVL,MS,MSCI,MSI,MTB,NDAQ,NDSN,NEM,NOC,NTRS,NUE,NVR,NXPI,ODFL,OMC,ON,PCAR,PFE,PFG,PH,PHM,PLD,PM,PNC,PPG,Q,RCL,REGN,RF,RL,ROST,RTX,RVTY,SBUX,SCHW,SLB,SNPS,SPG,STLD,STX,SW,SWK,TDY,TER,TFC,TGT,TMO,TPR,TRGP,TSLA,TXN,TXT,UDR,ULTA,UPS,USB,VICI,VRTX,VTRS,WAB,WAT,WBD,WM,WMB,XOM,ZBH,ZTS,^VIX","ADSK,AEE,AEP,ALLE,AMCR,ANET,APA,ARM,ATO,AVB,AVGO,BKNG,BR,BSX,CAG,CARR,CAT,CBOE,CDW,CEG,CINF,CME,CNP,COR,CPB,CPRT,CRWD,CSCO,CSGP,CTRA,CVS,D,DDOG,DELL,DLR,DPZ,DTE,DUK,DVA,DVN,EIX,EME,EOG,EQIX,EQR,ERIE,ES,ETN,ETR,EXE,FANG,FDS,FICO,FIS,GDDY,GOOG,GOOGL,HCA,HOOD,HPE,HPQ,IFF,INSM,INTU,INVH,IP,JBL,KEYS,KIM,KMB,KMI,KR,KVUE,LNT,MCK,MMM,MSFT,MTCH,NEE,NFLX,NI,NKE,NOW,NRG,NTAP,NWS,OKE,ORCL,OTIS,OXY,PAYC,PAYX,PCG,PEG,PKG,PNR,PSKY,PTC,PWR,PYPL,QQQ,REG,ROK,ROL,ROP,RSG,SHOP,SNA,SO,SPY,STE,T,TEL,TMUS,TPL,TRI,TRMB,TT,TYL,UBER,UHS,VRSN,VST,VTR,VZ,WDAY,WEC,WELL,WRB,WSM,WTW,WYNN,XEL,ZBRA,ZS",196,135,[],[]
2026-01-22,"ABNB,ACN,ADM,AES,AFL,AIZ,AJG,ALB,ALGN,AME,AMP,AMZN,APO,ARES,AVY,AWK,BA,BALL,BAX,BDX,BEN,BF.B,BG,BK,BLDR,BLK,BMY,BRK.B,BX,BXP,CB,CFG,CHRW,CIEN,CMCSA,CMG,CMI,CMS,CNC,COO,CPT,CTAS,CTSH,CTVA,DAL,DASH,DD,DECK,DG,DGX,DHR,DIS,DOV,DOW,DRI,DXCM,EA,ED,EFX,EL,ELV,EPAM,ESS,EW,EXPD,EXR,F,FCX,FDX,FER,FFIV,FITB,FIX,FOX,FOXA,FRT,GD,GEV,GILD,GL,GLW,GM,GPC,GS,GWW,HAS,HBAN,HII,HON,HSIC,HST,HSY,HUM,HWM,IEX,INTC,IQV,IR,ISRG,ITW,IVZ,JBHT,JNJ,KDP,KEY,KLAC,L,LDOS,LHX,LIN,LLY,LMT,LUV,MAA,MAR,MAS,MCHP,MDT,MET,MLM,MNST,MOH,MOS,MRK,MRNA,MRVL,MS,MSCI,MSI,MTB,NDAQ,NDSN,NEM,NOC,NTRS,NUE,NVR,NXPI,ODFL,OMC,ON,PCAR,PFE,PFG,PH,PHM,PM,PNC,PPG,Q,RCL,REGN,RF,RL,RTX,RVTY,SBUX,SCHW,SLB,SNPS,SPG,STLD,STX,SW,SWK,TDY,TER,TFC,TGT,TMO,TPR,TRGP,TSLA,TXN,TXT,UDR,ULTA,UPS,USB,VICI,VRTX,VTRS,WAB,WAT,WBD,WM,WMB,XOM,ZBH,ZTS,^VIX","ADSK,AEE,AEP,ALLE,AMCR,APA,ARM,ATO,AVB,AVGO,BKNG,BR,BSX,CAG,CARR,CAT,CBOE,CDW,CEG,CINF,CME,CNP,COR,CPB,CPRT,CRWD,CSCO,CSGP,CTRA,CVS,D,DDOG,DELL,DLR,DPZ,DTE,DUK,DVA,DVN,EIX,EME,EOG,EQIX,EQR,ERIE,ES,ETN,ETR,EXE,FANG,FDS,FICO,FIS,GDDY,GOOG,GOOGL,HCA,HOOD,HPE,HPQ,IFF,INSM,INTU,INVH,IP,JBL,KEYS,KIM,KMB,KR,KVUE,LNT,MCK,MMM,MSFT,MTCH,NEE,NFLX,NI,NKE,NOW,NRG,NTAP,NWS,ORCL,OTIS,OXY,PAYC,PAYX,PCG,PEG,PKG,PNR,PSKY,PTC,PWR,PYPL,QQQ,REG,ROK,ROL,ROP,RSG,SHOP,SNA,SO,SPY,STE,T,TEL,TMUS,TPL,TRI,TRMB,TT,TYL,UBER,UHS,VRSN,VST,VTR,VZ,WDAY,WEC,WELL,WRB,WSM,WTW,WYNN,XEL,ZBRA,ZS",191,132,[],[]
2026-01-23,"ABNB,ACN,ADM,AES,AFL,AIZ,AJG,ALB,ALGN,AME,AMP,AMZN,APO,AVY,AWK,BA,BALL,BAX,BDX,BEN,BF.B,BG,BK,BLDR,BLK,BMY,BRK.B,BX,BXP,CAH,CB,CFG,CHRW,CIEN,CMCSA,CMG,CMI,CMS,CNC,COO,CPT,CTAS,CTSH,CTVA,DAL,DASH,DD,DECK,DG,DGX,DHR,DIS,DOV,DOW,DRI,DXCM,EA,ED,EFX,EL,ELV,EPAM,ESS,EW,EXPD,EXR,F,FCX,FDX,FER,FFIV,FITB,FIX,FOX,FOXA,FRT,GD,GEV,GILD,GL,GLW,GM,GPC,GS,GWW,HAS,HBAN,HII,HON,HSIC,HST,HSY,HUM,HWM,IEX,IQV,IR,ISRG,ITW,IVZ,JBHT,JNJ,KDP,KEY,KLAC,L,LDOS,LHX,LIN,LLY,LMT,LUV,MAA,MAR,MAS,MCHP,MDT,MET,MLM,MNST,MOH,MOS,MRK,MRNA,MRVL,MS,MSCI,MSI,MTB,NDAQ,NDSN,NEM,NOC,NTRS,NUE,NVR,NXPI,ODFL,OMC,ON,PCAR,PFE,PFG,PH,PHM,PM,PNC,PPG,Q,RCL,REGN,RF,RL,RTX,RVTY,SBUX,SCHW,SLB,SNPS,SPG,STLD,STX,SW,SWK,TDY,TER,TFC,TGT,TMO,TPR,TRGP,TSLA,TXN,TXT,UDR,ULTA,UPS,USB,VICI,VRTX,VTRS,WAB,WAT,WBD,WM,WMB,XOM,ZBH,ZTS,^VIX","ADSK,AEE,AEP,ALLE,AMCR,APA,ARM,ATO,AVB,AVGO,BKNG,BR,BSX,CAG,CARR,CAT,CBOE,CDW,CEG,CINF,CME,CNP,COR,CPB,CPRT,CRWD,CSCO,CSGP,CTRA,CVS,D,DDOG,DELL,DLR,DPZ,DTE,DUK,DVA,DVN,EIX,EME,EOG,EQIX,EQR,ERIE,ES,ETN,ETR,EXE,FANG,FDS,FICO,FIS,GDDY,GOOG,GOOGL,HCA,HOLX,HOOD,HPE,HPQ,IFF,INSM,INTU,INVH,IP,JBL,KEYS,KIM,KMB,KR,KVUE,LNT,MCK,MMM,MSFT,MTCH,NEE,NFLX,NI,NKE,NOW,NRG,NTAP,NWS,ORCL,OTIS,OXY,PAYC,PAYX,PCG,PEG,PKG,PNR,PSKY,PTC,PWR,PYPL,QQQ,REG,ROK,ROL,ROP,SHOP,SNA,SO,SPY,STE,T,TEL,TMUS,TPL,TRI,TRMB,TT,TYL,UBER,UHS,VRSN,VST,VTR,VZ,WDAY,WEC,WELL,WRB,WSM,WTW,WYNN,XEL,ZBRA,ZS",190,132,[],[]
2026-01-26,"ABNB,ACN,ADM,AES,AFL,AIZ,AJG,ALB,ALGN,AME,AMP,AMZN,AVY,AWK,BA,BALL,BAX,BDX,BEN,BF.B,BG,BK,BLDR,BLK,BMY,BRK.B,BX,BXP,CAH,CB,CFG,CHRW,CIEN,CMCSA,CMG,CMI,CMS,CNC,COO,CPT,CTAS,CTSH,CTVA,DAL,DASH,DD,DECK,DG,DGX,DHR,DIS,DOV,DOW,DXCM,EA,ED,EFX,EL,ELV,EPAM,ESS,EW,EXPD,EXR,F,FCX,FDX,FER,FFIV,FITB,FIX,FOX,FOXA,FRT,GD,GEV,GILD,GL,GLW,GM,GPC,GS,GWW,HAS,HBAN,HII,HON,HSIC,HST,HSY,HUM,HWM,IEX,IQV,IR,ISRG,ITW,IVZ,JBHT,JNJ,KDP,KEY,KLAC,L,LDOS,LHX,LIN,LLY,LMT,LUV,MAA,MAR,MAS,MCHP,MDT,MET,MLM,MNST,MOH,MOS,MRK,MRNA,MRVL,MS,MSCI,MSI,MTB,NDAQ,NDSN,NEM,NOC,NTRS,NUE,NVR,NXPI,ODFL,OMC,ON,PCAR,PFE,PFG,PH,PHM,PM,PNC,PPG,Q,RCL,REGN,RF,RL,RTX,RVTY,SBUX,SCHW,SLB,SNPS,SPG,STLD,STX,SW,SWK,TDY,TER,TFC,TGT,TMO,TPR,TRGP,TSLA,TTWO,TXN,TXT,UDR,ULTA,UPS,USB,VICI,VRTX,VTRS,WAB,WAT,WBD,WM,WMB,XOM,ZBH,ZTS,^VIX","ADSK,AEE,AEP,ALLE,AMCR,APA,ARM,ATO,AVB,AVGO,BKNG,BR,BSX,CARR,CAT,CBOE,CDW,CEG,CINF,CME,CNP,COR,CPB,CPRT,CRWD,CSGP,CTRA,CVS,D,DDOG,DELL,DLR,DPZ,DTE,DUK,DVA,DVN,EIX,EME,EOG,EQIX,EQR,ERIE,ES,ETN,ETR,EXE,FANG,FDS,FICO,FIS,GDDY,GOOG,GOOGL,HCA,HOLX,HOOD,HPE,HPQ,INSM,INTU,INVH,IP,JBL,KEYS,KIM,KMB,KR,KVUE,LNT,MCK,MMM,MSFT,MTCH,NEE,NFLX,NI,NKE,NRG,NTAP,NWS,ORCL,OTIS,OXY,PAYC,PAYX,PCG,PEG,PKG,PNR,PSKY,PTC,PWR,PYPL,QQQ,REG,ROK,ROL,ROP,SHOP,SNA,SO,SPY,STE,T,TEL,TMUS,TPL,TRI,TRMB,TT,TYL,UBER,UHS,VRSN,VST,VTR,VZ,WDAY,WEC,WELL,WRB,WSM,WTW,WYNN,XEL,ZBRA,ZS",189,128,[],[]
2026-01-27,"ABNB,ACN,ADM,AES,AFL,AIZ,AJG,ALB,ALGN,AME,AMP,AMZN,AVY,AWK,BA,BALL,BAX,BDX,BEN,BF.B,BG,BK,BLDR,BLK,BMY,BRK.B,BX,BXP,CAH,CB,CFG,CHRW,CIEN,CMCSA,CMG,CMI,CMS,COO,CPT,CTAS,CTSH,CTVA,DAL,DASH,DD,DECK,DG,DGX,DHR,DIS,DOV,DOW,DXCM,EA,EBAY,ED,EFX,EL,EPAM,ESS,EW,EXPD,EXR,F,FCX,FDX,FER,FFIV,FITB,FIX,FOX,FOXA,FRT,GD,GEV,GILD,GL,GLW,GM,GPC,GS,GWW,HAS,HBAN,HII,HON,HSIC,HST,HSY,HWM,IEX,IQV,IR,ISRG,ITW,JBHT,JNJ,KDP,KEY,KLAC,L,LDOS,LHX,LIN,LLY,LMT,LUV,MAA,MAR,MAS,MCHP,MDT,MET,MLM,MNST,MOS,MRK,MRNA,MRVL,MS,MSCI,MSI,MTB,NDAQ,NDSN,NEM,NOC,NTRS,NUE,NVR,NXPI,ODFL,OMC,ON,PCAR,PFE,PFG,PH,PHM,PM,PNC,PPG,Q,RCL,REGN,RF,RL,RTX,RVTY,SBUX,SCHW,SLB,SNPS,SPG,STLD,STX,SW,SWK,TDY,TER,TFC,TGT,TMO,TPR,TRGP,TSLA,TTWO,TXN,TXT,UDR,UPS,USB,VICI,VRSK,VRTX,VTRS,WAB,WAT,WBD,WM,WMB,XOM,ZBH,ZTS,^VIX","ADSK,AEE,AEP,ALLE,AMCR,APA,ARM,ATO,AVB,AVGO,BKNG,BR,BSX,CARR,CAT,CBOE,CDW,CEG,CINF,CME,CNP,COR,CPB,CPRT,CRWD,CSGP,CTRA,CVS,D,DDOG,DELL,DLR,DPZ,DTE,DUK,DVA,DVN,EIX,EME,EOG,EQIX,EQR,ERIE,ES,ETN,ETR,EXE,FANG,FDS,FICO,FIS,GDDY,GOOG,GOOGL,HOLX,HOOD,HPE,HPQ,INSM,INTU,INVH,IP,JBL,KEYS,KIM,KMB,KR,KVUE,LNT,MCK,MMM,MTCH,NFLX,NI,NKE,NRG,NTAP,NWS,ORCL,OTIS,OXY,PAYC,PAYX,PCG,PEG,PKG,PNR,PSKY,PTC,PWR,PYPL,QQQ,REG,ROK,ROL,ROP,SHOP,SNA,SO,SPY,STE,T,TEL,TMUS,TPL,TRI,TRMB,TT,TYL,UBER,UHS,VRSN,VST,VTR,VZ,WDAY,WEC,WELL,WRB,WSM,WTW,WYNN,XEL,ZBRA,ZS",185,125,[],[]
2026-01-28,"ABNB,ACN,ADM,AES,AFL,AIZ,AJG,ALB,ALGN,AME,AMP,AMZN,AVY,BA,BALL,BAX,BDX,BEN,BF.B,BG,BK,BLDR,BLK,BMY,BRK.B,BX,BXP,CAH,CB,CFG,CHRW,CIEN,CMCSA,CMG,CMI,CMS,COO,CPT,CTAS,CTSH,CTVA,DAL,DASH,DD,DECK,DG,DGX,DIS,DOV,DOW,DXCM,EA,EBAY,ED,EFX,EL,EPAM,ESS,EW,EXPD,F,FCX,FDX,FER,FFIV,FITB,FIX,FOX,FOXA,FRT,GD,GEV,GILD,GL,GLW,GM,GPC,GS,GWW,HAS,HBAN,HII,HON,HSIC,HST,HSY,HWM,IEX,IQV,IR,ISRG,ITW,JBHT,JNJ,KEY,KLAC,L,LDOS,LHX,LIN,LLY,LMT,LUV,MAA,MAR,MAS,MCHP,MDT,MET,MLM,MNST,MOS,MRK,MRNA,MRVL,MS,MSCI,MSI,MTB,NDAQ,NDSN,NEM,NOC,NTRS,NUE,NVR,NXPI,ODFL,OMC,ON,PCAR,PFE,PFG,PH,PHM,PM,PNC,PPG,Q,RCL,REGN,RF,RL,RTX,RVTY,SBUX,SCHW,SLB,SNPS,SPG,STLD,STX,SW,SWK,TDY,TER,TFC,TGT,TMO,TPR,TRGP,TSLA,TTWO,TXN,UDR,UPS,USB,VICI,VRSK,VRTX,VTRS,WAB,WAT,WBD,WM,WMB,XOM,ZBH,ZTS,^VIX","ADSK,AEE,AEP,ALLE,AMCR,APA,ARM,ATO,AVB,AVGO,BKNG,BR,BSX,CARR,CAT,CBOE,CDW,CEG,CINF,CME,CNP,COR,CPB,CPRT,CRWD,CSGP,CTRA,CVS,D,DDOG,DELL,DLR,DPZ,DTE,DUK,DVA,DVN,EIX,EME,EOG,EQIX,EQR,ERIE,ES,ETN,ETR,EXE,FANG,FDS,FICO,FIS,GDDY,GOOG,GOOGL,HOLX,HOOD,HPE,HPQ,INSM,INTU,INVH,IP,JBL,KEYS,KIM,KMB,KR,KVUE,LNT,MCK,MMM,MTCH,NFLX,NI,NKE,NRG,NTAP,NWS,ORCL,OTIS,OXY,PAYC,PAYX,PCG,PKG,PNR,PSKY,PTC,PWR,PYPL,QQQ,REG,ROK,ROL,ROP,SHOP,SNA,SO,SPY,STE,TEL,TMUS,TPL,TRI,TRMB,TT,TYL,UBER,UHS,VRSN,VST,VTR,VZ,WDAY,WEC,WELL,WRB,WSM,WTW,WYNN,XEL,ZBRA,ZS",180,123,[],[]
2026-01-29,"ABNB,ADM,AES,AFL,AIZ,AJG,ALB,ALGN,AME,AMP,AMZN,AVY,BA,BALL,BAX,BDX,BEN,BF.B,BG,BK,BLDR,BLK,BMY,BRK.B,BXP,CAH,CB,CFG,CHRW,CIEN,CMCSA,CMG,CMI,CMS,COO,CPT,CTAS,CTSH,CTVA,DAL,DASH,DD,DECK,DG,DGX,DIS,DOV,DOW,DXCM,EA,EBAY,ED,EFX,EL,EPAM,ESS,EW,EXPD,F,FCX,FDX,FER,FFIV,FITB,FIX,FOX,FOXA,FRT,GD,GEV,GILD,GL,GLW,GM,GPC,GS,GWW,HAS,HBAN,HII,HON,HSIC,HST,HSY,HWM,IEX,IQV,IR,ISRG,ITW,JBHT,JNJ,KEY,KLAC,L,LDOS,LHX,LIN,LLY,LMT,LUV,MAA,MAR,MAS,MCHP,MDT,MET,MLM,MNST,MOS,MRK,MRNA,MRVL,MS,MSCI,MSI,MTB,NDAQ,NDSN,NEM,NOC,NTRS,NUE,NVR,NXPI,ODFL,OMC,ON,PCAR,PFE,PFG,PH,PHM,PM,PNC,PPG,Q,RCL,REGN,RF,RL,RTX,RVTY,SBUX,SCHW,SLB,SPG,STLD,STX,SW,SWK,TDY,TER,TFC,TGT,TPR,TRGP,TSLA,TTWO,TXN,UDR,UPS,USB,VICI,VRSK,VRTX,VTRS,WAB,WAT,WBD,WMB,XOM,ZBH,ZTS,^VIX","ADSK,AEE,AEP,ALLE,AMCR,APA,ARM,ATO,AVB,AVGO,BKNG,BR,BSX,CARR,CBOE,CDW,CEG,CINF,CME,CNP,COR,CPB,CPRT,CRWD,CSGP,CTRA,CVS,D,DDOG,DELL,DPZ,DTE,DUK,DVA,DVN,EIX,EME,EOG,EQIX,EQR,ERIE,ES,ETR,EXE,FANG,FAST,FDS,FICO,FIS,GDDY,GOOG,GOOGL,GPN,HOLX,HOOD,HPE,HPQ,INSM,INTU,INVH,IP,JBL,KEYS,KIM,KMB,KR,KVUE,LNT,MCK,MMM,MTCH,NFLX,NI,NKE,NRG,NTAP,NWS,ORCL,OTIS,OXY,PAYC,PAYX,PCG,PKG,PNR,PSKY,PTC,PWR,PYPL,QQQ,REG,ROK,ROL,ROP,SHOP,SNA,SO,SPY,STE,TEL,TMUS,TPL,TRI,TRMB,TYL,UBER,UHS,VRSN,VST,VTR,VZ,WDAY,WEC,WELL,WRB,WSM,WTW,WYNN,XEL,ZBRA,ZS",175,121,[],[]
2026-01-30,"ABNB,ADM,AES,AFL,AIZ,AJG,ALGN,AME,AMP,AMZN,ASML,AVY,BA,BALL,BAX,BDX,BEN,BF.B,BG,BK,BLDR,BLK,BMY,BRK.B,BXP,CAH,CB,CFG,CHRW,CIEN,CMCSA,CMG,CMI,CMS,COO,CPT,CTAS,CTSH,CTVA,CVX,DAL,DASH,DD,DECK,DG,DGX,DIS,DOV,DOW,DXCM,EA,EBAY,ED,EFX,EL,EPAM,ESS,EW,EXPD,F,FCX,FDX,FER,FFIV,FITB,FIX,FOX,FOXA,FRT,GD,GEV,GILD,GL,GLW,GM,GPC,GS,GWW,HAS,HBAN,HII,HON,HSIC,HST,HSY,HWM,IEX,IQV,IR,ISRG,ITW,JBHT,JNJ,KEY,L,LDOS,LHX,LIN,LLY,LMT,LUV,MAA,MAR,MAS,MCHP,MDT,MET,MLM,MNST,MOS,MRK,MRNA,MRVL,MS,MSCI,MSI,MTB,NDAQ,NDSN,NOC,NTRS,NUE,NVR,NXPI,ODFL,OMC,ON,PCAR,PFE,PFG,PH,PHM,PM,PNC,PPG,Q,RCL,REGN,RF,RL,RTX,RVTY,SBUX,SCHW,SLB,SNDK,SPG,STLD,STX,SW,SWK,TDG,TDY,TER,TFC,TGT,TPR,TRGP,TSLA,TXN,UDR,UPS,USB,VICI,VRSK,VRTX,VTRS,WAB,WAT,WBD,WMB,XOM,ZBH,ZTS,^VIX","ACGL,ADP,ADSK,AEE,AEP,ALLE,AMCR,APA,APP,ARM,ATO,AVB,AVGO,BKNG,BR,BRO,BSX,CARR,CBOE,CCEP,CDW,CEG,CINF,CME,CNP,COR,CPRT,CRM,CRWD,CSGP,CTRA,CVNA,CVS,D,DDOG,DELL,DPZ,DTE,DUK,DVA,DVN,EIX,EME,EOG,EQIX,EQR,ERIE,ES,ETR,EXE,FANG,FAST,FDS,FICO,FIS,FISV,GDDY,GEN,GOOG,GOOGL,GPN,HOLX,HOOD,HPE,HPQ,INSM,INTU,INVH,IP,IT,JBL,JKHY,KEYS,KIM,KMB,KR,KVUE,LNT,MCK,MMM,MTCH,NFLX,NI,NKE,NRG,NTAP,NWS,ORCL,OTIS,OXY,PAYC,PAYX,PCG,PKG,PLTR,PNR,PSKY,PTC,PWR,PYPL,QQQ,REG,ROK,ROL,ROP,SHOP,SNA,SO,SPGI,SPY,STE,TEAM,TEL,TPL,TRI,TRMB,TRV,TYL,UBER,UHS,VRSN,VST,VTR,WDAY,WEC,WELL,WRB,WSM,WTW,WYNN,XEL,ZBRA,ZS",175,133,[],[]
2026-02-02,"ABNB,ADM,AES,AFL,AIZ,AJG,ALGN,AMAT,AME,AMP,AMZN,ASML,AVY,BA,BALL,BAX,BDX,BEN,BF.B,BG,BK,BKR,BLDR,BLK,BMY,BRK.B,BXP,CAH,CB,CFG,CHRW,CI,CIEN,CMCSA,CMG,CMI,CMS,COO,COP,CPT,CTAS,CTSH,CTVA,CVX,DAL,DASH,DD,DECK,DG,DGX,DOV,DOW,DXCM,EA,EBAY,ED,EFX,EL,EMR,EPAM,ESS,EW,EXPD,F,FCX,FDX,FER,FFIV,FITB,FIX,FOX,FOXA,FRT,GD,GEV,GILD,GL,GLW,GM,GPC,GS,GWW,HAL,HAS,HBAN,HII,HON,HSIC,HST,HSY,HWM,IBKR,ICE,IEX,IQV,IR,ISRG,ITW,J,JBHT,JNJ,KEY,L,LDOS,LHX,LIN,LLY,LMT,LRCX,LUV,LYB,MAA,MAR,MAS,MCHP,MCO,MDT,MELI,MET,MLM,MNST,MOS,MPC,MRK,MRNA,MRVL,MS,MSCI,MSI,MTB,NDAQ,NDSN,NOC,NTRS,NUE,NVR,NXPI,ODFL,OMC,ON,PCAR,PFE,PFG,PH,PHM,PM,PNC,PPG,PSX,Q,RCL,REGN,RF,RJF,RL,RTX,RVTY,SBUX,SCHW,SLB,SNDK,SPG,STLD,STX,SW,SWK,TDG,TDY,TECH,TER,TFC,TGT,TPR,TRGP,TROW,TSLA,TXN,UDR,UPS,USB,VICI,VLO,VRSK,VRTX,VTRS,WAB,WAT,WBD,WMB,XOM,ZBH,ZTS,^VIX","ABBV,ACGL,ADP,ADSK,AEE,AEP,ALLE,AMCR,APA,APP,ARM,ATO,AVB,AVGO,BKNG,BR,BRO,BSX,CARR,CBOE,CCEP,CDNS,CDW,CEG,CINF,CME,CNP,COR,CPRT,CRM,CRWD,CSGP,CTRA,CVNA,CVS,D,DDOG,DELL,DPZ,DTE,DUK,DVA,DVN,EIX,EME,EOG,EQIX,EQR,ERIE,ES,ETR,EXE,FANG,FAST,FDS,FICO,FIS,FISV,FTV,GDDY,GEN,GOOG,GOOGL,GPN,HOLX,HOOD,HPE,HPQ,INSM,INTU,INVH,IP,IT,JBL,JKHY,KEYS,KIM,KMB,KR,KVUE,LNT,MCK,MKC,MMM,MTCH,NFLX,NI,NKE,NRG,NTAP,NWS,ORCL,OTIS,OXY,PAYC,PAYX,PCG,PKG,PLTR,PNR,PSKY,PTC,PWR,PYPL,QQQ,REG,ROK,ROL,ROP,SHOP,SNA,SO,SPGI,SPY,STE,TEAM,TEL,TPL,TRI,TRMB,TRV,TYL,UBER,UHS,VRSN,VST,VTR,WDAY,WEC,WELL,WRB,WSM,WTW,WYNN,XEL,ZBRA,ZS",193,137,[],[]
2026-02-03,"ADI,ADM,AES,AFL,AIZ,AJG,AMAT,AME,AMP,AMZN,APD,ASML,AVY,BA,BALL,BAX,BBY,BDX,BEN,BF.B,BG,BK,BKR,BLDR,BLK,BMY,BRK.B,BXP,CAH,CB,CFG,CHRW,CI,CIEN,CMCSA,CMG,CMI,CMS,COO,COP,CPT,CTAS,CTVA,CVX,DAL,DASH,DD,DE,DECK,DG,DGX,DOV,DOW,DXCM,EBAY,ECL,ED,EL,EMR,ESS,EW,EXPD,F,FCX,FDX,FER,FFIV,FITB,FIX,FRT,GD,GEV,GILD,GL,GLW,GM,GPC,GS,GWW,HAL,HAS,HBAN,HII,HON,HSIC,HST,HSY,HUBB,HWM,IBKR,IEX,INCY,IR,ITW,J,JBHT,JNJ,KEY,L,LDOS,LHX,LIN,LLY,LMT,LRCX,LUV,LYB,MAA,MAR,MAS,MCHP,MDT,MELI,MET,MLM,MNST,MOS,MPC,MPWR,MRK,MRNA,MRVL,MS,MSCI,MSI,MTB,MU,NDSN,NOC,NTRS,NUE,NVR,NXPI,ODFL,ON,PCAR,PFE,PFG,PH,PHM,PM,PNC,PPG,PSA,PSX,Q,RCL,REGN,RF,RJF,RL,RTX,RVTY,SBUX,SCHW,SHW,SLB,SNDK,SPG,STLD,STX,SW,SWK,SYK,TDY,TECH,TER,TFC,TGT,TPR,TRGP,TROW,TSLA,TXN,UDR,UPS,USB,VICI,VLO,VRTX,VTRS,WAB,WAT,WBD,WDC,WMB,XOM,ZBH,ZTS,^VIX","ABBV,ACGL,ADP,ADSK,AEE,AEP,AIG,ALLE,AMCR,APA,APP,ARM,ATO,AVB,AVGO,BKNG,BR,BRO,BSX,CARR,CBOE,CCEP,CDNS,CDW,CEG,CME,CNP,COR,CPRT,CRM,CRWD,CSGP,CTRA,CVNA,CVS,D,DDOG,DELL,DPZ,DTE,DUK,DVN,EIX,EME,EOG,EQIX,EQR,ERIE,ES,ETR,EXE,FANG,FDS,FICO,FIS,FISV,FTV,GDDY,GEN,GOOG,GOOGL,GPN,HOLX,HOOD,HPE,HPQ,INSM,INTU,INVH,IP,IT,JBL,JKHY,KEYS,KIM,KMB,KR,KVUE,LNT,MCK,MKC,MMM,MTCH,NFLX,NI,NKE,NRG,NTAP,NWS,ORCL,OTIS,OXY,PAYC,PAYX,PCG,PKG,PLTR,PNR,PSKY,PTC,PWR,PYPL,QQQ,REG,ROK,ROL,ROP,SHOP,SO,SPGI,SPY,STE,TEAM,TEL,TPL,TRI,TRMB,TRV,TYL,UBER,UHS,VRSN,VST,VTR,WDAY,WELL,WRB,WSM,WYNN,XEL,ZBRA,ZS",190,132,[],[]
2026-02-04,"ADI,ADM,AES,AFL,AIZ,AJG,AME,AMGN,AMP,AMZN,APD,ASML,AVY,BA,BALL,BAX,BBY,BDX,BEN,BF.B,BG,BK,BKR,BLDR,BLK,BMY,BRK.B,BXP,CB,CFG,CHRW,CI,CIEN,CMCSA,CMG,CMI,CMS,COO,COP,CPT,CTAS,CTVA,CVX,DAL,DD,DE,DECK,DG,DGX,DOV,DOW,DXCM,ECL,ED,EL,EMR,ESS,EXPD,F,FCX,FDX,FER,FFIV,FITB,FIX,FRT,GD,GEV,GILD,GL,GLW,GM,GPC,GS,GWW,HAL,HAS,HBAN,HII,HON,HSIC,HST,HSY,HUBB,HWM,IBKR,IEX,INCY,IR,ITW,J,JBHT,JNJ,KEY,L,LDOS,LHX,LIN,LLY,LMT,LUV,LYB,MAA,MAR,MAS,MCHP,MDT,MET,MLM,MNST,MOS,MPC,MPWR,MRK,MRNA,MRVL,MS,MSCI,MSI,MTB,NDSN,NOC,NTRS,NUE,NVR,NXPI,ODFL,ON,PCAR,PFE,PFG,PH,PHM,PM,PNC,PPG,PSA,PSX,Q,RCL,REGN,RF,RJF,RL,RTX,RVTY,SBUX,SCHW,SHW,SLB,SNDK,SPG,STLD,STX,SW,SWK,SYK,TDY,TECH,TER,TFC,TGT,TPR,TRGP,TSLA,TXN,UDR,UPS,USB,VICI,VLO,VRTX,VTRS,WAB,WAT,WBD,WDC,WMB,XOM,ZBH,ZTS,^VIX","ABBV,ADP,ADSK,AEE,AEP,APA,APP,ARM,ATO,AVB,AVGO,BKNG,BR,BRO,BSX,CBOE,CDNS,CEG,CME,CNP,COR,CPRT,CRH,CRM,CRWD,CSGP,CTRA,CVNA,CVS,DDOG,DELL,DPZ,DTE,DUK,EIX,EME,EQIX,EQR,ERIE,ES,ETR,EXE,FDS,FICO,FIS,FISV,FSLR,GDDY,GEN,GOOG,GOOGL,GPN,HOLX,HOOD,HPQ,INSM,INTU,INVH,IP,IT,JBL,JKHY,KEYS,LNT,LVS,MCK,MKC,MMM,MTCH,NFLX,NI,NKE,NRG,NTAP,NWS,ORCL,OTIS,PAYC,PAYX,PKG,PLTR,PNR,PSKY,PTC,PWR,PYPL,QQQ,ROK,ROL,ROP,SBAC,SHOP,SO,SPGI,SPY,STE,SWKS,TEAM,TEL,TPL,TRI,TRMB,TYL,UBER,UHS,VRSN,VST,VTR,WDAY,WELL,WRB,WSM,WYNN,XEL,ZBRA,ZS",182,116,[],[]
2026-02-05,"ADI,ADM,AES,AFL,AIZ,AJG,AME,AMGN,AMP,AOS,APD,ASML,AVY,BA,BALL,BAX,BBY,BDX,BEN,BF.B,BG,BK,BKR,BLDR,BLK,BMY,BRK.B,BXP,CB,CFG,CHRW,CI,CIEN,CL,CLX,CMCSA,CMG,CMS,COO,COP,COST,CPT,CTAS,CTVA,CVX,DAL,DD,DE,DECK,DG,DGX,DOV,DOW,DXCM,ECL,ED,EMR,ESS,EXPD,F,FCX,FDX,FER,FFIV,FITB,FIX,FRT,GD,GEV,GILD,GL,GLW,GM,GPC,GS,GWW,HAL,HAS,HBAN,HON,HSIC,HST,HSY,HUBB,HWM,IBKR,IEX,INCY,IR,ITW,J,JBHT,JNJ,KEY,L,LDOS,LHX,LIN,LLY,LMT,LUV,LYB,MAA,MAR,MAS,MCHP,MDT,MET,MLM,MNST,MOS,MPC,MPWR,MRK,MRNA,MRVL,MS,MSCI,MSI,MTB,NDSN,NOC,NTRS,NUE,NVR,NXPI,ODFL,ON,PCAR,PFE,PFG,PH,PHM,PM,PNC,PPG,PSA,PSX,Q,RCL,REGN,RF,RJF,RL,RTX,RVTY,SBUX,SCHW,SHW,SLB,SNDK,SPG,STLD,STX,SW,SWK,SYK,TDY,TECH,TER,TFC,TGT,TPR,TRGP,TSLA,TXN,UDR,UPS,USB,VICI,VLO,VRTX,VTRS,WAB,WAT,WDC,WMB,XOM,ZBH,ZTS,^VIX","ABBV,ADP,ADSK,AEE,AEP,APA,APP,ARM,ATO,AVB,AVGO,BKNG,BR,BRO,BSX,CBOE,CDNS,CEG,CME,CNP,COR,CPRT,CRH,CRM,CRWD,CSGP,CTRA,CVNA,CVS,DDOG,DELL,DPZ,DTE,DUK,EIX,EME,EQIX,EQR,ERIE,ES,ETR,EXE,FDS,FICO,FIS,FISV,FSLR,GDDY,GEN,GOOG,GOOGL,GPN,HOLX,HOOD,HPQ,INSM,INTU,INVH,IP,IT,JBL,JKHY,KEYS,LNT,LVS,MKC,MMM,MTCH,NFLX,NI,NKE,NRG,NTAP,NWS,ORCL,OTIS,PAYC,PAYX,PKG,PLTR,PNR,PSKY,PTC,PWR,PYPL,QQQ,ROK,ROP,SBAC,SHOP,SO,SPGI,SPY,STE,SWKS,TEAM,TEL,TPL,TRI,TRMB,TYL,UBER,VRSN,VST,WDAY,WELL,WRB,WSM,WYNN,XEL,ZBRA,ZS",181,112,[],[]
2026-02-06,"ADI,ADM,AES,AFL,AIZ,AJG,AME,AMGN,AMP,AOS,APD,ASML,AVY,BA,BALL,BAX,BBY,BDX,BEN,BF.B,BG,BK,BKR,BLDR,BLK,BMY,BRK.B,BXP,CB,CFG,CHRW,CI,CIEN,CL,CLX,CMCSA,CMG,CMS,COO,COP,COST,CPT,CTAS,CTVA,CVX,DAL,DD,DE,DECK,DG,DGX,DHI,DOV,DOW,DXCM,ECL,ED,EMR,ESS,EXPD,F,FCX,FDX,FER,FFIV,FITB,FIX,FRT,GD,GEV,GILD,GL,GLW,GM,GPC,GS,GWW,HAL,HAS,HBAN,HD,HON,HSIC,HST,HSY,HUBB,HWM,IBKR,IEX,INCY,IR,ITW,J,JBHT,JNJ,KEY,KO,L,LDOS,LEN,LHX,LLY,LMT,LOW,LUV,LYB,MAA,MAR,MAS,MCHP,MDT,MET,MLM,MNST,MOS,MPC,MPWR,MRK,MRNA,MRVL,MS,MSCI,MSI,MTB,NDSN,NOC,NTRS,NUE,NVR,NXPI,ODFL,ON,PCAR,PFE,PFG,PH,PHM,PM,PNC,POOL,PPG,PSA,PSX,Q,RCL,REGN,RF,RJF,RL,RTX,RVTY,SBUX,SCHW,SHW,SJM,SLB,SNDK,SPG,STLD,STX,SW,SWK,SYK,TDY,TECH,TER,TFC,TGT,TPR,TRGP,TSLA,TXN,UDR,UPS,USB,VICI,VLO,VMC,VRTX,VTRS,WAB,WAT,WDC,WMB,WY,XOM,ZBH,ZTS,^VIX","ABBV,ADP,ADSK,AEE,AEP,APA,APP,ATO,AVB,AVGO,BKNG,BR,BRO,BSX,CBOE,CDNS,CEG,CME,CNP,COR,CPRT,CRH,CRM,CRWD,CSGP,CTRA,CVNA,CVS,DDOG,DELL,DPZ,DTE,DUK,EIX,EME,EQR,ERIE,ES,ETR,EXE,FDS,FICO,FIS,FISV,FSLR,GDDY,GEN,GOOG,GOOGL,GPN,HOLX,HOOD,HPQ,INSM,INTU,INVH,IP,IT,JKHY,KEYS,LNT,LVS,MKC,MTCH,NFLX,NI,NKE,NRG,NTAP,NWS,ORCL,OTIS,PAYC,PAYX,PKG,PLTR,PNR,PSKY,PTC,PWR,PYPL,QQQ,ROK,ROP,SBAC,SHOP,SO,SPGI,SPY,STE,SWKS,TEAM,TEL,TRI,TRMB,TYL,UBER,VRSN,VST,WDAY,WRB,WSM,XEL,ZBRA,ZS",189,105,[],[]
2026-02-09,"ADI,ADM,AES,AFL,AME,AMGN,AMP,AOS,APD,ASML,AVY,AZO,BA,BALL,BAX,BBY,BDX,BEN,BF.B,BG,BK,BKR,BLDR,BLK,BMY,BRK.B,BXP,CB,CFG,CHRW,CI,CIEN,CL,CLX,CMCSA,CMG,CMS,COO,COP,COST,CPT,CTAS,CTVA,CVX,DAL,DD,DE,DECK,DG,DGX,DHI,DOV,DOW,DXCM,ECL,ED,EMR,ESS,EXPD,F,FCX,FDX,FER,FFIV,FITB,FIX,FRT,GD,GEV,GILD,GL,GLW,GM,GPC,GS,GWW,HAL,HAS,HBAN,HD,HON,HSIC,HST,HSY,HUBB,HWM,IBKR,IEX,INCY,IR,ITW,J,JBHT,JNJ,KEY,KO,L,LDOS,LEN,LHX,LLY,LMT,LOW,LUV,LYB,MAA,MAR,MAS,MCHP,MDT,MET,MLM,MNST,MOS,MPC,MPWR,MRK,MRNA,MRVL,MS,MSCI,MSI,MTB,NDSN,NOC,NTRS,NUE,NVR,NXPI,ODFL,ON,PCAR,PFE,PFG,PH,PHM,PM,PNC,POOL,PPG,PSA,PSX,Q,RCL,REGN,RF,RJF,RL,RMD,RTX,RVTY,SBUX,SCHW,SHW,SJM,SLB,SNDK,SPG,STLD,STX,SW,SWK,SYK,TDY,TECH,TER,TFC,TGT,TPR,TRGP,TSLA,TSN,TXN,UDR,UPS,USB,VICI,VLO,VMC,VRTX,VTRS,WAB,WDC,WMB,WMT,WY,XOM,ZBH,ZTS,^VIX","ABBV,ADP,ADSK,AEE,AEP,ALNY,APA,APP,ATO,AVB,AVGO,AXP,BKNG,BR,BRO,BSX,CBOE,CDNS,CEG,CNP,COF,COR,CPRT,CRH,CRM,CRWD,CSGP,CTRA,CVNA,CVS,DDOG,DELL,DPZ,DTE,DUK,EIX,EME,EQR,ERIE,ES,EXE,FDS,FICO,FIS,FISV,FSLR,GDDY,GEN,GOOG,GOOGL,GPN,HOLX,HOOD,HPQ,INSM,INTU,INVH,IP,IT,JKHY,KEYS,LNT,LVS,MKC,MTCH,NFLX,NI,NKE,NRG,NTAP,NWS,ORCL,OTIS,PAYC,PAYX,PKG,PLTR,PNR,PSKY,PTC,PWR,PYPL,QQQ,ROK,ROP,SBAC,SHOP,SO,SPGI,SPY,STE,SWKS,SYF,TEAM,TEL,TRI,TRMB,TYL,UBER,VRSN,VST,WDAY,WRB,WSM,XEL,ZBRA,ZS",190,107,[],[]
2026-02-10,"ADI,ADM,AES,AFL,AME,AMGN,AMP,AOS,APD,ASML,AVY,AZO,BA,BALL,BAX,BBY,BDX,BEN,BF.B,BG,BK,BKR,BLDR,BLK,BMY,BRK.B,BXP,CB,CFG,CHRW,CI,CIEN,CL,CLX,CMCSA,CMG,CMS,COO,COP,COST,CPT,CTAS,CTVA,CVX,DAL,DD,DE,DECK,DG,DGX,DHI,DOV,DOW,DXCM,ECL,ED,EMR,ESS,EXPD,F,FCX,FDX,FER,FFIV,FITB,FIX,FRT,GD,GEV,GILD,GL,GLW,GM,GPC,GS,GWW,HAL,HAS,HBAN,HD,HON,HSIC,HST,HSY,HUBB,HWM,IBKR,IEX,INCY,IR,IRM,ITW,J,JBHT,JNJ,KEY,KO,L,LDOS,LEN,LHX,LLY,LMT,LOW,LUV,LYB,MAA,MAR,MAS,MCHP,MDT,MET,MLM,MNST,MOS,MPC,MPWR,MRK,MRNA,MRVL,MS,MSI,MTB,NDSN,NOC,NTRS,NUE,NVR,NXPI,ODFL,ON,PCAR,PFE,PFG,PH,PHM,PM,PNC,POOL,PPG,PSA,PSX,Q,RCL,REGN,RF,RL,RMD,RTX,RVTY,SBUX,SHW,SJM,SLB,SNDK,SPG,STLD,STX,SW,SWK,SYK,TDY,TECH,TER,TFC,TGT,TKO,TPR,TRGP,TSLA,TSN,TXN,UDR,UPS,USB,VICI,VLO,VMC,VRTX,VTRS,WAB,WDC,WMB,WMT,WY,XOM,ZBH,ZTS,^VIX","ABBV,ADBE,ADP,ADSK,AEE,AEP,ALNY,APA,APP,ATO,AVB,AVGO,AXP,BKNG,BR,BRO,BSX,CBOE,CDNS,CEG,CNP,COF,COR,CPRT,CRH,CRM,CRWD,CSGP,CTRA,CVNA,CVS,DELL,DPZ,DTE,DUK,EG,EME,EQR,ERIE,ES,EXE,FDS,FICO,FIS,FISV,FSLR,GDDY,GEN,GOOG,GOOGL,GPN,HOLX,HOOD,HPQ,INSM,INTU,IP,IT,JKHY,KEYS,LVS,MA,MKC,MTCH,NFLX,NI,NKE,NRG,NWS,ORCL,OTIS,PAYC,PAYX,PDD,PGR,PKG,PLTR,PNR,PSKY,PTC,PWR,PYPL,QQQ,ROK,ROP,SBAC,SHOP,SO,SPGI,SPY,STE,SWKS,SYF,TEAM,TEL,TRI,TRMB,TYL,UBER,V,VRSN,VST,WDAY,WRB,WSM,XEL,ZBRA,ZS",189,108,[],[]
2026-02-11,"ADI,ADM,AES,AFL,AME,AMGN,AMP,AOS,APD,ASML,AVY,AZO,BA,BALL,BAX,BBY,BDX,BEN,BF.B,BG,BK,BKR,BLDR,BLK,BMY,BRK.B,CB,CFG,CHD,CHRW,CI,CIEN,CL,CLX,CMCSA,CMG,CMS,COO,COP,COST,CPT,CTAS,CTVA,CVX,DAL,DD,DE,DECK,DG,DGX,DHI,DOV,DOW,DXCM,ECL,ED,EMR,ESS,EVRG,EXPD,F,FCX,FDX,FE,FER,FFIV,FITB,FIX,FRT,GD,GEV,GILD,GIS,GL,GLW,GM,GPC,GS,GWW,HAL,HAS,HBAN,HD,HON,HRL,HSIC,HST,HSY,HUBB,HWM,IBKR,IEX,INCY,IR,IRM,ITW,J,JBHT,JNJ,KEY,KO,L,LEN,LHX,LLY,LMT,LOW,LUV,LW,LYB,MAA,MAR,MAS,MCHP,MDLZ,MDT,MET,MNST,MOS,MPC,MPWR,MRK,MRNA,MRVL,MS,MSI,MTB,NDSN,NOC,NTRS,NUE,NVR,NXPI,O,ODFL,ON,PCAR,PEP,PFE,PFG,PG,PH,PHM,PM,PNC,PNW,POOL,PPG,PPL,PSA,PSX,Q,RCL,REGN,RF,RL,RMD,RTX,RVTY,SBUX,SHW,SJM,SLB,SNDK,SPG,STLD,STX,SW,SWK,SYK,TAP,TDY,TECH,TER,TFC,TGT,TKO,TPR,TRGP,TSLA,TSN,TXN,UDR,UPS,USB,VICI,VLO,VMC,VRTX,VTRS,WAB,WDC,WMB,WMT,WY,XOM,ZBH,ZTS,^VIX","ABBV,ADBE,ADP,ADSK,AEE,AEP,ALNY,APA,APP,ATO,AVB,AVGO,AXP,BKNG,BR,BRO,BSX,CBOE,CDNS,CEG,CNP,COF,COR,CPRT,CRH,CRM,CRWD,CSGP,CTRA,CVNA,CVS,DELL,DPZ,DTE,DUK,EG,EME,EQR,ERIE,EXE,FDS,FICO,FIS,FISV,FSLR,GDDY,GEN,GOOG,GOOGL,GPN,HOLX,HOOD,HPQ,INSM,INTU,IP,IT,JKHY,KEYS,LVS,MA,MKC,MTCH,NFLX,NI,NKE,NRG,NWS,ORCL,OTIS,PAYC,PAYX,PDD,PGR,PKG,PLTR,PNR,PSKY,PTC,PWR,PYPL,QQQ,ROK,ROP,SBAC,SHOP,SO,SPGI,SPY,STE,SWKS,SYF,TEAM,TEL,TRI,TRMB,TYL,UBER,V,VRSN,VST,WDAY,WFC,WRB,WSM,XEL,ZBRA,ZS",199,108,[],[]
2026-02-12,"ADI,ADM,AES,AFL,AME,AMGN,AMT,AOS,APD,APH,ASML,AVY,AZO,BA,BALL,BBY,BDX,BEN,BF.B,BG,BKR,BLDR,BLK,BMY,BRK.B,CB,CFG,CHD,CI,CIEN,CL,CLX,CMCSA,CMS,COO,COP,COST,CPT,CTAS,CTVA,CVX,DAL,DD,DE,DECK,DG,DGX,DHI,DOV,DOW,ECL,ED,ESS,EVRG,F,FCX,FDX,FE,FER,FFIV,FITB,FIX,FRT,GD,GEV,GILD,GIS,GL,GLW,GM,GPC,GS,GWW,HAL,HAS,HD,HON,HSIC,HST,HSY,HUBB,HWM,IBKR,IEX,INCY,IR,IRM,ITW,JBHT,JNJ,KO,L,LEN,LH,LHX,LLY,LMT,LOW,LUV,LW,LYB,MAA,MAR,MAS,MCHP,MDLZ,MDT,MET,MNST,MOS,MPC,MPWR,MRK,MRNA,MRVL,MSI,MTB,NDSN,NOC,NTRS,NUE,NVR,NXPI,O,ODFL,ON,PCAR,PEP,PFE,PG,PH,PHM,PM,PNW,POOL,PPG,PPL,PSA,PSX,Q,RCL,REGN,RF,RL,RTX,SBUX,SHW,SJM,SLB,SNDK,SPG,STLD,STX,SW,SWK,SYK,SYY,TAP,TDY,TECH,TER,TGT,TPR,TRGP,TSLA,TSN,TXN,UDR,UPS,USB,VICI,VLO,VMC,VRTX,VTRS,WAB,WDC,WMB,WMT,WY,XOM,ZBH,ZTS,^VIX","ABBV,ADBE,ADP,ADSK,ALNY,APA,APP,AVB,AVGO,AXP,BKNG,BR,BRO,BSX,CBOE,CDNS,CEG,COF,COR,CPRT,CRH,CRM,CRWD,CSGP,CTRA,CVNA,CVS,DELL,DPZ,DUK,EG,EME,EQR,ERIE,EXE,FDS,FICO,FIS,FISV,FSLR,GDDY,GEN,GOOG,GOOGL,GPN,HOLX,HOOD,HPQ,INSM,INTU,IP,IT,JKHY,KEYS,LVS,MA,MTCH,NFLX,NI,NKE,NRG,NWS,ORCL,OTIS,PAYC,PAYX,PDD,PGR,PKG,PLTR,PNR,PSKY,PTC,PWR,PYPL,QQQ,ROK,ROP,SHOP,SPGI,SPY,STE,SWKS,SYF,TEAM,TEL,TRI,TRMB,TYL,UBER,V,VRSN,VST,WDAY,WFC,WRB,WSM,ZS",184,98,[],[]
2026-02-13,"ADI,ADM,AES,AFL,AME,AMGN,AMT,AOS,APD,APH,ASML,AVY,AZO,BA,BALL,BBY,BDX,BEN,BF.B,BG,BKR,BLDR,BLK,BMY,BRK.B,CB,CFG,CHD,CI,CIEN,CL,CLX,CMCSA,CMS,COO,COP,COST,CPT,CTAS,CTVA,CVX,DAL,DD,DE,DECK,DG,DGX,DHI,DOV,DOW,ECL,ED,ESS,EVRG,EXC,F,FCX,FDX,FE,FER,FFIV,FITB,FIX,FRT,GD,GEV,GILD,GIS,GL,GLW,GM,GPC,GS,GWW,HAL,HAS,HD,HON,HSIC,HST,HSY,HUBB,HWM,IBKR,IEX,INCY,IR,IRM,ITW,JBHT,JNJ,KO,L,LEN,LH,LHX,LLY,LMT,LOW,LUV,LW,LYB,MAA,MAR,MAS,MCHP,MDLZ,MDT,MET,MNST,MOS,MPC,MPWR,MRK,MRNA,MRVL,MSI,MTB,NDSN,NOC,NTRS,NUE,NXPI,O,ODFL,ON,PCAR,PEP,PFE,PG,PH,PHM,PM,PNW,POOL,PPG,PPL,PSA,PSX,Q,RCL,REGN,RF,RL,RTX,SBUX,SHW,SJM,SLB,SMCI,SNDK,SPG,STLD,STX,SW,SWK,SYK,SYY,TAP,TDY,TECH,TER,TGT,TPR,TRGP,TSLA,TSN,TXN,UDR,UPS,USB,VICI,VLO,VMC,VRTX,VTRS,WAB,WDC,WMB,WMT,WY,XOM,ZBH,ZTS,^VIX","ABBV,ADBE,ADP,ADSK,ALNY,APA,APP,APTV,AVB,AVGO,AXP,BKNG,BR,BRO,BSX,CBOE,CDNS,CEG,COF,COR,CPRT,CRH,CRM,CRWD,CSGP,CTRA,CVNA,CVS,DELL,DPZ,EG,EME,EQR,ERIE,EXE,FDS,FICO,FIS,FISV,FSLR,GDDY,GEN,GOOG,GOOGL,GPN,HOLX,HOOD,HPQ,INSM,INTU,IP,IT,JKHY,KEYS,LVS,MA,MTCH,NFLX,NKE,NWS,ORCL,OTIS,PAYC,PAYX,PDD,PGR,PKG,PLTR,PNR,PRU,PSKY,PTC,PWR,PYPL,QQQ,ROK,ROP,SHOP,SPGI,SPY,STE,STT,SWKS,SYF,TEAM,TEL,TRI,TRMB,TYL,UBER,V,VRSN,WDAY,WFC,WRB,WSM,WST,ZS",185,98,[],[]
